ISO-10303-21;
HEADER;
FILE_DESCRIPTION(('Open CASCADE Model'),'2;1');
FILE_NAME('Open CASCADE Shape Model','2026-05-03T09:13:49',('Author'),(
    'Open CASCADE'),'Open CASCADE STEP processor 7.8','Open CASCADE 7.8'
  ,'Unknown');
FILE_SCHEMA(('AUTOMOTIVE_DESIGN { 1 0 10303 214 1 1 1 1 }'));
ENDSEC;
DATA;
#1 = APPLICATION_PROTOCOL_DEFINITION('international standard',
  'automotive_design',2000,#2);
#2 = APPLICATION_CONTEXT(
  'core data for automotive mechanical design processes');
#3 = SHAPE_DEFINITION_REPRESENTATION(#4,#10);
#4 = PRODUCT_DEFINITION_SHAPE('','',#5);
#5 = PRODUCT_DEFINITION('design','',#6,#9);
#6 = PRODUCT_DEFINITION_FORMATION('','',#7);
#7 = PRODUCT('PHI_Pneumatic_Assembly','PHI_Pneumatic_Assembly','',(#8));
#8 = PRODUCT_CONTEXT('',#2,'mechanical');
#9 = PRODUCT_DEFINITION_CONTEXT('part definition',#2,'design');
#10 = SHAPE_REPRESENTATION('',(#11,#15,#19,#23,#27,#31,#35,#39,#43,#47,
    #51,#55,#59),#63);
#11 = AXIS2_PLACEMENT_3D('',#12,#13,#14);
#12 = CARTESIAN_POINT('',(0.,0.,0.));
#13 = DIRECTION('',(0.,0.,1.));
#14 = DIRECTION('',(1.,0.,-0.));
#15 = AXIS2_PLACEMENT_3D('',#16,#17,#18);
#16 = CARTESIAN_POINT('',(70.,0.,0.));
#17 = DIRECTION('',(0.,0.,1.));
#18 = DIRECTION('',(1.,0.,-0.));
#19 = AXIS2_PLACEMENT_3D('',#20,#21,#22);
#20 = CARTESIAN_POINT('',(20.,0.,39.75));
#21 = DIRECTION('',(0.,-0.,1.));
#22 = DIRECTION('',(1.110223024625E-16,1.,0.));
#23 = AXIS2_PLACEMENT_3D('',#24,#25,#26);
#24 = CARTESIAN_POINT('',(40.,0.,39.75));
#25 = DIRECTION('',(0.,-0.,1.));
#26 = DIRECTION('',(1.110223024625E-16,1.,0.));
#27 = AXIS2_PLACEMENT_3D('',#28,#29,#30);
#28 = CARTESIAN_POINT('',(60.,0.,39.75));
#29 = DIRECTION('',(0.,-0.,1.));
#30 = DIRECTION('',(1.110223024625E-16,1.,0.));
#31 = AXIS2_PLACEMENT_3D('',#32,#33,#34);
#32 = CARTESIAN_POINT('',(80.,0.,39.75));
#33 = DIRECTION('',(0.,0.,1.));
#34 = DIRECTION('',(1.,0.,0.));
#35 = AXIS2_PLACEMENT_3D('',#36,#37,#38);
#36 = CARTESIAN_POINT('',(100.,0.,30.25));
#37 = DIRECTION('',(0.,0.,1.));
#38 = DIRECTION('',(1.,0.,-0.));
#39 = AXIS2_PLACEMENT_3D('',#40,#41,#42);
#40 = CARTESIAN_POINT('',(120.,0.,30.25));
#41 = DIRECTION('',(0.,0.,1.));
#42 = DIRECTION('',(1.,0.,-0.));
#43 = AXIS2_PLACEMENT_3D('',#44,#45,#46);
#44 = CARTESIAN_POINT('',(200.,0.,0.));
#45 = DIRECTION('',(0.,0.,1.));
#46 = DIRECTION('',(1.,0.,-0.));
#47 = AXIS2_PLACEMENT_3D('',#48,#49,#50);
#48 = CARTESIAN_POINT('',(185.,0.,32.));
#49 = DIRECTION('',(0.,-0.,1.));
#50 = DIRECTION('',(1.110223024625E-16,1.,0.));
#51 = AXIS2_PLACEMENT_3D('',#52,#53,#54);
#52 = CARTESIAN_POINT('',(195.,0.,32.));
#53 = DIRECTION('',(0.,-0.,1.));
#54 = DIRECTION('',(1.110223024625E-16,1.,0.));
#55 = AXIS2_PLACEMENT_3D('',#56,#57,#58);
#56 = CARTESIAN_POINT('',(205.,0.,24.4));
#57 = DIRECTION('',(0.,0.,1.));
#58 = DIRECTION('',(1.,0.,-0.));
#59 = AXIS2_PLACEMENT_3D('',#60,#61,#62);
#60 = CARTESIAN_POINT('',(215.,0.,24.4));
#61 = DIRECTION('',(0.,0.,1.));
#62 = DIRECTION('',(1.,0.,-0.));
#63 = ( GEOMETRIC_REPRESENTATION_CONTEXT(3) 
GLOBAL_UNCERTAINTY_ASSIGNED_CONTEXT((#67)) GLOBAL_UNIT_ASSIGNED_CONTEXT(
(#64,#65,#66)) REPRESENTATION_CONTEXT('Context #1',
  '3D Context with UNIT and UNCERTAINTY') );
#64 = ( LENGTH_UNIT() NAMED_UNIT(*) SI_UNIT(.MILLI.,.METRE.) );
#65 = ( NAMED_UNIT(*) PLANE_ANGLE_UNIT() SI_UNIT($,.RADIAN.) );
#66 = ( NAMED_UNIT(*) SI_UNIT($,.STERADIAN.) SOLID_ANGLE_UNIT() );
#67 = UNCERTAINTY_MEASURE_WITH_UNIT(LENGTH_MEASURE(1.E-07),#64,
  'distance_accuracy_value','confusion accuracy');
#68 = PRODUCT_RELATED_PRODUCT_CATEGORY('part',$,(#7));
#69 = SHAPE_DEFINITION_REPRESENTATION(#70,#76);
#70 = PRODUCT_DEFINITION_SHAPE('','',#71);
#71 = PRODUCT_DEFINITION('design','',#72,#75);
#72 = PRODUCT_DEFINITION_FORMATION('','',#73);
#73 = PRODUCT('SY5_Manifold_6st','SY5_Manifold_6st','',(#74));
#74 = PRODUCT_CONTEXT('',#2,'mechanical');
#75 = PRODUCT_DEFINITION_CONTEXT('part definition',#2,'design');
#76 = ADVANCED_BREP_SHAPE_REPRESENTATION('',(#11,#77),#1937);
#77 = MANIFOLD_SOLID_BREP('',#78);
#78 = CLOSED_SHELL('',(#79,#199,#820,#869,#1363,#1390,#1437,#1464,#1491,
    #1518,#1545,#1572,#1599,#1626,#1653,#1680,#1707,#1734,#1761,#1788,
    #1815,#1842,#1869,#1896,#1923,#1930));
#79 = ADVANCED_FACE('',(#80),#94,.F.);
#80 = FACE_BOUND('',#81,.F.);
#81 = EDGE_LOOP('',(#82,#117,#145,#173));
#82 = ORIENTED_EDGE('',*,*,#83,.F.);
#83 = EDGE_CURVE('',#84,#86,#88,.T.);
#84 = VERTEX_POINT('',#85);
#85 = CARTESIAN_POINT('',(-70.,-34.,-16.));
#86 = VERTEX_POINT('',#87);
#87 = CARTESIAN_POINT('',(-70.,-34.,16.));
#88 = SURFACE_CURVE('',#89,(#93,#105),.PCURVE_S1.);
#89 = LINE('',#90,#91);
#90 = CARTESIAN_POINT('',(-70.,-34.,-16.));
#91 = VECTOR('',#92,1.);
#92 = DIRECTION('',(0.,0.,1.));
#93 = PCURVE('',#94,#99);
#94 = PLANE('',#95);
#95 = AXIS2_PLACEMENT_3D('',#96,#97,#98);
#96 = CARTESIAN_POINT('',(-70.,-34.,-16.));
#97 = DIRECTION('',(1.,0.,0.));
#98 = DIRECTION('',(0.,0.,1.));
#99 = DEFINITIONAL_REPRESENTATION('',(#100),#104);
#100 = LINE('',#101,#102);
#101 = CARTESIAN_POINT('',(0.,0.));
#102 = VECTOR('',#103,1.);
#103 = DIRECTION('',(1.,0.));
#104 = ( GEOMETRIC_REPRESENTATION_CONTEXT(2) 
PARAMETRIC_REPRESENTATION_CONTEXT() REPRESENTATION_CONTEXT('2D SPACE',''
  ) );
#105 = PCURVE('',#106,#111);
#106 = PLANE('',#107);
#107 = AXIS2_PLACEMENT_3D('',#108,#109,#110);
#108 = CARTESIAN_POINT('',(-70.,-34.,-16.));
#109 = DIRECTION('',(0.,1.,0.));
#110 = DIRECTION('',(0.,0.,1.));
#111 = DEFINITIONAL_REPRESENTATION('',(#112),#116);
#112 = LINE('',#113,#114);
#113 = CARTESIAN_POINT('',(0.,0.));
#114 = VECTOR('',#115,1.);
#115 = DIRECTION('',(1.,0.));
#116 = ( GEOMETRIC_REPRESENTATION_CONTEXT(2) 
PARAMETRIC_REPRESENTATION_CONTEXT() REPRESENTATION_CONTEXT('2D SPACE',''
  ) );
#117 = ORIENTED_EDGE('',*,*,#118,.T.);
#118 = EDGE_CURVE('',#84,#119,#121,.T.);
#119 = VERTEX_POINT('',#120);
#120 = CARTESIAN_POINT('',(-70.,34.,-16.));
#121 = SURFACE_CURVE('',#122,(#126,#133),.PCURVE_S1.);
#122 = LINE('',#123,#124);
#123 = CARTESIAN_POINT('',(-70.,-34.,-16.));
#124 = VECTOR('',#125,1.);
#125 = DIRECTION('',(0.,1.,0.));
#126 = PCURVE('',#94,#127);
#127 = DEFINITIONAL_REPRESENTATION('',(#128),#132);
#128 = LINE('',#129,#130);
#129 = CARTESIAN_POINT('',(0.,0.));
#130 = VECTOR('',#131,1.);
#131 = DIRECTION('',(0.,-1.));
#132 = ( GEOMETRIC_REPRESENTATION_CONTEXT(2) 
PARAMETRIC_REPRESENTATION_CONTEXT() REPRESENTATION_CONTEXT('2D SPACE',''
  ) );
#133 = PCURVE('',#134,#139);
#134 = PLANE('',#135);
#135 = AXIS2_PLACEMENT_3D('',#136,#137,#138);
#136 = CARTESIAN_POINT('',(-70.,-34.,-16.));
#137 = DIRECTION('',(0.,0.,1.));
#138 = DIRECTION('',(1.,0.,0.));
#139 = DEFINITIONAL_REPRESENTATION('',(#140),#144);
#140 = LINE('',#141,#142);
#141 = CARTESIAN_POINT('',(0.,0.));
#142 = VECTOR('',#143,1.);
#143 = DIRECTION('',(0.,1.));
#144 = ( GEOMETRIC_REPRESENTATION_CONTEXT(2) 
PARAMETRIC_REPRESENTATION_CONTEXT() REPRESENTATION_CONTEXT('2D SPACE',''
  ) );
#145 = ORIENTED_EDGE('',*,*,#146,.F.);
#146 = EDGE_CURVE('',#147,#119,#149,.T.);
#147 = VERTEX_POINT('',#148);
#148 = CARTESIAN_POINT('',(-70.,34.,16.));
#149 = SURFACE_CURVE('',#150,(#154,#161),.PCURVE_S1.);
#150 = LINE('',#151,#152);
#151 = CARTESIAN_POINT('',(-70.,34.,16.));
#152 = VECTOR('',#153,1.);
#153 = DIRECTION('',(0.,0.,-1.));
#154 = PCURVE('',#94,#155);
#155 = DEFINITIONAL_REPRESENTATION('',(#156),#160);
#156 = LINE('',#157,#158);
#157 = CARTESIAN_POINT('',(32.,-68.));
#158 = VECTOR('',#159,1.);
#159 = DIRECTION('',(-1.,0.));
#160 = ( GEOMETRIC_REPRESENTATION_CONTEXT(2) 
PARAMETRIC_REPRESENTATION_CONTEXT() REPRESENTATION_CONTEXT('2D SPACE',''
  ) );
#161 = PCURVE('',#162,#167);
#162 = PLANE('',#163);
#163 = AXIS2_PLACEMENT_3D('',#164,#165,#166);
#164 = CARTESIAN_POINT('',(-70.,34.,-16.));
#165 = DIRECTION('',(0.,1.,0.));
#166 = DIRECTION('',(0.,0.,1.));
#167 = DEFINITIONAL_REPRESENTATION('',(#168),#172);
#168 = LINE('',#169,#170);
#169 = CARTESIAN_POINT('',(32.,0.));
#170 = VECTOR('',#171,1.);
#171 = DIRECTION('',(-1.,0.));
#172 = ( GEOMETRIC_REPRESENTATION_CONTEXT(2) 
PARAMETRIC_REPRESENTATION_CONTEXT() REPRESENTATION_CONTEXT('2D SPACE',''
  ) );
#173 = ORIENTED_EDGE('',*,*,#174,.F.);
#174 = EDGE_CURVE('',#86,#147,#175,.T.);
#175 = SURFACE_CURVE('',#176,(#180,#187),.PCURVE_S1.);
#176 = LINE('',#177,#178);
#177 = CARTESIAN_POINT('',(-70.,-34.,16.));
#178 = VECTOR('',#179,1.);
#179 = DIRECTION('',(0.,1.,0.));
#180 = PCURVE('',#94,#181);
#181 = DEFINITIONAL_REPRESENTATION('',(#182),#186);
#182 = LINE('',#183,#184);
#183 = CARTESIAN_POINT('',(32.,0.));
#184 = VECTOR('',#185,1.);
#185 = DIRECTION('',(0.,-1.));
#186 = ( GEOMETRIC_REPRESENTATION_CONTEXT(2) 
PARAMETRIC_REPRESENTATION_CONTEXT() REPRESENTATION_CONTEXT('2D SPACE',''
  ) );
#187 = PCURVE('',#188,#193);
#188 = PLANE('',#189);
#189 = AXIS2_PLACEMENT_3D('',#190,#191,#192);
#190 = CARTESIAN_POINT('',(-70.,-34.,16.));
#191 = DIRECTION('',(0.,0.,1.));
#192 = DIRECTION('',(1.,0.,0.));
#193 = DEFINITIONAL_REPRESENTATION('',(#194),#198);
#194 = LINE('',#195,#196);
#195 = CARTESIAN_POINT('',(0.,0.));
#196 = VECTOR('',#197,1.);
#197 = DIRECTION('',(0.,1.));
#198 = ( GEOMETRIC_REPRESENTATION_CONTEXT(2) 
PARAMETRIC_REPRESENTATION_CONTEXT() REPRESENTATION_CONTEXT('2D SPACE',''
  ) );
#199 = ADVANCED_FACE('',(#200),#106,.F.);
#200 = FACE_BOUND('',#201,.F.);
#201 = EDGE_LOOP('',(#202,#225,#226,#249,#276,#303,#330,#358,#385,#412,
    #439,#467,#494,#521,#548,#576,#603,#630,#657,#685,#712,#739,#766,
    #794));
#202 = ORIENTED_EDGE('',*,*,#203,.F.);
#203 = EDGE_CURVE('',#84,#204,#206,.T.);
#204 = VERTEX_POINT('',#205);
#205 = CARTESIAN_POINT('',(70.,-34.,-16.));
#206 = SURFACE_CURVE('',#207,(#211,#218),.PCURVE_S1.);
#207 = LINE('',#208,#209);
#208 = CARTESIAN_POINT('',(-70.,-34.,-16.));
#209 = VECTOR('',#210,1.);
#210 = DIRECTION('',(1.,0.,0.));
#211 = PCURVE('',#106,#212);
#212 = DEFINITIONAL_REPRESENTATION('',(#213),#217);
#213 = LINE('',#214,#215);
#214 = CARTESIAN_POINT('',(0.,0.));
#215 = VECTOR('',#216,1.);
#216 = DIRECTION('',(0.,1.));
#217 = ( GEOMETRIC_REPRESENTATION_CONTEXT(2) 
PARAMETRIC_REPRESENTATION_CONTEXT() REPRESENTATION_CONTEXT('2D SPACE',''
  ) );
#218 = PCURVE('',#134,#219);
#219 = DEFINITIONAL_REPRESENTATION('',(#220),#224);
#220 = LINE('',#221,#222);
#221 = CARTESIAN_POINT('',(0.,0.));
#222 = VECTOR('',#223,1.);
#223 = DIRECTION('',(1.,0.));
#224 = ( GEOMETRIC_REPRESENTATION_CONTEXT(2) 
PARAMETRIC_REPRESENTATION_CONTEXT() REPRESENTATION_CONTEXT('2D SPACE',''
  ) );
#225 = ORIENTED_EDGE('',*,*,#83,.T.);
#226 = ORIENTED_EDGE('',*,*,#227,.F.);
#227 = EDGE_CURVE('',#228,#86,#230,.T.);
#228 = VERTEX_POINT('',#229);
#229 = CARTESIAN_POINT('',(-40.75,-34.,16.));
#230 = SURFACE_CURVE('',#231,(#235,#242),.PCURVE_S1.);
#231 = LINE('',#232,#233);
#232 = CARTESIAN_POINT('',(-40.75,-34.,16.));
#233 = VECTOR('',#234,1.);
#234 = DIRECTION('',(-1.,0.,0.));
#235 = PCURVE('',#106,#236);
#236 = DEFINITIONAL_REPRESENTATION('',(#237),#241);
#237 = LINE('',#238,#239);
#238 = CARTESIAN_POINT('',(32.,29.25));
#239 = VECTOR('',#240,1.);
#240 = DIRECTION('',(0.,-1.));
#241 = ( GEOMETRIC_REPRESENTATION_CONTEXT(2) 
PARAMETRIC_REPRESENTATION_CONTEXT() REPRESENTATION_CONTEXT('2D SPACE',''
  ) );
#242 = PCURVE('',#188,#243);
#243 = DEFINITIONAL_REPRESENTATION('',(#244),#248);
#244 = LINE('',#245,#246);
#245 = CARTESIAN_POINT('',(29.25,0.));
#246 = VECTOR('',#247,1.);
#247 = DIRECTION('',(-1.,0.));
#248 = ( GEOMETRIC_REPRESENTATION_CONTEXT(2) 
PARAMETRIC_REPRESENTATION_CONTEXT() REPRESENTATION_CONTEXT('2D SPACE',''
  ) );
#249 = ORIENTED_EDGE('',*,*,#250,.T.);
#250 = EDGE_CURVE('',#228,#251,#253,.T.);
#251 = VERTEX_POINT('',#252);
#252 = CARTESIAN_POINT('',(-40.75,-34.,3.2));
#253 = SURFACE_CURVE('',#254,(#258,#265),.PCURVE_S1.);
#254 = LINE('',#255,#256);
#255 = CARTESIAN_POINT('',(-40.75,-34.,-6.4));
#256 = VECTOR('',#257,1.);
#257 = DIRECTION('',(0.,0.,-1.));
#258 = PCURVE('',#106,#259);
#259 = DEFINITIONAL_REPRESENTATION('',(#260),#264);
#260 = LINE('',#261,#262);
#261 = CARTESIAN_POINT('',(9.6,29.25));
#262 = VECTOR('',#263,1.);
#263 = DIRECTION('',(-1.,0.));
#264 = ( GEOMETRIC_REPRESENTATION_CONTEXT(2) 
PARAMETRIC_REPRESENTATION_CONTEXT() REPRESENTATION_CONTEXT('2D SPACE',''
  ) );
#265 = PCURVE('',#266,#271);
#266 = PLANE('',#267);
#267 = AXIS2_PLACEMENT_3D('',#268,#269,#270);
#268 = CARTESIAN_POINT('',(-40.75,-35.,3.2));
#269 = DIRECTION('',(1.,0.,0.));
#270 = DIRECTION('',(0.,0.,1.));
#271 = DEFINITIONAL_REPRESENTATION('',(#272),#275);
#272 = B_SPLINE_CURVE_WITH_KNOTS('',1,(#273,#274),.UNSPECIFIED.,.F.,.F.,
  (2,2),(-22.4,-9.6),.PIECEWISE_BEZIER_KNOTS.);
#273 = CARTESIAN_POINT('',(12.8,-1.));
#274 = CARTESIAN_POINT('',(0.,-1.));
#275 = ( GEOMETRIC_REPRESENTATION_CONTEXT(2) 
PARAMETRIC_REPRESENTATION_CONTEXT() REPRESENTATION_CONTEXT('2D SPACE',''
  ) );
#276 = ORIENTED_EDGE('',*,*,#277,.T.);
#277 = EDGE_CURVE('',#251,#278,#280,.T.);
#278 = VERTEX_POINT('',#279);
#279 = CARTESIAN_POINT('',(-39.25,-34.,3.2));
#280 = SURFACE_CURVE('',#281,(#285,#292),.PCURVE_S1.);
#281 = LINE('',#282,#283);
#282 = CARTESIAN_POINT('',(-55.375,-34.,3.2));
#283 = VECTOR('',#284,1.);
#284 = DIRECTION('',(1.,0.,0.));
#285 = PCURVE('',#106,#286);
#286 = DEFINITIONAL_REPRESENTATION('',(#287),#291);
#287 = LINE('',#288,#289);
#288 = CARTESIAN_POINT('',(19.2,14.625));
#289 = VECTOR('',#290,1.);
#290 = DIRECTION('',(0.,1.));
#291 = ( GEOMETRIC_REPRESENTATION_CONTEXT(2) 
PARAMETRIC_REPRESENTATION_CONTEXT() REPRESENTATION_CONTEXT('2D SPACE',''
  ) );
#292 = PCURVE('',#293,#298);
#293 = PLANE('',#294);
#294 = AXIS2_PLACEMENT_3D('',#295,#296,#297);
#295 = CARTESIAN_POINT('',(-40.75,-35.,3.2));
#296 = DIRECTION('',(0.,0.,1.));
#297 = DIRECTION('',(1.,0.,0.));
#298 = DEFINITIONAL_REPRESENTATION('',(#299),#302);
#299 = B_SPLINE_CURVE_WITH_KNOTS('',1,(#300,#301),.UNSPECIFIED.,.F.,.F.,
  (2,2),(14.625,16.125),.PIECEWISE_BEZIER_KNOTS.);
#300 = CARTESIAN_POINT('',(0.,1.));
#301 = CARTESIAN_POINT('',(1.5,1.));
#302 = ( GEOMETRIC_REPRESENTATION_CONTEXT(2) 
PARAMETRIC_REPRESENTATION_CONTEXT() REPRESENTATION_CONTEXT('2D SPACE',''
  ) );
#303 = ORIENTED_EDGE('',*,*,#304,.F.);
#304 = EDGE_CURVE('',#305,#278,#307,.T.);
#305 = VERTEX_POINT('',#306);
#306 = CARTESIAN_POINT('',(-39.25,-34.,16.));
#307 = SURFACE_CURVE('',#308,(#312,#319),.PCURVE_S1.);
#308 = LINE('',#309,#310);
#309 = CARTESIAN_POINT('',(-39.25,-34.,-6.4));
#310 = VECTOR('',#311,1.);
#311 = DIRECTION('',(0.,0.,-1.));
#312 = PCURVE('',#106,#313);
#313 = DEFINITIONAL_REPRESENTATION('',(#314),#318);
#314 = LINE('',#315,#316);
#315 = CARTESIAN_POINT('',(9.6,30.75));
#316 = VECTOR('',#317,1.);
#317 = DIRECTION('',(-1.,0.));
#318 = ( GEOMETRIC_REPRESENTATION_CONTEXT(2) 
PARAMETRIC_REPRESENTATION_CONTEXT() REPRESENTATION_CONTEXT('2D SPACE',''
  ) );
#319 = PCURVE('',#320,#325);
#320 = PLANE('',#321);
#321 = AXIS2_PLACEMENT_3D('',#322,#323,#324);
#322 = CARTESIAN_POINT('',(-39.25,-35.,3.2));
#323 = DIRECTION('',(1.,0.,0.));
#324 = DIRECTION('',(0.,0.,1.));
#325 = DEFINITIONAL_REPRESENTATION('',(#326),#329);
#326 = B_SPLINE_CURVE_WITH_KNOTS('',1,(#327,#328),.UNSPECIFIED.,.F.,.F.,
  (2,2),(-22.4,-9.6),.PIECEWISE_BEZIER_KNOTS.);
#327 = CARTESIAN_POINT('',(12.8,-1.));
#328 = CARTESIAN_POINT('',(0.,-1.));
#329 = ( GEOMETRIC_REPRESENTATION_CONTEXT(2) 
PARAMETRIC_REPRESENTATION_CONTEXT() REPRESENTATION_CONTEXT('2D SPACE',''
  ) );
#330 = ORIENTED_EDGE('',*,*,#331,.T.);
#331 = EDGE_CURVE('',#305,#332,#334,.T.);
#332 = VERTEX_POINT('',#333);
#333 = CARTESIAN_POINT('',(-20.75,-34.,16.));
#334 = SURFACE_CURVE('',#335,(#339,#346),.PCURVE_S1.);
#335 = LINE('',#336,#337);
#336 = CARTESIAN_POINT('',(-70.,-34.,16.));
#337 = VECTOR('',#338,1.);
#338 = DIRECTION('',(1.,0.,0.));
#339 = PCURVE('',#106,#340);
#340 = DEFINITIONAL_REPRESENTATION('',(#341),#345);
#341 = LINE('',#342,#343);
#342 = CARTESIAN_POINT('',(32.,0.));
#343 = VECTOR('',#344,1.);
#344 = DIRECTION('',(0.,1.));
#345 = ( GEOMETRIC_REPRESENTATION_CONTEXT(2) 
PARAMETRIC_REPRESENTATION_CONTEXT() REPRESENTATION_CONTEXT('2D SPACE',''
  ) );
#346 = PCURVE('',#347,#352);
#347 = PLANE('',#348);
#348 = AXIS2_PLACEMENT_3D('',#349,#350,#351);
#349 = CARTESIAN_POINT('',(-70.,-34.,16.));
#350 = DIRECTION('',(0.,0.,1.));
#351 = DIRECTION('',(1.,0.,0.));
#352 = DEFINITIONAL_REPRESENTATION('',(#353),#357);
#353 = LINE('',#354,#355);
#354 = CARTESIAN_POINT('',(0.,0.));
#355 = VECTOR('',#356,1.);
#356 = DIRECTION('',(1.,0.));
#357 = ( GEOMETRIC_REPRESENTATION_CONTEXT(2) 
PARAMETRIC_REPRESENTATION_CONTEXT() REPRESENTATION_CONTEXT('2D SPACE',''
  ) );
#358 = ORIENTED_EDGE('',*,*,#359,.T.);
#359 = EDGE_CURVE('',#332,#360,#362,.T.);
#360 = VERTEX_POINT('',#361);
#361 = CARTESIAN_POINT('',(-20.75,-34.,3.2));
#362 = SURFACE_CURVE('',#363,(#367,#374),.PCURVE_S1.);
#363 = LINE('',#364,#365);
#364 = CARTESIAN_POINT('',(-20.75,-34.,-6.4));
#365 = VECTOR('',#366,1.);
#366 = DIRECTION('',(0.,0.,-1.));
#367 = PCURVE('',#106,#368);
#368 = DEFINITIONAL_REPRESENTATION('',(#369),#373);
#369 = LINE('',#370,#371);
#370 = CARTESIAN_POINT('',(9.6,49.25));
#371 = VECTOR('',#372,1.);
#372 = DIRECTION('',(-1.,0.));
#373 = ( GEOMETRIC_REPRESENTATION_CONTEXT(2) 
PARAMETRIC_REPRESENTATION_CONTEXT() REPRESENTATION_CONTEXT('2D SPACE',''
  ) );
#374 = PCURVE('',#375,#380);
#375 = PLANE('',#376);
#376 = AXIS2_PLACEMENT_3D('',#377,#378,#379);
#377 = CARTESIAN_POINT('',(-20.75,-35.,3.2));
#378 = DIRECTION('',(1.,0.,0.));
#379 = DIRECTION('',(0.,0.,1.));
#380 = DEFINITIONAL_REPRESENTATION('',(#381),#384);
#381 = B_SPLINE_CURVE_WITH_KNOTS('',1,(#382,#383),.UNSPECIFIED.,.F.,.F.,
  (2,2),(-22.4,-9.6),.PIECEWISE_BEZIER_KNOTS.);
#382 = CARTESIAN_POINT('',(12.8,-1.));
#383 = CARTESIAN_POINT('',(0.,-1.));
#384 = ( GEOMETRIC_REPRESENTATION_CONTEXT(2) 
PARAMETRIC_REPRESENTATION_CONTEXT() REPRESENTATION_CONTEXT('2D SPACE',''
  ) );
#385 = ORIENTED_EDGE('',*,*,#386,.T.);
#386 = EDGE_CURVE('',#360,#387,#389,.T.);
#387 = VERTEX_POINT('',#388);
#388 = CARTESIAN_POINT('',(-19.25,-34.,3.2));
#389 = SURFACE_CURVE('',#390,(#394,#401),.PCURVE_S1.);
#390 = LINE('',#391,#392);
#391 = CARTESIAN_POINT('',(-45.375,-34.,3.2));
#392 = VECTOR('',#393,1.);
#393 = DIRECTION('',(1.,0.,0.));
#394 = PCURVE('',#106,#395);
#395 = DEFINITIONAL_REPRESENTATION('',(#396),#400);
#396 = LINE('',#397,#398);
#397 = CARTESIAN_POINT('',(19.2,24.625));
#398 = VECTOR('',#399,1.);
#399 = DIRECTION('',(0.,1.));
#400 = ( GEOMETRIC_REPRESENTATION_CONTEXT(2) 
PARAMETRIC_REPRESENTATION_CONTEXT() REPRESENTATION_CONTEXT('2D SPACE',''
  ) );
#401 = PCURVE('',#402,#407);
#402 = PLANE('',#403);
#403 = AXIS2_PLACEMENT_3D('',#404,#405,#406);
#404 = CARTESIAN_POINT('',(-20.75,-35.,3.2));
#405 = DIRECTION('',(0.,0.,1.));
#406 = DIRECTION('',(1.,0.,0.));
#407 = DEFINITIONAL_REPRESENTATION('',(#408),#411);
#408 = B_SPLINE_CURVE_WITH_KNOTS('',1,(#409,#410),.UNSPECIFIED.,.F.,.F.,
  (2,2),(24.625,26.125),.PIECEWISE_BEZIER_KNOTS.);
#409 = CARTESIAN_POINT('',(0.,1.));
#410 = CARTESIAN_POINT('',(1.5,1.));
#411 = ( GEOMETRIC_REPRESENTATION_CONTEXT(2) 
PARAMETRIC_REPRESENTATION_CONTEXT() REPRESENTATION_CONTEXT('2D SPACE',''
  ) );
#412 = ORIENTED_EDGE('',*,*,#413,.F.);
#413 = EDGE_CURVE('',#414,#387,#416,.T.);
#414 = VERTEX_POINT('',#415);
#415 = CARTESIAN_POINT('',(-19.25,-34.,16.));
#416 = SURFACE_CURVE('',#417,(#421,#428),.PCURVE_S1.);
#417 = LINE('',#418,#419);
#418 = CARTESIAN_POINT('',(-19.25,-34.,-6.4));
#419 = VECTOR('',#420,1.);
#420 = DIRECTION('',(0.,0.,-1.));
#421 = PCURVE('',#106,#422);
#422 = DEFINITIONAL_REPRESENTATION('',(#423),#427);
#423 = LINE('',#424,#425);
#424 = CARTESIAN_POINT('',(9.6,50.75));
#425 = VECTOR('',#426,1.);
#426 = DIRECTION('',(-1.,0.));
#427 = ( GEOMETRIC_REPRESENTATION_CONTEXT(2) 
PARAMETRIC_REPRESENTATION_CONTEXT() REPRESENTATION_CONTEXT('2D SPACE',''
  ) );
#428 = PCURVE('',#429,#434);
#429 = PLANE('',#430);
#430 = AXIS2_PLACEMENT_3D('',#431,#432,#433);
#431 = CARTESIAN_POINT('',(-19.25,-35.,3.2));
#432 = DIRECTION('',(1.,0.,0.));
#433 = DIRECTION('',(0.,0.,1.));
#434 = DEFINITIONAL_REPRESENTATION('',(#435),#438);
#435 = B_SPLINE_CURVE_WITH_KNOTS('',1,(#436,#437),.UNSPECIFIED.,.F.,.F.,
  (2,2),(-22.4,-9.6),.PIECEWISE_BEZIER_KNOTS.);
#436 = CARTESIAN_POINT('',(12.8,-1.));
#437 = CARTESIAN_POINT('',(0.,-1.));
#438 = ( GEOMETRIC_REPRESENTATION_CONTEXT(2) 
PARAMETRIC_REPRESENTATION_CONTEXT() REPRESENTATION_CONTEXT('2D SPACE',''
  ) );
#439 = ORIENTED_EDGE('',*,*,#440,.T.);
#440 = EDGE_CURVE('',#414,#441,#443,.T.);
#441 = VERTEX_POINT('',#442);
#442 = CARTESIAN_POINT('',(-0.75,-34.,16.));
#443 = SURFACE_CURVE('',#444,(#448,#455),.PCURVE_S1.);
#444 = LINE('',#445,#446);
#445 = CARTESIAN_POINT('',(-70.,-34.,16.));
#446 = VECTOR('',#447,1.);
#447 = DIRECTION('',(1.,0.,0.));
#448 = PCURVE('',#106,#449);
#449 = DEFINITIONAL_REPRESENTATION('',(#450),#454);
#450 = LINE('',#451,#452);
#451 = CARTESIAN_POINT('',(32.,0.));
#452 = VECTOR('',#453,1.);
#453 = DIRECTION('',(0.,1.));
#454 = ( GEOMETRIC_REPRESENTATION_CONTEXT(2) 
PARAMETRIC_REPRESENTATION_CONTEXT() REPRESENTATION_CONTEXT('2D SPACE',''
  ) );
#455 = PCURVE('',#456,#461);
#456 = PLANE('',#457);
#457 = AXIS2_PLACEMENT_3D('',#458,#459,#460);
#458 = CARTESIAN_POINT('',(-70.,-34.,16.));
#459 = DIRECTION('',(0.,0.,1.));
#460 = DIRECTION('',(1.,0.,0.));
#461 = DEFINITIONAL_REPRESENTATION('',(#462),#466);
#462 = LINE('',#463,#464);
#463 = CARTESIAN_POINT('',(0.,0.));
#464 = VECTOR('',#465,1.);
#465 = DIRECTION('',(1.,0.));
#466 = ( GEOMETRIC_REPRESENTATION_CONTEXT(2) 
PARAMETRIC_REPRESENTATION_CONTEXT() REPRESENTATION_CONTEXT('2D SPACE',''
  ) );
#467 = ORIENTED_EDGE('',*,*,#468,.T.);
#468 = EDGE_CURVE('',#441,#469,#471,.T.);
#469 = VERTEX_POINT('',#470);
#470 = CARTESIAN_POINT('',(-0.75,-34.,3.2));
#471 = SURFACE_CURVE('',#472,(#476,#483),.PCURVE_S1.);
#472 = LINE('',#473,#474);
#473 = CARTESIAN_POINT('',(-0.75,-34.,-6.4));
#474 = VECTOR('',#475,1.);
#475 = DIRECTION('',(0.,0.,-1.));
#476 = PCURVE('',#106,#477);
#477 = DEFINITIONAL_REPRESENTATION('',(#478),#482);
#478 = LINE('',#479,#480);
#479 = CARTESIAN_POINT('',(9.6,69.25));
#480 = VECTOR('',#481,1.);
#481 = DIRECTION('',(-1.,0.));
#482 = ( GEOMETRIC_REPRESENTATION_CONTEXT(2) 
PARAMETRIC_REPRESENTATION_CONTEXT() REPRESENTATION_CONTEXT('2D SPACE',''
  ) );
#483 = PCURVE('',#484,#489);
#484 = PLANE('',#485);
#485 = AXIS2_PLACEMENT_3D('',#486,#487,#488);
#486 = CARTESIAN_POINT('',(-0.75,-35.,3.2));
#487 = DIRECTION('',(1.,0.,0.));
#488 = DIRECTION('',(0.,0.,1.));
#489 = DEFINITIONAL_REPRESENTATION('',(#490),#493);
#490 = B_SPLINE_CURVE_WITH_KNOTS('',1,(#491,#492),.UNSPECIFIED.,.F.,.F.,
  (2,2),(-22.4,-9.6),.PIECEWISE_BEZIER_KNOTS.);
#491 = CARTESIAN_POINT('',(12.8,-1.));
#492 = CARTESIAN_POINT('',(0.,-1.));
#493 = ( GEOMETRIC_REPRESENTATION_CONTEXT(2) 
PARAMETRIC_REPRESENTATION_CONTEXT() REPRESENTATION_CONTEXT('2D SPACE',''
  ) );
#494 = ORIENTED_EDGE('',*,*,#495,.T.);
#495 = EDGE_CURVE('',#469,#496,#498,.T.);
#496 = VERTEX_POINT('',#497);
#497 = CARTESIAN_POINT('',(0.75,-34.,3.2));
#498 = SURFACE_CURVE('',#499,(#503,#510),.PCURVE_S1.);
#499 = LINE('',#500,#501);
#500 = CARTESIAN_POINT('',(-35.375,-34.,3.2));
#501 = VECTOR('',#502,1.);
#502 = DIRECTION('',(1.,0.,0.));
#503 = PCURVE('',#106,#504);
#504 = DEFINITIONAL_REPRESENTATION('',(#505),#509);
#505 = LINE('',#506,#507);
#506 = CARTESIAN_POINT('',(19.2,34.625));
#507 = VECTOR('',#508,1.);
#508 = DIRECTION('',(0.,1.));
#509 = ( GEOMETRIC_REPRESENTATION_CONTEXT(2) 
PARAMETRIC_REPRESENTATION_CONTEXT() REPRESENTATION_CONTEXT('2D SPACE',''
  ) );
#510 = PCURVE('',#511,#516);
#511 = PLANE('',#512);
#512 = AXIS2_PLACEMENT_3D('',#513,#514,#515);
#513 = CARTESIAN_POINT('',(-0.75,-35.,3.2));
#514 = DIRECTION('',(0.,0.,1.));
#515 = DIRECTION('',(1.,0.,0.));
#516 = DEFINITIONAL_REPRESENTATION('',(#517),#520);
#517 = B_SPLINE_CURVE_WITH_KNOTS('',1,(#518,#519),.UNSPECIFIED.,.F.,.F.,
  (2,2),(34.625,36.125),.PIECEWISE_BEZIER_KNOTS.);
#518 = CARTESIAN_POINT('',(0.,1.));
#519 = CARTESIAN_POINT('',(1.5,1.));
#520 = ( GEOMETRIC_REPRESENTATION_CONTEXT(2) 
PARAMETRIC_REPRESENTATION_CONTEXT() REPRESENTATION_CONTEXT('2D SPACE',''
  ) );
#521 = ORIENTED_EDGE('',*,*,#522,.F.);
#522 = EDGE_CURVE('',#523,#496,#525,.T.);
#523 = VERTEX_POINT('',#524);
#524 = CARTESIAN_POINT('',(0.75,-34.,16.));
#525 = SURFACE_CURVE('',#526,(#530,#537),.PCURVE_S1.);
#526 = LINE('',#527,#528);
#527 = CARTESIAN_POINT('',(0.75,-34.,-6.4));
#528 = VECTOR('',#529,1.);
#529 = DIRECTION('',(0.,0.,-1.));
#530 = PCURVE('',#106,#531);
#531 = DEFINITIONAL_REPRESENTATION('',(#532),#536);
#532 = LINE('',#533,#534);
#533 = CARTESIAN_POINT('',(9.6,70.75));
#534 = VECTOR('',#535,1.);
#535 = DIRECTION('',(-1.,0.));
#536 = ( GEOMETRIC_REPRESENTATION_CONTEXT(2) 
PARAMETRIC_REPRESENTATION_CONTEXT() REPRESENTATION_CONTEXT('2D SPACE',''
  ) );
#537 = PCURVE('',#538,#543);
#538 = PLANE('',#539);
#539 = AXIS2_PLACEMENT_3D('',#540,#541,#542);
#540 = CARTESIAN_POINT('',(0.75,-35.,3.2));
#541 = DIRECTION('',(1.,0.,0.));
#542 = DIRECTION('',(0.,0.,1.));
#543 = DEFINITIONAL_REPRESENTATION('',(#544),#547);
#544 = B_SPLINE_CURVE_WITH_KNOTS('',1,(#545,#546),.UNSPECIFIED.,.F.,.F.,
  (2,2),(-22.4,-9.6),.PIECEWISE_BEZIER_KNOTS.);
#545 = CARTESIAN_POINT('',(12.8,-1.));
#546 = CARTESIAN_POINT('',(0.,-1.));
#547 = ( GEOMETRIC_REPRESENTATION_CONTEXT(2) 
PARAMETRIC_REPRESENTATION_CONTEXT() REPRESENTATION_CONTEXT('2D SPACE',''
  ) );
#548 = ORIENTED_EDGE('',*,*,#549,.T.);
#549 = EDGE_CURVE('',#523,#550,#552,.T.);
#550 = VERTEX_POINT('',#551);
#551 = CARTESIAN_POINT('',(19.25,-34.,16.));
#552 = SURFACE_CURVE('',#553,(#557,#564),.PCURVE_S1.);
#553 = LINE('',#554,#555);
#554 = CARTESIAN_POINT('',(-70.,-34.,16.));
#555 = VECTOR('',#556,1.);
#556 = DIRECTION('',(1.,0.,0.));
#557 = PCURVE('',#106,#558);
#558 = DEFINITIONAL_REPRESENTATION('',(#559),#563);
#559 = LINE('',#560,#561);
#560 = CARTESIAN_POINT('',(32.,0.));
#561 = VECTOR('',#562,1.);
#562 = DIRECTION('',(0.,1.));
#563 = ( GEOMETRIC_REPRESENTATION_CONTEXT(2) 
PARAMETRIC_REPRESENTATION_CONTEXT() REPRESENTATION_CONTEXT('2D SPACE',''
  ) );
#564 = PCURVE('',#565,#570);
#565 = PLANE('',#566);
#566 = AXIS2_PLACEMENT_3D('',#567,#568,#569);
#567 = CARTESIAN_POINT('',(-70.,-34.,16.));
#568 = DIRECTION('',(0.,0.,1.));
#569 = DIRECTION('',(1.,0.,0.));
#570 = DEFINITIONAL_REPRESENTATION('',(#571),#575);
#571 = LINE('',#572,#573);
#572 = CARTESIAN_POINT('',(0.,0.));
#573 = VECTOR('',#574,1.);
#574 = DIRECTION('',(1.,0.));
#575 = ( GEOMETRIC_REPRESENTATION_CONTEXT(2) 
PARAMETRIC_REPRESENTATION_CONTEXT() REPRESENTATION_CONTEXT('2D SPACE',''
  ) );
#576 = ORIENTED_EDGE('',*,*,#577,.T.);
#577 = EDGE_CURVE('',#550,#578,#580,.T.);
#578 = VERTEX_POINT('',#579);
#579 = CARTESIAN_POINT('',(19.25,-34.,3.2));
#580 = SURFACE_CURVE('',#581,(#585,#592),.PCURVE_S1.);
#581 = LINE('',#582,#583);
#582 = CARTESIAN_POINT('',(19.25,-34.,-6.4));
#583 = VECTOR('',#584,1.);
#584 = DIRECTION('',(0.,0.,-1.));
#585 = PCURVE('',#106,#586);
#586 = DEFINITIONAL_REPRESENTATION('',(#587),#591);
#587 = LINE('',#588,#589);
#588 = CARTESIAN_POINT('',(9.6,89.25));
#589 = VECTOR('',#590,1.);
#590 = DIRECTION('',(-1.,0.));
#591 = ( GEOMETRIC_REPRESENTATION_CONTEXT(2) 
PARAMETRIC_REPRESENTATION_CONTEXT() REPRESENTATION_CONTEXT('2D SPACE',''
  ) );
#592 = PCURVE('',#593,#598);
#593 = PLANE('',#594);
#594 = AXIS2_PLACEMENT_3D('',#595,#596,#597);
#595 = CARTESIAN_POINT('',(19.25,-35.,3.2));
#596 = DIRECTION('',(1.,0.,0.));
#597 = DIRECTION('',(0.,0.,1.));
#598 = DEFINITIONAL_REPRESENTATION('',(#599),#602);
#599 = B_SPLINE_CURVE_WITH_KNOTS('',1,(#600,#601),.UNSPECIFIED.,.F.,.F.,
  (2,2),(-22.4,-9.6),.PIECEWISE_BEZIER_KNOTS.);
#600 = CARTESIAN_POINT('',(12.8,-1.));
#601 = CARTESIAN_POINT('',(0.,-1.));
#602 = ( GEOMETRIC_REPRESENTATION_CONTEXT(2) 
PARAMETRIC_REPRESENTATION_CONTEXT() REPRESENTATION_CONTEXT('2D SPACE',''
  ) );
#603 = ORIENTED_EDGE('',*,*,#604,.T.);
#604 = EDGE_CURVE('',#578,#605,#607,.T.);
#605 = VERTEX_POINT('',#606);
#606 = CARTESIAN_POINT('',(20.75,-34.,3.2));
#607 = SURFACE_CURVE('',#608,(#612,#619),.PCURVE_S1.);
#608 = LINE('',#609,#610);
#609 = CARTESIAN_POINT('',(-25.375,-34.,3.2));
#610 = VECTOR('',#611,1.);
#611 = DIRECTION('',(1.,0.,0.));
#612 = PCURVE('',#106,#613);
#613 = DEFINITIONAL_REPRESENTATION('',(#614),#618);
#614 = LINE('',#615,#616);
#615 = CARTESIAN_POINT('',(19.2,44.625));
#616 = VECTOR('',#617,1.);
#617 = DIRECTION('',(0.,1.));
#618 = ( GEOMETRIC_REPRESENTATION_CONTEXT(2) 
PARAMETRIC_REPRESENTATION_CONTEXT() REPRESENTATION_CONTEXT('2D SPACE',''
  ) );
#619 = PCURVE('',#620,#625);
#620 = PLANE('',#621);
#621 = AXIS2_PLACEMENT_3D('',#622,#623,#624);
#622 = CARTESIAN_POINT('',(19.25,-35.,3.2));
#623 = DIRECTION('',(0.,0.,1.));
#624 = DIRECTION('',(1.,0.,0.));
#625 = DEFINITIONAL_REPRESENTATION('',(#626),#629);
#626 = B_SPLINE_CURVE_WITH_KNOTS('',1,(#627,#628),.UNSPECIFIED.,.F.,.F.,
  (2,2),(44.625,46.125),.PIECEWISE_BEZIER_KNOTS.);
#627 = CARTESIAN_POINT('',(0.,1.));
#628 = CARTESIAN_POINT('',(1.5,1.));
#629 = ( GEOMETRIC_REPRESENTATION_CONTEXT(2) 
PARAMETRIC_REPRESENTATION_CONTEXT() REPRESENTATION_CONTEXT('2D SPACE',''
  ) );
#630 = ORIENTED_EDGE('',*,*,#631,.F.);
#631 = EDGE_CURVE('',#632,#605,#634,.T.);
#632 = VERTEX_POINT('',#633);
#633 = CARTESIAN_POINT('',(20.75,-34.,16.));
#634 = SURFACE_CURVE('',#635,(#639,#646),.PCURVE_S1.);
#635 = LINE('',#636,#637);
#636 = CARTESIAN_POINT('',(20.75,-34.,-6.4));
#637 = VECTOR('',#638,1.);
#638 = DIRECTION('',(0.,0.,-1.));
#639 = PCURVE('',#106,#640);
#640 = DEFINITIONAL_REPRESENTATION('',(#641),#645);
#641 = LINE('',#642,#643);
#642 = CARTESIAN_POINT('',(9.6,90.75));
#643 = VECTOR('',#644,1.);
#644 = DIRECTION('',(-1.,0.));
#645 = ( GEOMETRIC_REPRESENTATION_CONTEXT(2) 
PARAMETRIC_REPRESENTATION_CONTEXT() REPRESENTATION_CONTEXT('2D SPACE',''
  ) );
#646 = PCURVE('',#647,#652);
#647 = PLANE('',#648);
#648 = AXIS2_PLACEMENT_3D('',#649,#650,#651);
#649 = CARTESIAN_POINT('',(20.75,-35.,3.2));
#650 = DIRECTION('',(1.,0.,0.));
#651 = DIRECTION('',(0.,0.,1.));
#652 = DEFINITIONAL_REPRESENTATION('',(#653),#656);
#653 = B_SPLINE_CURVE_WITH_KNOTS('',1,(#654,#655),.UNSPECIFIED.,.F.,.F.,
  (2,2),(-22.4,-9.6),.PIECEWISE_BEZIER_KNOTS.);
#654 = CARTESIAN_POINT('',(12.8,-1.));
#655 = CARTESIAN_POINT('',(0.,-1.));
#656 = ( GEOMETRIC_REPRESENTATION_CONTEXT(2) 
PARAMETRIC_REPRESENTATION_CONTEXT() REPRESENTATION_CONTEXT('2D SPACE',''
  ) );
#657 = ORIENTED_EDGE('',*,*,#658,.T.);
#658 = EDGE_CURVE('',#632,#659,#661,.T.);
#659 = VERTEX_POINT('',#660);
#660 = CARTESIAN_POINT('',(39.25,-34.,16.));
#661 = SURFACE_CURVE('',#662,(#666,#673),.PCURVE_S1.);
#662 = LINE('',#663,#664);
#663 = CARTESIAN_POINT('',(-70.,-34.,16.));
#664 = VECTOR('',#665,1.);
#665 = DIRECTION('',(1.,0.,0.));
#666 = PCURVE('',#106,#667);
#667 = DEFINITIONAL_REPRESENTATION('',(#668),#672);
#668 = LINE('',#669,#670);
#669 = CARTESIAN_POINT('',(32.,0.));
#670 = VECTOR('',#671,1.);
#671 = DIRECTION('',(0.,1.));
#672 = ( GEOMETRIC_REPRESENTATION_CONTEXT(2) 
PARAMETRIC_REPRESENTATION_CONTEXT() REPRESENTATION_CONTEXT('2D SPACE',''
  ) );
#673 = PCURVE('',#674,#679);
#674 = PLANE('',#675);
#675 = AXIS2_PLACEMENT_3D('',#676,#677,#678);
#676 = CARTESIAN_POINT('',(-70.,-34.,16.));
#677 = DIRECTION('',(0.,0.,1.));
#678 = DIRECTION('',(1.,0.,0.));
#679 = DEFINITIONAL_REPRESENTATION('',(#680),#684);
#680 = LINE('',#681,#682);
#681 = CARTESIAN_POINT('',(0.,0.));
#682 = VECTOR('',#683,1.);
#683 = DIRECTION('',(1.,0.));
#684 = ( GEOMETRIC_REPRESENTATION_CONTEXT(2) 
PARAMETRIC_REPRESENTATION_CONTEXT() REPRESENTATION_CONTEXT('2D SPACE',''
  ) );
#685 = ORIENTED_EDGE('',*,*,#686,.T.);
#686 = EDGE_CURVE('',#659,#687,#689,.T.);
#687 = VERTEX_POINT('',#688);
#688 = CARTESIAN_POINT('',(39.25,-34.,3.2));
#689 = SURFACE_CURVE('',#690,(#694,#701),.PCURVE_S1.);
#690 = LINE('',#691,#692);
#691 = CARTESIAN_POINT('',(39.25,-34.,-6.4));
#692 = VECTOR('',#693,1.);
#693 = DIRECTION('',(0.,0.,-1.));
#694 = PCURVE('',#106,#695);
#695 = DEFINITIONAL_REPRESENTATION('',(#696),#700);
#696 = LINE('',#697,#698);
#697 = CARTESIAN_POINT('',(9.6,109.25));
#698 = VECTOR('',#699,1.);
#699 = DIRECTION('',(-1.,0.));
#700 = ( GEOMETRIC_REPRESENTATION_CONTEXT(2) 
PARAMETRIC_REPRESENTATION_CONTEXT() REPRESENTATION_CONTEXT('2D SPACE',''
  ) );
#701 = PCURVE('',#702,#707);
#702 = PLANE('',#703);
#703 = AXIS2_PLACEMENT_3D('',#704,#705,#706);
#704 = CARTESIAN_POINT('',(39.25,-35.,3.2));
#705 = DIRECTION('',(1.,0.,0.));
#706 = DIRECTION('',(0.,0.,1.));
#707 = DEFINITIONAL_REPRESENTATION('',(#708),#711);
#708 = B_SPLINE_CURVE_WITH_KNOTS('',1,(#709,#710),.UNSPECIFIED.,.F.,.F.,
  (2,2),(-22.4,-9.6),.PIECEWISE_BEZIER_KNOTS.);
#709 = CARTESIAN_POINT('',(12.8,-1.));
#710 = CARTESIAN_POINT('',(0.,-1.));
#711 = ( GEOMETRIC_REPRESENTATION_CONTEXT(2) 
PARAMETRIC_REPRESENTATION_CONTEXT() REPRESENTATION_CONTEXT('2D SPACE',''
  ) );
#712 = ORIENTED_EDGE('',*,*,#713,.T.);
#713 = EDGE_CURVE('',#687,#714,#716,.T.);
#714 = VERTEX_POINT('',#715);
#715 = CARTESIAN_POINT('',(40.75,-34.,3.2));
#716 = SURFACE_CURVE('',#717,(#721,#728),.PCURVE_S1.);
#717 = LINE('',#718,#719);
#718 = CARTESIAN_POINT('',(-15.375,-34.,3.2));
#719 = VECTOR('',#720,1.);
#720 = DIRECTION('',(1.,0.,0.));
#721 = PCURVE('',#106,#722);
#722 = DEFINITIONAL_REPRESENTATION('',(#723),#727);
#723 = LINE('',#724,#725);
#724 = CARTESIAN_POINT('',(19.2,54.625));
#725 = VECTOR('',#726,1.);
#726 = DIRECTION('',(0.,1.));
#727 = ( GEOMETRIC_REPRESENTATION_CONTEXT(2) 
PARAMETRIC_REPRESENTATION_CONTEXT() REPRESENTATION_CONTEXT('2D SPACE',''
  ) );
#728 = PCURVE('',#729,#734);
#729 = PLANE('',#730);
#730 = AXIS2_PLACEMENT_3D('',#731,#732,#733);
#731 = CARTESIAN_POINT('',(39.25,-35.,3.2));
#732 = DIRECTION('',(0.,0.,1.));
#733 = DIRECTION('',(1.,0.,0.));
#734 = DEFINITIONAL_REPRESENTATION('',(#735),#738);
#735 = B_SPLINE_CURVE_WITH_KNOTS('',1,(#736,#737),.UNSPECIFIED.,.F.,.F.,
  (2,2),(54.625,56.125),.PIECEWISE_BEZIER_KNOTS.);
#736 = CARTESIAN_POINT('',(0.,1.));
#737 = CARTESIAN_POINT('',(1.5,1.));
#738 = ( GEOMETRIC_REPRESENTATION_CONTEXT(2) 
PARAMETRIC_REPRESENTATION_CONTEXT() REPRESENTATION_CONTEXT('2D SPACE',''
  ) );
#739 = ORIENTED_EDGE('',*,*,#740,.F.);
#740 = EDGE_CURVE('',#741,#714,#743,.T.);
#741 = VERTEX_POINT('',#742);
#742 = CARTESIAN_POINT('',(40.75,-34.,16.));
#743 = SURFACE_CURVE('',#744,(#748,#755),.PCURVE_S1.);
#744 = LINE('',#745,#746);
#745 = CARTESIAN_POINT('',(40.75,-34.,-6.4));
#746 = VECTOR('',#747,1.);
#747 = DIRECTION('',(0.,0.,-1.));
#748 = PCURVE('',#106,#749);
#749 = DEFINITIONAL_REPRESENTATION('',(#750),#754);
#750 = LINE('',#751,#752);
#751 = CARTESIAN_POINT('',(9.6,110.75));
#752 = VECTOR('',#753,1.);
#753 = DIRECTION('',(-1.,0.));
#754 = ( GEOMETRIC_REPRESENTATION_CONTEXT(2) 
PARAMETRIC_REPRESENTATION_CONTEXT() REPRESENTATION_CONTEXT('2D SPACE',''
  ) );
#755 = PCURVE('',#756,#761);
#756 = PLANE('',#757);
#757 = AXIS2_PLACEMENT_3D('',#758,#759,#760);
#758 = CARTESIAN_POINT('',(40.75,-35.,3.2));
#759 = DIRECTION('',(1.,0.,0.));
#760 = DIRECTION('',(0.,0.,1.));
#761 = DEFINITIONAL_REPRESENTATION('',(#762),#765);
#762 = B_SPLINE_CURVE_WITH_KNOTS('',1,(#763,#764),.UNSPECIFIED.,.F.,.F.,
  (2,2),(-22.4,-9.6),.PIECEWISE_BEZIER_KNOTS.);
#763 = CARTESIAN_POINT('',(12.8,-1.));
#764 = CARTESIAN_POINT('',(0.,-1.));
#765 = ( GEOMETRIC_REPRESENTATION_CONTEXT(2) 
PARAMETRIC_REPRESENTATION_CONTEXT() REPRESENTATION_CONTEXT('2D SPACE',''
  ) );
#766 = ORIENTED_EDGE('',*,*,#767,.F.);
#767 = EDGE_CURVE('',#768,#741,#770,.T.);
#768 = VERTEX_POINT('',#769);
#769 = CARTESIAN_POINT('',(70.,-34.,16.));
#770 = SURFACE_CURVE('',#771,(#775,#782),.PCURVE_S1.);
#771 = LINE('',#772,#773);
#772 = CARTESIAN_POINT('',(70.,-34.,16.));
#773 = VECTOR('',#774,1.);
#774 = DIRECTION('',(-1.,0.,0.));
#775 = PCURVE('',#106,#776);
#776 = DEFINITIONAL_REPRESENTATION('',(#777),#781);
#777 = LINE('',#778,#779);
#778 = CARTESIAN_POINT('',(32.,140.));
#779 = VECTOR('',#780,1.);
#780 = DIRECTION('',(0.,-1.));
#781 = ( GEOMETRIC_REPRESENTATION_CONTEXT(2) 
PARAMETRIC_REPRESENTATION_CONTEXT() REPRESENTATION_CONTEXT('2D SPACE',''
  ) );
#782 = PCURVE('',#783,#788);
#783 = PLANE('',#784);
#784 = AXIS2_PLACEMENT_3D('',#785,#786,#787);
#785 = CARTESIAN_POINT('',(-70.,-34.,16.));
#786 = DIRECTION('',(0.,0.,1.));
#787 = DIRECTION('',(1.,0.,0.));
#788 = DEFINITIONAL_REPRESENTATION('',(#789),#793);
#789 = LINE('',#790,#791);
#790 = CARTESIAN_POINT('',(140.,0.));
#791 = VECTOR('',#792,1.);
#792 = DIRECTION('',(-1.,0.));
#793 = ( GEOMETRIC_REPRESENTATION_CONTEXT(2) 
PARAMETRIC_REPRESENTATION_CONTEXT() REPRESENTATION_CONTEXT('2D SPACE',''
  ) );
#794 = ORIENTED_EDGE('',*,*,#795,.F.);
#795 = EDGE_CURVE('',#204,#768,#796,.T.);
#796 = SURFACE_CURVE('',#797,(#801,#808),.PCURVE_S1.);
#797 = LINE('',#798,#799);
#798 = CARTESIAN_POINT('',(70.,-34.,-16.));
#799 = VECTOR('',#800,1.);
#800 = DIRECTION('',(0.,0.,1.));
#801 = PCURVE('',#106,#802);
#802 = DEFINITIONAL_REPRESENTATION('',(#803),#807);
#803 = LINE('',#804,#805);
#804 = CARTESIAN_POINT('',(0.,140.));
#805 = VECTOR('',#806,1.);
#806 = DIRECTION('',(1.,0.));
#807 = ( GEOMETRIC_REPRESENTATION_CONTEXT(2) 
PARAMETRIC_REPRESENTATION_CONTEXT() REPRESENTATION_CONTEXT('2D SPACE',''
  ) );
#808 = PCURVE('',#809,#814);
#809 = PLANE('',#810);
#810 = AXIS2_PLACEMENT_3D('',#811,#812,#813);
#811 = CARTESIAN_POINT('',(70.,-34.,-16.));
#812 = DIRECTION('',(1.,0.,0.));
#813 = DIRECTION('',(0.,0.,1.));
#814 = DEFINITIONAL_REPRESENTATION('',(#815),#819);
#815 = LINE('',#816,#817);
#816 = CARTESIAN_POINT('',(0.,0.));
#817 = VECTOR('',#818,1.);
#818 = DIRECTION('',(1.,0.));
#819 = ( GEOMETRIC_REPRESENTATION_CONTEXT(2) 
PARAMETRIC_REPRESENTATION_CONTEXT() REPRESENTATION_CONTEXT('2D SPACE',''
  ) );
#820 = ADVANCED_FACE('',(#821),#134,.F.);
#821 = FACE_BOUND('',#822,.F.);
#822 = EDGE_LOOP('',(#823,#846,#847,#848));
#823 = ORIENTED_EDGE('',*,*,#824,.F.);
#824 = EDGE_CURVE('',#119,#825,#827,.T.);
#825 = VERTEX_POINT('',#826);
#826 = CARTESIAN_POINT('',(70.,34.,-16.));
#827 = SURFACE_CURVE('',#828,(#832,#839),.PCURVE_S1.);
#828 = LINE('',#829,#830);
#829 = CARTESIAN_POINT('',(-70.,34.,-16.));
#830 = VECTOR('',#831,1.);
#831 = DIRECTION('',(1.,0.,0.));
#832 = PCURVE('',#134,#833);
#833 = DEFINITIONAL_REPRESENTATION('',(#834),#838);
#834 = LINE('',#835,#836);
#835 = CARTESIAN_POINT('',(0.,68.));
#836 = VECTOR('',#837,1.);
#837 = DIRECTION('',(1.,0.));
#838 = ( GEOMETRIC_REPRESENTATION_CONTEXT(2) 
PARAMETRIC_REPRESENTATION_CONTEXT() REPRESENTATION_CONTEXT('2D SPACE',''
  ) );
#839 = PCURVE('',#162,#840);
#840 = DEFINITIONAL_REPRESENTATION('',(#841),#845);
#841 = LINE('',#842,#843);
#842 = CARTESIAN_POINT('',(0.,0.));
#843 = VECTOR('',#844,1.);
#844 = DIRECTION('',(0.,1.));
#845 = ( GEOMETRIC_REPRESENTATION_CONTEXT(2) 
PARAMETRIC_REPRESENTATION_CONTEXT() REPRESENTATION_CONTEXT('2D SPACE',''
  ) );
#846 = ORIENTED_EDGE('',*,*,#118,.F.);
#847 = ORIENTED_EDGE('',*,*,#203,.T.);
#848 = ORIENTED_EDGE('',*,*,#849,.T.);
#849 = EDGE_CURVE('',#204,#825,#850,.T.);
#850 = SURFACE_CURVE('',#851,(#855,#862),.PCURVE_S1.);
#851 = LINE('',#852,#853);
#852 = CARTESIAN_POINT('',(70.,-34.,-16.));
#853 = VECTOR('',#854,1.);
#854 = DIRECTION('',(0.,1.,0.));
#855 = PCURVE('',#134,#856);
#856 = DEFINITIONAL_REPRESENTATION('',(#857),#861);
#857 = LINE('',#858,#859);
#858 = CARTESIAN_POINT('',(140.,0.));
#859 = VECTOR('',#860,1.);
#860 = DIRECTION('',(0.,1.));
#861 = ( GEOMETRIC_REPRESENTATION_CONTEXT(2) 
PARAMETRIC_REPRESENTATION_CONTEXT() REPRESENTATION_CONTEXT('2D SPACE',''
  ) );
#862 = PCURVE('',#809,#863);
#863 = DEFINITIONAL_REPRESENTATION('',(#864),#868);
#864 = LINE('',#865,#866);
#865 = CARTESIAN_POINT('',(0.,0.));
#866 = VECTOR('',#867,1.);
#867 = DIRECTION('',(0.,-1.));
#868 = ( GEOMETRIC_REPRESENTATION_CONTEXT(2) 
PARAMETRIC_REPRESENTATION_CONTEXT() REPRESENTATION_CONTEXT('2D SPACE',''
  ) );
#869 = ADVANCED_FACE('',(#870),#162,.T.);
#870 = FACE_BOUND('',#871,.T.);
#871 = EDGE_LOOP('',(#872,#873,#896,#918,#940,#962,#985,#1007,#1029,
    #1051,#1074,#1096,#1118,#1140,#1163,#1185,#1207,#1229,#1252,#1274,
    #1296,#1318,#1341,#1362));
#872 = ORIENTED_EDGE('',*,*,#146,.F.);
#873 = ORIENTED_EDGE('',*,*,#874,.T.);
#874 = EDGE_CURVE('',#147,#875,#877,.T.);
#875 = VERTEX_POINT('',#876);
#876 = CARTESIAN_POINT('',(-40.75,34.,16.));
#877 = SURFACE_CURVE('',#878,(#882,#889),.PCURVE_S1.);
#878 = LINE('',#879,#880);
#879 = CARTESIAN_POINT('',(-70.,34.,16.));
#880 = VECTOR('',#881,1.);
#881 = DIRECTION('',(1.,0.,0.));
#882 = PCURVE('',#162,#883);
#883 = DEFINITIONAL_REPRESENTATION('',(#884),#888);
#884 = LINE('',#885,#886);
#885 = CARTESIAN_POINT('',(32.,0.));
#886 = VECTOR('',#887,1.);
#887 = DIRECTION('',(0.,1.));
#888 = ( GEOMETRIC_REPRESENTATION_CONTEXT(2) 
PARAMETRIC_REPRESENTATION_CONTEXT() REPRESENTATION_CONTEXT('2D SPACE',''
  ) );
#889 = PCURVE('',#188,#890);
#890 = DEFINITIONAL_REPRESENTATION('',(#891),#895);
#891 = LINE('',#892,#893);
#892 = CARTESIAN_POINT('',(0.,68.));
#893 = VECTOR('',#894,1.);
#894 = DIRECTION('',(1.,0.));
#895 = ( GEOMETRIC_REPRESENTATION_CONTEXT(2) 
PARAMETRIC_REPRESENTATION_CONTEXT() REPRESENTATION_CONTEXT('2D SPACE',''
  ) );
#896 = ORIENTED_EDGE('',*,*,#897,.T.);
#897 = EDGE_CURVE('',#875,#898,#900,.T.);
#898 = VERTEX_POINT('',#899);
#899 = CARTESIAN_POINT('',(-40.75,34.,3.2));
#900 = SURFACE_CURVE('',#901,(#905,#912),.PCURVE_S1.);
#901 = LINE('',#902,#903);
#902 = CARTESIAN_POINT('',(-40.75,34.,-6.4));
#903 = VECTOR('',#904,1.);
#904 = DIRECTION('',(0.,0.,-1.));
#905 = PCURVE('',#162,#906);
#906 = DEFINITIONAL_REPRESENTATION('',(#907),#911);
#907 = LINE('',#908,#909);
#908 = CARTESIAN_POINT('',(9.6,29.25));
#909 = VECTOR('',#910,1.);
#910 = DIRECTION('',(-1.,0.));
#911 = ( GEOMETRIC_REPRESENTATION_CONTEXT(2) 
PARAMETRIC_REPRESENTATION_CONTEXT() REPRESENTATION_CONTEXT('2D SPACE',''
  ) );
#912 = PCURVE('',#266,#913);
#913 = DEFINITIONAL_REPRESENTATION('',(#914),#917);
#914 = B_SPLINE_CURVE_WITH_KNOTS('',1,(#915,#916),.UNSPECIFIED.,.F.,.F.,
  (2,2),(-22.4,-9.6),.PIECEWISE_BEZIER_KNOTS.);
#915 = CARTESIAN_POINT('',(12.8,-69.));
#916 = CARTESIAN_POINT('',(0.,-69.));
#917 = ( GEOMETRIC_REPRESENTATION_CONTEXT(2) 
PARAMETRIC_REPRESENTATION_CONTEXT() REPRESENTATION_CONTEXT('2D SPACE',''
  ) );
#918 = ORIENTED_EDGE('',*,*,#919,.T.);
#919 = EDGE_CURVE('',#898,#920,#922,.T.);
#920 = VERTEX_POINT('',#921);
#921 = CARTESIAN_POINT('',(-39.25,34.,3.2));
#922 = SURFACE_CURVE('',#923,(#927,#934),.PCURVE_S1.);
#923 = LINE('',#924,#925);
#924 = CARTESIAN_POINT('',(-55.375,34.,3.2));
#925 = VECTOR('',#926,1.);
#926 = DIRECTION('',(1.,0.,0.));
#927 = PCURVE('',#162,#928);
#928 = DEFINITIONAL_REPRESENTATION('',(#929),#933);
#929 = LINE('',#930,#931);
#930 = CARTESIAN_POINT('',(19.2,14.625));
#931 = VECTOR('',#932,1.);
#932 = DIRECTION('',(0.,1.));
#933 = ( GEOMETRIC_REPRESENTATION_CONTEXT(2) 
PARAMETRIC_REPRESENTATION_CONTEXT() REPRESENTATION_CONTEXT('2D SPACE',''
  ) );
#934 = PCURVE('',#293,#935);
#935 = DEFINITIONAL_REPRESENTATION('',(#936),#939);
#936 = B_SPLINE_CURVE_WITH_KNOTS('',1,(#937,#938),.UNSPECIFIED.,.F.,.F.,
  (2,2),(14.625,16.125),.PIECEWISE_BEZIER_KNOTS.);
#937 = CARTESIAN_POINT('',(0.,69.));
#938 = CARTESIAN_POINT('',(1.5,69.));
#939 = ( GEOMETRIC_REPRESENTATION_CONTEXT(2) 
PARAMETRIC_REPRESENTATION_CONTEXT() REPRESENTATION_CONTEXT('2D SPACE',''
  ) );
#940 = ORIENTED_EDGE('',*,*,#941,.F.);
#941 = EDGE_CURVE('',#942,#920,#944,.T.);
#942 = VERTEX_POINT('',#943);
#943 = CARTESIAN_POINT('',(-39.25,34.,16.));
#944 = SURFACE_CURVE('',#945,(#949,#956),.PCURVE_S1.);
#945 = LINE('',#946,#947);
#946 = CARTESIAN_POINT('',(-39.25,34.,-6.4));
#947 = VECTOR('',#948,1.);
#948 = DIRECTION('',(0.,0.,-1.));
#949 = PCURVE('',#162,#950);
#950 = DEFINITIONAL_REPRESENTATION('',(#951),#955);
#951 = LINE('',#952,#953);
#952 = CARTESIAN_POINT('',(9.6,30.75));
#953 = VECTOR('',#954,1.);
#954 = DIRECTION('',(-1.,0.));
#955 = ( GEOMETRIC_REPRESENTATION_CONTEXT(2) 
PARAMETRIC_REPRESENTATION_CONTEXT() REPRESENTATION_CONTEXT('2D SPACE',''
  ) );
#956 = PCURVE('',#320,#957);
#957 = DEFINITIONAL_REPRESENTATION('',(#958),#961);
#958 = B_SPLINE_CURVE_WITH_KNOTS('',1,(#959,#960),.UNSPECIFIED.,.F.,.F.,
  (2,2),(-22.4,-9.6),.PIECEWISE_BEZIER_KNOTS.);
#959 = CARTESIAN_POINT('',(12.8,-69.));
#960 = CARTESIAN_POINT('',(0.,-69.));
#961 = ( GEOMETRIC_REPRESENTATION_CONTEXT(2) 
PARAMETRIC_REPRESENTATION_CONTEXT() REPRESENTATION_CONTEXT('2D SPACE',''
  ) );
#962 = ORIENTED_EDGE('',*,*,#963,.T.);
#963 = EDGE_CURVE('',#942,#964,#966,.T.);
#964 = VERTEX_POINT('',#965);
#965 = CARTESIAN_POINT('',(-20.75,34.,16.));
#966 = SURFACE_CURVE('',#967,(#971,#978),.PCURVE_S1.);
#967 = LINE('',#968,#969);
#968 = CARTESIAN_POINT('',(-70.,34.,16.));
#969 = VECTOR('',#970,1.);
#970 = DIRECTION('',(1.,0.,0.));
#971 = PCURVE('',#162,#972);
#972 = DEFINITIONAL_REPRESENTATION('',(#973),#977);
#973 = LINE('',#974,#975);
#974 = CARTESIAN_POINT('',(32.,0.));
#975 = VECTOR('',#976,1.);
#976 = DIRECTION('',(0.,1.));
#977 = ( GEOMETRIC_REPRESENTATION_CONTEXT(2) 
PARAMETRIC_REPRESENTATION_CONTEXT() REPRESENTATION_CONTEXT('2D SPACE',''
  ) );
#978 = PCURVE('',#347,#979);
#979 = DEFINITIONAL_REPRESENTATION('',(#980),#984);
#980 = LINE('',#981,#982);
#981 = CARTESIAN_POINT('',(0.,68.));
#982 = VECTOR('',#983,1.);
#983 = DIRECTION('',(1.,0.));
#984 = ( GEOMETRIC_REPRESENTATION_CONTEXT(2) 
PARAMETRIC_REPRESENTATION_CONTEXT() REPRESENTATION_CONTEXT('2D SPACE',''
  ) );
#985 = ORIENTED_EDGE('',*,*,#986,.T.);
#986 = EDGE_CURVE('',#964,#987,#989,.T.);
#987 = VERTEX_POINT('',#988);
#988 = CARTESIAN_POINT('',(-20.75,34.,3.2));
#989 = SURFACE_CURVE('',#990,(#994,#1001),.PCURVE_S1.);
#990 = LINE('',#991,#992);
#991 = CARTESIAN_POINT('',(-20.75,34.,-6.4));
#992 = VECTOR('',#993,1.);
#993 = DIRECTION('',(0.,0.,-1.));
#994 = PCURVE('',#162,#995);
#995 = DEFINITIONAL_REPRESENTATION('',(#996),#1000);
#996 = LINE('',#997,#998);
#997 = CARTESIAN_POINT('',(9.6,49.25));
#998 = VECTOR('',#999,1.);
#999 = DIRECTION('',(-1.,0.));
#1000 = ( GEOMETRIC_REPRESENTATION_CONTEXT(2) 
PARAMETRIC_REPRESENTATION_CONTEXT() REPRESENTATION_CONTEXT('2D SPACE',''
  ) );
#1001 = PCURVE('',#375,#1002);
#1002 = DEFINITIONAL_REPRESENTATION('',(#1003),#1006);
#1003 = B_SPLINE_CURVE_WITH_KNOTS('',1,(#1004,#1005),.UNSPECIFIED.,.F.,
  .F.,(2,2),(-22.4,-9.6),.PIECEWISE_BEZIER_KNOTS.);
#1004 = CARTESIAN_POINT('',(12.8,-69.));
#1005 = CARTESIAN_POINT('',(0.,-69.));
#1006 = ( GEOMETRIC_REPRESENTATION_CONTEXT(2) 
PARAMETRIC_REPRESENTATION_CONTEXT() REPRESENTATION_CONTEXT('2D SPACE',''
  ) );
#1007 = ORIENTED_EDGE('',*,*,#1008,.T.);
#1008 = EDGE_CURVE('',#987,#1009,#1011,.T.);
#1009 = VERTEX_POINT('',#1010);
#1010 = CARTESIAN_POINT('',(-19.25,34.,3.2));
#1011 = SURFACE_CURVE('',#1012,(#1016,#1023),.PCURVE_S1.);
#1012 = LINE('',#1013,#1014);
#1013 = CARTESIAN_POINT('',(-45.375,34.,3.2));
#1014 = VECTOR('',#1015,1.);
#1015 = DIRECTION('',(1.,0.,0.));
#1016 = PCURVE('',#162,#1017);
#1017 = DEFINITIONAL_REPRESENTATION('',(#1018),#1022);
#1018 = LINE('',#1019,#1020);
#1019 = CARTESIAN_POINT('',(19.2,24.625));
#1020 = VECTOR('',#1021,1.);
#1021 = DIRECTION('',(0.,1.));
#1022 = ( GEOMETRIC_REPRESENTATION_CONTEXT(2) 
PARAMETRIC_REPRESENTATION_CONTEXT() REPRESENTATION_CONTEXT('2D SPACE',''
  ) );
#1023 = PCURVE('',#402,#1024);
#1024 = DEFINITIONAL_REPRESENTATION('',(#1025),#1028);
#1025 = B_SPLINE_CURVE_WITH_KNOTS('',1,(#1026,#1027),.UNSPECIFIED.,.F.,
  .F.,(2,2),(24.625,26.125),.PIECEWISE_BEZIER_KNOTS.);
#1026 = CARTESIAN_POINT('',(0.,69.));
#1027 = CARTESIAN_POINT('',(1.5,69.));
#1028 = ( GEOMETRIC_REPRESENTATION_CONTEXT(2) 
PARAMETRIC_REPRESENTATION_CONTEXT() REPRESENTATION_CONTEXT('2D SPACE',''
  ) );
#1029 = ORIENTED_EDGE('',*,*,#1030,.F.);
#1030 = EDGE_CURVE('',#1031,#1009,#1033,.T.);
#1031 = VERTEX_POINT('',#1032);
#1032 = CARTESIAN_POINT('',(-19.25,34.,16.));
#1033 = SURFACE_CURVE('',#1034,(#1038,#1045),.PCURVE_S1.);
#1034 = LINE('',#1035,#1036);
#1035 = CARTESIAN_POINT('',(-19.25,34.,-6.4));
#1036 = VECTOR('',#1037,1.);
#1037 = DIRECTION('',(0.,0.,-1.));
#1038 = PCURVE('',#162,#1039);
#1039 = DEFINITIONAL_REPRESENTATION('',(#1040),#1044);
#1040 = LINE('',#1041,#1042);
#1041 = CARTESIAN_POINT('',(9.6,50.75));
#1042 = VECTOR('',#1043,1.);
#1043 = DIRECTION('',(-1.,0.));
#1044 = ( GEOMETRIC_REPRESENTATION_CONTEXT(2) 
PARAMETRIC_REPRESENTATION_CONTEXT() REPRESENTATION_CONTEXT('2D SPACE',''
  ) );
#1045 = PCURVE('',#429,#1046);
#1046 = DEFINITIONAL_REPRESENTATION('',(#1047),#1050);
#1047 = B_SPLINE_CURVE_WITH_KNOTS('',1,(#1048,#1049),.UNSPECIFIED.,.F.,
  .F.,(2,2),(-22.4,-9.6),.PIECEWISE_BEZIER_KNOTS.);
#1048 = CARTESIAN_POINT('',(12.8,-69.));
#1049 = CARTESIAN_POINT('',(0.,-69.));
#1050 = ( GEOMETRIC_REPRESENTATION_CONTEXT(2) 
PARAMETRIC_REPRESENTATION_CONTEXT() REPRESENTATION_CONTEXT('2D SPACE',''
  ) );
#1051 = ORIENTED_EDGE('',*,*,#1052,.T.);
#1052 = EDGE_CURVE('',#1031,#1053,#1055,.T.);
#1053 = VERTEX_POINT('',#1054);
#1054 = CARTESIAN_POINT('',(-0.75,34.,16.));
#1055 = SURFACE_CURVE('',#1056,(#1060,#1067),.PCURVE_S1.);
#1056 = LINE('',#1057,#1058);
#1057 = CARTESIAN_POINT('',(-70.,34.,16.));
#1058 = VECTOR('',#1059,1.);
#1059 = DIRECTION('',(1.,0.,0.));
#1060 = PCURVE('',#162,#1061);
#1061 = DEFINITIONAL_REPRESENTATION('',(#1062),#1066);
#1062 = LINE('',#1063,#1064);
#1063 = CARTESIAN_POINT('',(32.,0.));
#1064 = VECTOR('',#1065,1.);
#1065 = DIRECTION('',(0.,1.));
#1066 = ( GEOMETRIC_REPRESENTATION_CONTEXT(2) 
PARAMETRIC_REPRESENTATION_CONTEXT() REPRESENTATION_CONTEXT('2D SPACE',''
  ) );
#1067 = PCURVE('',#456,#1068);
#1068 = DEFINITIONAL_REPRESENTATION('',(#1069),#1073);
#1069 = LINE('',#1070,#1071);
#1070 = CARTESIAN_POINT('',(0.,68.));
#1071 = VECTOR('',#1072,1.);
#1072 = DIRECTION('',(1.,0.));
#1073 = ( GEOMETRIC_REPRESENTATION_CONTEXT(2) 
PARAMETRIC_REPRESENTATION_CONTEXT() REPRESENTATION_CONTEXT('2D SPACE',''
  ) );
#1074 = ORIENTED_EDGE('',*,*,#1075,.T.);
#1075 = EDGE_CURVE('',#1053,#1076,#1078,.T.);
#1076 = VERTEX_POINT('',#1077);
#1077 = CARTESIAN_POINT('',(-0.75,34.,3.2));
#1078 = SURFACE_CURVE('',#1079,(#1083,#1090),.PCURVE_S1.);
#1079 = LINE('',#1080,#1081);
#1080 = CARTESIAN_POINT('',(-0.75,34.,-6.4));
#1081 = VECTOR('',#1082,1.);
#1082 = DIRECTION('',(0.,0.,-1.));
#1083 = PCURVE('',#162,#1084);
#1084 = DEFINITIONAL_REPRESENTATION('',(#1085),#1089);
#1085 = LINE('',#1086,#1087);
#1086 = CARTESIAN_POINT('',(9.6,69.25));
#1087 = VECTOR('',#1088,1.);
#1088 = DIRECTION('',(-1.,0.));
#1089 = ( GEOMETRIC_REPRESENTATION_CONTEXT(2) 
PARAMETRIC_REPRESENTATION_CONTEXT() REPRESENTATION_CONTEXT('2D SPACE',''
  ) );
#1090 = PCURVE('',#484,#1091);
#1091 = DEFINITIONAL_REPRESENTATION('',(#1092),#1095);
#1092 = B_SPLINE_CURVE_WITH_KNOTS('',1,(#1093,#1094),.UNSPECIFIED.,.F.,
  .F.,(2,2),(-22.4,-9.6),.PIECEWISE_BEZIER_KNOTS.);
#1093 = CARTESIAN_POINT('',(12.8,-69.));
#1094 = CARTESIAN_POINT('',(0.,-69.));
#1095 = ( GEOMETRIC_REPRESENTATION_CONTEXT(2) 
PARAMETRIC_REPRESENTATION_CONTEXT() REPRESENTATION_CONTEXT('2D SPACE',''
  ) );
#1096 = ORIENTED_EDGE('',*,*,#1097,.T.);
#1097 = EDGE_CURVE('',#1076,#1098,#1100,.T.);
#1098 = VERTEX_POINT('',#1099);
#1099 = CARTESIAN_POINT('',(0.75,34.,3.2));
#1100 = SURFACE_CURVE('',#1101,(#1105,#1112),.PCURVE_S1.);
#1101 = LINE('',#1102,#1103);
#1102 = CARTESIAN_POINT('',(-35.375,34.,3.2));
#1103 = VECTOR('',#1104,1.);
#1104 = DIRECTION('',(1.,0.,0.));
#1105 = PCURVE('',#162,#1106);
#1106 = DEFINITIONAL_REPRESENTATION('',(#1107),#1111);
#1107 = LINE('',#1108,#1109);
#1108 = CARTESIAN_POINT('',(19.2,34.625));
#1109 = VECTOR('',#1110,1.);
#1110 = DIRECTION('',(0.,1.));
#1111 = ( GEOMETRIC_REPRESENTATION_CONTEXT(2) 
PARAMETRIC_REPRESENTATION_CONTEXT() REPRESENTATION_CONTEXT('2D SPACE',''
  ) );
#1112 = PCURVE('',#511,#1113);
#1113 = DEFINITIONAL_REPRESENTATION('',(#1114),#1117);
#1114 = B_SPLINE_CURVE_WITH_KNOTS('',1,(#1115,#1116),.UNSPECIFIED.,.F.,
  .F.,(2,2),(34.625,36.125),.PIECEWISE_BEZIER_KNOTS.);
#1115 = CARTESIAN_POINT('',(0.,69.));
#1116 = CARTESIAN_POINT('',(1.5,69.));
#1117 = ( GEOMETRIC_REPRESENTATION_CONTEXT(2) 
PARAMETRIC_REPRESENTATION_CONTEXT() REPRESENTATION_CONTEXT('2D SPACE',''
  ) );
#1118 = ORIENTED_EDGE('',*,*,#1119,.F.);
#1119 = EDGE_CURVE('',#1120,#1098,#1122,.T.);
#1120 = VERTEX_POINT('',#1121);
#1121 = CARTESIAN_POINT('',(0.75,34.,16.));
#1122 = SURFACE_CURVE('',#1123,(#1127,#1134),.PCURVE_S1.);
#1123 = LINE('',#1124,#1125);
#1124 = CARTESIAN_POINT('',(0.75,34.,-6.4));
#1125 = VECTOR('',#1126,1.);
#1126 = DIRECTION('',(0.,0.,-1.));
#1127 = PCURVE('',#162,#1128);
#1128 = DEFINITIONAL_REPRESENTATION('',(#1129),#1133);
#1129 = LINE('',#1130,#1131);
#1130 = CARTESIAN_POINT('',(9.6,70.75));
#1131 = VECTOR('',#1132,1.);
#1132 = DIRECTION('',(-1.,0.));
#1133 = ( GEOMETRIC_REPRESENTATION_CONTEXT(2) 
PARAMETRIC_REPRESENTATION_CONTEXT() REPRESENTATION_CONTEXT('2D SPACE',''
  ) );
#1134 = PCURVE('',#538,#1135);
#1135 = DEFINITIONAL_REPRESENTATION('',(#1136),#1139);
#1136 = B_SPLINE_CURVE_WITH_KNOTS('',1,(#1137,#1138),.UNSPECIFIED.,.F.,
  .F.,(2,2),(-22.4,-9.6),.PIECEWISE_BEZIER_KNOTS.);
#1137 = CARTESIAN_POINT('',(12.8,-69.));
#1138 = CARTESIAN_POINT('',(0.,-69.));
#1139 = ( GEOMETRIC_REPRESENTATION_CONTEXT(2) 
PARAMETRIC_REPRESENTATION_CONTEXT() REPRESENTATION_CONTEXT('2D SPACE',''
  ) );
#1140 = ORIENTED_EDGE('',*,*,#1141,.T.);
#1141 = EDGE_CURVE('',#1120,#1142,#1144,.T.);
#1142 = VERTEX_POINT('',#1143);
#1143 = CARTESIAN_POINT('',(19.25,34.,16.));
#1144 = SURFACE_CURVE('',#1145,(#1149,#1156),.PCURVE_S1.);
#1145 = LINE('',#1146,#1147);
#1146 = CARTESIAN_POINT('',(-70.,34.,16.));
#1147 = VECTOR('',#1148,1.);
#1148 = DIRECTION('',(1.,0.,0.));
#1149 = PCURVE('',#162,#1150);
#1150 = DEFINITIONAL_REPRESENTATION('',(#1151),#1155);
#1151 = LINE('',#1152,#1153);
#1152 = CARTESIAN_POINT('',(32.,0.));
#1153 = VECTOR('',#1154,1.);
#1154 = DIRECTION('',(0.,1.));
#1155 = ( GEOMETRIC_REPRESENTATION_CONTEXT(2) 
PARAMETRIC_REPRESENTATION_CONTEXT() REPRESENTATION_CONTEXT('2D SPACE',''
  ) );
#1156 = PCURVE('',#565,#1157);
#1157 = DEFINITIONAL_REPRESENTATION('',(#1158),#1162);
#1158 = LINE('',#1159,#1160);
#1159 = CARTESIAN_POINT('',(0.,68.));
#1160 = VECTOR('',#1161,1.);
#1161 = DIRECTION('',(1.,0.));
#1162 = ( GEOMETRIC_REPRESENTATION_CONTEXT(2) 
PARAMETRIC_REPRESENTATION_CONTEXT() REPRESENTATION_CONTEXT('2D SPACE',''
  ) );
#1163 = ORIENTED_EDGE('',*,*,#1164,.T.);
#1164 = EDGE_CURVE('',#1142,#1165,#1167,.T.);
#1165 = VERTEX_POINT('',#1166);
#1166 = CARTESIAN_POINT('',(19.25,34.,3.2));
#1167 = SURFACE_CURVE('',#1168,(#1172,#1179),.PCURVE_S1.);
#1168 = LINE('',#1169,#1170);
#1169 = CARTESIAN_POINT('',(19.25,34.,-6.4));
#1170 = VECTOR('',#1171,1.);
#1171 = DIRECTION('',(0.,0.,-1.));
#1172 = PCURVE('',#162,#1173);
#1173 = DEFINITIONAL_REPRESENTATION('',(#1174),#1178);
#1174 = LINE('',#1175,#1176);
#1175 = CARTESIAN_POINT('',(9.6,89.25));
#1176 = VECTOR('',#1177,1.);
#1177 = DIRECTION('',(-1.,0.));
#1178 = ( GEOMETRIC_REPRESENTATION_CONTEXT(2) 
PARAMETRIC_REPRESENTATION_CONTEXT() REPRESENTATION_CONTEXT('2D SPACE',''
  ) );
#1179 = PCURVE('',#593,#1180);
#1180 = DEFINITIONAL_REPRESENTATION('',(#1181),#1184);
#1181 = B_SPLINE_CURVE_WITH_KNOTS('',1,(#1182,#1183),.UNSPECIFIED.,.F.,
  .F.,(2,2),(-22.4,-9.6),.PIECEWISE_BEZIER_KNOTS.);
#1182 = CARTESIAN_POINT('',(12.8,-69.));
#1183 = CARTESIAN_POINT('',(0.,-69.));
#1184 = ( GEOMETRIC_REPRESENTATION_CONTEXT(2) 
PARAMETRIC_REPRESENTATION_CONTEXT() REPRESENTATION_CONTEXT('2D SPACE',''
  ) );
#1185 = ORIENTED_EDGE('',*,*,#1186,.T.);
#1186 = EDGE_CURVE('',#1165,#1187,#1189,.T.);
#1187 = VERTEX_POINT('',#1188);
#1188 = CARTESIAN_POINT('',(20.75,34.,3.2));
#1189 = SURFACE_CURVE('',#1190,(#1194,#1201),.PCURVE_S1.);
#1190 = LINE('',#1191,#1192);
#1191 = CARTESIAN_POINT('',(-25.375,34.,3.2));
#1192 = VECTOR('',#1193,1.);
#1193 = DIRECTION('',(1.,0.,0.));
#1194 = PCURVE('',#162,#1195);
#1195 = DEFINITIONAL_REPRESENTATION('',(#1196),#1200);
#1196 = LINE('',#1197,#1198);
#1197 = CARTESIAN_POINT('',(19.2,44.625));
#1198 = VECTOR('',#1199,1.);
#1199 = DIRECTION('',(0.,1.));
#1200 = ( GEOMETRIC_REPRESENTATION_CONTEXT(2) 
PARAMETRIC_REPRESENTATION_CONTEXT() REPRESENTATION_CONTEXT('2D SPACE',''
  ) );
#1201 = PCURVE('',#620,#1202);
#1202 = DEFINITIONAL_REPRESENTATION('',(#1203),#1206);
#1203 = B_SPLINE_CURVE_WITH_KNOTS('',1,(#1204,#1205),.UNSPECIFIED.,.F.,
  .F.,(2,2),(44.625,46.125),.PIECEWISE_BEZIER_KNOTS.);
#1204 = CARTESIAN_POINT('',(0.,69.));
#1205 = CARTESIAN_POINT('',(1.5,69.));
#1206 = ( GEOMETRIC_REPRESENTATION_CONTEXT(2) 
PARAMETRIC_REPRESENTATION_CONTEXT() REPRESENTATION_CONTEXT('2D SPACE',''
  ) );
#1207 = ORIENTED_EDGE('',*,*,#1208,.F.);
#1208 = EDGE_CURVE('',#1209,#1187,#1211,.T.);
#1209 = VERTEX_POINT('',#1210);
#1210 = CARTESIAN_POINT('',(20.75,34.,16.));
#1211 = SURFACE_CURVE('',#1212,(#1216,#1223),.PCURVE_S1.);
#1212 = LINE('',#1213,#1214);
#1213 = CARTESIAN_POINT('',(20.75,34.,-6.4));
#1214 = VECTOR('',#1215,1.);
#1215 = DIRECTION('',(0.,0.,-1.));
#1216 = PCURVE('',#162,#1217);
#1217 = DEFINITIONAL_REPRESENTATION('',(#1218),#1222);
#1218 = LINE('',#1219,#1220);
#1219 = CARTESIAN_POINT('',(9.6,90.75));
#1220 = VECTOR('',#1221,1.);
#1221 = DIRECTION('',(-1.,0.));
#1222 = ( GEOMETRIC_REPRESENTATION_CONTEXT(2) 
PARAMETRIC_REPRESENTATION_CONTEXT() REPRESENTATION_CONTEXT('2D SPACE',''
  ) );
#1223 = PCURVE('',#647,#1224);
#1224 = DEFINITIONAL_REPRESENTATION('',(#1225),#1228);
#1225 = B_SPLINE_CURVE_WITH_KNOTS('',1,(#1226,#1227),.UNSPECIFIED.,.F.,
  .F.,(2,2),(-22.4,-9.6),.PIECEWISE_BEZIER_KNOTS.);
#1226 = CARTESIAN_POINT('',(12.8,-69.));
#1227 = CARTESIAN_POINT('',(0.,-69.));
#1228 = ( GEOMETRIC_REPRESENTATION_CONTEXT(2) 
PARAMETRIC_REPRESENTATION_CONTEXT() REPRESENTATION_CONTEXT('2D SPACE',''
  ) );
#1229 = ORIENTED_EDGE('',*,*,#1230,.T.);
#1230 = EDGE_CURVE('',#1209,#1231,#1233,.T.);
#1231 = VERTEX_POINT('',#1232);
#1232 = CARTESIAN_POINT('',(39.25,34.,16.));
#1233 = SURFACE_CURVE('',#1234,(#1238,#1245),.PCURVE_S1.);
#1234 = LINE('',#1235,#1236);
#1235 = CARTESIAN_POINT('',(-70.,34.,16.));
#1236 = VECTOR('',#1237,1.);
#1237 = DIRECTION('',(1.,0.,0.));
#1238 = PCURVE('',#162,#1239);
#1239 = DEFINITIONAL_REPRESENTATION('',(#1240),#1244);
#1240 = LINE('',#1241,#1242);
#1241 = CARTESIAN_POINT('',(32.,0.));
#1242 = VECTOR('',#1243,1.);
#1243 = DIRECTION('',(0.,1.));
#1244 = ( GEOMETRIC_REPRESENTATION_CONTEXT(2) 
PARAMETRIC_REPRESENTATION_CONTEXT() REPRESENTATION_CONTEXT('2D SPACE',''
  ) );
#1245 = PCURVE('',#674,#1246);
#1246 = DEFINITIONAL_REPRESENTATION('',(#1247),#1251);
#1247 = LINE('',#1248,#1249);
#1248 = CARTESIAN_POINT('',(0.,68.));
#1249 = VECTOR('',#1250,1.);
#1250 = DIRECTION('',(1.,0.));
#1251 = ( GEOMETRIC_REPRESENTATION_CONTEXT(2) 
PARAMETRIC_REPRESENTATION_CONTEXT() REPRESENTATION_CONTEXT('2D SPACE',''
  ) );
#1252 = ORIENTED_EDGE('',*,*,#1253,.T.);
#1253 = EDGE_CURVE('',#1231,#1254,#1256,.T.);
#1254 = VERTEX_POINT('',#1255);
#1255 = CARTESIAN_POINT('',(39.25,34.,3.2));
#1256 = SURFACE_CURVE('',#1257,(#1261,#1268),.PCURVE_S1.);
#1257 = LINE('',#1258,#1259);
#1258 = CARTESIAN_POINT('',(39.25,34.,-6.4));
#1259 = VECTOR('',#1260,1.);
#1260 = DIRECTION('',(0.,0.,-1.));
#1261 = PCURVE('',#162,#1262);
#1262 = DEFINITIONAL_REPRESENTATION('',(#1263),#1267);
#1263 = LINE('',#1264,#1265);
#1264 = CARTESIAN_POINT('',(9.6,109.25));
#1265 = VECTOR('',#1266,1.);
#1266 = DIRECTION('',(-1.,0.));
#1267 = ( GEOMETRIC_REPRESENTATION_CONTEXT(2) 
PARAMETRIC_REPRESENTATION_CONTEXT() REPRESENTATION_CONTEXT('2D SPACE',''
  ) );
#1268 = PCURVE('',#702,#1269);
#1269 = DEFINITIONAL_REPRESENTATION('',(#1270),#1273);
#1270 = B_SPLINE_CURVE_WITH_KNOTS('',1,(#1271,#1272),.UNSPECIFIED.,.F.,
  .F.,(2,2),(-22.4,-9.6),.PIECEWISE_BEZIER_KNOTS.);
#1271 = CARTESIAN_POINT('',(12.8,-69.));
#1272 = CARTESIAN_POINT('',(0.,-69.));
#1273 = ( GEOMETRIC_REPRESENTATION_CONTEXT(2) 
PARAMETRIC_REPRESENTATION_CONTEXT() REPRESENTATION_CONTEXT('2D SPACE',''
  ) );
#1274 = ORIENTED_EDGE('',*,*,#1275,.T.);
#1275 = EDGE_CURVE('',#1254,#1276,#1278,.T.);
#1276 = VERTEX_POINT('',#1277);
#1277 = CARTESIAN_POINT('',(40.75,34.,3.2));
#1278 = SURFACE_CURVE('',#1279,(#1283,#1290),.PCURVE_S1.);
#1279 = LINE('',#1280,#1281);
#1280 = CARTESIAN_POINT('',(-15.375,34.,3.2));
#1281 = VECTOR('',#1282,1.);
#1282 = DIRECTION('',(1.,0.,0.));
#1283 = PCURVE('',#162,#1284);
#1284 = DEFINITIONAL_REPRESENTATION('',(#1285),#1289);
#1285 = LINE('',#1286,#1287);
#1286 = CARTESIAN_POINT('',(19.2,54.625));
#1287 = VECTOR('',#1288,1.);
#1288 = DIRECTION('',(0.,1.));
#1289 = ( GEOMETRIC_REPRESENTATION_CONTEXT(2) 
PARAMETRIC_REPRESENTATION_CONTEXT() REPRESENTATION_CONTEXT('2D SPACE',''
  ) );
#1290 = PCURVE('',#729,#1291);
#1291 = DEFINITIONAL_REPRESENTATION('',(#1292),#1295);
#1292 = B_SPLINE_CURVE_WITH_KNOTS('',1,(#1293,#1294),.UNSPECIFIED.,.F.,
  .F.,(2,2),(54.625,56.125),.PIECEWISE_BEZIER_KNOTS.);
#1293 = CARTESIAN_POINT('',(0.,69.));
#1294 = CARTESIAN_POINT('',(1.5,69.));
#1295 = ( GEOMETRIC_REPRESENTATION_CONTEXT(2) 
PARAMETRIC_REPRESENTATION_CONTEXT() REPRESENTATION_CONTEXT('2D SPACE',''
  ) );
#1296 = ORIENTED_EDGE('',*,*,#1297,.F.);
#1297 = EDGE_CURVE('',#1298,#1276,#1300,.T.);
#1298 = VERTEX_POINT('',#1299);
#1299 = CARTESIAN_POINT('',(40.75,34.,16.));
#1300 = SURFACE_CURVE('',#1301,(#1305,#1312),.PCURVE_S1.);
#1301 = LINE('',#1302,#1303);
#1302 = CARTESIAN_POINT('',(40.75,34.,-6.4));
#1303 = VECTOR('',#1304,1.);
#1304 = DIRECTION('',(0.,0.,-1.));
#1305 = PCURVE('',#162,#1306);
#1306 = DEFINITIONAL_REPRESENTATION('',(#1307),#1311);
#1307 = LINE('',#1308,#1309);
#1308 = CARTESIAN_POINT('',(9.6,110.75));
#1309 = VECTOR('',#1310,1.);
#1310 = DIRECTION('',(-1.,0.));
#1311 = ( GEOMETRIC_REPRESENTATION_CONTEXT(2) 
PARAMETRIC_REPRESENTATION_CONTEXT() REPRESENTATION_CONTEXT('2D SPACE',''
  ) );
#1312 = PCURVE('',#756,#1313);
#1313 = DEFINITIONAL_REPRESENTATION('',(#1314),#1317);
#1314 = B_SPLINE_CURVE_WITH_KNOTS('',1,(#1315,#1316),.UNSPECIFIED.,.F.,
  .F.,(2,2),(-22.4,-9.6),.PIECEWISE_BEZIER_KNOTS.);
#1315 = CARTESIAN_POINT('',(12.8,-69.));
#1316 = CARTESIAN_POINT('',(0.,-69.));
#1317 = ( GEOMETRIC_REPRESENTATION_CONTEXT(2) 
PARAMETRIC_REPRESENTATION_CONTEXT() REPRESENTATION_CONTEXT('2D SPACE',''
  ) );
#1318 = ORIENTED_EDGE('',*,*,#1319,.T.);
#1319 = EDGE_CURVE('',#1298,#1320,#1322,.T.);
#1320 = VERTEX_POINT('',#1321);
#1321 = CARTESIAN_POINT('',(70.,34.,16.));
#1322 = SURFACE_CURVE('',#1323,(#1327,#1334),.PCURVE_S1.);
#1323 = LINE('',#1324,#1325);
#1324 = CARTESIAN_POINT('',(40.75,34.,16.));
#1325 = VECTOR('',#1326,1.);
#1326 = DIRECTION('',(1.,0.,0.));
#1327 = PCURVE('',#162,#1328);
#1328 = DEFINITIONAL_REPRESENTATION('',(#1329),#1333);
#1329 = LINE('',#1330,#1331);
#1330 = CARTESIAN_POINT('',(32.,110.75));
#1331 = VECTOR('',#1332,1.);
#1332 = DIRECTION('',(0.,1.));
#1333 = ( GEOMETRIC_REPRESENTATION_CONTEXT(2) 
PARAMETRIC_REPRESENTATION_CONTEXT() REPRESENTATION_CONTEXT('2D SPACE',''
  ) );
#1334 = PCURVE('',#783,#1335);
#1335 = DEFINITIONAL_REPRESENTATION('',(#1336),#1340);
#1336 = LINE('',#1337,#1338);
#1337 = CARTESIAN_POINT('',(110.75,68.));
#1338 = VECTOR('',#1339,1.);
#1339 = DIRECTION('',(1.,0.));
#1340 = ( GEOMETRIC_REPRESENTATION_CONTEXT(2) 
PARAMETRIC_REPRESENTATION_CONTEXT() REPRESENTATION_CONTEXT('2D SPACE',''
  ) );
#1341 = ORIENTED_EDGE('',*,*,#1342,.T.);
#1342 = EDGE_CURVE('',#1320,#825,#1343,.T.);
#1343 = SURFACE_CURVE('',#1344,(#1348,#1355),.PCURVE_S1.);
#1344 = LINE('',#1345,#1346);
#1345 = CARTESIAN_POINT('',(70.,34.,16.));
#1346 = VECTOR('',#1347,1.);
#1347 = DIRECTION('',(0.,0.,-1.));
#1348 = PCURVE('',#162,#1349);
#1349 = DEFINITIONAL_REPRESENTATION('',(#1350),#1354);
#1350 = LINE('',#1351,#1352);
#1351 = CARTESIAN_POINT('',(32.,140.));
#1352 = VECTOR('',#1353,1.);
#1353 = DIRECTION('',(-1.,0.));
#1354 = ( GEOMETRIC_REPRESENTATION_CONTEXT(2) 
PARAMETRIC_REPRESENTATION_CONTEXT() REPRESENTATION_CONTEXT('2D SPACE',''
  ) );
#1355 = PCURVE('',#809,#1356);
#1356 = DEFINITIONAL_REPRESENTATION('',(#1357),#1361);
#1357 = LINE('',#1358,#1359);
#1358 = CARTESIAN_POINT('',(32.,-68.));
#1359 = VECTOR('',#1360,1.);
#1360 = DIRECTION('',(-1.,0.));
#1361 = ( GEOMETRIC_REPRESENTATION_CONTEXT(2) 
PARAMETRIC_REPRESENTATION_CONTEXT() REPRESENTATION_CONTEXT('2D SPACE',''
  ) );
#1362 = ORIENTED_EDGE('',*,*,#824,.F.);
#1363 = ADVANCED_FACE('',(#1364),#188,.T.);
#1364 = FACE_BOUND('',#1365,.T.);
#1365 = EDGE_LOOP('',(#1366,#1367,#1368,#1369));
#1366 = ORIENTED_EDGE('',*,*,#874,.F.);
#1367 = ORIENTED_EDGE('',*,*,#174,.F.);
#1368 = ORIENTED_EDGE('',*,*,#227,.F.);
#1369 = ORIENTED_EDGE('',*,*,#1370,.T.);
#1370 = EDGE_CURVE('',#228,#875,#1371,.T.);
#1371 = SURFACE_CURVE('',#1372,(#1376,#1383),.PCURVE_S1.);
#1372 = LINE('',#1373,#1374);
#1373 = CARTESIAN_POINT('',(-40.75,-35.,16.));
#1374 = VECTOR('',#1375,1.);
#1375 = DIRECTION('',(0.,1.,0.));
#1376 = PCURVE('',#188,#1377);
#1377 = DEFINITIONAL_REPRESENTATION('',(#1378),#1382);
#1378 = LINE('',#1379,#1380);
#1379 = CARTESIAN_POINT('',(29.25,-1.));
#1380 = VECTOR('',#1381,1.);
#1381 = DIRECTION('',(0.,1.));
#1382 = ( GEOMETRIC_REPRESENTATION_CONTEXT(2) 
PARAMETRIC_REPRESENTATION_CONTEXT() REPRESENTATION_CONTEXT('2D SPACE',''
  ) );
#1383 = PCURVE('',#266,#1384);
#1384 = DEFINITIONAL_REPRESENTATION('',(#1385),#1389);
#1385 = LINE('',#1386,#1387);
#1386 = CARTESIAN_POINT('',(12.8,0.));
#1387 = VECTOR('',#1388,1.);
#1388 = DIRECTION('',(0.,-1.));
#1389 = ( GEOMETRIC_REPRESENTATION_CONTEXT(2) 
PARAMETRIC_REPRESENTATION_CONTEXT() REPRESENTATION_CONTEXT('2D SPACE',''
  ) );
#1390 = ADVANCED_FACE('',(#1391),#783,.T.);
#1391 = FACE_BOUND('',#1392,.T.);
#1392 = EDGE_LOOP('',(#1393,#1394,#1415,#1416));
#1393 = ORIENTED_EDGE('',*,*,#1319,.F.);
#1394 = ORIENTED_EDGE('',*,*,#1395,.F.);
#1395 = EDGE_CURVE('',#741,#1298,#1396,.T.);
#1396 = SURFACE_CURVE('',#1397,(#1401,#1408),.PCURVE_S1.);
#1397 = LINE('',#1398,#1399);
#1398 = CARTESIAN_POINT('',(40.75,-35.,16.));
#1399 = VECTOR('',#1400,1.);
#1400 = DIRECTION('',(0.,1.,0.));
#1401 = PCURVE('',#783,#1402);
#1402 = DEFINITIONAL_REPRESENTATION('',(#1403),#1407);
#1403 = LINE('',#1404,#1405);
#1404 = CARTESIAN_POINT('',(110.75,-1.));
#1405 = VECTOR('',#1406,1.);
#1406 = DIRECTION('',(0.,1.));
#1407 = ( GEOMETRIC_REPRESENTATION_CONTEXT(2) 
PARAMETRIC_REPRESENTATION_CONTEXT() REPRESENTATION_CONTEXT('2D SPACE',''
  ) );
#1408 = PCURVE('',#756,#1409);
#1409 = DEFINITIONAL_REPRESENTATION('',(#1410),#1414);
#1410 = LINE('',#1411,#1412);
#1411 = CARTESIAN_POINT('',(12.8,0.));
#1412 = VECTOR('',#1413,1.);
#1413 = DIRECTION('',(0.,-1.));
#1414 = ( GEOMETRIC_REPRESENTATION_CONTEXT(2) 
PARAMETRIC_REPRESENTATION_CONTEXT() REPRESENTATION_CONTEXT('2D SPACE',''
  ) );
#1415 = ORIENTED_EDGE('',*,*,#767,.F.);
#1416 = ORIENTED_EDGE('',*,*,#1417,.T.);
#1417 = EDGE_CURVE('',#768,#1320,#1418,.T.);
#1418 = SURFACE_CURVE('',#1419,(#1423,#1430),.PCURVE_S1.);
#1419 = LINE('',#1420,#1421);
#1420 = CARTESIAN_POINT('',(70.,-34.,16.));
#1421 = VECTOR('',#1422,1.);
#1422 = DIRECTION('',(0.,1.,0.));
#1423 = PCURVE('',#783,#1424);
#1424 = DEFINITIONAL_REPRESENTATION('',(#1425),#1429);
#1425 = LINE('',#1426,#1427);
#1426 = CARTESIAN_POINT('',(140.,0.));
#1427 = VECTOR('',#1428,1.);
#1428 = DIRECTION('',(0.,1.));
#1429 = ( GEOMETRIC_REPRESENTATION_CONTEXT(2) 
PARAMETRIC_REPRESENTATION_CONTEXT() REPRESENTATION_CONTEXT('2D SPACE',''
  ) );
#1430 = PCURVE('',#809,#1431);
#1431 = DEFINITIONAL_REPRESENTATION('',(#1432),#1436);
#1432 = LINE('',#1433,#1434);
#1433 = CARTESIAN_POINT('',(32.,0.));
#1434 = VECTOR('',#1435,1.);
#1435 = DIRECTION('',(0.,-1.));
#1436 = ( GEOMETRIC_REPRESENTATION_CONTEXT(2) 
PARAMETRIC_REPRESENTATION_CONTEXT() REPRESENTATION_CONTEXT('2D SPACE',''
  ) );
#1437 = ADVANCED_FACE('',(#1438),#756,.F.);
#1438 = FACE_BOUND('',#1439,.F.);
#1439 = EDGE_LOOP('',(#1440,#1441,#1442,#1463));
#1440 = ORIENTED_EDGE('',*,*,#1395,.F.);
#1441 = ORIENTED_EDGE('',*,*,#740,.T.);
#1442 = ORIENTED_EDGE('',*,*,#1443,.T.);
#1443 = EDGE_CURVE('',#714,#1276,#1444,.T.);
#1444 = SURFACE_CURVE('',#1445,(#1449,#1456),.PCURVE_S1.);
#1445 = LINE('',#1446,#1447);
#1446 = CARTESIAN_POINT('',(40.75,-35.,3.2));
#1447 = VECTOR('',#1448,1.);
#1448 = DIRECTION('',(0.,1.,0.));
#1449 = PCURVE('',#756,#1450);
#1450 = DEFINITIONAL_REPRESENTATION('',(#1451),#1455);
#1451 = LINE('',#1452,#1453);
#1452 = CARTESIAN_POINT('',(0.,0.));
#1453 = VECTOR('',#1454,1.);
#1454 = DIRECTION('',(0.,-1.));
#1455 = ( GEOMETRIC_REPRESENTATION_CONTEXT(2) 
PARAMETRIC_REPRESENTATION_CONTEXT() REPRESENTATION_CONTEXT('2D SPACE',''
  ) );
#1456 = PCURVE('',#729,#1457);
#1457 = DEFINITIONAL_REPRESENTATION('',(#1458),#1462);
#1458 = LINE('',#1459,#1460);
#1459 = CARTESIAN_POINT('',(1.5,0.));
#1460 = VECTOR('',#1461,1.);
#1461 = DIRECTION('',(0.,1.));
#1462 = ( GEOMETRIC_REPRESENTATION_CONTEXT(2) 
PARAMETRIC_REPRESENTATION_CONTEXT() REPRESENTATION_CONTEXT('2D SPACE',''
  ) );
#1463 = ORIENTED_EDGE('',*,*,#1297,.F.);
#1464 = ADVANCED_FACE('',(#1465),#729,.T.);
#1465 = FACE_BOUND('',#1466,.T.);
#1466 = EDGE_LOOP('',(#1467,#1488,#1489,#1490));
#1467 = ORIENTED_EDGE('',*,*,#1468,.F.);
#1468 = EDGE_CURVE('',#687,#1254,#1469,.T.);
#1469 = SURFACE_CURVE('',#1470,(#1474,#1481),.PCURVE_S1.);
#1470 = LINE('',#1471,#1472);
#1471 = CARTESIAN_POINT('',(39.25,-35.,3.2));
#1472 = VECTOR('',#1473,1.);
#1473 = DIRECTION('',(0.,1.,0.));
#1474 = PCURVE('',#729,#1475);
#1475 = DEFINITIONAL_REPRESENTATION('',(#1476),#1480);
#1476 = LINE('',#1477,#1478);
#1477 = CARTESIAN_POINT('',(0.,0.));
#1478 = VECTOR('',#1479,1.);
#1479 = DIRECTION('',(0.,1.));
#1480 = ( GEOMETRIC_REPRESENTATION_CONTEXT(2) 
PARAMETRIC_REPRESENTATION_CONTEXT() REPRESENTATION_CONTEXT('2D SPACE',''
  ) );
#1481 = PCURVE('',#702,#1482);
#1482 = DEFINITIONAL_REPRESENTATION('',(#1483),#1487);
#1483 = LINE('',#1484,#1485);
#1484 = CARTESIAN_POINT('',(0.,0.));
#1485 = VECTOR('',#1486,1.);
#1486 = DIRECTION('',(0.,-1.));
#1487 = ( GEOMETRIC_REPRESENTATION_CONTEXT(2) 
PARAMETRIC_REPRESENTATION_CONTEXT() REPRESENTATION_CONTEXT('2D SPACE',''
  ) );
#1488 = ORIENTED_EDGE('',*,*,#713,.T.);
#1489 = ORIENTED_EDGE('',*,*,#1443,.T.);
#1490 = ORIENTED_EDGE('',*,*,#1275,.F.);
#1491 = ADVANCED_FACE('',(#1492),#702,.T.);
#1492 = FACE_BOUND('',#1493,.T.);
#1493 = EDGE_LOOP('',(#1494,#1515,#1516,#1517));
#1494 = ORIENTED_EDGE('',*,*,#1495,.F.);
#1495 = EDGE_CURVE('',#659,#1231,#1496,.T.);
#1496 = SURFACE_CURVE('',#1497,(#1501,#1508),.PCURVE_S1.);
#1497 = LINE('',#1498,#1499);
#1498 = CARTESIAN_POINT('',(39.25,-35.,16.));
#1499 = VECTOR('',#1500,1.);
#1500 = DIRECTION('',(0.,1.,0.));
#1501 = PCURVE('',#702,#1502);
#1502 = DEFINITIONAL_REPRESENTATION('',(#1503),#1507);
#1503 = LINE('',#1504,#1505);
#1504 = CARTESIAN_POINT('',(12.8,0.));
#1505 = VECTOR('',#1506,1.);
#1506 = DIRECTION('',(0.,-1.));
#1507 = ( GEOMETRIC_REPRESENTATION_CONTEXT(2) 
PARAMETRIC_REPRESENTATION_CONTEXT() REPRESENTATION_CONTEXT('2D SPACE',''
  ) );
#1508 = PCURVE('',#674,#1509);
#1509 = DEFINITIONAL_REPRESENTATION('',(#1510),#1514);
#1510 = LINE('',#1511,#1512);
#1511 = CARTESIAN_POINT('',(109.25,-1.));
#1512 = VECTOR('',#1513,1.);
#1513 = DIRECTION('',(0.,1.));
#1514 = ( GEOMETRIC_REPRESENTATION_CONTEXT(2) 
PARAMETRIC_REPRESENTATION_CONTEXT() REPRESENTATION_CONTEXT('2D SPACE',''
  ) );
#1515 = ORIENTED_EDGE('',*,*,#686,.T.);
#1516 = ORIENTED_EDGE('',*,*,#1468,.T.);
#1517 = ORIENTED_EDGE('',*,*,#1253,.F.);
#1518 = ADVANCED_FACE('',(#1519),#674,.T.);
#1519 = FACE_BOUND('',#1520,.T.);
#1520 = EDGE_LOOP('',(#1521,#1522,#1543,#1544));
#1521 = ORIENTED_EDGE('',*,*,#1230,.F.);
#1522 = ORIENTED_EDGE('',*,*,#1523,.F.);
#1523 = EDGE_CURVE('',#632,#1209,#1524,.T.);
#1524 = SURFACE_CURVE('',#1525,(#1529,#1536),.PCURVE_S1.);
#1525 = LINE('',#1526,#1527);
#1526 = CARTESIAN_POINT('',(20.75,-35.,16.));
#1527 = VECTOR('',#1528,1.);
#1528 = DIRECTION('',(0.,1.,0.));
#1529 = PCURVE('',#674,#1530);
#1530 = DEFINITIONAL_REPRESENTATION('',(#1531),#1535);
#1531 = LINE('',#1532,#1533);
#1532 = CARTESIAN_POINT('',(90.75,-1.));
#1533 = VECTOR('',#1534,1.);
#1534 = DIRECTION('',(0.,1.));
#1535 = ( GEOMETRIC_REPRESENTATION_CONTEXT(2) 
PARAMETRIC_REPRESENTATION_CONTEXT() REPRESENTATION_CONTEXT('2D SPACE',''
  ) );
#1536 = PCURVE('',#647,#1537);
#1537 = DEFINITIONAL_REPRESENTATION('',(#1538),#1542);
#1538 = LINE('',#1539,#1540);
#1539 = CARTESIAN_POINT('',(12.8,0.));
#1540 = VECTOR('',#1541,1.);
#1541 = DIRECTION('',(0.,-1.));
#1542 = ( GEOMETRIC_REPRESENTATION_CONTEXT(2) 
PARAMETRIC_REPRESENTATION_CONTEXT() REPRESENTATION_CONTEXT('2D SPACE',''
  ) );
#1543 = ORIENTED_EDGE('',*,*,#658,.T.);
#1544 = ORIENTED_EDGE('',*,*,#1495,.T.);
#1545 = ADVANCED_FACE('',(#1546),#647,.F.);
#1546 = FACE_BOUND('',#1547,.F.);
#1547 = EDGE_LOOP('',(#1548,#1549,#1550,#1571));
#1548 = ORIENTED_EDGE('',*,*,#1523,.F.);
#1549 = ORIENTED_EDGE('',*,*,#631,.T.);
#1550 = ORIENTED_EDGE('',*,*,#1551,.T.);
#1551 = EDGE_CURVE('',#605,#1187,#1552,.T.);
#1552 = SURFACE_CURVE('',#1553,(#1557,#1564),.PCURVE_S1.);
#1553 = LINE('',#1554,#1555);
#1554 = CARTESIAN_POINT('',(20.75,-35.,3.2));
#1555 = VECTOR('',#1556,1.);
#1556 = DIRECTION('',(0.,1.,0.));
#1557 = PCURVE('',#647,#1558);
#1558 = DEFINITIONAL_REPRESENTATION('',(#1559),#1563);
#1559 = LINE('',#1560,#1561);
#1560 = CARTESIAN_POINT('',(0.,0.));
#1561 = VECTOR('',#1562,1.);
#1562 = DIRECTION('',(0.,-1.));
#1563 = ( GEOMETRIC_REPRESENTATION_CONTEXT(2) 
PARAMETRIC_REPRESENTATION_CONTEXT() REPRESENTATION_CONTEXT('2D SPACE',''
  ) );
#1564 = PCURVE('',#620,#1565);
#1565 = DEFINITIONAL_REPRESENTATION('',(#1566),#1570);
#1566 = LINE('',#1567,#1568);
#1567 = CARTESIAN_POINT('',(1.5,0.));
#1568 = VECTOR('',#1569,1.);
#1569 = DIRECTION('',(0.,1.));
#1570 = ( GEOMETRIC_REPRESENTATION_CONTEXT(2) 
PARAMETRIC_REPRESENTATION_CONTEXT() REPRESENTATION_CONTEXT('2D SPACE',''
  ) );
#1571 = ORIENTED_EDGE('',*,*,#1208,.F.);
#1572 = ADVANCED_FACE('',(#1573),#620,.T.);
#1573 = FACE_BOUND('',#1574,.T.);
#1574 = EDGE_LOOP('',(#1575,#1596,#1597,#1598));
#1575 = ORIENTED_EDGE('',*,*,#1576,.F.);
#1576 = EDGE_CURVE('',#578,#1165,#1577,.T.);
#1577 = SURFACE_CURVE('',#1578,(#1582,#1589),.PCURVE_S1.);
#1578 = LINE('',#1579,#1580);
#1579 = CARTESIAN_POINT('',(19.25,-35.,3.2));
#1580 = VECTOR('',#1581,1.);
#1581 = DIRECTION('',(0.,1.,0.));
#1582 = PCURVE('',#620,#1583);
#1583 = DEFINITIONAL_REPRESENTATION('',(#1584),#1588);
#1584 = LINE('',#1585,#1586);
#1585 = CARTESIAN_POINT('',(0.,0.));
#1586 = VECTOR('',#1587,1.);
#1587 = DIRECTION('',(0.,1.));
#1588 = ( GEOMETRIC_REPRESENTATION_CONTEXT(2) 
PARAMETRIC_REPRESENTATION_CONTEXT() REPRESENTATION_CONTEXT('2D SPACE',''
  ) );
#1589 = PCURVE('',#593,#1590);
#1590 = DEFINITIONAL_REPRESENTATION('',(#1591),#1595);
#1591 = LINE('',#1592,#1593);
#1592 = CARTESIAN_POINT('',(0.,0.));
#1593 = VECTOR('',#1594,1.);
#1594 = DIRECTION('',(0.,-1.));
#1595 = ( GEOMETRIC_REPRESENTATION_CONTEXT(2) 
PARAMETRIC_REPRESENTATION_CONTEXT() REPRESENTATION_CONTEXT('2D SPACE',''
  ) );
#1596 = ORIENTED_EDGE('',*,*,#604,.T.);
#1597 = ORIENTED_EDGE('',*,*,#1551,.T.);
#1598 = ORIENTED_EDGE('',*,*,#1186,.F.);
#1599 = ADVANCED_FACE('',(#1600),#593,.T.);
#1600 = FACE_BOUND('',#1601,.T.);
#1601 = EDGE_LOOP('',(#1602,#1623,#1624,#1625));
#1602 = ORIENTED_EDGE('',*,*,#1603,.F.);
#1603 = EDGE_CURVE('',#550,#1142,#1604,.T.);
#1604 = SURFACE_CURVE('',#1605,(#1609,#1616),.PCURVE_S1.);
#1605 = LINE('',#1606,#1607);
#1606 = CARTESIAN_POINT('',(19.25,-35.,16.));
#1607 = VECTOR('',#1608,1.);
#1608 = DIRECTION('',(0.,1.,0.));
#1609 = PCURVE('',#593,#1610);
#1610 = DEFINITIONAL_REPRESENTATION('',(#1611),#1615);
#1611 = LINE('',#1612,#1613);
#1612 = CARTESIAN_POINT('',(12.8,0.));
#1613 = VECTOR('',#1614,1.);
#1614 = DIRECTION('',(0.,-1.));
#1615 = ( GEOMETRIC_REPRESENTATION_CONTEXT(2) 
PARAMETRIC_REPRESENTATION_CONTEXT() REPRESENTATION_CONTEXT('2D SPACE',''
  ) );
#1616 = PCURVE('',#565,#1617);
#1617 = DEFINITIONAL_REPRESENTATION('',(#1618),#1622);
#1618 = LINE('',#1619,#1620);
#1619 = CARTESIAN_POINT('',(89.25,-1.));
#1620 = VECTOR('',#1621,1.);
#1621 = DIRECTION('',(0.,1.));
#1622 = ( GEOMETRIC_REPRESENTATION_CONTEXT(2) 
PARAMETRIC_REPRESENTATION_CONTEXT() REPRESENTATION_CONTEXT('2D SPACE',''
  ) );
#1623 = ORIENTED_EDGE('',*,*,#577,.T.);
#1624 = ORIENTED_EDGE('',*,*,#1576,.T.);
#1625 = ORIENTED_EDGE('',*,*,#1164,.F.);
#1626 = ADVANCED_FACE('',(#1627),#565,.T.);
#1627 = FACE_BOUND('',#1628,.T.);
#1628 = EDGE_LOOP('',(#1629,#1630,#1651,#1652));
#1629 = ORIENTED_EDGE('',*,*,#1141,.F.);
#1630 = ORIENTED_EDGE('',*,*,#1631,.F.);
#1631 = EDGE_CURVE('',#523,#1120,#1632,.T.);
#1632 = SURFACE_CURVE('',#1633,(#1637,#1644),.PCURVE_S1.);
#1633 = LINE('',#1634,#1635);
#1634 = CARTESIAN_POINT('',(0.75,-35.,16.));
#1635 = VECTOR('',#1636,1.);
#1636 = DIRECTION('',(0.,1.,0.));
#1637 = PCURVE('',#565,#1638);
#1638 = DEFINITIONAL_REPRESENTATION('',(#1639),#1643);
#1639 = LINE('',#1640,#1641);
#1640 = CARTESIAN_POINT('',(70.75,-1.));
#1641 = VECTOR('',#1642,1.);
#1642 = DIRECTION('',(0.,1.));
#1643 = ( GEOMETRIC_REPRESENTATION_CONTEXT(2) 
PARAMETRIC_REPRESENTATION_CONTEXT() REPRESENTATION_CONTEXT('2D SPACE',''
  ) );
#1644 = PCURVE('',#538,#1645);
#1645 = DEFINITIONAL_REPRESENTATION('',(#1646),#1650);
#1646 = LINE('',#1647,#1648);
#1647 = CARTESIAN_POINT('',(12.8,0.));
#1648 = VECTOR('',#1649,1.);
#1649 = DIRECTION('',(0.,-1.));
#1650 = ( GEOMETRIC_REPRESENTATION_CONTEXT(2) 
PARAMETRIC_REPRESENTATION_CONTEXT() REPRESENTATION_CONTEXT('2D SPACE',''
  ) );
#1651 = ORIENTED_EDGE('',*,*,#549,.T.);
#1652 = ORIENTED_EDGE('',*,*,#1603,.T.);
#1653 = ADVANCED_FACE('',(#1654),#538,.F.);
#1654 = FACE_BOUND('',#1655,.F.);
#1655 = EDGE_LOOP('',(#1656,#1657,#1658,#1679));
#1656 = ORIENTED_EDGE('',*,*,#1631,.F.);
#1657 = ORIENTED_EDGE('',*,*,#522,.T.);
#1658 = ORIENTED_EDGE('',*,*,#1659,.T.);
#1659 = EDGE_CURVE('',#496,#1098,#1660,.T.);
#1660 = SURFACE_CURVE('',#1661,(#1665,#1672),.PCURVE_S1.);
#1661 = LINE('',#1662,#1663);
#1662 = CARTESIAN_POINT('',(0.75,-35.,3.2));
#1663 = VECTOR('',#1664,1.);
#1664 = DIRECTION('',(0.,1.,0.));
#1665 = PCURVE('',#538,#1666);
#1666 = DEFINITIONAL_REPRESENTATION('',(#1667),#1671);
#1667 = LINE('',#1668,#1669);
#1668 = CARTESIAN_POINT('',(0.,0.));
#1669 = VECTOR('',#1670,1.);
#1670 = DIRECTION('',(0.,-1.));
#1671 = ( GEOMETRIC_REPRESENTATION_CONTEXT(2) 
PARAMETRIC_REPRESENTATION_CONTEXT() REPRESENTATION_CONTEXT('2D SPACE',''
  ) );
#1672 = PCURVE('',#511,#1673);
#1673 = DEFINITIONAL_REPRESENTATION('',(#1674),#1678);
#1674 = LINE('',#1675,#1676);
#1675 = CARTESIAN_POINT('',(1.5,0.));
#1676 = VECTOR('',#1677,1.);
#1677 = DIRECTION('',(0.,1.));
#1678 = ( GEOMETRIC_REPRESENTATION_CONTEXT(2) 
PARAMETRIC_REPRESENTATION_CONTEXT() REPRESENTATION_CONTEXT('2D SPACE',''
  ) );
#1679 = ORIENTED_EDGE('',*,*,#1119,.F.);
#1680 = ADVANCED_FACE('',(#1681),#511,.T.);
#1681 = FACE_BOUND('',#1682,.T.);
#1682 = EDGE_LOOP('',(#1683,#1704,#1705,#1706));
#1683 = ORIENTED_EDGE('',*,*,#1684,.F.);
#1684 = EDGE_CURVE('',#469,#1076,#1685,.T.);
#1685 = SURFACE_CURVE('',#1686,(#1690,#1697),.PCURVE_S1.);
#1686 = LINE('',#1687,#1688);
#1687 = CARTESIAN_POINT('',(-0.75,-35.,3.2));
#1688 = VECTOR('',#1689,1.);
#1689 = DIRECTION('',(0.,1.,0.));
#1690 = PCURVE('',#511,#1691);
#1691 = DEFINITIONAL_REPRESENTATION('',(#1692),#1696);
#1692 = LINE('',#1693,#1694);
#1693 = CARTESIAN_POINT('',(0.,0.));
#1694 = VECTOR('',#1695,1.);
#1695 = DIRECTION('',(0.,1.));
#1696 = ( GEOMETRIC_REPRESENTATION_CONTEXT(2) 
PARAMETRIC_REPRESENTATION_CONTEXT() REPRESENTATION_CONTEXT('2D SPACE',''
  ) );
#1697 = PCURVE('',#484,#1698);
#1698 = DEFINITIONAL_REPRESENTATION('',(#1699),#1703);
#1699 = LINE('',#1700,#1701);
#1700 = CARTESIAN_POINT('',(0.,0.));
#1701 = VECTOR('',#1702,1.);
#1702 = DIRECTION('',(0.,-1.));
#1703 = ( GEOMETRIC_REPRESENTATION_CONTEXT(2) 
PARAMETRIC_REPRESENTATION_CONTEXT() REPRESENTATION_CONTEXT('2D SPACE',''
  ) );
#1704 = ORIENTED_EDGE('',*,*,#495,.T.);
#1705 = ORIENTED_EDGE('',*,*,#1659,.T.);
#1706 = ORIENTED_EDGE('',*,*,#1097,.F.);
#1707 = ADVANCED_FACE('',(#1708),#484,.T.);
#1708 = FACE_BOUND('',#1709,.T.);
#1709 = EDGE_LOOP('',(#1710,#1731,#1732,#1733));
#1710 = ORIENTED_EDGE('',*,*,#1711,.F.);
#1711 = EDGE_CURVE('',#441,#1053,#1712,.T.);
#1712 = SURFACE_CURVE('',#1713,(#1717,#1724),.PCURVE_S1.);
#1713 = LINE('',#1714,#1715);
#1714 = CARTESIAN_POINT('',(-0.75,-35.,16.));
#1715 = VECTOR('',#1716,1.);
#1716 = DIRECTION('',(0.,1.,0.));
#1717 = PCURVE('',#484,#1718);
#1718 = DEFINITIONAL_REPRESENTATION('',(#1719),#1723);
#1719 = LINE('',#1720,#1721);
#1720 = CARTESIAN_POINT('',(12.8,0.));
#1721 = VECTOR('',#1722,1.);
#1722 = DIRECTION('',(0.,-1.));
#1723 = ( GEOMETRIC_REPRESENTATION_CONTEXT(2) 
PARAMETRIC_REPRESENTATION_CONTEXT() REPRESENTATION_CONTEXT('2D SPACE',''
  ) );
#1724 = PCURVE('',#456,#1725);
#1725 = DEFINITIONAL_REPRESENTATION('',(#1726),#1730);
#1726 = LINE('',#1727,#1728);
#1727 = CARTESIAN_POINT('',(69.25,-1.));
#1728 = VECTOR('',#1729,1.);
#1729 = DIRECTION('',(0.,1.));
#1730 = ( GEOMETRIC_REPRESENTATION_CONTEXT(2) 
PARAMETRIC_REPRESENTATION_CONTEXT() REPRESENTATION_CONTEXT('2D SPACE',''
  ) );
#1731 = ORIENTED_EDGE('',*,*,#468,.T.);
#1732 = ORIENTED_EDGE('',*,*,#1684,.T.);
#1733 = ORIENTED_EDGE('',*,*,#1075,.F.);
#1734 = ADVANCED_FACE('',(#1735),#456,.T.);
#1735 = FACE_BOUND('',#1736,.T.);
#1736 = EDGE_LOOP('',(#1737,#1738,#1759,#1760));
#1737 = ORIENTED_EDGE('',*,*,#1052,.F.);
#1738 = ORIENTED_EDGE('',*,*,#1739,.F.);
#1739 = EDGE_CURVE('',#414,#1031,#1740,.T.);
#1740 = SURFACE_CURVE('',#1741,(#1745,#1752),.PCURVE_S1.);
#1741 = LINE('',#1742,#1743);
#1742 = CARTESIAN_POINT('',(-19.25,-35.,16.));
#1743 = VECTOR('',#1744,1.);
#1744 = DIRECTION('',(0.,1.,0.));
#1745 = PCURVE('',#456,#1746);
#1746 = DEFINITIONAL_REPRESENTATION('',(#1747),#1751);
#1747 = LINE('',#1748,#1749);
#1748 = CARTESIAN_POINT('',(50.75,-1.));
#1749 = VECTOR('',#1750,1.);
#1750 = DIRECTION('',(0.,1.));
#1751 = ( GEOMETRIC_REPRESENTATION_CONTEXT(2) 
PARAMETRIC_REPRESENTATION_CONTEXT() REPRESENTATION_CONTEXT('2D SPACE',''
  ) );
#1752 = PCURVE('',#429,#1753);
#1753 = DEFINITIONAL_REPRESENTATION('',(#1754),#1758);
#1754 = LINE('',#1755,#1756);
#1755 = CARTESIAN_POINT('',(12.8,0.));
#1756 = VECTOR('',#1757,1.);
#1757 = DIRECTION('',(0.,-1.));
#1758 = ( GEOMETRIC_REPRESENTATION_CONTEXT(2) 
PARAMETRIC_REPRESENTATION_CONTEXT() REPRESENTATION_CONTEXT('2D SPACE',''
  ) );
#1759 = ORIENTED_EDGE('',*,*,#440,.T.);
#1760 = ORIENTED_EDGE('',*,*,#1711,.T.);
#1761 = ADVANCED_FACE('',(#1762),#429,.F.);
#1762 = FACE_BOUND('',#1763,.F.);
#1763 = EDGE_LOOP('',(#1764,#1765,#1766,#1787));
#1764 = ORIENTED_EDGE('',*,*,#1739,.F.);
#1765 = ORIENTED_EDGE('',*,*,#413,.T.);
#1766 = ORIENTED_EDGE('',*,*,#1767,.T.);
#1767 = EDGE_CURVE('',#387,#1009,#1768,.T.);
#1768 = SURFACE_CURVE('',#1769,(#1773,#1780),.PCURVE_S1.);
#1769 = LINE('',#1770,#1771);
#1770 = CARTESIAN_POINT('',(-19.25,-35.,3.2));
#1771 = VECTOR('',#1772,1.);
#1772 = DIRECTION('',(0.,1.,0.));
#1773 = PCURVE('',#429,#1774);
#1774 = DEFINITIONAL_REPRESENTATION('',(#1775),#1779);
#1775 = LINE('',#1776,#1777);
#1776 = CARTESIAN_POINT('',(0.,0.));
#1777 = VECTOR('',#1778,1.);
#1778 = DIRECTION('',(0.,-1.));
#1779 = ( GEOMETRIC_REPRESENTATION_CONTEXT(2) 
PARAMETRIC_REPRESENTATION_CONTEXT() REPRESENTATION_CONTEXT('2D SPACE',''
  ) );
#1780 = PCURVE('',#402,#1781);
#1781 = DEFINITIONAL_REPRESENTATION('',(#1782),#1786);
#1782 = LINE('',#1783,#1784);
#1783 = CARTESIAN_POINT('',(1.5,0.));
#1784 = VECTOR('',#1785,1.);
#1785 = DIRECTION('',(0.,1.));
#1786 = ( GEOMETRIC_REPRESENTATION_CONTEXT(2) 
PARAMETRIC_REPRESENTATION_CONTEXT() REPRESENTATION_CONTEXT('2D SPACE',''
  ) );
#1787 = ORIENTED_EDGE('',*,*,#1030,.F.);
#1788 = ADVANCED_FACE('',(#1789),#402,.T.);
#1789 = FACE_BOUND('',#1790,.T.);
#1790 = EDGE_LOOP('',(#1791,#1812,#1813,#1814));
#1791 = ORIENTED_EDGE('',*,*,#1792,.F.);
#1792 = EDGE_CURVE('',#360,#987,#1793,.T.);
#1793 = SURFACE_CURVE('',#1794,(#1798,#1805),.PCURVE_S1.);
#1794 = LINE('',#1795,#1796);
#1795 = CARTESIAN_POINT('',(-20.75,-35.,3.2));
#1796 = VECTOR('',#1797,1.);
#1797 = DIRECTION('',(0.,1.,0.));
#1798 = PCURVE('',#402,#1799);
#1799 = DEFINITIONAL_REPRESENTATION('',(#1800),#1804);
#1800 = LINE('',#1801,#1802);
#1801 = CARTESIAN_POINT('',(0.,0.));
#1802 = VECTOR('',#1803,1.);
#1803 = DIRECTION('',(0.,1.));
#1804 = ( GEOMETRIC_REPRESENTATION_CONTEXT(2) 
PARAMETRIC_REPRESENTATION_CONTEXT() REPRESENTATION_CONTEXT('2D SPACE',''
  ) );
#1805 = PCURVE('',#375,#1806);
#1806 = DEFINITIONAL_REPRESENTATION('',(#1807),#1811);
#1807 = LINE('',#1808,#1809);
#1808 = CARTESIAN_POINT('',(0.,0.));
#1809 = VECTOR('',#1810,1.);
#1810 = DIRECTION('',(0.,-1.));
#1811 = ( GEOMETRIC_REPRESENTATION_CONTEXT(2) 
PARAMETRIC_REPRESENTATION_CONTEXT() REPRESENTATION_CONTEXT('2D SPACE',''
  ) );
#1812 = ORIENTED_EDGE('',*,*,#386,.T.);
#1813 = ORIENTED_EDGE('',*,*,#1767,.T.);
#1814 = ORIENTED_EDGE('',*,*,#1008,.F.);
#1815 = ADVANCED_FACE('',(#1816),#375,.T.);
#1816 = FACE_BOUND('',#1817,.T.);
#1817 = EDGE_LOOP('',(#1818,#1839,#1840,#1841));
#1818 = ORIENTED_EDGE('',*,*,#1819,.F.);
#1819 = EDGE_CURVE('',#332,#964,#1820,.T.);
#1820 = SURFACE_CURVE('',#1821,(#1825,#1832),.PCURVE_S1.);
#1821 = LINE('',#1822,#1823);
#1822 = CARTESIAN_POINT('',(-20.75,-35.,16.));
#1823 = VECTOR('',#1824,1.);
#1824 = DIRECTION('',(0.,1.,0.));
#1825 = PCURVE('',#375,#1826);
#1826 = DEFINITIONAL_REPRESENTATION('',(#1827),#1831);
#1827 = LINE('',#1828,#1829);
#1828 = CARTESIAN_POINT('',(12.8,0.));
#1829 = VECTOR('',#1830,1.);
#1830 = DIRECTION('',(0.,-1.));
#1831 = ( GEOMETRIC_REPRESENTATION_CONTEXT(2) 
PARAMETRIC_REPRESENTATION_CONTEXT() REPRESENTATION_CONTEXT('2D SPACE',''
  ) );
#1832 = PCURVE('',#347,#1833);
#1833 = DEFINITIONAL_REPRESENTATION('',(#1834),#1838);
#1834 = LINE('',#1835,#1836);
#1835 = CARTESIAN_POINT('',(49.25,-1.));
#1836 = VECTOR('',#1837,1.);
#1837 = DIRECTION('',(0.,1.));
#1838 = ( GEOMETRIC_REPRESENTATION_CONTEXT(2) 
PARAMETRIC_REPRESENTATION_CONTEXT() REPRESENTATION_CONTEXT('2D SPACE',''
  ) );
#1839 = ORIENTED_EDGE('',*,*,#359,.T.);
#1840 = ORIENTED_EDGE('',*,*,#1792,.T.);
#1841 = ORIENTED_EDGE('',*,*,#986,.F.);
#1842 = ADVANCED_FACE('',(#1843),#347,.T.);
#1843 = FACE_BOUND('',#1844,.T.);
#1844 = EDGE_LOOP('',(#1845,#1846,#1867,#1868));
#1845 = ORIENTED_EDGE('',*,*,#963,.F.);
#1846 = ORIENTED_EDGE('',*,*,#1847,.F.);
#1847 = EDGE_CURVE('',#305,#942,#1848,.T.);
#1848 = SURFACE_CURVE('',#1849,(#1853,#1860),.PCURVE_S1.);
#1849 = LINE('',#1850,#1851);
#1850 = CARTESIAN_POINT('',(-39.25,-35.,16.));
#1851 = VECTOR('',#1852,1.);
#1852 = DIRECTION('',(0.,1.,0.));
#1853 = PCURVE('',#347,#1854);
#1854 = DEFINITIONAL_REPRESENTATION('',(#1855),#1859);
#1855 = LINE('',#1856,#1857);
#1856 = CARTESIAN_POINT('',(30.75,-1.));
#1857 = VECTOR('',#1858,1.);
#1858 = DIRECTION('',(0.,1.));
#1859 = ( GEOMETRIC_REPRESENTATION_CONTEXT(2) 
PARAMETRIC_REPRESENTATION_CONTEXT() REPRESENTATION_CONTEXT('2D SPACE',''
  ) );
#1860 = PCURVE('',#320,#1861);
#1861 = DEFINITIONAL_REPRESENTATION('',(#1862),#1866);
#1862 = LINE('',#1863,#1864);
#1863 = CARTESIAN_POINT('',(12.8,0.));
#1864 = VECTOR('',#1865,1.);
#1865 = DIRECTION('',(0.,-1.));
#1866 = ( GEOMETRIC_REPRESENTATION_CONTEXT(2) 
PARAMETRIC_REPRESENTATION_CONTEXT() REPRESENTATION_CONTEXT('2D SPACE',''
  ) );
#1867 = ORIENTED_EDGE('',*,*,#331,.T.);
#1868 = ORIENTED_EDGE('',*,*,#1819,.T.);
#1869 = ADVANCED_FACE('',(#1870),#320,.F.);
#1870 = FACE_BOUND('',#1871,.F.);
#1871 = EDGE_LOOP('',(#1872,#1873,#1874,#1895));
#1872 = ORIENTED_EDGE('',*,*,#1847,.F.);
#1873 = ORIENTED_EDGE('',*,*,#304,.T.);
#1874 = ORIENTED_EDGE('',*,*,#1875,.T.);
#1875 = EDGE_CURVE('',#278,#920,#1876,.T.);
#1876 = SURFACE_CURVE('',#1877,(#1881,#1888),.PCURVE_S1.);
#1877 = LINE('',#1878,#1879);
#1878 = CARTESIAN_POINT('',(-39.25,-35.,3.2));
#1879 = VECTOR('',#1880,1.);
#1880 = DIRECTION('',(0.,1.,0.));
#1881 = PCURVE('',#320,#1882);
#1882 = DEFINITIONAL_REPRESENTATION('',(#1883),#1887);
#1883 = LINE('',#1884,#1885);
#1884 = CARTESIAN_POINT('',(0.,0.));
#1885 = VECTOR('',#1886,1.);
#1886 = DIRECTION('',(0.,-1.));
#1887 = ( GEOMETRIC_REPRESENTATION_CONTEXT(2) 
PARAMETRIC_REPRESENTATION_CONTEXT() REPRESENTATION_CONTEXT('2D SPACE',''
  ) );
#1888 = PCURVE('',#293,#1889);
#1889 = DEFINITIONAL_REPRESENTATION('',(#1890),#1894);
#1890 = LINE('',#1891,#1892);
#1891 = CARTESIAN_POINT('',(1.5,0.));
#1892 = VECTOR('',#1893,1.);
#1893 = DIRECTION('',(0.,1.));
#1894 = ( GEOMETRIC_REPRESENTATION_CONTEXT(2) 
PARAMETRIC_REPRESENTATION_CONTEXT() REPRESENTATION_CONTEXT('2D SPACE',''
  ) );
#1895 = ORIENTED_EDGE('',*,*,#941,.F.);
#1896 = ADVANCED_FACE('',(#1897),#293,.T.);
#1897 = FACE_BOUND('',#1898,.T.);
#1898 = EDGE_LOOP('',(#1899,#1920,#1921,#1922));
#1899 = ORIENTED_EDGE('',*,*,#1900,.F.);
#1900 = EDGE_CURVE('',#251,#898,#1901,.T.);
#1901 = SURFACE_CURVE('',#1902,(#1906,#1913),.PCURVE_S1.);
#1902 = LINE('',#1903,#1904);
#1903 = CARTESIAN_POINT('',(-40.75,-35.,3.2));
#1904 = VECTOR('',#1905,1.);
#1905 = DIRECTION('',(0.,1.,0.));
#1906 = PCURVE('',#293,#1907);
#1907 = DEFINITIONAL_REPRESENTATION('',(#1908),#1912);
#1908 = LINE('',#1909,#1910);
#1909 = CARTESIAN_POINT('',(0.,0.));
#1910 = VECTOR('',#1911,1.);
#1911 = DIRECTION('',(0.,1.));
#1912 = ( GEOMETRIC_REPRESENTATION_CONTEXT(2) 
PARAMETRIC_REPRESENTATION_CONTEXT() REPRESENTATION_CONTEXT('2D SPACE',''
  ) );
#1913 = PCURVE('',#266,#1914);
#1914 = DEFINITIONAL_REPRESENTATION('',(#1915),#1919);
#1915 = LINE('',#1916,#1917);
#1916 = CARTESIAN_POINT('',(0.,0.));
#1917 = VECTOR('',#1918,1.);
#1918 = DIRECTION('',(0.,-1.));
#1919 = ( GEOMETRIC_REPRESENTATION_CONTEXT(2) 
PARAMETRIC_REPRESENTATION_CONTEXT() REPRESENTATION_CONTEXT('2D SPACE',''
  ) );
#1920 = ORIENTED_EDGE('',*,*,#277,.T.);
#1921 = ORIENTED_EDGE('',*,*,#1875,.T.);
#1922 = ORIENTED_EDGE('',*,*,#919,.F.);
#1923 = ADVANCED_FACE('',(#1924),#266,.T.);
#1924 = FACE_BOUND('',#1925,.T.);
#1925 = EDGE_LOOP('',(#1926,#1927,#1928,#1929));
#1926 = ORIENTED_EDGE('',*,*,#1370,.F.);
#1927 = ORIENTED_EDGE('',*,*,#250,.T.);
#1928 = ORIENTED_EDGE('',*,*,#1900,.T.);
#1929 = ORIENTED_EDGE('',*,*,#897,.F.);
#1930 = ADVANCED_FACE('',(#1931),#809,.T.);
#1931 = FACE_BOUND('',#1932,.T.);
#1932 = EDGE_LOOP('',(#1933,#1934,#1935,#1936));
#1933 = ORIENTED_EDGE('',*,*,#795,.F.);
#1934 = ORIENTED_EDGE('',*,*,#849,.T.);
#1935 = ORIENTED_EDGE('',*,*,#1342,.F.);
#1936 = ORIENTED_EDGE('',*,*,#1417,.F.);
#1937 = ( GEOMETRIC_REPRESENTATION_CONTEXT(3) 
GLOBAL_UNCERTAINTY_ASSIGNED_CONTEXT((#1941)) 
GLOBAL_UNIT_ASSIGNED_CONTEXT((#1938,#1939,#1940)) REPRESENTATION_CONTEXT
('Context #1','3D Context with UNIT and UNCERTAINTY') );
#1938 = ( LENGTH_UNIT() NAMED_UNIT(*) SI_UNIT(.MILLI.,.METRE.) );
#1939 = ( NAMED_UNIT(*) PLANE_ANGLE_UNIT() SI_UNIT($,.RADIAN.) );
#1940 = ( NAMED_UNIT(*) SI_UNIT($,.STERADIAN.) SOLID_ANGLE_UNIT() );
#1941 = UNCERTAINTY_MEASURE_WITH_UNIT(LENGTH_MEASURE(1.E-07),#1938,
  'distance_accuracy_value','confusion accuracy');
#1942 = CONTEXT_DEPENDENT_SHAPE_REPRESENTATION(#1943,#1945);
#1943 = ( REPRESENTATION_RELATIONSHIP('','',#76,#10) 
REPRESENTATION_RELATIONSHIP_WITH_TRANSFORMATION(#1944) 
SHAPE_REPRESENTATION_RELATIONSHIP() );
#1944 = ITEM_DEFINED_TRANSFORMATION('','',#11,#15);
#1945 = PRODUCT_DEFINITION_SHAPE('Placement','Placement of an item',
  #1946);
#1946 = NEXT_ASSEMBLY_USAGE_OCCURRENCE('1','SY5_Manifold_6st','',#5,#71,
  $);
#1947 = PRODUCT_RELATED_PRODUCT_CATEGORY('part',$,(#73));
#1948 = SHAPE_DEFINITION_REPRESENTATION(#1949,#1955);
#1949 = PRODUCT_DEFINITION_SHAPE('','',#1950);
#1950 = PRODUCT_DEFINITION('design','',#1951,#1954);
#1951 = PRODUCT_DEFINITION_FORMATION('','',#1952);
#1952 = PRODUCT('SY5_SV_1_SY5420-5LZ-01','SY5_SV_1_SY5420-5LZ-01','',(
    #1953));
#1953 = PRODUCT_CONTEXT('',#2,'mechanical');
#1954 = PRODUCT_DEFINITION_CONTEXT('part definition',#2,'design');
#1955 = ADVANCED_BREP_SHAPE_REPRESENTATION('',(#11,#1956),#2622);
#1956 = MANIFOLD_SOLID_BREP('',#1957);
#1957 = CLOSED_SHELL('',(#1958,#2078,#2278,#2328,#2382,#2507,#2534,#2561
    ,#2588,#2615));
#1958 = ADVANCED_FACE('',(#1959),#1973,.F.);
#1959 = FACE_BOUND('',#1960,.F.);
#1960 = EDGE_LOOP('',(#1961,#1996,#2024,#2052));
#1961 = ORIENTED_EDGE('',*,*,#1962,.F.);
#1962 = EDGE_CURVE('',#1963,#1965,#1967,.T.);
#1963 = VERTEX_POINT('',#1964);
#1964 = CARTESIAN_POINT('',(-10.,-22.3,23.75));
#1965 = VERTEX_POINT('',#1966);
#1966 = CARTESIAN_POINT('',(-10.,22.3,23.75));
#1967 = SURFACE_CURVE('',#1968,(#1972,#1984),.PCURVE_S1.);
#1968 = LINE('',#1969,#1970);
#1969 = CARTESIAN_POINT('',(-10.,-23.8,23.75));
#1970 = VECTOR('',#1971,1.);
#1971 = DIRECTION('',(0.,1.,0.));
#1972 = PCURVE('',#1973,#1978);
#1973 = PLANE('',#1974);
#1974 = AXIS2_PLACEMENT_3D('',#1975,#1976,#1977);
#1975 = CARTESIAN_POINT('',(-10.,-23.8,-23.75));
#1976 = DIRECTION('',(1.,0.,0.));
#1977 = DIRECTION('',(0.,0.,1.));
#1978 = DEFINITIONAL_REPRESENTATION('',(#1979),#1983);
#1979 = LINE('',#1980,#1981);
#1980 = CARTESIAN_POINT('',(47.5,0.));
#1981 = VECTOR('',#1982,1.);
#1982 = DIRECTION('',(0.,-1.));
#1983 = ( GEOMETRIC_REPRESENTATION_CONTEXT(2) 
PARAMETRIC_REPRESENTATION_CONTEXT() REPRESENTATION_CONTEXT('2D SPACE',''
  ) );
#1984 = PCURVE('',#1985,#1990);
#1985 = PLANE('',#1986);
#1986 = AXIS2_PLACEMENT_3D('',#1987,#1988,#1989);
#1987 = CARTESIAN_POINT('',(-10.,-23.8,23.75));
#1988 = DIRECTION('',(0.,0.,1.));
#1989 = DIRECTION('',(1.,0.,0.));
#1990 = DEFINITIONAL_REPRESENTATION('',(#1991),#1995);
#1991 = LINE('',#1992,#1993);
#1992 = CARTESIAN_POINT('',(0.,0.));
#1993 = VECTOR('',#1994,1.);
#1994 = DIRECTION('',(0.,1.));
#1995 = ( GEOMETRIC_REPRESENTATION_CONTEXT(2) 
PARAMETRIC_REPRESENTATION_CONTEXT() REPRESENTATION_CONTEXT('2D SPACE',''
  ) );
#1996 = ORIENTED_EDGE('',*,*,#1997,.F.);
#1997 = EDGE_CURVE('',#1998,#1963,#2000,.T.);
#1998 = VERTEX_POINT('',#1999);
#1999 = CARTESIAN_POINT('',(-10.,-22.3,-23.75));
#2000 = SURFACE_CURVE('',#2001,(#2005,#2012),.PCURVE_S1.);
#2001 = LINE('',#2002,#2003);
#2002 = CARTESIAN_POINT('',(-10.,-22.3,-23.75));
#2003 = VECTOR('',#2004,1.);
#2004 = DIRECTION('',(0.,0.,1.));
#2005 = PCURVE('',#1973,#2006);
#2006 = DEFINITIONAL_REPRESENTATION('',(#2007),#2011);
#2007 = LINE('',#2008,#2009);
#2008 = CARTESIAN_POINT('',(0.,-1.5));
#2009 = VECTOR('',#2010,1.);
#2010 = DIRECTION('',(1.,0.));
#2011 = ( GEOMETRIC_REPRESENTATION_CONTEXT(2) 
PARAMETRIC_REPRESENTATION_CONTEXT() REPRESENTATION_CONTEXT('2D SPACE',''
  ) );
#2012 = PCURVE('',#2013,#2018);
#2013 = CYLINDRICAL_SURFACE('',#2014,1.5);
#2014 = AXIS2_PLACEMENT_3D('',#2015,#2016,#2017);
#2015 = CARTESIAN_POINT('',(-8.5,-22.3,-23.75));
#2016 = DIRECTION('',(0.,0.,1.));
#2017 = DIRECTION('',(-1.,-0.,0.));
#2018 = DEFINITIONAL_REPRESENTATION('',(#2019),#2023);
#2019 = LINE('',#2020,#2021);
#2020 = CARTESIAN_POINT('',(0.,0.));
#2021 = VECTOR('',#2022,1.);
#2022 = DIRECTION('',(0.,1.));
#2023 = ( GEOMETRIC_REPRESENTATION_CONTEXT(2) 
PARAMETRIC_REPRESENTATION_CONTEXT() REPRESENTATION_CONTEXT('2D SPACE',''
  ) );
#2024 = ORIENTED_EDGE('',*,*,#2025,.T.);
#2025 = EDGE_CURVE('',#1998,#2026,#2028,.T.);
#2026 = VERTEX_POINT('',#2027);
#2027 = CARTESIAN_POINT('',(-10.,22.3,-23.75));
#2028 = SURFACE_CURVE('',#2029,(#2033,#2040),.PCURVE_S1.);
#2029 = LINE('',#2030,#2031);
#2030 = CARTESIAN_POINT('',(-10.,-23.8,-23.75));
#2031 = VECTOR('',#2032,1.);
#2032 = DIRECTION('',(0.,1.,0.));
#2033 = PCURVE('',#1973,#2034);
#2034 = DEFINITIONAL_REPRESENTATION('',(#2035),#2039);
#2035 = LINE('',#2036,#2037);
#2036 = CARTESIAN_POINT('',(0.,0.));
#2037 = VECTOR('',#2038,1.);
#2038 = DIRECTION('',(0.,-1.));
#2039 = ( GEOMETRIC_REPRESENTATION_CONTEXT(2) 
PARAMETRIC_REPRESENTATION_CONTEXT() REPRESENTATION_CONTEXT('2D SPACE',''
  ) );
#2040 = PCURVE('',#2041,#2046);
#2041 = PLANE('',#2042);
#2042 = AXIS2_PLACEMENT_3D('',#2043,#2044,#2045);
#2043 = CARTESIAN_POINT('',(-10.,-23.8,-23.75));
#2044 = DIRECTION('',(0.,0.,1.));
#2045 = DIRECTION('',(1.,0.,0.));
#2046 = DEFINITIONAL_REPRESENTATION('',(#2047),#2051);
#2047 = LINE('',#2048,#2049);
#2048 = CARTESIAN_POINT('',(0.,0.));
#2049 = VECTOR('',#2050,1.);
#2050 = DIRECTION('',(0.,1.));
#2051 = ( GEOMETRIC_REPRESENTATION_CONTEXT(2) 
PARAMETRIC_REPRESENTATION_CONTEXT() REPRESENTATION_CONTEXT('2D SPACE',''
  ) );
#2052 = ORIENTED_EDGE('',*,*,#2053,.T.);
#2053 = EDGE_CURVE('',#2026,#1965,#2054,.T.);
#2054 = SURFACE_CURVE('',#2055,(#2059,#2066),.PCURVE_S1.);
#2055 = LINE('',#2056,#2057);
#2056 = CARTESIAN_POINT('',(-10.,22.3,-23.75));
#2057 = VECTOR('',#2058,1.);
#2058 = DIRECTION('',(0.,0.,1.));
#2059 = PCURVE('',#1973,#2060);
#2060 = DEFINITIONAL_REPRESENTATION('',(#2061),#2065);
#2061 = LINE('',#2062,#2063);
#2062 = CARTESIAN_POINT('',(0.,-46.1));
#2063 = VECTOR('',#2064,1.);
#2064 = DIRECTION('',(1.,0.));
#2065 = ( GEOMETRIC_REPRESENTATION_CONTEXT(2) 
PARAMETRIC_REPRESENTATION_CONTEXT() REPRESENTATION_CONTEXT('2D SPACE',''
  ) );
#2066 = PCURVE('',#2067,#2072);
#2067 = CYLINDRICAL_SURFACE('',#2068,1.5);
#2068 = AXIS2_PLACEMENT_3D('',#2069,#2070,#2071);
#2069 = CARTESIAN_POINT('',(-8.5,22.3,-23.75));
#2070 = DIRECTION('',(0.,0.,1.));
#2071 = DIRECTION('',(-1.,-0.,0.));
#2072 = DEFINITIONAL_REPRESENTATION('',(#2073),#2077);
#2073 = LINE('',#2074,#2075);
#2074 = CARTESIAN_POINT('',(-0.,0.));
#2075 = VECTOR('',#2076,1.);
#2076 = DIRECTION('',(-0.,1.));
#2077 = ( GEOMETRIC_REPRESENTATION_CONTEXT(2) 
PARAMETRIC_REPRESENTATION_CONTEXT() REPRESENTATION_CONTEXT('2D SPACE',''
  ) );
#2078 = ADVANCED_FACE('',(#2079),#1985,.T.);
#2079 = FACE_BOUND('',#2080,.T.);
#2080 = EDGE_LOOP('',(#2081,#2082,#2106,#2134,#2167,#2195,#2224,#2252));
#2081 = ORIENTED_EDGE('',*,*,#1962,.F.);
#2082 = ORIENTED_EDGE('',*,*,#2083,.T.);
#2083 = EDGE_CURVE('',#1963,#2084,#2086,.T.);
#2084 = VERTEX_POINT('',#2085);
#2085 = CARTESIAN_POINT('',(-8.5,-23.8,23.75));
#2086 = SURFACE_CURVE('',#2087,(#2092,#2099),.PCURVE_S1.);
#2087 = CIRCLE('',#2088,1.5);
#2088 = AXIS2_PLACEMENT_3D('',#2089,#2090,#2091);
#2089 = CARTESIAN_POINT('',(-8.5,-22.3,23.75));
#2090 = DIRECTION('',(0.,0.,1.));
#2091 = DIRECTION('',(0.,-1.,0.));
#2092 = PCURVE('',#1985,#2093);
#2093 = DEFINITIONAL_REPRESENTATION('',(#2094),#2098);
#2094 = CIRCLE('',#2095,1.5);
#2095 = AXIS2_PLACEMENT_2D('',#2096,#2097);
#2096 = CARTESIAN_POINT('',(1.5,1.5));
#2097 = DIRECTION('',(0.,-1.));
#2098 = ( GEOMETRIC_REPRESENTATION_CONTEXT(2) 
PARAMETRIC_REPRESENTATION_CONTEXT() REPRESENTATION_CONTEXT('2D SPACE',''
  ) );
#2099 = PCURVE('',#2013,#2100);
#2100 = DEFINITIONAL_REPRESENTATION('',(#2101),#2105);
#2101 = LINE('',#2102,#2103);
#2102 = CARTESIAN_POINT('',(-4.712388980385,47.5));
#2103 = VECTOR('',#2104,1.);
#2104 = DIRECTION('',(1.,0.));
#2105 = ( GEOMETRIC_REPRESENTATION_CONTEXT(2) 
PARAMETRIC_REPRESENTATION_CONTEXT() REPRESENTATION_CONTEXT('2D SPACE',''
  ) );
#2106 = ORIENTED_EDGE('',*,*,#2107,.T.);
#2107 = EDGE_CURVE('',#2084,#2108,#2110,.T.);
#2108 = VERTEX_POINT('',#2109);
#2109 = CARTESIAN_POINT('',(8.5,-23.8,23.75));
#2110 = SURFACE_CURVE('',#2111,(#2115,#2122),.PCURVE_S1.);
#2111 = LINE('',#2112,#2113);
#2112 = CARTESIAN_POINT('',(-10.,-23.8,23.75));
#2113 = VECTOR('',#2114,1.);
#2114 = DIRECTION('',(1.,0.,0.));
#2115 = PCURVE('',#1985,#2116);
#2116 = DEFINITIONAL_REPRESENTATION('',(#2117),#2121);
#2117 = LINE('',#2118,#2119);
#2118 = CARTESIAN_POINT('',(0.,0.));
#2119 = VECTOR('',#2120,1.);
#2120 = DIRECTION('',(1.,0.));
#2121 = ( GEOMETRIC_REPRESENTATION_CONTEXT(2) 
PARAMETRIC_REPRESENTATION_CONTEXT() REPRESENTATION_CONTEXT('2D SPACE',''
  ) );
#2122 = PCURVE('',#2123,#2128);
#2123 = PLANE('',#2124);
#2124 = AXIS2_PLACEMENT_3D('',#2125,#2126,#2127);
#2125 = CARTESIAN_POINT('',(-10.,-23.8,-23.75));
#2126 = DIRECTION('',(0.,1.,0.));
#2127 = DIRECTION('',(0.,0.,1.));
#2128 = DEFINITIONAL_REPRESENTATION('',(#2129),#2133);
#2129 = LINE('',#2130,#2131);
#2130 = CARTESIAN_POINT('',(47.5,0.));
#2131 = VECTOR('',#2132,1.);
#2132 = DIRECTION('',(0.,1.));
#2133 = ( GEOMETRIC_REPRESENTATION_CONTEXT(2) 
PARAMETRIC_REPRESENTATION_CONTEXT() REPRESENTATION_CONTEXT('2D SPACE',''
  ) );
#2134 = ORIENTED_EDGE('',*,*,#2135,.F.);
#2135 = EDGE_CURVE('',#2136,#2108,#2138,.T.);
#2136 = VERTEX_POINT('',#2137);
#2137 = CARTESIAN_POINT('',(10.,-22.3,23.75));
#2138 = SURFACE_CURVE('',#2139,(#2144,#2155),.PCURVE_S1.);
#2139 = CIRCLE('',#2140,1.5);
#2140 = AXIS2_PLACEMENT_3D('',#2141,#2142,#2143);
#2141 = CARTESIAN_POINT('',(8.5,-22.3,23.75));
#2142 = DIRECTION('',(-0.,-0.,-1.));
#2143 = DIRECTION('',(0.,-1.,0.));
#2144 = PCURVE('',#1985,#2145);
#2145 = DEFINITIONAL_REPRESENTATION('',(#2146),#2154);
#2146 = ( BOUNDED_CURVE() B_SPLINE_CURVE(2,(#2147,#2148,#2149,#2150,
#2151,#2152,#2153),.UNSPECIFIED.,.T.,.F.) B_SPLINE_CURVE_WITH_KNOTS((1,2
    ,2,2,2,1),(-2.094395102393,0.,2.094395102393,4.188790204786,
6.28318530718,8.377580409573),.UNSPECIFIED.) CURVE() 
GEOMETRIC_REPRESENTATION_ITEM() RATIONAL_B_SPLINE_CURVE((1.,0.5,1.,0.5,
1.,0.5,1.)) REPRESENTATION_ITEM('') );
#2147 = CARTESIAN_POINT('',(18.5,0.));
#2148 = CARTESIAN_POINT('',(15.901923788647,0.));
#2149 = CARTESIAN_POINT('',(17.200961894323,2.25));
#2150 = CARTESIAN_POINT('',(18.5,4.5));
#2151 = CARTESIAN_POINT('',(19.799038105677,2.25));
#2152 = CARTESIAN_POINT('',(21.098076211353,2.22044604925E-15));
#2153 = CARTESIAN_POINT('',(18.5,0.));
#2154 = ( GEOMETRIC_REPRESENTATION_CONTEXT(2) 
PARAMETRIC_REPRESENTATION_CONTEXT() REPRESENTATION_CONTEXT('2D SPACE',''
  ) );
#2155 = PCURVE('',#2156,#2161);
#2156 = CYLINDRICAL_SURFACE('',#2157,1.5);
#2157 = AXIS2_PLACEMENT_3D('',#2158,#2159,#2160);
#2158 = CARTESIAN_POINT('',(8.5,-22.3,-23.75));
#2159 = DIRECTION('',(0.,0.,1.));
#2160 = DIRECTION('',(1.,0.,-0.));
#2161 = DEFINITIONAL_REPRESENTATION('',(#2162),#2166);
#2162 = LINE('',#2163,#2164);
#2163 = CARTESIAN_POINT('',(4.712388980385,47.5));
#2164 = VECTOR('',#2165,1.);
#2165 = DIRECTION('',(-1.,0.));
#2166 = ( GEOMETRIC_REPRESENTATION_CONTEXT(2) 
PARAMETRIC_REPRESENTATION_CONTEXT() REPRESENTATION_CONTEXT('2D SPACE',''
  ) );
#2167 = ORIENTED_EDGE('',*,*,#2168,.T.);
#2168 = EDGE_CURVE('',#2136,#2169,#2171,.T.);
#2169 = VERTEX_POINT('',#2170);
#2170 = CARTESIAN_POINT('',(10.,22.3,23.75));
#2171 = SURFACE_CURVE('',#2172,(#2176,#2183),.PCURVE_S1.);
#2172 = LINE('',#2173,#2174);
#2173 = CARTESIAN_POINT('',(10.,-23.8,23.75));
#2174 = VECTOR('',#2175,1.);
#2175 = DIRECTION('',(0.,1.,0.));
#2176 = PCURVE('',#1985,#2177);
#2177 = DEFINITIONAL_REPRESENTATION('',(#2178),#2182);
#2178 = LINE('',#2179,#2180);
#2179 = CARTESIAN_POINT('',(20.,0.));
#2180 = VECTOR('',#2181,1.);
#2181 = DIRECTION('',(0.,1.));
#2182 = ( GEOMETRIC_REPRESENTATION_CONTEXT(2) 
PARAMETRIC_REPRESENTATION_CONTEXT() REPRESENTATION_CONTEXT('2D SPACE',''
  ) );
#2183 = PCURVE('',#2184,#2189);
#2184 = PLANE('',#2185);
#2185 = AXIS2_PLACEMENT_3D('',#2186,#2187,#2188);
#2186 = CARTESIAN_POINT('',(10.,-23.8,-23.75));
#2187 = DIRECTION('',(1.,0.,0.));
#2188 = DIRECTION('',(0.,0.,1.));
#2189 = DEFINITIONAL_REPRESENTATION('',(#2190),#2194);
#2190 = LINE('',#2191,#2192);
#2191 = CARTESIAN_POINT('',(47.5,0.));
#2192 = VECTOR('',#2193,1.);
#2193 = DIRECTION('',(0.,-1.));
#2194 = ( GEOMETRIC_REPRESENTATION_CONTEXT(2) 
PARAMETRIC_REPRESENTATION_CONTEXT() REPRESENTATION_CONTEXT('2D SPACE',''
  ) );
#2195 = ORIENTED_EDGE('',*,*,#2196,.T.);
#2196 = EDGE_CURVE('',#2169,#2197,#2199,.T.);
#2197 = VERTEX_POINT('',#2198);
#2198 = CARTESIAN_POINT('',(8.5,23.8,23.75));
#2199 = SURFACE_CURVE('',#2200,(#2205,#2212),.PCURVE_S1.);
#2200 = CIRCLE('',#2201,1.5);
#2201 = AXIS2_PLACEMENT_3D('',#2202,#2203,#2204);
#2202 = CARTESIAN_POINT('',(8.5,22.3,23.75));
#2203 = DIRECTION('',(0.,0.,1.));
#2204 = DIRECTION('',(0.,-1.,0.));
#2205 = PCURVE('',#1985,#2206);
#2206 = DEFINITIONAL_REPRESENTATION('',(#2207),#2211);
#2207 = CIRCLE('',#2208,1.5);
#2208 = AXIS2_PLACEMENT_2D('',#2209,#2210);
#2209 = CARTESIAN_POINT('',(18.5,46.1));
#2210 = DIRECTION('',(0.,-1.));
#2211 = ( GEOMETRIC_REPRESENTATION_CONTEXT(2) 
PARAMETRIC_REPRESENTATION_CONTEXT() REPRESENTATION_CONTEXT('2D SPACE',''
  ) );
#2212 = PCURVE('',#2213,#2218);
#2213 = CYLINDRICAL_SURFACE('',#2214,1.5);
#2214 = AXIS2_PLACEMENT_3D('',#2215,#2216,#2217);
#2215 = CARTESIAN_POINT('',(8.5,22.3,-23.75));
#2216 = DIRECTION('',(0.,0.,1.));
#2217 = DIRECTION('',(1.,0.,-0.));
#2218 = DEFINITIONAL_REPRESENTATION('',(#2219),#2223);
#2219 = LINE('',#2220,#2221);
#2220 = CARTESIAN_POINT('',(-1.570796326795,47.5));
#2221 = VECTOR('',#2222,1.);
#2222 = DIRECTION('',(1.,0.));
#2223 = ( GEOMETRIC_REPRESENTATION_CONTEXT(2) 
PARAMETRIC_REPRESENTATION_CONTEXT() REPRESENTATION_CONTEXT('2D SPACE',''
  ) );
#2224 = ORIENTED_EDGE('',*,*,#2225,.F.);
#2225 = EDGE_CURVE('',#2226,#2197,#2228,.T.);
#2226 = VERTEX_POINT('',#2227);
#2227 = CARTESIAN_POINT('',(-8.5,23.8,23.75));
#2228 = SURFACE_CURVE('',#2229,(#2233,#2240),.PCURVE_S1.);
#2229 = LINE('',#2230,#2231);
#2230 = CARTESIAN_POINT('',(-10.,23.8,23.75));
#2231 = VECTOR('',#2232,1.);
#2232 = DIRECTION('',(1.,0.,0.));
#2233 = PCURVE('',#1985,#2234);
#2234 = DEFINITIONAL_REPRESENTATION('',(#2235),#2239);
#2235 = LINE('',#2236,#2237);
#2236 = CARTESIAN_POINT('',(0.,47.6));
#2237 = VECTOR('',#2238,1.);
#2238 = DIRECTION('',(1.,0.));
#2239 = ( GEOMETRIC_REPRESENTATION_CONTEXT(2) 
PARAMETRIC_REPRESENTATION_CONTEXT() REPRESENTATION_CONTEXT('2D SPACE',''
  ) );
#2240 = PCURVE('',#2241,#2246);
#2241 = PLANE('',#2242);
#2242 = AXIS2_PLACEMENT_3D('',#2243,#2244,#2245);
#2243 = CARTESIAN_POINT('',(-10.,23.8,-23.75));
#2244 = DIRECTION('',(0.,1.,0.));
#2245 = DIRECTION('',(0.,0.,1.));
#2246 = DEFINITIONAL_REPRESENTATION('',(#2247),#2251);
#2247 = LINE('',#2248,#2249);
#2248 = CARTESIAN_POINT('',(47.5,0.));
#2249 = VECTOR('',#2250,1.);
#2250 = DIRECTION('',(0.,1.));
#2251 = ( GEOMETRIC_REPRESENTATION_CONTEXT(2) 
PARAMETRIC_REPRESENTATION_CONTEXT() REPRESENTATION_CONTEXT('2D SPACE',''
  ) );
#2252 = ORIENTED_EDGE('',*,*,#2253,.F.);
#2253 = EDGE_CURVE('',#1965,#2226,#2254,.T.);
#2254 = SURFACE_CURVE('',#2255,(#2260,#2271),.PCURVE_S1.);
#2255 = CIRCLE('',#2256,1.5);
#2256 = AXIS2_PLACEMENT_3D('',#2257,#2258,#2259);
#2257 = CARTESIAN_POINT('',(-8.5,22.3,23.75));
#2258 = DIRECTION('',(-0.,-0.,-1.));
#2259 = DIRECTION('',(0.,-1.,0.));
#2260 = PCURVE('',#1985,#2261);
#2261 = DEFINITIONAL_REPRESENTATION('',(#2262),#2270);
#2262 = ( BOUNDED_CURVE() B_SPLINE_CURVE(2,(#2263,#2264,#2265,#2266,
#2267,#2268,#2269),.UNSPECIFIED.,.T.,.F.) B_SPLINE_CURVE_WITH_KNOTS((1,2
    ,2,2,2,1),(-2.094395102393,0.,2.094395102393,4.188790204786,
6.28318530718,8.377580409573),.UNSPECIFIED.) CURVE() 
GEOMETRIC_REPRESENTATION_ITEM() RATIONAL_B_SPLINE_CURVE((1.,0.5,1.,0.5,
1.,0.5,1.)) REPRESENTATION_ITEM('') );
#2263 = CARTESIAN_POINT('',(1.5,44.6));
#2264 = CARTESIAN_POINT('',(-1.098076211353,44.6));
#2265 = CARTESIAN_POINT('',(0.200961894323,46.85));
#2266 = CARTESIAN_POINT('',(1.5,49.1));
#2267 = CARTESIAN_POINT('',(2.799038105677,46.85));
#2268 = CARTESIAN_POINT('',(4.098076211353,44.6));
#2269 = CARTESIAN_POINT('',(1.5,44.6));
#2270 = ( GEOMETRIC_REPRESENTATION_CONTEXT(2) 
PARAMETRIC_REPRESENTATION_CONTEXT() REPRESENTATION_CONTEXT('2D SPACE',''
  ) );
#2271 = PCURVE('',#2067,#2272);
#2272 = DEFINITIONAL_REPRESENTATION('',(#2273),#2277);
#2273 = LINE('',#2274,#2275);
#2274 = CARTESIAN_POINT('',(1.570796326795,47.5));
#2275 = VECTOR('',#2276,1.);
#2276 = DIRECTION('',(-1.,0.));
#2277 = ( GEOMETRIC_REPRESENTATION_CONTEXT(2) 
PARAMETRIC_REPRESENTATION_CONTEXT() REPRESENTATION_CONTEXT('2D SPACE',''
  ) );
#2278 = ADVANCED_FACE('',(#2279),#2013,.T.);
#2279 = FACE_BOUND('',#2280,.T.);
#2280 = EDGE_LOOP('',(#2281,#2305,#2326,#2327));
#2281 = ORIENTED_EDGE('',*,*,#2282,.T.);
#2282 = EDGE_CURVE('',#1998,#2283,#2285,.T.);
#2283 = VERTEX_POINT('',#2284);
#2284 = CARTESIAN_POINT('',(-8.5,-23.8,-23.75));
#2285 = SURFACE_CURVE('',#2286,(#2291,#2298),.PCURVE_S1.);
#2286 = CIRCLE('',#2287,1.5);
#2287 = AXIS2_PLACEMENT_3D('',#2288,#2289,#2290);
#2288 = CARTESIAN_POINT('',(-8.5,-22.3,-23.75));
#2289 = DIRECTION('',(0.,0.,1.));
#2290 = DIRECTION('',(0.,-1.,0.));
#2291 = PCURVE('',#2013,#2292);
#2292 = DEFINITIONAL_REPRESENTATION('',(#2293),#2297);
#2293 = LINE('',#2294,#2295);
#2294 = CARTESIAN_POINT('',(-4.712388980385,0.));
#2295 = VECTOR('',#2296,1.);
#2296 = DIRECTION('',(1.,0.));
#2297 = ( GEOMETRIC_REPRESENTATION_CONTEXT(2) 
PARAMETRIC_REPRESENTATION_CONTEXT() REPRESENTATION_CONTEXT('2D SPACE',''
  ) );
#2298 = PCURVE('',#2041,#2299);
#2299 = DEFINITIONAL_REPRESENTATION('',(#2300),#2304);
#2300 = CIRCLE('',#2301,1.5);
#2301 = AXIS2_PLACEMENT_2D('',#2302,#2303);
#2302 = CARTESIAN_POINT('',(1.5,1.5));
#2303 = DIRECTION('',(0.,-1.));
#2304 = ( GEOMETRIC_REPRESENTATION_CONTEXT(2) 
PARAMETRIC_REPRESENTATION_CONTEXT() REPRESENTATION_CONTEXT('2D SPACE',''
  ) );
#2305 = ORIENTED_EDGE('',*,*,#2306,.T.);
#2306 = EDGE_CURVE('',#2283,#2084,#2307,.T.);
#2307 = SURFACE_CURVE('',#2308,(#2312,#2319),.PCURVE_S1.);
#2308 = LINE('',#2309,#2310);
#2309 = CARTESIAN_POINT('',(-8.5,-23.8,-23.75));
#2310 = VECTOR('',#2311,1.);
#2311 = DIRECTION('',(0.,0.,1.));
#2312 = PCURVE('',#2013,#2313);
#2313 = DEFINITIONAL_REPRESENTATION('',(#2314),#2318);
#2314 = LINE('',#2315,#2316);
#2315 = CARTESIAN_POINT('',(1.570796326795,0.));
#2316 = VECTOR('',#2317,1.);
#2317 = DIRECTION('',(0.,1.));
#2318 = ( GEOMETRIC_REPRESENTATION_CONTEXT(2) 
PARAMETRIC_REPRESENTATION_CONTEXT() REPRESENTATION_CONTEXT('2D SPACE',''
  ) );
#2319 = PCURVE('',#2123,#2320);
#2320 = DEFINITIONAL_REPRESENTATION('',(#2321),#2325);
#2321 = LINE('',#2322,#2323);
#2322 = CARTESIAN_POINT('',(0.,1.5));
#2323 = VECTOR('',#2324,1.);
#2324 = DIRECTION('',(1.,0.));
#2325 = ( GEOMETRIC_REPRESENTATION_CONTEXT(2) 
PARAMETRIC_REPRESENTATION_CONTEXT() REPRESENTATION_CONTEXT('2D SPACE',''
  ) );
#2326 = ORIENTED_EDGE('',*,*,#2083,.F.);
#2327 = ORIENTED_EDGE('',*,*,#1997,.F.);
#2328 = ADVANCED_FACE('',(#2329),#2067,.T.);
#2329 = FACE_BOUND('',#2330,.F.);
#2330 = EDGE_LOOP('',(#2331,#2359,#2380,#2381));
#2331 = ORIENTED_EDGE('',*,*,#2332,.T.);
#2332 = EDGE_CURVE('',#2026,#2333,#2335,.T.);
#2333 = VERTEX_POINT('',#2334);
#2334 = CARTESIAN_POINT('',(-8.5,23.8,-23.75));
#2335 = SURFACE_CURVE('',#2336,(#2341,#2348),.PCURVE_S1.);
#2336 = CIRCLE('',#2337,1.5);
#2337 = AXIS2_PLACEMENT_3D('',#2338,#2339,#2340);
#2338 = CARTESIAN_POINT('',(-8.5,22.3,-23.75));
#2339 = DIRECTION('',(-0.,-0.,-1.));
#2340 = DIRECTION('',(0.,-1.,0.));
#2341 = PCURVE('',#2067,#2342);
#2342 = DEFINITIONAL_REPRESENTATION('',(#2343),#2347);
#2343 = LINE('',#2344,#2345);
#2344 = CARTESIAN_POINT('',(1.570796326795,-0.));
#2345 = VECTOR('',#2346,1.);
#2346 = DIRECTION('',(-1.,0.));
#2347 = ( GEOMETRIC_REPRESENTATION_CONTEXT(2) 
PARAMETRIC_REPRESENTATION_CONTEXT() REPRESENTATION_CONTEXT('2D SPACE',''
  ) );
#2348 = PCURVE('',#2041,#2349);
#2349 = DEFINITIONAL_REPRESENTATION('',(#2350),#2358);
#2350 = ( BOUNDED_CURVE() B_SPLINE_CURVE(2,(#2351,#2352,#2353,#2354,
#2355,#2356,#2357),.UNSPECIFIED.,.T.,.F.) B_SPLINE_CURVE_WITH_KNOTS((1,2
    ,2,2,2,1),(-2.094395102393,0.,2.094395102393,4.188790204786,
6.28318530718,8.377580409573),.UNSPECIFIED.) CURVE() 
GEOMETRIC_REPRESENTATION_ITEM() RATIONAL_B_SPLINE_CURVE((1.,0.5,1.,0.5,
1.,0.5,1.)) REPRESENTATION_ITEM('') );
#2351 = CARTESIAN_POINT('',(1.5,44.6));
#2352 = CARTESIAN_POINT('',(-1.098076211353,44.6));
#2353 = CARTESIAN_POINT('',(0.200961894323,46.85));
#2354 = CARTESIAN_POINT('',(1.5,49.1));
#2355 = CARTESIAN_POINT('',(2.799038105677,46.85));
#2356 = CARTESIAN_POINT('',(4.098076211353,44.6));
#2357 = CARTESIAN_POINT('',(1.5,44.6));
#2358 = ( GEOMETRIC_REPRESENTATION_CONTEXT(2) 
PARAMETRIC_REPRESENTATION_CONTEXT() REPRESENTATION_CONTEXT('2D SPACE',''
  ) );
#2359 = ORIENTED_EDGE('',*,*,#2360,.T.);
#2360 = EDGE_CURVE('',#2333,#2226,#2361,.T.);
#2361 = SURFACE_CURVE('',#2362,(#2366,#2373),.PCURVE_S1.);
#2362 = LINE('',#2363,#2364);
#2363 = CARTESIAN_POINT('',(-8.5,23.8,-23.75));
#2364 = VECTOR('',#2365,1.);
#2365 = DIRECTION('',(0.,0.,1.));
#2366 = PCURVE('',#2067,#2367);
#2367 = DEFINITIONAL_REPRESENTATION('',(#2368),#2372);
#2368 = LINE('',#2369,#2370);
#2369 = CARTESIAN_POINT('',(-1.570796326795,0.));
#2370 = VECTOR('',#2371,1.);
#2371 = DIRECTION('',(-0.,1.));
#2372 = ( GEOMETRIC_REPRESENTATION_CONTEXT(2) 
PARAMETRIC_REPRESENTATION_CONTEXT() REPRESENTATION_CONTEXT('2D SPACE',''
  ) );
#2373 = PCURVE('',#2241,#2374);
#2374 = DEFINITIONAL_REPRESENTATION('',(#2375),#2379);
#2375 = LINE('',#2376,#2377);
#2376 = CARTESIAN_POINT('',(0.,1.5));
#2377 = VECTOR('',#2378,1.);
#2378 = DIRECTION('',(1.,0.));
#2379 = ( GEOMETRIC_REPRESENTATION_CONTEXT(2) 
PARAMETRIC_REPRESENTATION_CONTEXT() REPRESENTATION_CONTEXT('2D SPACE',''
  ) );
#2380 = ORIENTED_EDGE('',*,*,#2253,.F.);
#2381 = ORIENTED_EDGE('',*,*,#2053,.F.);
#2382 = ADVANCED_FACE('',(#2383),#2041,.F.);
#2383 = FACE_BOUND('',#2384,.F.);
#2384 = EDGE_LOOP('',(#2385,#2386,#2387,#2410,#2438,#2461,#2485,#2506));
#2385 = ORIENTED_EDGE('',*,*,#2025,.F.);
#2386 = ORIENTED_EDGE('',*,*,#2282,.T.);
#2387 = ORIENTED_EDGE('',*,*,#2388,.T.);
#2388 = EDGE_CURVE('',#2283,#2389,#2391,.T.);
#2389 = VERTEX_POINT('',#2390);
#2390 = CARTESIAN_POINT('',(8.5,-23.8,-23.75));
#2391 = SURFACE_CURVE('',#2392,(#2396,#2403),.PCURVE_S1.);
#2392 = LINE('',#2393,#2394);
#2393 = CARTESIAN_POINT('',(-10.,-23.8,-23.75));
#2394 = VECTOR('',#2395,1.);
#2395 = DIRECTION('',(1.,0.,0.));
#2396 = PCURVE('',#2041,#2397);
#2397 = DEFINITIONAL_REPRESENTATION('',(#2398),#2402);
#2398 = LINE('',#2399,#2400);
#2399 = CARTESIAN_POINT('',(0.,0.));
#2400 = VECTOR('',#2401,1.);
#2401 = DIRECTION('',(1.,0.));
#2402 = ( GEOMETRIC_REPRESENTATION_CONTEXT(2) 
PARAMETRIC_REPRESENTATION_CONTEXT() REPRESENTATION_CONTEXT('2D SPACE',''
  ) );
#2403 = PCURVE('',#2123,#2404);
#2404 = DEFINITIONAL_REPRESENTATION('',(#2405),#2409);
#2405 = LINE('',#2406,#2407);
#2406 = CARTESIAN_POINT('',(0.,0.));
#2407 = VECTOR('',#2408,1.);
#2408 = DIRECTION('',(0.,1.));
#2409 = ( GEOMETRIC_REPRESENTATION_CONTEXT(2) 
PARAMETRIC_REPRESENTATION_CONTEXT() REPRESENTATION_CONTEXT('2D SPACE',''
  ) );
#2410 = ORIENTED_EDGE('',*,*,#2411,.F.);
#2411 = EDGE_CURVE('',#2412,#2389,#2414,.T.);
#2412 = VERTEX_POINT('',#2413);
#2413 = CARTESIAN_POINT('',(10.,-22.3,-23.75));
#2414 = SURFACE_CURVE('',#2415,(#2420,#2431),.PCURVE_S1.);
#2415 = CIRCLE('',#2416,1.5);
#2416 = AXIS2_PLACEMENT_3D('',#2417,#2418,#2419);
#2417 = CARTESIAN_POINT('',(8.5,-22.3,-23.75));
#2418 = DIRECTION('',(-0.,-0.,-1.));
#2419 = DIRECTION('',(0.,-1.,0.));
#2420 = PCURVE('',#2041,#2421);
#2421 = DEFINITIONAL_REPRESENTATION('',(#2422),#2430);
#2422 = ( BOUNDED_CURVE() B_SPLINE_CURVE(2,(#2423,#2424,#2425,#2426,
#2427,#2428,#2429),.UNSPECIFIED.,.T.,.F.) B_SPLINE_CURVE_WITH_KNOTS((1,2
    ,2,2,2,1),(-2.094395102393,0.,2.094395102393,4.188790204786,
6.28318530718,8.377580409573),.UNSPECIFIED.) CURVE() 
GEOMETRIC_REPRESENTATION_ITEM() RATIONAL_B_SPLINE_CURVE((1.,0.5,1.,0.5,
1.,0.5,1.)) REPRESENTATION_ITEM('') );
#2423 = CARTESIAN_POINT('',(18.5,0.));
#2424 = CARTESIAN_POINT('',(15.901923788647,0.));
#2425 = CARTESIAN_POINT('',(17.200961894323,2.25));
#2426 = CARTESIAN_POINT('',(18.5,4.5));
#2427 = CARTESIAN_POINT('',(19.799038105677,2.25));
#2428 = CARTESIAN_POINT('',(21.098076211353,2.22044604925E-15));
#2429 = CARTESIAN_POINT('',(18.5,0.));
#2430 = ( GEOMETRIC_REPRESENTATION_CONTEXT(2) 
PARAMETRIC_REPRESENTATION_CONTEXT() REPRESENTATION_CONTEXT('2D SPACE',''
  ) );
#2431 = PCURVE('',#2156,#2432);
#2432 = DEFINITIONAL_REPRESENTATION('',(#2433),#2437);
#2433 = LINE('',#2434,#2435);
#2434 = CARTESIAN_POINT('',(4.712388980385,-0.));
#2435 = VECTOR('',#2436,1.);
#2436 = DIRECTION('',(-1.,0.));
#2437 = ( GEOMETRIC_REPRESENTATION_CONTEXT(2) 
PARAMETRIC_REPRESENTATION_CONTEXT() REPRESENTATION_CONTEXT('2D SPACE',''
  ) );
#2438 = ORIENTED_EDGE('',*,*,#2439,.T.);
#2439 = EDGE_CURVE('',#2412,#2440,#2442,.T.);
#2440 = VERTEX_POINT('',#2441);
#2441 = CARTESIAN_POINT('',(10.,22.3,-23.75));
#2442 = SURFACE_CURVE('',#2443,(#2447,#2454),.PCURVE_S1.);
#2443 = LINE('',#2444,#2445);
#2444 = CARTESIAN_POINT('',(10.,-23.8,-23.75));
#2445 = VECTOR('',#2446,1.);
#2446 = DIRECTION('',(0.,1.,0.));
#2447 = PCURVE('',#2041,#2448);
#2448 = DEFINITIONAL_REPRESENTATION('',(#2449),#2453);
#2449 = LINE('',#2450,#2451);
#2450 = CARTESIAN_POINT('',(20.,0.));
#2451 = VECTOR('',#2452,1.);
#2452 = DIRECTION('',(0.,1.));
#2453 = ( GEOMETRIC_REPRESENTATION_CONTEXT(2) 
PARAMETRIC_REPRESENTATION_CONTEXT() REPRESENTATION_CONTEXT('2D SPACE',''
  ) );
#2454 = PCURVE('',#2184,#2455);
#2455 = DEFINITIONAL_REPRESENTATION('',(#2456),#2460);
#2456 = LINE('',#2457,#2458);
#2457 = CARTESIAN_POINT('',(0.,0.));
#2458 = VECTOR('',#2459,1.);
#2459 = DIRECTION('',(0.,-1.));
#2460 = ( GEOMETRIC_REPRESENTATION_CONTEXT(2) 
PARAMETRIC_REPRESENTATION_CONTEXT() REPRESENTATION_CONTEXT('2D SPACE',''
  ) );
#2461 = ORIENTED_EDGE('',*,*,#2462,.T.);
#2462 = EDGE_CURVE('',#2440,#2463,#2465,.T.);
#2463 = VERTEX_POINT('',#2464);
#2464 = CARTESIAN_POINT('',(8.5,23.8,-23.75));
#2465 = SURFACE_CURVE('',#2466,(#2471,#2478),.PCURVE_S1.);
#2466 = CIRCLE('',#2467,1.5);
#2467 = AXIS2_PLACEMENT_3D('',#2468,#2469,#2470);
#2468 = CARTESIAN_POINT('',(8.5,22.3,-23.75));
#2469 = DIRECTION('',(0.,0.,1.));
#2470 = DIRECTION('',(0.,-1.,0.));
#2471 = PCURVE('',#2041,#2472);
#2472 = DEFINITIONAL_REPRESENTATION('',(#2473),#2477);
#2473 = CIRCLE('',#2474,1.5);
#2474 = AXIS2_PLACEMENT_2D('',#2475,#2476);
#2475 = CARTESIAN_POINT('',(18.5,46.1));
#2476 = DIRECTION('',(0.,-1.));
#2477 = ( GEOMETRIC_REPRESENTATION_CONTEXT(2) 
PARAMETRIC_REPRESENTATION_CONTEXT() REPRESENTATION_CONTEXT('2D SPACE',''
  ) );
#2478 = PCURVE('',#2213,#2479);
#2479 = DEFINITIONAL_REPRESENTATION('',(#2480),#2484);
#2480 = LINE('',#2481,#2482);
#2481 = CARTESIAN_POINT('',(-1.570796326795,0.));
#2482 = VECTOR('',#2483,1.);
#2483 = DIRECTION('',(1.,0.));
#2484 = ( GEOMETRIC_REPRESENTATION_CONTEXT(2) 
PARAMETRIC_REPRESENTATION_CONTEXT() REPRESENTATION_CONTEXT('2D SPACE',''
  ) );
#2485 = ORIENTED_EDGE('',*,*,#2486,.F.);
#2486 = EDGE_CURVE('',#2333,#2463,#2487,.T.);
#2487 = SURFACE_CURVE('',#2488,(#2492,#2499),.PCURVE_S1.);
#2488 = LINE('',#2489,#2490);
#2489 = CARTESIAN_POINT('',(-10.,23.8,-23.75));
#2490 = VECTOR('',#2491,1.);
#2491 = DIRECTION('',(1.,0.,0.));
#2492 = PCURVE('',#2041,#2493);
#2493 = DEFINITIONAL_REPRESENTATION('',(#2494),#2498);
#2494 = LINE('',#2495,#2496);
#2495 = CARTESIAN_POINT('',(0.,47.6));
#2496 = VECTOR('',#2497,1.);
#2497 = DIRECTION('',(1.,0.));
#2498 = ( GEOMETRIC_REPRESENTATION_CONTEXT(2) 
PARAMETRIC_REPRESENTATION_CONTEXT() REPRESENTATION_CONTEXT('2D SPACE',''
  ) );
#2499 = PCURVE('',#2241,#2500);
#2500 = DEFINITIONAL_REPRESENTATION('',(#2501),#2505);
#2501 = LINE('',#2502,#2503);
#2502 = CARTESIAN_POINT('',(0.,0.));
#2503 = VECTOR('',#2504,1.);
#2504 = DIRECTION('',(0.,1.));
#2505 = ( GEOMETRIC_REPRESENTATION_CONTEXT(2) 
PARAMETRIC_REPRESENTATION_CONTEXT() REPRESENTATION_CONTEXT('2D SPACE',''
  ) );
#2506 = ORIENTED_EDGE('',*,*,#2332,.F.);
#2507 = ADVANCED_FACE('',(#2508),#2123,.F.);
#2508 = FACE_BOUND('',#2509,.F.);
#2509 = EDGE_LOOP('',(#2510,#2511,#2512,#2513));
#2510 = ORIENTED_EDGE('',*,*,#2388,.F.);
#2511 = ORIENTED_EDGE('',*,*,#2306,.T.);
#2512 = ORIENTED_EDGE('',*,*,#2107,.T.);
#2513 = ORIENTED_EDGE('',*,*,#2514,.F.);
#2514 = EDGE_CURVE('',#2389,#2108,#2515,.T.);
#2515 = SURFACE_CURVE('',#2516,(#2520,#2527),.PCURVE_S1.);
#2516 = LINE('',#2517,#2518);
#2517 = CARTESIAN_POINT('',(8.5,-23.8,-23.75));
#2518 = VECTOR('',#2519,1.);
#2519 = DIRECTION('',(0.,0.,1.));
#2520 = PCURVE('',#2123,#2521);
#2521 = DEFINITIONAL_REPRESENTATION('',(#2522),#2526);
#2522 = LINE('',#2523,#2524);
#2523 = CARTESIAN_POINT('',(0.,18.5));
#2524 = VECTOR('',#2525,1.);
#2525 = DIRECTION('',(1.,0.));
#2526 = ( GEOMETRIC_REPRESENTATION_CONTEXT(2) 
PARAMETRIC_REPRESENTATION_CONTEXT() REPRESENTATION_CONTEXT('2D SPACE',''
  ) );
#2527 = PCURVE('',#2156,#2528);
#2528 = DEFINITIONAL_REPRESENTATION('',(#2529),#2533);
#2529 = LINE('',#2530,#2531);
#2530 = CARTESIAN_POINT('',(-1.570796326795,0.));
#2531 = VECTOR('',#2532,1.);
#2532 = DIRECTION('',(-0.,1.));
#2533 = ( GEOMETRIC_REPRESENTATION_CONTEXT(2) 
PARAMETRIC_REPRESENTATION_CONTEXT() REPRESENTATION_CONTEXT('2D SPACE',''
  ) );
#2534 = ADVANCED_FACE('',(#2535),#2241,.T.);
#2535 = FACE_BOUND('',#2536,.T.);
#2536 = EDGE_LOOP('',(#2537,#2538,#2539,#2540));
#2537 = ORIENTED_EDGE('',*,*,#2486,.F.);
#2538 = ORIENTED_EDGE('',*,*,#2360,.T.);
#2539 = ORIENTED_EDGE('',*,*,#2225,.T.);
#2540 = ORIENTED_EDGE('',*,*,#2541,.F.);
#2541 = EDGE_CURVE('',#2463,#2197,#2542,.T.);
#2542 = SURFACE_CURVE('',#2543,(#2547,#2554),.PCURVE_S1.);
#2543 = LINE('',#2544,#2545);
#2544 = CARTESIAN_POINT('',(8.5,23.8,-23.75));
#2545 = VECTOR('',#2546,1.);
#2546 = DIRECTION('',(0.,0.,1.));
#2547 = PCURVE('',#2241,#2548);
#2548 = DEFINITIONAL_REPRESENTATION('',(#2549),#2553);
#2549 = LINE('',#2550,#2551);
#2550 = CARTESIAN_POINT('',(0.,18.5));
#2551 = VECTOR('',#2552,1.);
#2552 = DIRECTION('',(1.,0.));
#2553 = ( GEOMETRIC_REPRESENTATION_CONTEXT(2) 
PARAMETRIC_REPRESENTATION_CONTEXT() REPRESENTATION_CONTEXT('2D SPACE',''
  ) );
#2554 = PCURVE('',#2213,#2555);
#2555 = DEFINITIONAL_REPRESENTATION('',(#2556),#2560);
#2556 = LINE('',#2557,#2558);
#2557 = CARTESIAN_POINT('',(1.570796326795,0.));
#2558 = VECTOR('',#2559,1.);
#2559 = DIRECTION('',(0.,1.));
#2560 = ( GEOMETRIC_REPRESENTATION_CONTEXT(2) 
PARAMETRIC_REPRESENTATION_CONTEXT() REPRESENTATION_CONTEXT('2D SPACE',''
  ) );
#2561 = ADVANCED_FACE('',(#2562),#2156,.T.);
#2562 = FACE_BOUND('',#2563,.F.);
#2563 = EDGE_LOOP('',(#2564,#2565,#2566,#2567));
#2564 = ORIENTED_EDGE('',*,*,#2411,.T.);
#2565 = ORIENTED_EDGE('',*,*,#2514,.T.);
#2566 = ORIENTED_EDGE('',*,*,#2135,.F.);
#2567 = ORIENTED_EDGE('',*,*,#2568,.F.);
#2568 = EDGE_CURVE('',#2412,#2136,#2569,.T.);
#2569 = SURFACE_CURVE('',#2570,(#2574,#2581),.PCURVE_S1.);
#2570 = LINE('',#2571,#2572);
#2571 = CARTESIAN_POINT('',(10.,-22.3,-23.75));
#2572 = VECTOR('',#2573,1.);
#2573 = DIRECTION('',(0.,0.,1.));
#2574 = PCURVE('',#2156,#2575);
#2575 = DEFINITIONAL_REPRESENTATION('',(#2576),#2580);
#2576 = LINE('',#2577,#2578);
#2577 = CARTESIAN_POINT('',(-0.,0.));
#2578 = VECTOR('',#2579,1.);
#2579 = DIRECTION('',(-0.,1.));
#2580 = ( GEOMETRIC_REPRESENTATION_CONTEXT(2) 
PARAMETRIC_REPRESENTATION_CONTEXT() REPRESENTATION_CONTEXT('2D SPACE',''
  ) );
#2581 = PCURVE('',#2184,#2582);
#2582 = DEFINITIONAL_REPRESENTATION('',(#2583),#2587);
#2583 = LINE('',#2584,#2585);
#2584 = CARTESIAN_POINT('',(0.,-1.5));
#2585 = VECTOR('',#2586,1.);
#2586 = DIRECTION('',(1.,0.));
#2587 = ( GEOMETRIC_REPRESENTATION_CONTEXT(2) 
PARAMETRIC_REPRESENTATION_CONTEXT() REPRESENTATION_CONTEXT('2D SPACE',''
  ) );
#2588 = ADVANCED_FACE('',(#2589),#2213,.T.);
#2589 = FACE_BOUND('',#2590,.T.);
#2590 = EDGE_LOOP('',(#2591,#2592,#2593,#2594));
#2591 = ORIENTED_EDGE('',*,*,#2462,.T.);
#2592 = ORIENTED_EDGE('',*,*,#2541,.T.);
#2593 = ORIENTED_EDGE('',*,*,#2196,.F.);
#2594 = ORIENTED_EDGE('',*,*,#2595,.F.);
#2595 = EDGE_CURVE('',#2440,#2169,#2596,.T.);
#2596 = SURFACE_CURVE('',#2597,(#2601,#2608),.PCURVE_S1.);
#2597 = LINE('',#2598,#2599);
#2598 = CARTESIAN_POINT('',(10.,22.3,-23.75));
#2599 = VECTOR('',#2600,1.);
#2600 = DIRECTION('',(0.,0.,1.));
#2601 = PCURVE('',#2213,#2602);
#2602 = DEFINITIONAL_REPRESENTATION('',(#2603),#2607);
#2603 = LINE('',#2604,#2605);
#2604 = CARTESIAN_POINT('',(0.,0.));
#2605 = VECTOR('',#2606,1.);
#2606 = DIRECTION('',(0.,1.));
#2607 = ( GEOMETRIC_REPRESENTATION_CONTEXT(2) 
PARAMETRIC_REPRESENTATION_CONTEXT() REPRESENTATION_CONTEXT('2D SPACE',''
  ) );
#2608 = PCURVE('',#2184,#2609);
#2609 = DEFINITIONAL_REPRESENTATION('',(#2610),#2614);
#2610 = LINE('',#2611,#2612);
#2611 = CARTESIAN_POINT('',(0.,-46.1));
#2612 = VECTOR('',#2613,1.);
#2613 = DIRECTION('',(1.,0.));
#2614 = ( GEOMETRIC_REPRESENTATION_CONTEXT(2) 
PARAMETRIC_REPRESENTATION_CONTEXT() REPRESENTATION_CONTEXT('2D SPACE',''
  ) );
#2615 = ADVANCED_FACE('',(#2616),#2184,.T.);
#2616 = FACE_BOUND('',#2617,.T.);
#2617 = EDGE_LOOP('',(#2618,#2619,#2620,#2621));
#2618 = ORIENTED_EDGE('',*,*,#2168,.F.);
#2619 = ORIENTED_EDGE('',*,*,#2568,.F.);
#2620 = ORIENTED_EDGE('',*,*,#2439,.T.);
#2621 = ORIENTED_EDGE('',*,*,#2595,.T.);
#2622 = ( GEOMETRIC_REPRESENTATION_CONTEXT(3) 
GLOBAL_UNCERTAINTY_ASSIGNED_CONTEXT((#2626)) 
GLOBAL_UNIT_ASSIGNED_CONTEXT((#2623,#2624,#2625)) REPRESENTATION_CONTEXT
('Context #1','3D Context with UNIT and UNCERTAINTY') );
#2623 = ( LENGTH_UNIT() NAMED_UNIT(*) SI_UNIT(.MILLI.,.METRE.) );
#2624 = ( NAMED_UNIT(*) PLANE_ANGLE_UNIT() SI_UNIT($,.RADIAN.) );
#2625 = ( NAMED_UNIT(*) SI_UNIT($,.STERADIAN.) SOLID_ANGLE_UNIT() );
#2626 = UNCERTAINTY_MEASURE_WITH_UNIT(LENGTH_MEASURE(1.E-07),#2623,
  'distance_accuracy_value','confusion accuracy');
#2627 = CONTEXT_DEPENDENT_SHAPE_REPRESENTATION(#2628,#2630);
#2628 = ( REPRESENTATION_RELATIONSHIP('','',#1955,#10) 
REPRESENTATION_RELATIONSHIP_WITH_TRANSFORMATION(#2629) 
SHAPE_REPRESENTATION_RELATIONSHIP() );
#2629 = ITEM_DEFINED_TRANSFORMATION('','',#11,#19);
#2630 = PRODUCT_DEFINITION_SHAPE('Placement','Placement of an item',
  #2631);
#2631 = NEXT_ASSEMBLY_USAGE_OCCURRENCE('2','SY5_SV_1_SY5420-5LZ-01','',
  #5,#1950,$);
#2632 = PRODUCT_RELATED_PRODUCT_CATEGORY('part',$,(#1952));
#2633 = SHAPE_DEFINITION_REPRESENTATION(#2634,#2640);
#2634 = PRODUCT_DEFINITION_SHAPE('','',#2635);
#2635 = PRODUCT_DEFINITION('design','',#2636,#2639);
#2636 = PRODUCT_DEFINITION_FORMATION('','',#2637);
#2637 = PRODUCT('SY5_SV_2_SY5420-5LZ-01','SY5_SV_2_SY5420-5LZ-01','',(
    #2638));
#2638 = PRODUCT_CONTEXT('',#2,'mechanical');
#2639 = PRODUCT_DEFINITION_CONTEXT('part definition',#2,'design');
#2640 = ADVANCED_BREP_SHAPE_REPRESENTATION('',(#11,#2641),#3307);
#2641 = MANIFOLD_SOLID_BREP('',#2642);
#2642 = CLOSED_SHELL('',(#2643,#2763,#2963,#3013,#3067,#3192,#3219,#3246
    ,#3273,#3300));
#2643 = ADVANCED_FACE('',(#2644),#2658,.F.);
#2644 = FACE_BOUND('',#2645,.F.);
#2645 = EDGE_LOOP('',(#2646,#2681,#2709,#2737));
#2646 = ORIENTED_EDGE('',*,*,#2647,.F.);
#2647 = EDGE_CURVE('',#2648,#2650,#2652,.T.);
#2648 = VERTEX_POINT('',#2649);
#2649 = CARTESIAN_POINT('',(-10.,-22.3,23.75));
#2650 = VERTEX_POINT('',#2651);
#2651 = CARTESIAN_POINT('',(-10.,22.3,23.75));
#2652 = SURFACE_CURVE('',#2653,(#2657,#2669),.PCURVE_S1.);
#2653 = LINE('',#2654,#2655);
#2654 = CARTESIAN_POINT('',(-10.,-23.8,23.75));
#2655 = VECTOR('',#2656,1.);
#2656 = DIRECTION('',(0.,1.,0.));
#2657 = PCURVE('',#2658,#2663);
#2658 = PLANE('',#2659);
#2659 = AXIS2_PLACEMENT_3D('',#2660,#2661,#2662);
#2660 = CARTESIAN_POINT('',(-10.,-23.8,-23.75));
#2661 = DIRECTION('',(1.,0.,0.));
#2662 = DIRECTION('',(0.,0.,1.));
#2663 = DEFINITIONAL_REPRESENTATION('',(#2664),#2668);
#2664 = LINE('',#2665,#2666);
#2665 = CARTESIAN_POINT('',(47.5,0.));
#2666 = VECTOR('',#2667,1.);
#2667 = DIRECTION('',(0.,-1.));
#2668 = ( GEOMETRIC_REPRESENTATION_CONTEXT(2) 
PARAMETRIC_REPRESENTATION_CONTEXT() REPRESENTATION_CONTEXT('2D SPACE',''
  ) );
#2669 = PCURVE('',#2670,#2675);
#2670 = PLANE('',#2671);
#2671 = AXIS2_PLACEMENT_3D('',#2672,#2673,#2674);
#2672 = CARTESIAN_POINT('',(-10.,-23.8,23.75));
#2673 = DIRECTION('',(0.,0.,1.));
#2674 = DIRECTION('',(1.,0.,0.));
#2675 = DEFINITIONAL_REPRESENTATION('',(#2676),#2680);
#2676 = LINE('',#2677,#2678);
#2677 = CARTESIAN_POINT('',(0.,0.));
#2678 = VECTOR('',#2679,1.);
#2679 = DIRECTION('',(0.,1.));
#2680 = ( GEOMETRIC_REPRESENTATION_CONTEXT(2) 
PARAMETRIC_REPRESENTATION_CONTEXT() REPRESENTATION_CONTEXT('2D SPACE',''
  ) );
#2681 = ORIENTED_EDGE('',*,*,#2682,.F.);
#2682 = EDGE_CURVE('',#2683,#2648,#2685,.T.);
#2683 = VERTEX_POINT('',#2684);
#2684 = CARTESIAN_POINT('',(-10.,-22.3,-23.75));
#2685 = SURFACE_CURVE('',#2686,(#2690,#2697),.PCURVE_S1.);
#2686 = LINE('',#2687,#2688);
#2687 = CARTESIAN_POINT('',(-10.,-22.3,-23.75));
#2688 = VECTOR('',#2689,1.);
#2689 = DIRECTION('',(0.,0.,1.));
#2690 = PCURVE('',#2658,#2691);
#2691 = DEFINITIONAL_REPRESENTATION('',(#2692),#2696);
#2692 = LINE('',#2693,#2694);
#2693 = CARTESIAN_POINT('',(0.,-1.5));
#2694 = VECTOR('',#2695,1.);
#2695 = DIRECTION('',(1.,0.));
#2696 = ( GEOMETRIC_REPRESENTATION_CONTEXT(2) 
PARAMETRIC_REPRESENTATION_CONTEXT() REPRESENTATION_CONTEXT('2D SPACE',''
  ) );
#2697 = PCURVE('',#2698,#2703);
#2698 = CYLINDRICAL_SURFACE('',#2699,1.5);
#2699 = AXIS2_PLACEMENT_3D('',#2700,#2701,#2702);
#2700 = CARTESIAN_POINT('',(-8.5,-22.3,-23.75));
#2701 = DIRECTION('',(0.,0.,1.));
#2702 = DIRECTION('',(-1.,-0.,0.));
#2703 = DEFINITIONAL_REPRESENTATION('',(#2704),#2708);
#2704 = LINE('',#2705,#2706);
#2705 = CARTESIAN_POINT('',(0.,0.));
#2706 = VECTOR('',#2707,1.);
#2707 = DIRECTION('',(0.,1.));
#2708 = ( GEOMETRIC_REPRESENTATION_CONTEXT(2) 
PARAMETRIC_REPRESENTATION_CONTEXT() REPRESENTATION_CONTEXT('2D SPACE',''
  ) );
#2709 = ORIENTED_EDGE('',*,*,#2710,.T.);
#2710 = EDGE_CURVE('',#2683,#2711,#2713,.T.);
#2711 = VERTEX_POINT('',#2712);
#2712 = CARTESIAN_POINT('',(-10.,22.3,-23.75));
#2713 = SURFACE_CURVE('',#2714,(#2718,#2725),.PCURVE_S1.);
#2714 = LINE('',#2715,#2716);
#2715 = CARTESIAN_POINT('',(-10.,-23.8,-23.75));
#2716 = VECTOR('',#2717,1.);
#2717 = DIRECTION('',(0.,1.,0.));
#2718 = PCURVE('',#2658,#2719);
#2719 = DEFINITIONAL_REPRESENTATION('',(#2720),#2724);
#2720 = LINE('',#2721,#2722);
#2721 = CARTESIAN_POINT('',(0.,0.));
#2722 = VECTOR('',#2723,1.);
#2723 = DIRECTION('',(0.,-1.));
#2724 = ( GEOMETRIC_REPRESENTATION_CONTEXT(2) 
PARAMETRIC_REPRESENTATION_CONTEXT() REPRESENTATION_CONTEXT('2D SPACE',''
  ) );
#2725 = PCURVE('',#2726,#2731);
#2726 = PLANE('',#2727);
#2727 = AXIS2_PLACEMENT_3D('',#2728,#2729,#2730);
#2728 = CARTESIAN_POINT('',(-10.,-23.8,-23.75));
#2729 = DIRECTION('',(0.,0.,1.));
#2730 = DIRECTION('',(1.,0.,0.));
#2731 = DEFINITIONAL_REPRESENTATION('',(#2732),#2736);
#2732 = LINE('',#2733,#2734);
#2733 = CARTESIAN_POINT('',(0.,0.));
#2734 = VECTOR('',#2735,1.);
#2735 = DIRECTION('',(0.,1.));
#2736 = ( GEOMETRIC_REPRESENTATION_CONTEXT(2) 
PARAMETRIC_REPRESENTATION_CONTEXT() REPRESENTATION_CONTEXT('2D SPACE',''
  ) );
#2737 = ORIENTED_EDGE('',*,*,#2738,.T.);
#2738 = EDGE_CURVE('',#2711,#2650,#2739,.T.);
#2739 = SURFACE_CURVE('',#2740,(#2744,#2751),.PCURVE_S1.);
#2740 = LINE('',#2741,#2742);
#2741 = CARTESIAN_POINT('',(-10.,22.3,-23.75));
#2742 = VECTOR('',#2743,1.);
#2743 = DIRECTION('',(0.,0.,1.));
#2744 = PCURVE('',#2658,#2745);
#2745 = DEFINITIONAL_REPRESENTATION('',(#2746),#2750);
#2746 = LINE('',#2747,#2748);
#2747 = CARTESIAN_POINT('',(0.,-46.1));
#2748 = VECTOR('',#2749,1.);
#2749 = DIRECTION('',(1.,0.));
#2750 = ( GEOMETRIC_REPRESENTATION_CONTEXT(2) 
PARAMETRIC_REPRESENTATION_CONTEXT() REPRESENTATION_CONTEXT('2D SPACE',''
  ) );
#2751 = PCURVE('',#2752,#2757);
#2752 = CYLINDRICAL_SURFACE('',#2753,1.5);
#2753 = AXIS2_PLACEMENT_3D('',#2754,#2755,#2756);
#2754 = CARTESIAN_POINT('',(-8.5,22.3,-23.75));
#2755 = DIRECTION('',(0.,0.,1.));
#2756 = DIRECTION('',(-1.,-0.,0.));
#2757 = DEFINITIONAL_REPRESENTATION('',(#2758),#2762);
#2758 = LINE('',#2759,#2760);
#2759 = CARTESIAN_POINT('',(-0.,0.));
#2760 = VECTOR('',#2761,1.);
#2761 = DIRECTION('',(-0.,1.));
#2762 = ( GEOMETRIC_REPRESENTATION_CONTEXT(2) 
PARAMETRIC_REPRESENTATION_CONTEXT() REPRESENTATION_CONTEXT('2D SPACE',''
  ) );
#2763 = ADVANCED_FACE('',(#2764),#2670,.T.);
#2764 = FACE_BOUND('',#2765,.T.);
#2765 = EDGE_LOOP('',(#2766,#2767,#2791,#2819,#2852,#2880,#2909,#2937));
#2766 = ORIENTED_EDGE('',*,*,#2647,.F.);
#2767 = ORIENTED_EDGE('',*,*,#2768,.T.);
#2768 = EDGE_CURVE('',#2648,#2769,#2771,.T.);
#2769 = VERTEX_POINT('',#2770);
#2770 = CARTESIAN_POINT('',(-8.5,-23.8,23.75));
#2771 = SURFACE_CURVE('',#2772,(#2777,#2784),.PCURVE_S1.);
#2772 = CIRCLE('',#2773,1.5);
#2773 = AXIS2_PLACEMENT_3D('',#2774,#2775,#2776);
#2774 = CARTESIAN_POINT('',(-8.5,-22.3,23.75));
#2775 = DIRECTION('',(0.,0.,1.));
#2776 = DIRECTION('',(0.,-1.,0.));
#2777 = PCURVE('',#2670,#2778);
#2778 = DEFINITIONAL_REPRESENTATION('',(#2779),#2783);
#2779 = CIRCLE('',#2780,1.5);
#2780 = AXIS2_PLACEMENT_2D('',#2781,#2782);
#2781 = CARTESIAN_POINT('',(1.5,1.5));
#2782 = DIRECTION('',(0.,-1.));
#2783 = ( GEOMETRIC_REPRESENTATION_CONTEXT(2) 
PARAMETRIC_REPRESENTATION_CONTEXT() REPRESENTATION_CONTEXT('2D SPACE',''
  ) );
#2784 = PCURVE('',#2698,#2785);
#2785 = DEFINITIONAL_REPRESENTATION('',(#2786),#2790);
#2786 = LINE('',#2787,#2788);
#2787 = CARTESIAN_POINT('',(-4.712388980385,47.5));
#2788 = VECTOR('',#2789,1.);
#2789 = DIRECTION('',(1.,0.));
#2790 = ( GEOMETRIC_REPRESENTATION_CONTEXT(2) 
PARAMETRIC_REPRESENTATION_CONTEXT() REPRESENTATION_CONTEXT('2D SPACE',''
  ) );
#2791 = ORIENTED_EDGE('',*,*,#2792,.T.);
#2792 = EDGE_CURVE('',#2769,#2793,#2795,.T.);
#2793 = VERTEX_POINT('',#2794);
#2794 = CARTESIAN_POINT('',(8.5,-23.8,23.75));
#2795 = SURFACE_CURVE('',#2796,(#2800,#2807),.PCURVE_S1.);
#2796 = LINE('',#2797,#2798);
#2797 = CARTESIAN_POINT('',(-10.,-23.8,23.75));
#2798 = VECTOR('',#2799,1.);
#2799 = DIRECTION('',(1.,0.,0.));
#2800 = PCURVE('',#2670,#2801);
#2801 = DEFINITIONAL_REPRESENTATION('',(#2802),#2806);
#2802 = LINE('',#2803,#2804);
#2803 = CARTESIAN_POINT('',(0.,0.));
#2804 = VECTOR('',#2805,1.);
#2805 = DIRECTION('',(1.,0.));
#2806 = ( GEOMETRIC_REPRESENTATION_CONTEXT(2) 
PARAMETRIC_REPRESENTATION_CONTEXT() REPRESENTATION_CONTEXT('2D SPACE',''
  ) );
#2807 = PCURVE('',#2808,#2813);
#2808 = PLANE('',#2809);
#2809 = AXIS2_PLACEMENT_3D('',#2810,#2811,#2812);
#2810 = CARTESIAN_POINT('',(-10.,-23.8,-23.75));
#2811 = DIRECTION('',(0.,1.,0.));
#2812 = DIRECTION('',(0.,0.,1.));
#2813 = DEFINITIONAL_REPRESENTATION('',(#2814),#2818);
#2814 = LINE('',#2815,#2816);
#2815 = CARTESIAN_POINT('',(47.5,0.));
#2816 = VECTOR('',#2817,1.);
#2817 = DIRECTION('',(0.,1.));
#2818 = ( GEOMETRIC_REPRESENTATION_CONTEXT(2) 
PARAMETRIC_REPRESENTATION_CONTEXT() REPRESENTATION_CONTEXT('2D SPACE',''
  ) );
#2819 = ORIENTED_EDGE('',*,*,#2820,.F.);
#2820 = EDGE_CURVE('',#2821,#2793,#2823,.T.);
#2821 = VERTEX_POINT('',#2822);
#2822 = CARTESIAN_POINT('',(10.,-22.3,23.75));
#2823 = SURFACE_CURVE('',#2824,(#2829,#2840),.PCURVE_S1.);
#2824 = CIRCLE('',#2825,1.5);
#2825 = AXIS2_PLACEMENT_3D('',#2826,#2827,#2828);
#2826 = CARTESIAN_POINT('',(8.5,-22.3,23.75));
#2827 = DIRECTION('',(-0.,-0.,-1.));
#2828 = DIRECTION('',(0.,-1.,0.));
#2829 = PCURVE('',#2670,#2830);
#2830 = DEFINITIONAL_REPRESENTATION('',(#2831),#2839);
#2831 = ( BOUNDED_CURVE() B_SPLINE_CURVE(2,(#2832,#2833,#2834,#2835,
#2836,#2837,#2838),.UNSPECIFIED.,.T.,.F.) B_SPLINE_CURVE_WITH_KNOTS((1,2
    ,2,2,2,1),(-2.094395102393,0.,2.094395102393,4.188790204786,
6.28318530718,8.377580409573),.UNSPECIFIED.) CURVE() 
GEOMETRIC_REPRESENTATION_ITEM() RATIONAL_B_SPLINE_CURVE((1.,0.5,1.,0.5,
1.,0.5,1.)) REPRESENTATION_ITEM('') );
#2832 = CARTESIAN_POINT('',(18.5,0.));
#2833 = CARTESIAN_POINT('',(15.901923788647,0.));
#2834 = CARTESIAN_POINT('',(17.200961894323,2.25));
#2835 = CARTESIAN_POINT('',(18.5,4.5));
#2836 = CARTESIAN_POINT('',(19.799038105677,2.25));
#2837 = CARTESIAN_POINT('',(21.098076211353,2.22044604925E-15));
#2838 = CARTESIAN_POINT('',(18.5,0.));
#2839 = ( GEOMETRIC_REPRESENTATION_CONTEXT(2) 
PARAMETRIC_REPRESENTATION_CONTEXT() REPRESENTATION_CONTEXT('2D SPACE',''
  ) );
#2840 = PCURVE('',#2841,#2846);
#2841 = CYLINDRICAL_SURFACE('',#2842,1.5);
#2842 = AXIS2_PLACEMENT_3D('',#2843,#2844,#2845);
#2843 = CARTESIAN_POINT('',(8.5,-22.3,-23.75));
#2844 = DIRECTION('',(0.,0.,1.));
#2845 = DIRECTION('',(1.,0.,-0.));
#2846 = DEFINITIONAL_REPRESENTATION('',(#2847),#2851);
#2847 = LINE('',#2848,#2849);
#2848 = CARTESIAN_POINT('',(4.712388980385,47.5));
#2849 = VECTOR('',#2850,1.);
#2850 = DIRECTION('',(-1.,0.));
#2851 = ( GEOMETRIC_REPRESENTATION_CONTEXT(2) 
PARAMETRIC_REPRESENTATION_CONTEXT() REPRESENTATION_CONTEXT('2D SPACE',''
  ) );
#2852 = ORIENTED_EDGE('',*,*,#2853,.T.);
#2853 = EDGE_CURVE('',#2821,#2854,#2856,.T.);
#2854 = VERTEX_POINT('',#2855);
#2855 = CARTESIAN_POINT('',(10.,22.3,23.75));
#2856 = SURFACE_CURVE('',#2857,(#2861,#2868),.PCURVE_S1.);
#2857 = LINE('',#2858,#2859);
#2858 = CARTESIAN_POINT('',(10.,-23.8,23.75));
#2859 = VECTOR('',#2860,1.);
#2860 = DIRECTION('',(0.,1.,0.));
#2861 = PCURVE('',#2670,#2862);
#2862 = DEFINITIONAL_REPRESENTATION('',(#2863),#2867);
#2863 = LINE('',#2864,#2865);
#2864 = CARTESIAN_POINT('',(20.,0.));
#2865 = VECTOR('',#2866,1.);
#2866 = DIRECTION('',(0.,1.));
#2867 = ( GEOMETRIC_REPRESENTATION_CONTEXT(2) 
PARAMETRIC_REPRESENTATION_CONTEXT() REPRESENTATION_CONTEXT('2D SPACE',''
  ) );
#2868 = PCURVE('',#2869,#2874);
#2869 = PLANE('',#2870);
#2870 = AXIS2_PLACEMENT_3D('',#2871,#2872,#2873);
#2871 = CARTESIAN_POINT('',(10.,-23.8,-23.75));
#2872 = DIRECTION('',(1.,0.,0.));
#2873 = DIRECTION('',(0.,0.,1.));
#2874 = DEFINITIONAL_REPRESENTATION('',(#2875),#2879);
#2875 = LINE('',#2876,#2877);
#2876 = CARTESIAN_POINT('',(47.5,0.));
#2877 = VECTOR('',#2878,1.);
#2878 = DIRECTION('',(0.,-1.));
#2879 = ( GEOMETRIC_REPRESENTATION_CONTEXT(2) 
PARAMETRIC_REPRESENTATION_CONTEXT() REPRESENTATION_CONTEXT('2D SPACE',''
  ) );
#2880 = ORIENTED_EDGE('',*,*,#2881,.T.);
#2881 = EDGE_CURVE('',#2854,#2882,#2884,.T.);
#2882 = VERTEX_POINT('',#2883);
#2883 = CARTESIAN_POINT('',(8.5,23.8,23.75));
#2884 = SURFACE_CURVE('',#2885,(#2890,#2897),.PCURVE_S1.);
#2885 = CIRCLE('',#2886,1.5);
#2886 = AXIS2_PLACEMENT_3D('',#2887,#2888,#2889);
#2887 = CARTESIAN_POINT('',(8.5,22.3,23.75));
#2888 = DIRECTION('',(0.,0.,1.));
#2889 = DIRECTION('',(0.,-1.,0.));
#2890 = PCURVE('',#2670,#2891);
#2891 = DEFINITIONAL_REPRESENTATION('',(#2892),#2896);
#2892 = CIRCLE('',#2893,1.5);
#2893 = AXIS2_PLACEMENT_2D('',#2894,#2895);
#2894 = CARTESIAN_POINT('',(18.5,46.1));
#2895 = DIRECTION('',(0.,-1.));
#2896 = ( GEOMETRIC_REPRESENTATION_CONTEXT(2) 
PARAMETRIC_REPRESENTATION_CONTEXT() REPRESENTATION_CONTEXT('2D SPACE',''
  ) );
#2897 = PCURVE('',#2898,#2903);
#2898 = CYLINDRICAL_SURFACE('',#2899,1.5);
#2899 = AXIS2_PLACEMENT_3D('',#2900,#2901,#2902);
#2900 = CARTESIAN_POINT('',(8.5,22.3,-23.75));
#2901 = DIRECTION('',(0.,0.,1.));
#2902 = DIRECTION('',(1.,0.,-0.));
#2903 = DEFINITIONAL_REPRESENTATION('',(#2904),#2908);
#2904 = LINE('',#2905,#2906);
#2905 = CARTESIAN_POINT('',(-1.570796326795,47.5));
#2906 = VECTOR('',#2907,1.);
#2907 = DIRECTION('',(1.,0.));
#2908 = ( GEOMETRIC_REPRESENTATION_CONTEXT(2) 
PARAMETRIC_REPRESENTATION_CONTEXT() REPRESENTATION_CONTEXT('2D SPACE',''
  ) );
#2909 = ORIENTED_EDGE('',*,*,#2910,.F.);
#2910 = EDGE_CURVE('',#2911,#2882,#2913,.T.);
#2911 = VERTEX_POINT('',#2912);
#2912 = CARTESIAN_POINT('',(-8.5,23.8,23.75));
#2913 = SURFACE_CURVE('',#2914,(#2918,#2925),.PCURVE_S1.);
#2914 = LINE('',#2915,#2916);
#2915 = CARTESIAN_POINT('',(-10.,23.8,23.75));
#2916 = VECTOR('',#2917,1.);
#2917 = DIRECTION('',(1.,0.,0.));
#2918 = PCURVE('',#2670,#2919);
#2919 = DEFINITIONAL_REPRESENTATION('',(#2920),#2924);
#2920 = LINE('',#2921,#2922);
#2921 = CARTESIAN_POINT('',(0.,47.6));
#2922 = VECTOR('',#2923,1.);
#2923 = DIRECTION('',(1.,0.));
#2924 = ( GEOMETRIC_REPRESENTATION_CONTEXT(2) 
PARAMETRIC_REPRESENTATION_CONTEXT() REPRESENTATION_CONTEXT('2D SPACE',''
  ) );
#2925 = PCURVE('',#2926,#2931);
#2926 = PLANE('',#2927);
#2927 = AXIS2_PLACEMENT_3D('',#2928,#2929,#2930);
#2928 = CARTESIAN_POINT('',(-10.,23.8,-23.75));
#2929 = DIRECTION('',(0.,1.,0.));
#2930 = DIRECTION('',(0.,0.,1.));
#2931 = DEFINITIONAL_REPRESENTATION('',(#2932),#2936);
#2932 = LINE('',#2933,#2934);
#2933 = CARTESIAN_POINT('',(47.5,0.));
#2934 = VECTOR('',#2935,1.);
#2935 = DIRECTION('',(0.,1.));
#2936 = ( GEOMETRIC_REPRESENTATION_CONTEXT(2) 
PARAMETRIC_REPRESENTATION_CONTEXT() REPRESENTATION_CONTEXT('2D SPACE',''
  ) );
#2937 = ORIENTED_EDGE('',*,*,#2938,.F.);
#2938 = EDGE_CURVE('',#2650,#2911,#2939,.T.);
#2939 = SURFACE_CURVE('',#2940,(#2945,#2956),.PCURVE_S1.);
#2940 = CIRCLE('',#2941,1.5);
#2941 = AXIS2_PLACEMENT_3D('',#2942,#2943,#2944);
#2942 = CARTESIAN_POINT('',(-8.5,22.3,23.75));
#2943 = DIRECTION('',(-0.,-0.,-1.));
#2944 = DIRECTION('',(0.,-1.,0.));
#2945 = PCURVE('',#2670,#2946);
#2946 = DEFINITIONAL_REPRESENTATION('',(#2947),#2955);
#2947 = ( BOUNDED_CURVE() B_SPLINE_CURVE(2,(#2948,#2949,#2950,#2951,
#2952,#2953,#2954),.UNSPECIFIED.,.T.,.F.) B_SPLINE_CURVE_WITH_KNOTS((1,2
    ,2,2,2,1),(-2.094395102393,0.,2.094395102393,4.188790204786,
6.28318530718,8.377580409573),.UNSPECIFIED.) CURVE() 
GEOMETRIC_REPRESENTATION_ITEM() RATIONAL_B_SPLINE_CURVE((1.,0.5,1.,0.5,
1.,0.5,1.)) REPRESENTATION_ITEM('') );
#2948 = CARTESIAN_POINT('',(1.5,44.6));
#2949 = CARTESIAN_POINT('',(-1.098076211353,44.6));
#2950 = CARTESIAN_POINT('',(0.200961894323,46.85));
#2951 = CARTESIAN_POINT('',(1.5,49.1));
#2952 = CARTESIAN_POINT('',(2.799038105677,46.85));
#2953 = CARTESIAN_POINT('',(4.098076211353,44.6));
#2954 = CARTESIAN_POINT('',(1.5,44.6));
#2955 = ( GEOMETRIC_REPRESENTATION_CONTEXT(2) 
PARAMETRIC_REPRESENTATION_CONTEXT() REPRESENTATION_CONTEXT('2D SPACE',''
  ) );
#2956 = PCURVE('',#2752,#2957);
#2957 = DEFINITIONAL_REPRESENTATION('',(#2958),#2962);
#2958 = LINE('',#2959,#2960);
#2959 = CARTESIAN_POINT('',(1.570796326795,47.5));
#2960 = VECTOR('',#2961,1.);
#2961 = DIRECTION('',(-1.,0.));
#2962 = ( GEOMETRIC_REPRESENTATION_CONTEXT(2) 
PARAMETRIC_REPRESENTATION_CONTEXT() REPRESENTATION_CONTEXT('2D SPACE',''
  ) );
#2963 = ADVANCED_FACE('',(#2964),#2698,.T.);
#2964 = FACE_BOUND('',#2965,.T.);
#2965 = EDGE_LOOP('',(#2966,#2990,#3011,#3012));
#2966 = ORIENTED_EDGE('',*,*,#2967,.T.);
#2967 = EDGE_CURVE('',#2683,#2968,#2970,.T.);
#2968 = VERTEX_POINT('',#2969);
#2969 = CARTESIAN_POINT('',(-8.5,-23.8,-23.75));
#2970 = SURFACE_CURVE('',#2971,(#2976,#2983),.PCURVE_S1.);
#2971 = CIRCLE('',#2972,1.5);
#2972 = AXIS2_PLACEMENT_3D('',#2973,#2974,#2975);
#2973 = CARTESIAN_POINT('',(-8.5,-22.3,-23.75));
#2974 = DIRECTION('',(0.,0.,1.));
#2975 = DIRECTION('',(0.,-1.,0.));
#2976 = PCURVE('',#2698,#2977);
#2977 = DEFINITIONAL_REPRESENTATION('',(#2978),#2982);
#2978 = LINE('',#2979,#2980);
#2979 = CARTESIAN_POINT('',(-4.712388980385,0.));
#2980 = VECTOR('',#2981,1.);
#2981 = DIRECTION('',(1.,0.));
#2982 = ( GEOMETRIC_REPRESENTATION_CONTEXT(2) 
PARAMETRIC_REPRESENTATION_CONTEXT() REPRESENTATION_CONTEXT('2D SPACE',''
  ) );
#2983 = PCURVE('',#2726,#2984);
#2984 = DEFINITIONAL_REPRESENTATION('',(#2985),#2989);
#2985 = CIRCLE('',#2986,1.5);
#2986 = AXIS2_PLACEMENT_2D('',#2987,#2988);
#2987 = CARTESIAN_POINT('',(1.5,1.5));
#2988 = DIRECTION('',(0.,-1.));
#2989 = ( GEOMETRIC_REPRESENTATION_CONTEXT(2) 
PARAMETRIC_REPRESENTATION_CONTEXT() REPRESENTATION_CONTEXT('2D SPACE',''
  ) );
#2990 = ORIENTED_EDGE('',*,*,#2991,.T.);
#2991 = EDGE_CURVE('',#2968,#2769,#2992,.T.);
#2992 = SURFACE_CURVE('',#2993,(#2997,#3004),.PCURVE_S1.);
#2993 = LINE('',#2994,#2995);
#2994 = CARTESIAN_POINT('',(-8.5,-23.8,-23.75));
#2995 = VECTOR('',#2996,1.);
#2996 = DIRECTION('',(0.,0.,1.));
#2997 = PCURVE('',#2698,#2998);
#2998 = DEFINITIONAL_REPRESENTATION('',(#2999),#3003);
#2999 = LINE('',#3000,#3001);
#3000 = CARTESIAN_POINT('',(1.570796326795,0.));
#3001 = VECTOR('',#3002,1.);
#3002 = DIRECTION('',(0.,1.));
#3003 = ( GEOMETRIC_REPRESENTATION_CONTEXT(2) 
PARAMETRIC_REPRESENTATION_CONTEXT() REPRESENTATION_CONTEXT('2D SPACE',''
  ) );
#3004 = PCURVE('',#2808,#3005);
#3005 = DEFINITIONAL_REPRESENTATION('',(#3006),#3010);
#3006 = LINE('',#3007,#3008);
#3007 = CARTESIAN_POINT('',(0.,1.5));
#3008 = VECTOR('',#3009,1.);
#3009 = DIRECTION('',(1.,0.));
#3010 = ( GEOMETRIC_REPRESENTATION_CONTEXT(2) 
PARAMETRIC_REPRESENTATION_CONTEXT() REPRESENTATION_CONTEXT('2D SPACE',''
  ) );
#3011 = ORIENTED_EDGE('',*,*,#2768,.F.);
#3012 = ORIENTED_EDGE('',*,*,#2682,.F.);
#3013 = ADVANCED_FACE('',(#3014),#2752,.T.);
#3014 = FACE_BOUND('',#3015,.F.);
#3015 = EDGE_LOOP('',(#3016,#3044,#3065,#3066));
#3016 = ORIENTED_EDGE('',*,*,#3017,.T.);
#3017 = EDGE_CURVE('',#2711,#3018,#3020,.T.);
#3018 = VERTEX_POINT('',#3019);
#3019 = CARTESIAN_POINT('',(-8.5,23.8,-23.75));
#3020 = SURFACE_CURVE('',#3021,(#3026,#3033),.PCURVE_S1.);
#3021 = CIRCLE('',#3022,1.5);
#3022 = AXIS2_PLACEMENT_3D('',#3023,#3024,#3025);
#3023 = CARTESIAN_POINT('',(-8.5,22.3,-23.75));
#3024 = DIRECTION('',(-0.,-0.,-1.));
#3025 = DIRECTION('',(0.,-1.,0.));
#3026 = PCURVE('',#2752,#3027);
#3027 = DEFINITIONAL_REPRESENTATION('',(#3028),#3032);
#3028 = LINE('',#3029,#3030);
#3029 = CARTESIAN_POINT('',(1.570796326795,-0.));
#3030 = VECTOR('',#3031,1.);
#3031 = DIRECTION('',(-1.,0.));
#3032 = ( GEOMETRIC_REPRESENTATION_CONTEXT(2) 
PARAMETRIC_REPRESENTATION_CONTEXT() REPRESENTATION_CONTEXT('2D SPACE',''
  ) );
#3033 = PCURVE('',#2726,#3034);
#3034 = DEFINITIONAL_REPRESENTATION('',(#3035),#3043);
#3035 = ( BOUNDED_CURVE() B_SPLINE_CURVE(2,(#3036,#3037,#3038,#3039,
#3040,#3041,#3042),.UNSPECIFIED.,.T.,.F.) B_SPLINE_CURVE_WITH_KNOTS((1,2
    ,2,2,2,1),(-2.094395102393,0.,2.094395102393,4.188790204786,
6.28318530718,8.377580409573),.UNSPECIFIED.) CURVE() 
GEOMETRIC_REPRESENTATION_ITEM() RATIONAL_B_SPLINE_CURVE((1.,0.5,1.,0.5,
1.,0.5,1.)) REPRESENTATION_ITEM('') );
#3036 = CARTESIAN_POINT('',(1.5,44.6));
#3037 = CARTESIAN_POINT('',(-1.098076211353,44.6));
#3038 = CARTESIAN_POINT('',(0.200961894323,46.85));
#3039 = CARTESIAN_POINT('',(1.5,49.1));
#3040 = CARTESIAN_POINT('',(2.799038105677,46.85));
#3041 = CARTESIAN_POINT('',(4.098076211353,44.6));
#3042 = CARTESIAN_POINT('',(1.5,44.6));
#3043 = ( GEOMETRIC_REPRESENTATION_CONTEXT(2) 
PARAMETRIC_REPRESENTATION_CONTEXT() REPRESENTATION_CONTEXT('2D SPACE',''
  ) );
#3044 = ORIENTED_EDGE('',*,*,#3045,.T.);
#3045 = EDGE_CURVE('',#3018,#2911,#3046,.T.);
#3046 = SURFACE_CURVE('',#3047,(#3051,#3058),.PCURVE_S1.);
#3047 = LINE('',#3048,#3049);
#3048 = CARTESIAN_POINT('',(-8.5,23.8,-23.75));
#3049 = VECTOR('',#3050,1.);
#3050 = DIRECTION('',(0.,0.,1.));
#3051 = PCURVE('',#2752,#3052);
#3052 = DEFINITIONAL_REPRESENTATION('',(#3053),#3057);
#3053 = LINE('',#3054,#3055);
#3054 = CARTESIAN_POINT('',(-1.570796326795,0.));
#3055 = VECTOR('',#3056,1.);
#3056 = DIRECTION('',(-0.,1.));
#3057 = ( GEOMETRIC_REPRESENTATION_CONTEXT(2) 
PARAMETRIC_REPRESENTATION_CONTEXT() REPRESENTATION_CONTEXT('2D SPACE',''
  ) );
#3058 = PCURVE('',#2926,#3059);
#3059 = DEFINITIONAL_REPRESENTATION('',(#3060),#3064);
#3060 = LINE('',#3061,#3062);
#3061 = CARTESIAN_POINT('',(0.,1.5));
#3062 = VECTOR('',#3063,1.);
#3063 = DIRECTION('',(1.,0.));
#3064 = ( GEOMETRIC_REPRESENTATION_CONTEXT(2) 
PARAMETRIC_REPRESENTATION_CONTEXT() REPRESENTATION_CONTEXT('2D SPACE',''
  ) );
#3065 = ORIENTED_EDGE('',*,*,#2938,.F.);
#3066 = ORIENTED_EDGE('',*,*,#2738,.F.);
#3067 = ADVANCED_FACE('',(#3068),#2726,.F.);
#3068 = FACE_BOUND('',#3069,.F.);
#3069 = EDGE_LOOP('',(#3070,#3071,#3072,#3095,#3123,#3146,#3170,#3191));
#3070 = ORIENTED_EDGE('',*,*,#2710,.F.);
#3071 = ORIENTED_EDGE('',*,*,#2967,.T.);
#3072 = ORIENTED_EDGE('',*,*,#3073,.T.);
#3073 = EDGE_CURVE('',#2968,#3074,#3076,.T.);
#3074 = VERTEX_POINT('',#3075);
#3075 = CARTESIAN_POINT('',(8.5,-23.8,-23.75));
#3076 = SURFACE_CURVE('',#3077,(#3081,#3088),.PCURVE_S1.);
#3077 = LINE('',#3078,#3079);
#3078 = CARTESIAN_POINT('',(-10.,-23.8,-23.75));
#3079 = VECTOR('',#3080,1.);
#3080 = DIRECTION('',(1.,0.,0.));
#3081 = PCURVE('',#2726,#3082);
#3082 = DEFINITIONAL_REPRESENTATION('',(#3083),#3087);
#3083 = LINE('',#3084,#3085);
#3084 = CARTESIAN_POINT('',(0.,0.));
#3085 = VECTOR('',#3086,1.);
#3086 = DIRECTION('',(1.,0.));
#3087 = ( GEOMETRIC_REPRESENTATION_CONTEXT(2) 
PARAMETRIC_REPRESENTATION_CONTEXT() REPRESENTATION_CONTEXT('2D SPACE',''
  ) );
#3088 = PCURVE('',#2808,#3089);
#3089 = DEFINITIONAL_REPRESENTATION('',(#3090),#3094);
#3090 = LINE('',#3091,#3092);
#3091 = CARTESIAN_POINT('',(0.,0.));
#3092 = VECTOR('',#3093,1.);
#3093 = DIRECTION('',(0.,1.));
#3094 = ( GEOMETRIC_REPRESENTATION_CONTEXT(2) 
PARAMETRIC_REPRESENTATION_CONTEXT() REPRESENTATION_CONTEXT('2D SPACE',''
  ) );
#3095 = ORIENTED_EDGE('',*,*,#3096,.F.);
#3096 = EDGE_CURVE('',#3097,#3074,#3099,.T.);
#3097 = VERTEX_POINT('',#3098);
#3098 = CARTESIAN_POINT('',(10.,-22.3,-23.75));
#3099 = SURFACE_CURVE('',#3100,(#3105,#3116),.PCURVE_S1.);
#3100 = CIRCLE('',#3101,1.5);
#3101 = AXIS2_PLACEMENT_3D('',#3102,#3103,#3104);
#3102 = CARTESIAN_POINT('',(8.5,-22.3,-23.75));
#3103 = DIRECTION('',(-0.,-0.,-1.));
#3104 = DIRECTION('',(0.,-1.,0.));
#3105 = PCURVE('',#2726,#3106);
#3106 = DEFINITIONAL_REPRESENTATION('',(#3107),#3115);
#3107 = ( BOUNDED_CURVE() B_SPLINE_CURVE(2,(#3108,#3109,#3110,#3111,
#3112,#3113,#3114),.UNSPECIFIED.,.T.,.F.) B_SPLINE_CURVE_WITH_KNOTS((1,2
    ,2,2,2,1),(-2.094395102393,0.,2.094395102393,4.188790204786,
6.28318530718,8.377580409573),.UNSPECIFIED.) CURVE() 
GEOMETRIC_REPRESENTATION_ITEM() RATIONAL_B_SPLINE_CURVE((1.,0.5,1.,0.5,
1.,0.5,1.)) REPRESENTATION_ITEM('') );
#3108 = CARTESIAN_POINT('',(18.5,0.));
#3109 = CARTESIAN_POINT('',(15.901923788647,0.));
#3110 = CARTESIAN_POINT('',(17.200961894323,2.25));
#3111 = CARTESIAN_POINT('',(18.5,4.5));
#3112 = CARTESIAN_POINT('',(19.799038105677,2.25));
#3113 = CARTESIAN_POINT('',(21.098076211353,2.22044604925E-15));
#3114 = CARTESIAN_POINT('',(18.5,0.));
#3115 = ( GEOMETRIC_REPRESENTATION_CONTEXT(2) 
PARAMETRIC_REPRESENTATION_CONTEXT() REPRESENTATION_CONTEXT('2D SPACE',''
  ) );
#3116 = PCURVE('',#2841,#3117);
#3117 = DEFINITIONAL_REPRESENTATION('',(#3118),#3122);
#3118 = LINE('',#3119,#3120);
#3119 = CARTESIAN_POINT('',(4.712388980385,-0.));
#3120 = VECTOR('',#3121,1.);
#3121 = DIRECTION('',(-1.,0.));
#3122 = ( GEOMETRIC_REPRESENTATION_CONTEXT(2) 
PARAMETRIC_REPRESENTATION_CONTEXT() REPRESENTATION_CONTEXT('2D SPACE',''
  ) );
#3123 = ORIENTED_EDGE('',*,*,#3124,.T.);
#3124 = EDGE_CURVE('',#3097,#3125,#3127,.T.);
#3125 = VERTEX_POINT('',#3126);
#3126 = CARTESIAN_POINT('',(10.,22.3,-23.75));
#3127 = SURFACE_CURVE('',#3128,(#3132,#3139),.PCURVE_S1.);
#3128 = LINE('',#3129,#3130);
#3129 = CARTESIAN_POINT('',(10.,-23.8,-23.75));
#3130 = VECTOR('',#3131,1.);
#3131 = DIRECTION('',(0.,1.,0.));
#3132 = PCURVE('',#2726,#3133);
#3133 = DEFINITIONAL_REPRESENTATION('',(#3134),#3138);
#3134 = LINE('',#3135,#3136);
#3135 = CARTESIAN_POINT('',(20.,0.));
#3136 = VECTOR('',#3137,1.);
#3137 = DIRECTION('',(0.,1.));
#3138 = ( GEOMETRIC_REPRESENTATION_CONTEXT(2) 
PARAMETRIC_REPRESENTATION_CONTEXT() REPRESENTATION_CONTEXT('2D SPACE',''
  ) );
#3139 = PCURVE('',#2869,#3140);
#3140 = DEFINITIONAL_REPRESENTATION('',(#3141),#3145);
#3141 = LINE('',#3142,#3143);
#3142 = CARTESIAN_POINT('',(0.,0.));
#3143 = VECTOR('',#3144,1.);
#3144 = DIRECTION('',(0.,-1.));
#3145 = ( GEOMETRIC_REPRESENTATION_CONTEXT(2) 
PARAMETRIC_REPRESENTATION_CONTEXT() REPRESENTATION_CONTEXT('2D SPACE',''
  ) );
#3146 = ORIENTED_EDGE('',*,*,#3147,.T.);
#3147 = EDGE_CURVE('',#3125,#3148,#3150,.T.);
#3148 = VERTEX_POINT('',#3149);
#3149 = CARTESIAN_POINT('',(8.5,23.8,-23.75));
#3150 = SURFACE_CURVE('',#3151,(#3156,#3163),.PCURVE_S1.);
#3151 = CIRCLE('',#3152,1.5);
#3152 = AXIS2_PLACEMENT_3D('',#3153,#3154,#3155);
#3153 = CARTESIAN_POINT('',(8.5,22.3,-23.75));
#3154 = DIRECTION('',(0.,0.,1.));
#3155 = DIRECTION('',(0.,-1.,0.));
#3156 = PCURVE('',#2726,#3157);
#3157 = DEFINITIONAL_REPRESENTATION('',(#3158),#3162);
#3158 = CIRCLE('',#3159,1.5);
#3159 = AXIS2_PLACEMENT_2D('',#3160,#3161);
#3160 = CARTESIAN_POINT('',(18.5,46.1));
#3161 = DIRECTION('',(0.,-1.));
#3162 = ( GEOMETRIC_REPRESENTATION_CONTEXT(2) 
PARAMETRIC_REPRESENTATION_CONTEXT() REPRESENTATION_CONTEXT('2D SPACE',''
  ) );
#3163 = PCURVE('',#2898,#3164);
#3164 = DEFINITIONAL_REPRESENTATION('',(#3165),#3169);
#3165 = LINE('',#3166,#3167);
#3166 = CARTESIAN_POINT('',(-1.570796326795,0.));
#3167 = VECTOR('',#3168,1.);
#3168 = DIRECTION('',(1.,0.));
#3169 = ( GEOMETRIC_REPRESENTATION_CONTEXT(2) 
PARAMETRIC_REPRESENTATION_CONTEXT() REPRESENTATION_CONTEXT('2D SPACE',''
  ) );
#3170 = ORIENTED_EDGE('',*,*,#3171,.F.);
#3171 = EDGE_CURVE('',#3018,#3148,#3172,.T.);
#3172 = SURFACE_CURVE('',#3173,(#3177,#3184),.PCURVE_S1.);
#3173 = LINE('',#3174,#3175);
#3174 = CARTESIAN_POINT('',(-10.,23.8,-23.75));
#3175 = VECTOR('',#3176,1.);
#3176 = DIRECTION('',(1.,0.,0.));
#3177 = PCURVE('',#2726,#3178);
#3178 = DEFINITIONAL_REPRESENTATION('',(#3179),#3183);
#3179 = LINE('',#3180,#3181);
#3180 = CARTESIAN_POINT('',(0.,47.6));
#3181 = VECTOR('',#3182,1.);
#3182 = DIRECTION('',(1.,0.));
#3183 = ( GEOMETRIC_REPRESENTATION_CONTEXT(2) 
PARAMETRIC_REPRESENTATION_CONTEXT() REPRESENTATION_CONTEXT('2D SPACE',''
  ) );
#3184 = PCURVE('',#2926,#3185);
#3185 = DEFINITIONAL_REPRESENTATION('',(#3186),#3190);
#3186 = LINE('',#3187,#3188);
#3187 = CARTESIAN_POINT('',(0.,0.));
#3188 = VECTOR('',#3189,1.);
#3189 = DIRECTION('',(0.,1.));
#3190 = ( GEOMETRIC_REPRESENTATION_CONTEXT(2) 
PARAMETRIC_REPRESENTATION_CONTEXT() REPRESENTATION_CONTEXT('2D SPACE',''
  ) );
#3191 = ORIENTED_EDGE('',*,*,#3017,.F.);
#3192 = ADVANCED_FACE('',(#3193),#2808,.F.);
#3193 = FACE_BOUND('',#3194,.F.);
#3194 = EDGE_LOOP('',(#3195,#3196,#3197,#3198));
#3195 = ORIENTED_EDGE('',*,*,#3073,.F.);
#3196 = ORIENTED_EDGE('',*,*,#2991,.T.);
#3197 = ORIENTED_EDGE('',*,*,#2792,.T.);
#3198 = ORIENTED_EDGE('',*,*,#3199,.F.);
#3199 = EDGE_CURVE('',#3074,#2793,#3200,.T.);
#3200 = SURFACE_CURVE('',#3201,(#3205,#3212),.PCURVE_S1.);
#3201 = LINE('',#3202,#3203);
#3202 = CARTESIAN_POINT('',(8.5,-23.8,-23.75));
#3203 = VECTOR('',#3204,1.);
#3204 = DIRECTION('',(0.,0.,1.));
#3205 = PCURVE('',#2808,#3206);
#3206 = DEFINITIONAL_REPRESENTATION('',(#3207),#3211);
#3207 = LINE('',#3208,#3209);
#3208 = CARTESIAN_POINT('',(0.,18.5));
#3209 = VECTOR('',#3210,1.);
#3210 = DIRECTION('',(1.,0.));
#3211 = ( GEOMETRIC_REPRESENTATION_CONTEXT(2) 
PARAMETRIC_REPRESENTATION_CONTEXT() REPRESENTATION_CONTEXT('2D SPACE',''
  ) );
#3212 = PCURVE('',#2841,#3213);
#3213 = DEFINITIONAL_REPRESENTATION('',(#3214),#3218);
#3214 = LINE('',#3215,#3216);
#3215 = CARTESIAN_POINT('',(-1.570796326795,0.));
#3216 = VECTOR('',#3217,1.);
#3217 = DIRECTION('',(-0.,1.));
#3218 = ( GEOMETRIC_REPRESENTATION_CONTEXT(2) 
PARAMETRIC_REPRESENTATION_CONTEXT() REPRESENTATION_CONTEXT('2D SPACE',''
  ) );
#3219 = ADVANCED_FACE('',(#3220),#2926,.T.);
#3220 = FACE_BOUND('',#3221,.T.);
#3221 = EDGE_LOOP('',(#3222,#3223,#3224,#3225));
#3222 = ORIENTED_EDGE('',*,*,#3171,.F.);
#3223 = ORIENTED_EDGE('',*,*,#3045,.T.);
#3224 = ORIENTED_EDGE('',*,*,#2910,.T.);
#3225 = ORIENTED_EDGE('',*,*,#3226,.F.);
#3226 = EDGE_CURVE('',#3148,#2882,#3227,.T.);
#3227 = SURFACE_CURVE('',#3228,(#3232,#3239),.PCURVE_S1.);
#3228 = LINE('',#3229,#3230);
#3229 = CARTESIAN_POINT('',(8.5,23.8,-23.75));
#3230 = VECTOR('',#3231,1.);
#3231 = DIRECTION('',(0.,0.,1.));
#3232 = PCURVE('',#2926,#3233);
#3233 = DEFINITIONAL_REPRESENTATION('',(#3234),#3238);
#3234 = LINE('',#3235,#3236);
#3235 = CARTESIAN_POINT('',(0.,18.5));
#3236 = VECTOR('',#3237,1.);
#3237 = DIRECTION('',(1.,0.));
#3238 = ( GEOMETRIC_REPRESENTATION_CONTEXT(2) 
PARAMETRIC_REPRESENTATION_CONTEXT() REPRESENTATION_CONTEXT('2D SPACE',''
  ) );
#3239 = PCURVE('',#2898,#3240);
#3240 = DEFINITIONAL_REPRESENTATION('',(#3241),#3245);
#3241 = LINE('',#3242,#3243);
#3242 = CARTESIAN_POINT('',(1.570796326795,0.));
#3243 = VECTOR('',#3244,1.);
#3244 = DIRECTION('',(0.,1.));
#3245 = ( GEOMETRIC_REPRESENTATION_CONTEXT(2) 
PARAMETRIC_REPRESENTATION_CONTEXT() REPRESENTATION_CONTEXT('2D SPACE',''
  ) );
#3246 = ADVANCED_FACE('',(#3247),#2841,.T.);
#3247 = FACE_BOUND('',#3248,.F.);
#3248 = EDGE_LOOP('',(#3249,#3250,#3251,#3252));
#3249 = ORIENTED_EDGE('',*,*,#3096,.T.);
#3250 = ORIENTED_EDGE('',*,*,#3199,.T.);
#3251 = ORIENTED_EDGE('',*,*,#2820,.F.);
#3252 = ORIENTED_EDGE('',*,*,#3253,.F.);
#3253 = EDGE_CURVE('',#3097,#2821,#3254,.T.);
#3254 = SURFACE_CURVE('',#3255,(#3259,#3266),.PCURVE_S1.);
#3255 = LINE('',#3256,#3257);
#3256 = CARTESIAN_POINT('',(10.,-22.3,-23.75));
#3257 = VECTOR('',#3258,1.);
#3258 = DIRECTION('',(0.,0.,1.));
#3259 = PCURVE('',#2841,#3260);
#3260 = DEFINITIONAL_REPRESENTATION('',(#3261),#3265);
#3261 = LINE('',#3262,#3263);
#3262 = CARTESIAN_POINT('',(-0.,0.));
#3263 = VECTOR('',#3264,1.);
#3264 = DIRECTION('',(-0.,1.));
#3265 = ( GEOMETRIC_REPRESENTATION_CONTEXT(2) 
PARAMETRIC_REPRESENTATION_CONTEXT() REPRESENTATION_CONTEXT('2D SPACE',''
  ) );
#3266 = PCURVE('',#2869,#3267);
#3267 = DEFINITIONAL_REPRESENTATION('',(#3268),#3272);
#3268 = LINE('',#3269,#3270);
#3269 = CARTESIAN_POINT('',(0.,-1.5));
#3270 = VECTOR('',#3271,1.);
#3271 = DIRECTION('',(1.,0.));
#3272 = ( GEOMETRIC_REPRESENTATION_CONTEXT(2) 
PARAMETRIC_REPRESENTATION_CONTEXT() REPRESENTATION_CONTEXT('2D SPACE',''
  ) );
#3273 = ADVANCED_FACE('',(#3274),#2898,.T.);
#3274 = FACE_BOUND('',#3275,.T.);
#3275 = EDGE_LOOP('',(#3276,#3277,#3278,#3279));
#3276 = ORIENTED_EDGE('',*,*,#3147,.T.);
#3277 = ORIENTED_EDGE('',*,*,#3226,.T.);
#3278 = ORIENTED_EDGE('',*,*,#2881,.F.);
#3279 = ORIENTED_EDGE('',*,*,#3280,.F.);
#3280 = EDGE_CURVE('',#3125,#2854,#3281,.T.);
#3281 = SURFACE_CURVE('',#3282,(#3286,#3293),.PCURVE_S1.);
#3282 = LINE('',#3283,#3284);
#3283 = CARTESIAN_POINT('',(10.,22.3,-23.75));
#3284 = VECTOR('',#3285,1.);
#3285 = DIRECTION('',(0.,0.,1.));
#3286 = PCURVE('',#2898,#3287);
#3287 = DEFINITIONAL_REPRESENTATION('',(#3288),#3292);
#3288 = LINE('',#3289,#3290);
#3289 = CARTESIAN_POINT('',(0.,0.));
#3290 = VECTOR('',#3291,1.);
#3291 = DIRECTION('',(0.,1.));
#3292 = ( GEOMETRIC_REPRESENTATION_CONTEXT(2) 
PARAMETRIC_REPRESENTATION_CONTEXT() REPRESENTATION_CONTEXT('2D SPACE',''
  ) );
#3293 = PCURVE('',#2869,#3294);
#3294 = DEFINITIONAL_REPRESENTATION('',(#3295),#3299);
#3295 = LINE('',#3296,#3297);
#3296 = CARTESIAN_POINT('',(0.,-46.1));
#3297 = VECTOR('',#3298,1.);
#3298 = DIRECTION('',(1.,0.));
#3299 = ( GEOMETRIC_REPRESENTATION_CONTEXT(2) 
PARAMETRIC_REPRESENTATION_CONTEXT() REPRESENTATION_CONTEXT('2D SPACE',''
  ) );
#3300 = ADVANCED_FACE('',(#3301),#2869,.T.);
#3301 = FACE_BOUND('',#3302,.T.);
#3302 = EDGE_LOOP('',(#3303,#3304,#3305,#3306));
#3303 = ORIENTED_EDGE('',*,*,#2853,.F.);
#3304 = ORIENTED_EDGE('',*,*,#3253,.F.);
#3305 = ORIENTED_EDGE('',*,*,#3124,.T.);
#3306 = ORIENTED_EDGE('',*,*,#3280,.T.);
#3307 = ( GEOMETRIC_REPRESENTATION_CONTEXT(3) 
GLOBAL_UNCERTAINTY_ASSIGNED_CONTEXT((#3311)) 
GLOBAL_UNIT_ASSIGNED_CONTEXT((#3308,#3309,#3310)) REPRESENTATION_CONTEXT
('Context #1','3D Context with UNIT and UNCERTAINTY') );
#3308 = ( LENGTH_UNIT() NAMED_UNIT(*) SI_UNIT(.MILLI.,.METRE.) );
#3309 = ( NAMED_UNIT(*) PLANE_ANGLE_UNIT() SI_UNIT($,.RADIAN.) );
#3310 = ( NAMED_UNIT(*) SI_UNIT($,.STERADIAN.) SOLID_ANGLE_UNIT() );
#3311 = UNCERTAINTY_MEASURE_WITH_UNIT(LENGTH_MEASURE(1.E-07),#3308,
  'distance_accuracy_value','confusion accuracy');
#3312 = CONTEXT_DEPENDENT_SHAPE_REPRESENTATION(#3313,#3315);
#3313 = ( REPRESENTATION_RELATIONSHIP('','',#2640,#10) 
REPRESENTATION_RELATIONSHIP_WITH_TRANSFORMATION(#3314) 
SHAPE_REPRESENTATION_RELATIONSHIP() );
#3314 = ITEM_DEFINED_TRANSFORMATION('','',#11,#23);
#3315 = PRODUCT_DEFINITION_SHAPE('Placement','Placement of an item',
  #3316);
#3316 = NEXT_ASSEMBLY_USAGE_OCCURRENCE('3','SY5_SV_2_SY5420-5LZ-01','',
  #5,#2635,$);
#3317 = PRODUCT_RELATED_PRODUCT_CATEGORY('part',$,(#2637));
#3318 = SHAPE_DEFINITION_REPRESENTATION(#3319,#3325);
#3319 = PRODUCT_DEFINITION_SHAPE('','',#3320);
#3320 = PRODUCT_DEFINITION('design','',#3321,#3324);
#3321 = PRODUCT_DEFINITION_FORMATION('','',#3322);
#3322 = PRODUCT('SY5_SV_3_SY5420-5LZ-01','SY5_SV_3_SY5420-5LZ-01','',(
    #3323));
#3323 = PRODUCT_CONTEXT('',#2,'mechanical');
#3324 = PRODUCT_DEFINITION_CONTEXT('part definition',#2,'design');
#3325 = ADVANCED_BREP_SHAPE_REPRESENTATION('',(#11,#3326),#3992);
#3326 = MANIFOLD_SOLID_BREP('',#3327);
#3327 = CLOSED_SHELL('',(#3328,#3448,#3648,#3698,#3752,#3877,#3904,#3931
    ,#3958,#3985));
#3328 = ADVANCED_FACE('',(#3329),#3343,.F.);
#3329 = FACE_BOUND('',#3330,.F.);
#3330 = EDGE_LOOP('',(#3331,#3366,#3394,#3422));
#3331 = ORIENTED_EDGE('',*,*,#3332,.F.);
#3332 = EDGE_CURVE('',#3333,#3335,#3337,.T.);
#3333 = VERTEX_POINT('',#3334);
#3334 = CARTESIAN_POINT('',(-10.,-22.3,23.75));
#3335 = VERTEX_POINT('',#3336);
#3336 = CARTESIAN_POINT('',(-10.,22.3,23.75));
#3337 = SURFACE_CURVE('',#3338,(#3342,#3354),.PCURVE_S1.);
#3338 = LINE('',#3339,#3340);
#3339 = CARTESIAN_POINT('',(-10.,-23.8,23.75));
#3340 = VECTOR('',#3341,1.);
#3341 = DIRECTION('',(0.,1.,0.));
#3342 = PCURVE('',#3343,#3348);
#3343 = PLANE('',#3344);
#3344 = AXIS2_PLACEMENT_3D('',#3345,#3346,#3347);
#3345 = CARTESIAN_POINT('',(-10.,-23.8,-23.75));
#3346 = DIRECTION('',(1.,0.,0.));
#3347 = DIRECTION('',(0.,0.,1.));
#3348 = DEFINITIONAL_REPRESENTATION('',(#3349),#3353);
#3349 = LINE('',#3350,#3351);
#3350 = CARTESIAN_POINT('',(47.5,0.));
#3351 = VECTOR('',#3352,1.);
#3352 = DIRECTION('',(0.,-1.));
#3353 = ( GEOMETRIC_REPRESENTATION_CONTEXT(2) 
PARAMETRIC_REPRESENTATION_CONTEXT() REPRESENTATION_CONTEXT('2D SPACE',''
  ) );
#3354 = PCURVE('',#3355,#3360);
#3355 = PLANE('',#3356);
#3356 = AXIS2_PLACEMENT_3D('',#3357,#3358,#3359);
#3357 = CARTESIAN_POINT('',(-10.,-23.8,23.75));
#3358 = DIRECTION('',(0.,0.,1.));
#3359 = DIRECTION('',(1.,0.,0.));
#3360 = DEFINITIONAL_REPRESENTATION('',(#3361),#3365);
#3361 = LINE('',#3362,#3363);
#3362 = CARTESIAN_POINT('',(0.,0.));
#3363 = VECTOR('',#3364,1.);
#3364 = DIRECTION('',(0.,1.));
#3365 = ( GEOMETRIC_REPRESENTATION_CONTEXT(2) 
PARAMETRIC_REPRESENTATION_CONTEXT() REPRESENTATION_CONTEXT('2D SPACE',''
  ) );
#3366 = ORIENTED_EDGE('',*,*,#3367,.F.);
#3367 = EDGE_CURVE('',#3368,#3333,#3370,.T.);
#3368 = VERTEX_POINT('',#3369);
#3369 = CARTESIAN_POINT('',(-10.,-22.3,-23.75));
#3370 = SURFACE_CURVE('',#3371,(#3375,#3382),.PCURVE_S1.);
#3371 = LINE('',#3372,#3373);
#3372 = CARTESIAN_POINT('',(-10.,-22.3,-23.75));
#3373 = VECTOR('',#3374,1.);
#3374 = DIRECTION('',(0.,0.,1.));
#3375 = PCURVE('',#3343,#3376);
#3376 = DEFINITIONAL_REPRESENTATION('',(#3377),#3381);
#3377 = LINE('',#3378,#3379);
#3378 = CARTESIAN_POINT('',(0.,-1.5));
#3379 = VECTOR('',#3380,1.);
#3380 = DIRECTION('',(1.,0.));
#3381 = ( GEOMETRIC_REPRESENTATION_CONTEXT(2) 
PARAMETRIC_REPRESENTATION_CONTEXT() REPRESENTATION_CONTEXT('2D SPACE',''
  ) );
#3382 = PCURVE('',#3383,#3388);
#3383 = CYLINDRICAL_SURFACE('',#3384,1.5);
#3384 = AXIS2_PLACEMENT_3D('',#3385,#3386,#3387);
#3385 = CARTESIAN_POINT('',(-8.5,-22.3,-23.75));
#3386 = DIRECTION('',(0.,0.,1.));
#3387 = DIRECTION('',(-1.,-0.,0.));
#3388 = DEFINITIONAL_REPRESENTATION('',(#3389),#3393);
#3389 = LINE('',#3390,#3391);
#3390 = CARTESIAN_POINT('',(0.,0.));
#3391 = VECTOR('',#3392,1.);
#3392 = DIRECTION('',(0.,1.));
#3393 = ( GEOMETRIC_REPRESENTATION_CONTEXT(2) 
PARAMETRIC_REPRESENTATION_CONTEXT() REPRESENTATION_CONTEXT('2D SPACE',''
  ) );
#3394 = ORIENTED_EDGE('',*,*,#3395,.T.);
#3395 = EDGE_CURVE('',#3368,#3396,#3398,.T.);
#3396 = VERTEX_POINT('',#3397);
#3397 = CARTESIAN_POINT('',(-10.,22.3,-23.75));
#3398 = SURFACE_CURVE('',#3399,(#3403,#3410),.PCURVE_S1.);
#3399 = LINE('',#3400,#3401);
#3400 = CARTESIAN_POINT('',(-10.,-23.8,-23.75));
#3401 = VECTOR('',#3402,1.);
#3402 = DIRECTION('',(0.,1.,0.));
#3403 = PCURVE('',#3343,#3404);
#3404 = DEFINITIONAL_REPRESENTATION('',(#3405),#3409);
#3405 = LINE('',#3406,#3407);
#3406 = CARTESIAN_POINT('',(0.,0.));
#3407 = VECTOR('',#3408,1.);
#3408 = DIRECTION('',(0.,-1.));
#3409 = ( GEOMETRIC_REPRESENTATION_CONTEXT(2) 
PARAMETRIC_REPRESENTATION_CONTEXT() REPRESENTATION_CONTEXT('2D SPACE',''
  ) );
#3410 = PCURVE('',#3411,#3416);
#3411 = PLANE('',#3412);
#3412 = AXIS2_PLACEMENT_3D('',#3413,#3414,#3415);
#3413 = CARTESIAN_POINT('',(-10.,-23.8,-23.75));
#3414 = DIRECTION('',(0.,0.,1.));
#3415 = DIRECTION('',(1.,0.,0.));
#3416 = DEFINITIONAL_REPRESENTATION('',(#3417),#3421);
#3417 = LINE('',#3418,#3419);
#3418 = CARTESIAN_POINT('',(0.,0.));
#3419 = VECTOR('',#3420,1.);
#3420 = DIRECTION('',(0.,1.));
#3421 = ( GEOMETRIC_REPRESENTATION_CONTEXT(2) 
PARAMETRIC_REPRESENTATION_CONTEXT() REPRESENTATION_CONTEXT('2D SPACE',''
  ) );
#3422 = ORIENTED_EDGE('',*,*,#3423,.T.);
#3423 = EDGE_CURVE('',#3396,#3335,#3424,.T.);
#3424 = SURFACE_CURVE('',#3425,(#3429,#3436),.PCURVE_S1.);
#3425 = LINE('',#3426,#3427);
#3426 = CARTESIAN_POINT('',(-10.,22.3,-23.75));
#3427 = VECTOR('',#3428,1.);
#3428 = DIRECTION('',(0.,0.,1.));
#3429 = PCURVE('',#3343,#3430);
#3430 = DEFINITIONAL_REPRESENTATION('',(#3431),#3435);
#3431 = LINE('',#3432,#3433);
#3432 = CARTESIAN_POINT('',(0.,-46.1));
#3433 = VECTOR('',#3434,1.);
#3434 = DIRECTION('',(1.,0.));
#3435 = ( GEOMETRIC_REPRESENTATION_CONTEXT(2) 
PARAMETRIC_REPRESENTATION_CONTEXT() REPRESENTATION_CONTEXT('2D SPACE',''
  ) );
#3436 = PCURVE('',#3437,#3442);
#3437 = CYLINDRICAL_SURFACE('',#3438,1.5);
#3438 = AXIS2_PLACEMENT_3D('',#3439,#3440,#3441);
#3439 = CARTESIAN_POINT('',(-8.5,22.3,-23.75));
#3440 = DIRECTION('',(0.,0.,1.));
#3441 = DIRECTION('',(-1.,-0.,0.));
#3442 = DEFINITIONAL_REPRESENTATION('',(#3443),#3447);
#3443 = LINE('',#3444,#3445);
#3444 = CARTESIAN_POINT('',(-0.,0.));
#3445 = VECTOR('',#3446,1.);
#3446 = DIRECTION('',(-0.,1.));
#3447 = ( GEOMETRIC_REPRESENTATION_CONTEXT(2) 
PARAMETRIC_REPRESENTATION_CONTEXT() REPRESENTATION_CONTEXT('2D SPACE',''
  ) );
#3448 = ADVANCED_FACE('',(#3449),#3355,.T.);
#3449 = FACE_BOUND('',#3450,.T.);
#3450 = EDGE_LOOP('',(#3451,#3452,#3476,#3504,#3537,#3565,#3594,#3622));
#3451 = ORIENTED_EDGE('',*,*,#3332,.F.);
#3452 = ORIENTED_EDGE('',*,*,#3453,.T.);
#3453 = EDGE_CURVE('',#3333,#3454,#3456,.T.);
#3454 = VERTEX_POINT('',#3455);
#3455 = CARTESIAN_POINT('',(-8.5,-23.8,23.75));
#3456 = SURFACE_CURVE('',#3457,(#3462,#3469),.PCURVE_S1.);
#3457 = CIRCLE('',#3458,1.5);
#3458 = AXIS2_PLACEMENT_3D('',#3459,#3460,#3461);
#3459 = CARTESIAN_POINT('',(-8.5,-22.3,23.75));
#3460 = DIRECTION('',(0.,0.,1.));
#3461 = DIRECTION('',(0.,-1.,0.));
#3462 = PCURVE('',#3355,#3463);
#3463 = DEFINITIONAL_REPRESENTATION('',(#3464),#3468);
#3464 = CIRCLE('',#3465,1.5);
#3465 = AXIS2_PLACEMENT_2D('',#3466,#3467);
#3466 = CARTESIAN_POINT('',(1.5,1.5));
#3467 = DIRECTION('',(0.,-1.));
#3468 = ( GEOMETRIC_REPRESENTATION_CONTEXT(2) 
PARAMETRIC_REPRESENTATION_CONTEXT() REPRESENTATION_CONTEXT('2D SPACE',''
  ) );
#3469 = PCURVE('',#3383,#3470);
#3470 = DEFINITIONAL_REPRESENTATION('',(#3471),#3475);
#3471 = LINE('',#3472,#3473);
#3472 = CARTESIAN_POINT('',(-4.712388980385,47.5));
#3473 = VECTOR('',#3474,1.);
#3474 = DIRECTION('',(1.,0.));
#3475 = ( GEOMETRIC_REPRESENTATION_CONTEXT(2) 
PARAMETRIC_REPRESENTATION_CONTEXT() REPRESENTATION_CONTEXT('2D SPACE',''
  ) );
#3476 = ORIENTED_EDGE('',*,*,#3477,.T.);
#3477 = EDGE_CURVE('',#3454,#3478,#3480,.T.);
#3478 = VERTEX_POINT('',#3479);
#3479 = CARTESIAN_POINT('',(8.5,-23.8,23.75));
#3480 = SURFACE_CURVE('',#3481,(#3485,#3492),.PCURVE_S1.);
#3481 = LINE('',#3482,#3483);
#3482 = CARTESIAN_POINT('',(-10.,-23.8,23.75));
#3483 = VECTOR('',#3484,1.);
#3484 = DIRECTION('',(1.,0.,0.));
#3485 = PCURVE('',#3355,#3486);
#3486 = DEFINITIONAL_REPRESENTATION('',(#3487),#3491);
#3487 = LINE('',#3488,#3489);
#3488 = CARTESIAN_POINT('',(0.,0.));
#3489 = VECTOR('',#3490,1.);
#3490 = DIRECTION('',(1.,0.));
#3491 = ( GEOMETRIC_REPRESENTATION_CONTEXT(2) 
PARAMETRIC_REPRESENTATION_CONTEXT() REPRESENTATION_CONTEXT('2D SPACE',''
  ) );
#3492 = PCURVE('',#3493,#3498);
#3493 = PLANE('',#3494);
#3494 = AXIS2_PLACEMENT_3D('',#3495,#3496,#3497);
#3495 = CARTESIAN_POINT('',(-10.,-23.8,-23.75));
#3496 = DIRECTION('',(0.,1.,0.));
#3497 = DIRECTION('',(0.,0.,1.));
#3498 = DEFINITIONAL_REPRESENTATION('',(#3499),#3503);
#3499 = LINE('',#3500,#3501);
#3500 = CARTESIAN_POINT('',(47.5,0.));
#3501 = VECTOR('',#3502,1.);
#3502 = DIRECTION('',(0.,1.));
#3503 = ( GEOMETRIC_REPRESENTATION_CONTEXT(2) 
PARAMETRIC_REPRESENTATION_CONTEXT() REPRESENTATION_CONTEXT('2D SPACE',''
  ) );
#3504 = ORIENTED_EDGE('',*,*,#3505,.F.);
#3505 = EDGE_CURVE('',#3506,#3478,#3508,.T.);
#3506 = VERTEX_POINT('',#3507);
#3507 = CARTESIAN_POINT('',(10.,-22.3,23.75));
#3508 = SURFACE_CURVE('',#3509,(#3514,#3525),.PCURVE_S1.);
#3509 = CIRCLE('',#3510,1.5);
#3510 = AXIS2_PLACEMENT_3D('',#3511,#3512,#3513);
#3511 = CARTESIAN_POINT('',(8.5,-22.3,23.75));
#3512 = DIRECTION('',(-0.,-0.,-1.));
#3513 = DIRECTION('',(0.,-1.,0.));
#3514 = PCURVE('',#3355,#3515);
#3515 = DEFINITIONAL_REPRESENTATION('',(#3516),#3524);
#3516 = ( BOUNDED_CURVE() B_SPLINE_CURVE(2,(#3517,#3518,#3519,#3520,
#3521,#3522,#3523),.UNSPECIFIED.,.T.,.F.) B_SPLINE_CURVE_WITH_KNOTS((1,2
    ,2,2,2,1),(-2.094395102393,0.,2.094395102393,4.188790204786,
6.28318530718,8.377580409573),.UNSPECIFIED.) CURVE() 
GEOMETRIC_REPRESENTATION_ITEM() RATIONAL_B_SPLINE_CURVE((1.,0.5,1.,0.5,
1.,0.5,1.)) REPRESENTATION_ITEM('') );
#3517 = CARTESIAN_POINT('',(18.5,0.));
#3518 = CARTESIAN_POINT('',(15.901923788647,0.));
#3519 = CARTESIAN_POINT('',(17.200961894323,2.25));
#3520 = CARTESIAN_POINT('',(18.5,4.5));
#3521 = CARTESIAN_POINT('',(19.799038105677,2.25));
#3522 = CARTESIAN_POINT('',(21.098076211353,2.22044604925E-15));
#3523 = CARTESIAN_POINT('',(18.5,0.));
#3524 = ( GEOMETRIC_REPRESENTATION_CONTEXT(2) 
PARAMETRIC_REPRESENTATION_CONTEXT() REPRESENTATION_CONTEXT('2D SPACE',''
  ) );
#3525 = PCURVE('',#3526,#3531);
#3526 = CYLINDRICAL_SURFACE('',#3527,1.5);
#3527 = AXIS2_PLACEMENT_3D('',#3528,#3529,#3530);
#3528 = CARTESIAN_POINT('',(8.5,-22.3,-23.75));
#3529 = DIRECTION('',(0.,0.,1.));
#3530 = DIRECTION('',(1.,0.,-0.));
#3531 = DEFINITIONAL_REPRESENTATION('',(#3532),#3536);
#3532 = LINE('',#3533,#3534);
#3533 = CARTESIAN_POINT('',(4.712388980385,47.5));
#3534 = VECTOR('',#3535,1.);
#3535 = DIRECTION('',(-1.,0.));
#3536 = ( GEOMETRIC_REPRESENTATION_CONTEXT(2) 
PARAMETRIC_REPRESENTATION_CONTEXT() REPRESENTATION_CONTEXT('2D SPACE',''
  ) );
#3537 = ORIENTED_EDGE('',*,*,#3538,.T.);
#3538 = EDGE_CURVE('',#3506,#3539,#3541,.T.);
#3539 = VERTEX_POINT('',#3540);
#3540 = CARTESIAN_POINT('',(10.,22.3,23.75));
#3541 = SURFACE_CURVE('',#3542,(#3546,#3553),.PCURVE_S1.);
#3542 = LINE('',#3543,#3544);
#3543 = CARTESIAN_POINT('',(10.,-23.8,23.75));
#3544 = VECTOR('',#3545,1.);
#3545 = DIRECTION('',(0.,1.,0.));
#3546 = PCURVE('',#3355,#3547);
#3547 = DEFINITIONAL_REPRESENTATION('',(#3548),#3552);
#3548 = LINE('',#3549,#3550);
#3549 = CARTESIAN_POINT('',(20.,0.));
#3550 = VECTOR('',#3551,1.);
#3551 = DIRECTION('',(0.,1.));
#3552 = ( GEOMETRIC_REPRESENTATION_CONTEXT(2) 
PARAMETRIC_REPRESENTATION_CONTEXT() REPRESENTATION_CONTEXT('2D SPACE',''
  ) );
#3553 = PCURVE('',#3554,#3559);
#3554 = PLANE('',#3555);
#3555 = AXIS2_PLACEMENT_3D('',#3556,#3557,#3558);
#3556 = CARTESIAN_POINT('',(10.,-23.8,-23.75));
#3557 = DIRECTION('',(1.,0.,0.));
#3558 = DIRECTION('',(0.,0.,1.));
#3559 = DEFINITIONAL_REPRESENTATION('',(#3560),#3564);
#3560 = LINE('',#3561,#3562);
#3561 = CARTESIAN_POINT('',(47.5,0.));
#3562 = VECTOR('',#3563,1.);
#3563 = DIRECTION('',(0.,-1.));
#3564 = ( GEOMETRIC_REPRESENTATION_CONTEXT(2) 
PARAMETRIC_REPRESENTATION_CONTEXT() REPRESENTATION_CONTEXT('2D SPACE',''
  ) );
#3565 = ORIENTED_EDGE('',*,*,#3566,.T.);
#3566 = EDGE_CURVE('',#3539,#3567,#3569,.T.);
#3567 = VERTEX_POINT('',#3568);
#3568 = CARTESIAN_POINT('',(8.5,23.8,23.75));
#3569 = SURFACE_CURVE('',#3570,(#3575,#3582),.PCURVE_S1.);
#3570 = CIRCLE('',#3571,1.5);
#3571 = AXIS2_PLACEMENT_3D('',#3572,#3573,#3574);
#3572 = CARTESIAN_POINT('',(8.5,22.3,23.75));
#3573 = DIRECTION('',(0.,0.,1.));
#3574 = DIRECTION('',(0.,-1.,0.));
#3575 = PCURVE('',#3355,#3576);
#3576 = DEFINITIONAL_REPRESENTATION('',(#3577),#3581);
#3577 = CIRCLE('',#3578,1.5);
#3578 = AXIS2_PLACEMENT_2D('',#3579,#3580);
#3579 = CARTESIAN_POINT('',(18.5,46.1));
#3580 = DIRECTION('',(0.,-1.));
#3581 = ( GEOMETRIC_REPRESENTATION_CONTEXT(2) 
PARAMETRIC_REPRESENTATION_CONTEXT() REPRESENTATION_CONTEXT('2D SPACE',''
  ) );
#3582 = PCURVE('',#3583,#3588);
#3583 = CYLINDRICAL_SURFACE('',#3584,1.5);
#3584 = AXIS2_PLACEMENT_3D('',#3585,#3586,#3587);
#3585 = CARTESIAN_POINT('',(8.5,22.3,-23.75));
#3586 = DIRECTION('',(0.,0.,1.));
#3587 = DIRECTION('',(1.,0.,-0.));
#3588 = DEFINITIONAL_REPRESENTATION('',(#3589),#3593);
#3589 = LINE('',#3590,#3591);
#3590 = CARTESIAN_POINT('',(-1.570796326795,47.5));
#3591 = VECTOR('',#3592,1.);
#3592 = DIRECTION('',(1.,0.));
#3593 = ( GEOMETRIC_REPRESENTATION_CONTEXT(2) 
PARAMETRIC_REPRESENTATION_CONTEXT() REPRESENTATION_CONTEXT('2D SPACE',''
  ) );
#3594 = ORIENTED_EDGE('',*,*,#3595,.F.);
#3595 = EDGE_CURVE('',#3596,#3567,#3598,.T.);
#3596 = VERTEX_POINT('',#3597);
#3597 = CARTESIAN_POINT('',(-8.5,23.8,23.75));
#3598 = SURFACE_CURVE('',#3599,(#3603,#3610),.PCURVE_S1.);
#3599 = LINE('',#3600,#3601);
#3600 = CARTESIAN_POINT('',(-10.,23.8,23.75));
#3601 = VECTOR('',#3602,1.);
#3602 = DIRECTION('',(1.,0.,0.));
#3603 = PCURVE('',#3355,#3604);
#3604 = DEFINITIONAL_REPRESENTATION('',(#3605),#3609);
#3605 = LINE('',#3606,#3607);
#3606 = CARTESIAN_POINT('',(0.,47.6));
#3607 = VECTOR('',#3608,1.);
#3608 = DIRECTION('',(1.,0.));
#3609 = ( GEOMETRIC_REPRESENTATION_CONTEXT(2) 
PARAMETRIC_REPRESENTATION_CONTEXT() REPRESENTATION_CONTEXT('2D SPACE',''
  ) );
#3610 = PCURVE('',#3611,#3616);
#3611 = PLANE('',#3612);
#3612 = AXIS2_PLACEMENT_3D('',#3613,#3614,#3615);
#3613 = CARTESIAN_POINT('',(-10.,23.8,-23.75));
#3614 = DIRECTION('',(0.,1.,0.));
#3615 = DIRECTION('',(0.,0.,1.));
#3616 = DEFINITIONAL_REPRESENTATION('',(#3617),#3621);
#3617 = LINE('',#3618,#3619);
#3618 = CARTESIAN_POINT('',(47.5,0.));
#3619 = VECTOR('',#3620,1.);
#3620 = DIRECTION('',(0.,1.));
#3621 = ( GEOMETRIC_REPRESENTATION_CONTEXT(2) 
PARAMETRIC_REPRESENTATION_CONTEXT() REPRESENTATION_CONTEXT('2D SPACE',''
  ) );
#3622 = ORIENTED_EDGE('',*,*,#3623,.F.);
#3623 = EDGE_CURVE('',#3335,#3596,#3624,.T.);
#3624 = SURFACE_CURVE('',#3625,(#3630,#3641),.PCURVE_S1.);
#3625 = CIRCLE('',#3626,1.5);
#3626 = AXIS2_PLACEMENT_3D('',#3627,#3628,#3629);
#3627 = CARTESIAN_POINT('',(-8.5,22.3,23.75));
#3628 = DIRECTION('',(-0.,-0.,-1.));
#3629 = DIRECTION('',(0.,-1.,0.));
#3630 = PCURVE('',#3355,#3631);
#3631 = DEFINITIONAL_REPRESENTATION('',(#3632),#3640);
#3632 = ( BOUNDED_CURVE() B_SPLINE_CURVE(2,(#3633,#3634,#3635,#3636,
#3637,#3638,#3639),.UNSPECIFIED.,.T.,.F.) B_SPLINE_CURVE_WITH_KNOTS((1,2
    ,2,2,2,1),(-2.094395102393,0.,2.094395102393,4.188790204786,
6.28318530718,8.377580409573),.UNSPECIFIED.) CURVE() 
GEOMETRIC_REPRESENTATION_ITEM() RATIONAL_B_SPLINE_CURVE((1.,0.5,1.,0.5,
1.,0.5,1.)) REPRESENTATION_ITEM('') );
#3633 = CARTESIAN_POINT('',(1.5,44.6));
#3634 = CARTESIAN_POINT('',(-1.098076211353,44.6));
#3635 = CARTESIAN_POINT('',(0.200961894323,46.85));
#3636 = CARTESIAN_POINT('',(1.5,49.1));
#3637 = CARTESIAN_POINT('',(2.799038105677,46.85));
#3638 = CARTESIAN_POINT('',(4.098076211353,44.6));
#3639 = CARTESIAN_POINT('',(1.5,44.6));
#3640 = ( GEOMETRIC_REPRESENTATION_CONTEXT(2) 
PARAMETRIC_REPRESENTATION_CONTEXT() REPRESENTATION_CONTEXT('2D SPACE',''
  ) );
#3641 = PCURVE('',#3437,#3642);
#3642 = DEFINITIONAL_REPRESENTATION('',(#3643),#3647);
#3643 = LINE('',#3644,#3645);
#3644 = CARTESIAN_POINT('',(1.570796326795,47.5));
#3645 = VECTOR('',#3646,1.);
#3646 = DIRECTION('',(-1.,0.));
#3647 = ( GEOMETRIC_REPRESENTATION_CONTEXT(2) 
PARAMETRIC_REPRESENTATION_CONTEXT() REPRESENTATION_CONTEXT('2D SPACE',''
  ) );
#3648 = ADVANCED_FACE('',(#3649),#3383,.T.);
#3649 = FACE_BOUND('',#3650,.T.);
#3650 = EDGE_LOOP('',(#3651,#3675,#3696,#3697));
#3651 = ORIENTED_EDGE('',*,*,#3652,.T.);
#3652 = EDGE_CURVE('',#3368,#3653,#3655,.T.);
#3653 = VERTEX_POINT('',#3654);
#3654 = CARTESIAN_POINT('',(-8.5,-23.8,-23.75));
#3655 = SURFACE_CURVE('',#3656,(#3661,#3668),.PCURVE_S1.);
#3656 = CIRCLE('',#3657,1.5);
#3657 = AXIS2_PLACEMENT_3D('',#3658,#3659,#3660);
#3658 = CARTESIAN_POINT('',(-8.5,-22.3,-23.75));
#3659 = DIRECTION('',(0.,0.,1.));
#3660 = DIRECTION('',(0.,-1.,0.));
#3661 = PCURVE('',#3383,#3662);
#3662 = DEFINITIONAL_REPRESENTATION('',(#3663),#3667);
#3663 = LINE('',#3664,#3665);
#3664 = CARTESIAN_POINT('',(-4.712388980385,0.));
#3665 = VECTOR('',#3666,1.);
#3666 = DIRECTION('',(1.,0.));
#3667 = ( GEOMETRIC_REPRESENTATION_CONTEXT(2) 
PARAMETRIC_REPRESENTATION_CONTEXT() REPRESENTATION_CONTEXT('2D SPACE',''
  ) );
#3668 = PCURVE('',#3411,#3669);
#3669 = DEFINITIONAL_REPRESENTATION('',(#3670),#3674);
#3670 = CIRCLE('',#3671,1.5);
#3671 = AXIS2_PLACEMENT_2D('',#3672,#3673);
#3672 = CARTESIAN_POINT('',(1.5,1.5));
#3673 = DIRECTION('',(0.,-1.));
#3674 = ( GEOMETRIC_REPRESENTATION_CONTEXT(2) 
PARAMETRIC_REPRESENTATION_CONTEXT() REPRESENTATION_CONTEXT('2D SPACE',''
  ) );
#3675 = ORIENTED_EDGE('',*,*,#3676,.T.);
#3676 = EDGE_CURVE('',#3653,#3454,#3677,.T.);
#3677 = SURFACE_CURVE('',#3678,(#3682,#3689),.PCURVE_S1.);
#3678 = LINE('',#3679,#3680);
#3679 = CARTESIAN_POINT('',(-8.5,-23.8,-23.75));
#3680 = VECTOR('',#3681,1.);
#3681 = DIRECTION('',(0.,0.,1.));
#3682 = PCURVE('',#3383,#3683);
#3683 = DEFINITIONAL_REPRESENTATION('',(#3684),#3688);
#3684 = LINE('',#3685,#3686);
#3685 = CARTESIAN_POINT('',(1.570796326795,0.));
#3686 = VECTOR('',#3687,1.);
#3687 = DIRECTION('',(0.,1.));
#3688 = ( GEOMETRIC_REPRESENTATION_CONTEXT(2) 
PARAMETRIC_REPRESENTATION_CONTEXT() REPRESENTATION_CONTEXT('2D SPACE',''
  ) );
#3689 = PCURVE('',#3493,#3690);
#3690 = DEFINITIONAL_REPRESENTATION('',(#3691),#3695);
#3691 = LINE('',#3692,#3693);
#3692 = CARTESIAN_POINT('',(0.,1.5));
#3693 = VECTOR('',#3694,1.);
#3694 = DIRECTION('',(1.,0.));
#3695 = ( GEOMETRIC_REPRESENTATION_CONTEXT(2) 
PARAMETRIC_REPRESENTATION_CONTEXT() REPRESENTATION_CONTEXT('2D SPACE',''
  ) );
#3696 = ORIENTED_EDGE('',*,*,#3453,.F.);
#3697 = ORIENTED_EDGE('',*,*,#3367,.F.);
#3698 = ADVANCED_FACE('',(#3699),#3437,.T.);
#3699 = FACE_BOUND('',#3700,.F.);
#3700 = EDGE_LOOP('',(#3701,#3729,#3750,#3751));
#3701 = ORIENTED_EDGE('',*,*,#3702,.T.);
#3702 = EDGE_CURVE('',#3396,#3703,#3705,.T.);
#3703 = VERTEX_POINT('',#3704);
#3704 = CARTESIAN_POINT('',(-8.5,23.8,-23.75));
#3705 = SURFACE_CURVE('',#3706,(#3711,#3718),.PCURVE_S1.);
#3706 = CIRCLE('',#3707,1.5);
#3707 = AXIS2_PLACEMENT_3D('',#3708,#3709,#3710);
#3708 = CARTESIAN_POINT('',(-8.5,22.3,-23.75));
#3709 = DIRECTION('',(-0.,-0.,-1.));
#3710 = DIRECTION('',(0.,-1.,0.));
#3711 = PCURVE('',#3437,#3712);
#3712 = DEFINITIONAL_REPRESENTATION('',(#3713),#3717);
#3713 = LINE('',#3714,#3715);
#3714 = CARTESIAN_POINT('',(1.570796326795,-0.));
#3715 = VECTOR('',#3716,1.);
#3716 = DIRECTION('',(-1.,0.));
#3717 = ( GEOMETRIC_REPRESENTATION_CONTEXT(2) 
PARAMETRIC_REPRESENTATION_CONTEXT() REPRESENTATION_CONTEXT('2D SPACE',''
  ) );
#3718 = PCURVE('',#3411,#3719);
#3719 = DEFINITIONAL_REPRESENTATION('',(#3720),#3728);
#3720 = ( BOUNDED_CURVE() B_SPLINE_CURVE(2,(#3721,#3722,#3723,#3724,
#3725,#3726,#3727),.UNSPECIFIED.,.T.,.F.) B_SPLINE_CURVE_WITH_KNOTS((1,2
    ,2,2,2,1),(-2.094395102393,0.,2.094395102393,4.188790204786,
6.28318530718,8.377580409573),.UNSPECIFIED.) CURVE() 
GEOMETRIC_REPRESENTATION_ITEM() RATIONAL_B_SPLINE_CURVE((1.,0.5,1.,0.5,
1.,0.5,1.)) REPRESENTATION_ITEM('') );
#3721 = CARTESIAN_POINT('',(1.5,44.6));
#3722 = CARTESIAN_POINT('',(-1.098076211353,44.6));
#3723 = CARTESIAN_POINT('',(0.200961894323,46.85));
#3724 = CARTESIAN_POINT('',(1.5,49.1));
#3725 = CARTESIAN_POINT('',(2.799038105677,46.85));
#3726 = CARTESIAN_POINT('',(4.098076211353,44.6));
#3727 = CARTESIAN_POINT('',(1.5,44.6));
#3728 = ( GEOMETRIC_REPRESENTATION_CONTEXT(2) 
PARAMETRIC_REPRESENTATION_CONTEXT() REPRESENTATION_CONTEXT('2D SPACE',''
  ) );
#3729 = ORIENTED_EDGE('',*,*,#3730,.T.);
#3730 = EDGE_CURVE('',#3703,#3596,#3731,.T.);
#3731 = SURFACE_CURVE('',#3732,(#3736,#3743),.PCURVE_S1.);
#3732 = LINE('',#3733,#3734);
#3733 = CARTESIAN_POINT('',(-8.5,23.8,-23.75));
#3734 = VECTOR('',#3735,1.);
#3735 = DIRECTION('',(0.,0.,1.));
#3736 = PCURVE('',#3437,#3737);
#3737 = DEFINITIONAL_REPRESENTATION('',(#3738),#3742);
#3738 = LINE('',#3739,#3740);
#3739 = CARTESIAN_POINT('',(-1.570796326795,0.));
#3740 = VECTOR('',#3741,1.);
#3741 = DIRECTION('',(-0.,1.));
#3742 = ( GEOMETRIC_REPRESENTATION_CONTEXT(2) 
PARAMETRIC_REPRESENTATION_CONTEXT() REPRESENTATION_CONTEXT('2D SPACE',''
  ) );
#3743 = PCURVE('',#3611,#3744);
#3744 = DEFINITIONAL_REPRESENTATION('',(#3745),#3749);
#3745 = LINE('',#3746,#3747);
#3746 = CARTESIAN_POINT('',(0.,1.5));
#3747 = VECTOR('',#3748,1.);
#3748 = DIRECTION('',(1.,0.));
#3749 = ( GEOMETRIC_REPRESENTATION_CONTEXT(2) 
PARAMETRIC_REPRESENTATION_CONTEXT() REPRESENTATION_CONTEXT('2D SPACE',''
  ) );
#3750 = ORIENTED_EDGE('',*,*,#3623,.F.);
#3751 = ORIENTED_EDGE('',*,*,#3423,.F.);
#3752 = ADVANCED_FACE('',(#3753),#3411,.F.);
#3753 = FACE_BOUND('',#3754,.F.);
#3754 = EDGE_LOOP('',(#3755,#3756,#3757,#3780,#3808,#3831,#3855,#3876));
#3755 = ORIENTED_EDGE('',*,*,#3395,.F.);
#3756 = ORIENTED_EDGE('',*,*,#3652,.T.);
#3757 = ORIENTED_EDGE('',*,*,#3758,.T.);
#3758 = EDGE_CURVE('',#3653,#3759,#3761,.T.);
#3759 = VERTEX_POINT('',#3760);
#3760 = CARTESIAN_POINT('',(8.5,-23.8,-23.75));
#3761 = SURFACE_CURVE('',#3762,(#3766,#3773),.PCURVE_S1.);
#3762 = LINE('',#3763,#3764);
#3763 = CARTESIAN_POINT('',(-10.,-23.8,-23.75));
#3764 = VECTOR('',#3765,1.);
#3765 = DIRECTION('',(1.,0.,0.));
#3766 = PCURVE('',#3411,#3767);
#3767 = DEFINITIONAL_REPRESENTATION('',(#3768),#3772);
#3768 = LINE('',#3769,#3770);
#3769 = CARTESIAN_POINT('',(0.,0.));
#3770 = VECTOR('',#3771,1.);
#3771 = DIRECTION('',(1.,0.));
#3772 = ( GEOMETRIC_REPRESENTATION_CONTEXT(2) 
PARAMETRIC_REPRESENTATION_CONTEXT() REPRESENTATION_CONTEXT('2D SPACE',''
  ) );
#3773 = PCURVE('',#3493,#3774);
#3774 = DEFINITIONAL_REPRESENTATION('',(#3775),#3779);
#3775 = LINE('',#3776,#3777);
#3776 = CARTESIAN_POINT('',(0.,0.));
#3777 = VECTOR('',#3778,1.);
#3778 = DIRECTION('',(0.,1.));
#3779 = ( GEOMETRIC_REPRESENTATION_CONTEXT(2) 
PARAMETRIC_REPRESENTATION_CONTEXT() REPRESENTATION_CONTEXT('2D SPACE',''
  ) );
#3780 = ORIENTED_EDGE('',*,*,#3781,.F.);
#3781 = EDGE_CURVE('',#3782,#3759,#3784,.T.);
#3782 = VERTEX_POINT('',#3783);
#3783 = CARTESIAN_POINT('',(10.,-22.3,-23.75));
#3784 = SURFACE_CURVE('',#3785,(#3790,#3801),.PCURVE_S1.);
#3785 = CIRCLE('',#3786,1.5);
#3786 = AXIS2_PLACEMENT_3D('',#3787,#3788,#3789);
#3787 = CARTESIAN_POINT('',(8.5,-22.3,-23.75));
#3788 = DIRECTION('',(-0.,-0.,-1.));
#3789 = DIRECTION('',(0.,-1.,0.));
#3790 = PCURVE('',#3411,#3791);
#3791 = DEFINITIONAL_REPRESENTATION('',(#3792),#3800);
#3792 = ( BOUNDED_CURVE() B_SPLINE_CURVE(2,(#3793,#3794,#3795,#3796,
#3797,#3798,#3799),.UNSPECIFIED.,.T.,.F.) B_SPLINE_CURVE_WITH_KNOTS((1,2
    ,2,2,2,1),(-2.094395102393,0.,2.094395102393,4.188790204786,
6.28318530718,8.377580409573),.UNSPECIFIED.) CURVE() 
GEOMETRIC_REPRESENTATION_ITEM() RATIONAL_B_SPLINE_CURVE((1.,0.5,1.,0.5,
1.,0.5,1.)) REPRESENTATION_ITEM('') );
#3793 = CARTESIAN_POINT('',(18.5,0.));
#3794 = CARTESIAN_POINT('',(15.901923788647,0.));
#3795 = CARTESIAN_POINT('',(17.200961894323,2.25));
#3796 = CARTESIAN_POINT('',(18.5,4.5));
#3797 = CARTESIAN_POINT('',(19.799038105677,2.25));
#3798 = CARTESIAN_POINT('',(21.098076211353,2.22044604925E-15));
#3799 = CARTESIAN_POINT('',(18.5,0.));
#3800 = ( GEOMETRIC_REPRESENTATION_CONTEXT(2) 
PARAMETRIC_REPRESENTATION_CONTEXT() REPRESENTATION_CONTEXT('2D SPACE',''
  ) );
#3801 = PCURVE('',#3526,#3802);
#3802 = DEFINITIONAL_REPRESENTATION('',(#3803),#3807);
#3803 = LINE('',#3804,#3805);
#3804 = CARTESIAN_POINT('',(4.712388980385,-0.));
#3805 = VECTOR('',#3806,1.);
#3806 = DIRECTION('',(-1.,0.));
#3807 = ( GEOMETRIC_REPRESENTATION_CONTEXT(2) 
PARAMETRIC_REPRESENTATION_CONTEXT() REPRESENTATION_CONTEXT('2D SPACE',''
  ) );
#3808 = ORIENTED_EDGE('',*,*,#3809,.T.);
#3809 = EDGE_CURVE('',#3782,#3810,#3812,.T.);
#3810 = VERTEX_POINT('',#3811);
#3811 = CARTESIAN_POINT('',(10.,22.3,-23.75));
#3812 = SURFACE_CURVE('',#3813,(#3817,#3824),.PCURVE_S1.);
#3813 = LINE('',#3814,#3815);
#3814 = CARTESIAN_POINT('',(10.,-23.8,-23.75));
#3815 = VECTOR('',#3816,1.);
#3816 = DIRECTION('',(0.,1.,0.));
#3817 = PCURVE('',#3411,#3818);
#3818 = DEFINITIONAL_REPRESENTATION('',(#3819),#3823);
#3819 = LINE('',#3820,#3821);
#3820 = CARTESIAN_POINT('',(20.,0.));
#3821 = VECTOR('',#3822,1.);
#3822 = DIRECTION('',(0.,1.));
#3823 = ( GEOMETRIC_REPRESENTATION_CONTEXT(2) 
PARAMETRIC_REPRESENTATION_CONTEXT() REPRESENTATION_CONTEXT('2D SPACE',''
  ) );
#3824 = PCURVE('',#3554,#3825);
#3825 = DEFINITIONAL_REPRESENTATION('',(#3826),#3830);
#3826 = LINE('',#3827,#3828);
#3827 = CARTESIAN_POINT('',(0.,0.));
#3828 = VECTOR('',#3829,1.);
#3829 = DIRECTION('',(0.,-1.));
#3830 = ( GEOMETRIC_REPRESENTATION_CONTEXT(2) 
PARAMETRIC_REPRESENTATION_CONTEXT() REPRESENTATION_CONTEXT('2D SPACE',''
  ) );
#3831 = ORIENTED_EDGE('',*,*,#3832,.T.);
#3832 = EDGE_CURVE('',#3810,#3833,#3835,.T.);
#3833 = VERTEX_POINT('',#3834);
#3834 = CARTESIAN_POINT('',(8.5,23.8,-23.75));
#3835 = SURFACE_CURVE('',#3836,(#3841,#3848),.PCURVE_S1.);
#3836 = CIRCLE('',#3837,1.5);
#3837 = AXIS2_PLACEMENT_3D('',#3838,#3839,#3840);
#3838 = CARTESIAN_POINT('',(8.5,22.3,-23.75));
#3839 = DIRECTION('',(0.,0.,1.));
#3840 = DIRECTION('',(0.,-1.,0.));
#3841 = PCURVE('',#3411,#3842);
#3842 = DEFINITIONAL_REPRESENTATION('',(#3843),#3847);
#3843 = CIRCLE('',#3844,1.5);
#3844 = AXIS2_PLACEMENT_2D('',#3845,#3846);
#3845 = CARTESIAN_POINT('',(18.5,46.1));
#3846 = DIRECTION('',(0.,-1.));
#3847 = ( GEOMETRIC_REPRESENTATION_CONTEXT(2) 
PARAMETRIC_REPRESENTATION_CONTEXT() REPRESENTATION_CONTEXT('2D SPACE',''
  ) );
#3848 = PCURVE('',#3583,#3849);
#3849 = DEFINITIONAL_REPRESENTATION('',(#3850),#3854);
#3850 = LINE('',#3851,#3852);
#3851 = CARTESIAN_POINT('',(-1.570796326795,0.));
#3852 = VECTOR('',#3853,1.);
#3853 = DIRECTION('',(1.,0.));
#3854 = ( GEOMETRIC_REPRESENTATION_CONTEXT(2) 
PARAMETRIC_REPRESENTATION_CONTEXT() REPRESENTATION_CONTEXT('2D SPACE',''
  ) );
#3855 = ORIENTED_EDGE('',*,*,#3856,.F.);
#3856 = EDGE_CURVE('',#3703,#3833,#3857,.T.);
#3857 = SURFACE_CURVE('',#3858,(#3862,#3869),.PCURVE_S1.);
#3858 = LINE('',#3859,#3860);
#3859 = CARTESIAN_POINT('',(-10.,23.8,-23.75));
#3860 = VECTOR('',#3861,1.);
#3861 = DIRECTION('',(1.,0.,0.));
#3862 = PCURVE('',#3411,#3863);
#3863 = DEFINITIONAL_REPRESENTATION('',(#3864),#3868);
#3864 = LINE('',#3865,#3866);
#3865 = CARTESIAN_POINT('',(0.,47.6));
#3866 = VECTOR('',#3867,1.);
#3867 = DIRECTION('',(1.,0.));
#3868 = ( GEOMETRIC_REPRESENTATION_CONTEXT(2) 
PARAMETRIC_REPRESENTATION_CONTEXT() REPRESENTATION_CONTEXT('2D SPACE',''
  ) );
#3869 = PCURVE('',#3611,#3870);
#3870 = DEFINITIONAL_REPRESENTATION('',(#3871),#3875);
#3871 = LINE('',#3872,#3873);
#3872 = CARTESIAN_POINT('',(0.,0.));
#3873 = VECTOR('',#3874,1.);
#3874 = DIRECTION('',(0.,1.));
#3875 = ( GEOMETRIC_REPRESENTATION_CONTEXT(2) 
PARAMETRIC_REPRESENTATION_CONTEXT() REPRESENTATION_CONTEXT('2D SPACE',''
  ) );
#3876 = ORIENTED_EDGE('',*,*,#3702,.F.);
#3877 = ADVANCED_FACE('',(#3878),#3493,.F.);
#3878 = FACE_BOUND('',#3879,.F.);
#3879 = EDGE_LOOP('',(#3880,#3881,#3882,#3883));
#3880 = ORIENTED_EDGE('',*,*,#3758,.F.);
#3881 = ORIENTED_EDGE('',*,*,#3676,.T.);
#3882 = ORIENTED_EDGE('',*,*,#3477,.T.);
#3883 = ORIENTED_EDGE('',*,*,#3884,.F.);
#3884 = EDGE_CURVE('',#3759,#3478,#3885,.T.);
#3885 = SURFACE_CURVE('',#3886,(#3890,#3897),.PCURVE_S1.);
#3886 = LINE('',#3887,#3888);
#3887 = CARTESIAN_POINT('',(8.5,-23.8,-23.75));
#3888 = VECTOR('',#3889,1.);
#3889 = DIRECTION('',(0.,0.,1.));
#3890 = PCURVE('',#3493,#3891);
#3891 = DEFINITIONAL_REPRESENTATION('',(#3892),#3896);
#3892 = LINE('',#3893,#3894);
#3893 = CARTESIAN_POINT('',(0.,18.5));
#3894 = VECTOR('',#3895,1.);
#3895 = DIRECTION('',(1.,0.));
#3896 = ( GEOMETRIC_REPRESENTATION_CONTEXT(2) 
PARAMETRIC_REPRESENTATION_CONTEXT() REPRESENTATION_CONTEXT('2D SPACE',''
  ) );
#3897 = PCURVE('',#3526,#3898);
#3898 = DEFINITIONAL_REPRESENTATION('',(#3899),#3903);
#3899 = LINE('',#3900,#3901);
#3900 = CARTESIAN_POINT('',(-1.570796326795,0.));
#3901 = VECTOR('',#3902,1.);
#3902 = DIRECTION('',(-0.,1.));
#3903 = ( GEOMETRIC_REPRESENTATION_CONTEXT(2) 
PARAMETRIC_REPRESENTATION_CONTEXT() REPRESENTATION_CONTEXT('2D SPACE',''
  ) );
#3904 = ADVANCED_FACE('',(#3905),#3611,.T.);
#3905 = FACE_BOUND('',#3906,.T.);
#3906 = EDGE_LOOP('',(#3907,#3908,#3909,#3910));
#3907 = ORIENTED_EDGE('',*,*,#3856,.F.);
#3908 = ORIENTED_EDGE('',*,*,#3730,.T.);
#3909 = ORIENTED_EDGE('',*,*,#3595,.T.);
#3910 = ORIENTED_EDGE('',*,*,#3911,.F.);
#3911 = EDGE_CURVE('',#3833,#3567,#3912,.T.);
#3912 = SURFACE_CURVE('',#3913,(#3917,#3924),.PCURVE_S1.);
#3913 = LINE('',#3914,#3915);
#3914 = CARTESIAN_POINT('',(8.5,23.8,-23.75));
#3915 = VECTOR('',#3916,1.);
#3916 = DIRECTION('',(0.,0.,1.));
#3917 = PCURVE('',#3611,#3918);
#3918 = DEFINITIONAL_REPRESENTATION('',(#3919),#3923);
#3919 = LINE('',#3920,#3921);
#3920 = CARTESIAN_POINT('',(0.,18.5));
#3921 = VECTOR('',#3922,1.);
#3922 = DIRECTION('',(1.,0.));
#3923 = ( GEOMETRIC_REPRESENTATION_CONTEXT(2) 
PARAMETRIC_REPRESENTATION_CONTEXT() REPRESENTATION_CONTEXT('2D SPACE',''
  ) );
#3924 = PCURVE('',#3583,#3925);
#3925 = DEFINITIONAL_REPRESENTATION('',(#3926),#3930);
#3926 = LINE('',#3927,#3928);
#3927 = CARTESIAN_POINT('',(1.570796326795,0.));
#3928 = VECTOR('',#3929,1.);
#3929 = DIRECTION('',(0.,1.));
#3930 = ( GEOMETRIC_REPRESENTATION_CONTEXT(2) 
PARAMETRIC_REPRESENTATION_CONTEXT() REPRESENTATION_CONTEXT('2D SPACE',''
  ) );
#3931 = ADVANCED_FACE('',(#3932),#3526,.T.);
#3932 = FACE_BOUND('',#3933,.F.);
#3933 = EDGE_LOOP('',(#3934,#3935,#3936,#3937));
#3934 = ORIENTED_EDGE('',*,*,#3781,.T.);
#3935 = ORIENTED_EDGE('',*,*,#3884,.T.);
#3936 = ORIENTED_EDGE('',*,*,#3505,.F.);
#3937 = ORIENTED_EDGE('',*,*,#3938,.F.);
#3938 = EDGE_CURVE('',#3782,#3506,#3939,.T.);
#3939 = SURFACE_CURVE('',#3940,(#3944,#3951),.PCURVE_S1.);
#3940 = LINE('',#3941,#3942);
#3941 = CARTESIAN_POINT('',(10.,-22.3,-23.75));
#3942 = VECTOR('',#3943,1.);
#3943 = DIRECTION('',(0.,0.,1.));
#3944 = PCURVE('',#3526,#3945);
#3945 = DEFINITIONAL_REPRESENTATION('',(#3946),#3950);
#3946 = LINE('',#3947,#3948);
#3947 = CARTESIAN_POINT('',(-0.,0.));
#3948 = VECTOR('',#3949,1.);
#3949 = DIRECTION('',(-0.,1.));
#3950 = ( GEOMETRIC_REPRESENTATION_CONTEXT(2) 
PARAMETRIC_REPRESENTATION_CONTEXT() REPRESENTATION_CONTEXT('2D SPACE',''
  ) );
#3951 = PCURVE('',#3554,#3952);
#3952 = DEFINITIONAL_REPRESENTATION('',(#3953),#3957);
#3953 = LINE('',#3954,#3955);
#3954 = CARTESIAN_POINT('',(0.,-1.5));
#3955 = VECTOR('',#3956,1.);
#3956 = DIRECTION('',(1.,0.));
#3957 = ( GEOMETRIC_REPRESENTATION_CONTEXT(2) 
PARAMETRIC_REPRESENTATION_CONTEXT() REPRESENTATION_CONTEXT('2D SPACE',''
  ) );
#3958 = ADVANCED_FACE('',(#3959),#3583,.T.);
#3959 = FACE_BOUND('',#3960,.T.);
#3960 = EDGE_LOOP('',(#3961,#3962,#3963,#3964));
#3961 = ORIENTED_EDGE('',*,*,#3832,.T.);
#3962 = ORIENTED_EDGE('',*,*,#3911,.T.);
#3963 = ORIENTED_EDGE('',*,*,#3566,.F.);
#3964 = ORIENTED_EDGE('',*,*,#3965,.F.);
#3965 = EDGE_CURVE('',#3810,#3539,#3966,.T.);
#3966 = SURFACE_CURVE('',#3967,(#3971,#3978),.PCURVE_S1.);
#3967 = LINE('',#3968,#3969);
#3968 = CARTESIAN_POINT('',(10.,22.3,-23.75));
#3969 = VECTOR('',#3970,1.);
#3970 = DIRECTION('',(0.,0.,1.));
#3971 = PCURVE('',#3583,#3972);
#3972 = DEFINITIONAL_REPRESENTATION('',(#3973),#3977);
#3973 = LINE('',#3974,#3975);
#3974 = CARTESIAN_POINT('',(0.,0.));
#3975 = VECTOR('',#3976,1.);
#3976 = DIRECTION('',(0.,1.));
#3977 = ( GEOMETRIC_REPRESENTATION_CONTEXT(2) 
PARAMETRIC_REPRESENTATION_CONTEXT() REPRESENTATION_CONTEXT('2D SPACE',''
  ) );
#3978 = PCURVE('',#3554,#3979);
#3979 = DEFINITIONAL_REPRESENTATION('',(#3980),#3984);
#3980 = LINE('',#3981,#3982);
#3981 = CARTESIAN_POINT('',(0.,-46.1));
#3982 = VECTOR('',#3983,1.);
#3983 = DIRECTION('',(1.,0.));
#3984 = ( GEOMETRIC_REPRESENTATION_CONTEXT(2) 
PARAMETRIC_REPRESENTATION_CONTEXT() REPRESENTATION_CONTEXT('2D SPACE',''
  ) );
#3985 = ADVANCED_FACE('',(#3986),#3554,.T.);
#3986 = FACE_BOUND('',#3987,.T.);
#3987 = EDGE_LOOP('',(#3988,#3989,#3990,#3991));
#3988 = ORIENTED_EDGE('',*,*,#3538,.F.);
#3989 = ORIENTED_EDGE('',*,*,#3938,.F.);
#3990 = ORIENTED_EDGE('',*,*,#3809,.T.);
#3991 = ORIENTED_EDGE('',*,*,#3965,.T.);
#3992 = ( GEOMETRIC_REPRESENTATION_CONTEXT(3) 
GLOBAL_UNCERTAINTY_ASSIGNED_CONTEXT((#3996)) 
GLOBAL_UNIT_ASSIGNED_CONTEXT((#3993,#3994,#3995)) REPRESENTATION_CONTEXT
('Context #1','3D Context with UNIT and UNCERTAINTY') );
#3993 = ( LENGTH_UNIT() NAMED_UNIT(*) SI_UNIT(.MILLI.,.METRE.) );
#3994 = ( NAMED_UNIT(*) PLANE_ANGLE_UNIT() SI_UNIT($,.RADIAN.) );
#3995 = ( NAMED_UNIT(*) SI_UNIT($,.STERADIAN.) SOLID_ANGLE_UNIT() );
#3996 = UNCERTAINTY_MEASURE_WITH_UNIT(LENGTH_MEASURE(1.E-07),#3993,
  'distance_accuracy_value','confusion accuracy');
#3997 = CONTEXT_DEPENDENT_SHAPE_REPRESENTATION(#3998,#4000);
#3998 = ( REPRESENTATION_RELATIONSHIP('','',#3325,#10) 
REPRESENTATION_RELATIONSHIP_WITH_TRANSFORMATION(#3999) 
SHAPE_REPRESENTATION_RELATIONSHIP() );
#3999 = ITEM_DEFINED_TRANSFORMATION('','',#11,#27);
#4000 = PRODUCT_DEFINITION_SHAPE('Placement','Placement of an item',
  #4001);
#4001 = NEXT_ASSEMBLY_USAGE_OCCURRENCE('4','SY5_SV_3_SY5420-5LZ-01','',
  #5,#3320,$);
#4002 = PRODUCT_RELATED_PRODUCT_CATEGORY('part',$,(#3322));
#4003 = SHAPE_DEFINITION_REPRESENTATION(#4004,#4010);
#4004 = PRODUCT_DEFINITION_SHAPE('','',#4005);
#4005 = PRODUCT_DEFINITION('design','',#4006,#4009);
#4006 = PRODUCT_DEFINITION_FORMATION('','',#4007);
#4007 = PRODUCT('SY5_SV_4_SY5320-5LZ-01','SY5_SV_4_SY5320-5LZ-01','',(
    #4008));
#4008 = PRODUCT_CONTEXT('',#2,'mechanical');
#4009 = PRODUCT_DEFINITION_CONTEXT('part definition',#2,'design');
#4010 = ADVANCED_BREP_SHAPE_REPRESENTATION('',(#11,#4011),#4677);
#4011 = MANIFOLD_SOLID_BREP('',#4012);
#4012 = CLOSED_SHELL('',(#4013,#4133,#4333,#4383,#4437,#4562,#4589,#4616
    ,#4643,#4670));
#4013 = ADVANCED_FACE('',(#4014),#4028,.F.);
#4014 = FACE_BOUND('',#4015,.F.);
#4015 = EDGE_LOOP('',(#4016,#4051,#4079,#4107));
#4016 = ORIENTED_EDGE('',*,*,#4017,.F.);
#4017 = EDGE_CURVE('',#4018,#4020,#4022,.T.);
#4018 = VERTEX_POINT('',#4019);
#4019 = CARTESIAN_POINT('',(-10.,-22.3,23.75));
#4020 = VERTEX_POINT('',#4021);
#4021 = CARTESIAN_POINT('',(-10.,22.3,23.75));
#4022 = SURFACE_CURVE('',#4023,(#4027,#4039),.PCURVE_S1.);
#4023 = LINE('',#4024,#4025);
#4024 = CARTESIAN_POINT('',(-10.,-23.8,23.75));
#4025 = VECTOR('',#4026,1.);
#4026 = DIRECTION('',(0.,1.,0.));
#4027 = PCURVE('',#4028,#4033);
#4028 = PLANE('',#4029);
#4029 = AXIS2_PLACEMENT_3D('',#4030,#4031,#4032);
#4030 = CARTESIAN_POINT('',(-10.,-23.8,-23.75));
#4031 = DIRECTION('',(1.,0.,0.));
#4032 = DIRECTION('',(0.,0.,1.));
#4033 = DEFINITIONAL_REPRESENTATION('',(#4034),#4038);
#4034 = LINE('',#4035,#4036);
#4035 = CARTESIAN_POINT('',(47.5,0.));
#4036 = VECTOR('',#4037,1.);
#4037 = DIRECTION('',(0.,-1.));
#4038 = ( GEOMETRIC_REPRESENTATION_CONTEXT(2) 
PARAMETRIC_REPRESENTATION_CONTEXT() REPRESENTATION_CONTEXT('2D SPACE',''
  ) );
#4039 = PCURVE('',#4040,#4045);
#4040 = PLANE('',#4041);
#4041 = AXIS2_PLACEMENT_3D('',#4042,#4043,#4044);
#4042 = CARTESIAN_POINT('',(-10.,-23.8,23.75));
#4043 = DIRECTION('',(0.,0.,1.));
#4044 = DIRECTION('',(1.,0.,0.));
#4045 = DEFINITIONAL_REPRESENTATION('',(#4046),#4050);
#4046 = LINE('',#4047,#4048);
#4047 = CARTESIAN_POINT('',(0.,0.));
#4048 = VECTOR('',#4049,1.);
#4049 = DIRECTION('',(0.,1.));
#4050 = ( GEOMETRIC_REPRESENTATION_CONTEXT(2) 
PARAMETRIC_REPRESENTATION_CONTEXT() REPRESENTATION_CONTEXT('2D SPACE',''
  ) );
#4051 = ORIENTED_EDGE('',*,*,#4052,.F.);
#4052 = EDGE_CURVE('',#4053,#4018,#4055,.T.);
#4053 = VERTEX_POINT('',#4054);
#4054 = CARTESIAN_POINT('',(-10.,-22.3,-23.75));
#4055 = SURFACE_CURVE('',#4056,(#4060,#4067),.PCURVE_S1.);
#4056 = LINE('',#4057,#4058);
#4057 = CARTESIAN_POINT('',(-10.,-22.3,-23.75));
#4058 = VECTOR('',#4059,1.);
#4059 = DIRECTION('',(0.,0.,1.));
#4060 = PCURVE('',#4028,#4061);
#4061 = DEFINITIONAL_REPRESENTATION('',(#4062),#4066);
#4062 = LINE('',#4063,#4064);
#4063 = CARTESIAN_POINT('',(0.,-1.5));
#4064 = VECTOR('',#4065,1.);
#4065 = DIRECTION('',(1.,0.));
#4066 = ( GEOMETRIC_REPRESENTATION_CONTEXT(2) 
PARAMETRIC_REPRESENTATION_CONTEXT() REPRESENTATION_CONTEXT('2D SPACE',''
  ) );
#4067 = PCURVE('',#4068,#4073);
#4068 = CYLINDRICAL_SURFACE('',#4069,1.5);
#4069 = AXIS2_PLACEMENT_3D('',#4070,#4071,#4072);
#4070 = CARTESIAN_POINT('',(-8.5,-22.3,-23.75));
#4071 = DIRECTION('',(0.,0.,1.));
#4072 = DIRECTION('',(-1.,-0.,0.));
#4073 = DEFINITIONAL_REPRESENTATION('',(#4074),#4078);
#4074 = LINE('',#4075,#4076);
#4075 = CARTESIAN_POINT('',(0.,0.));
#4076 = VECTOR('',#4077,1.);
#4077 = DIRECTION('',(0.,1.));
#4078 = ( GEOMETRIC_REPRESENTATION_CONTEXT(2) 
PARAMETRIC_REPRESENTATION_CONTEXT() REPRESENTATION_CONTEXT('2D SPACE',''
  ) );
#4079 = ORIENTED_EDGE('',*,*,#4080,.T.);
#4080 = EDGE_CURVE('',#4053,#4081,#4083,.T.);
#4081 = VERTEX_POINT('',#4082);
#4082 = CARTESIAN_POINT('',(-10.,22.3,-23.75));
#4083 = SURFACE_CURVE('',#4084,(#4088,#4095),.PCURVE_S1.);
#4084 = LINE('',#4085,#4086);
#4085 = CARTESIAN_POINT('',(-10.,-23.8,-23.75));
#4086 = VECTOR('',#4087,1.);
#4087 = DIRECTION('',(0.,1.,0.));
#4088 = PCURVE('',#4028,#4089);
#4089 = DEFINITIONAL_REPRESENTATION('',(#4090),#4094);
#4090 = LINE('',#4091,#4092);
#4091 = CARTESIAN_POINT('',(0.,0.));
#4092 = VECTOR('',#4093,1.);
#4093 = DIRECTION('',(0.,-1.));
#4094 = ( GEOMETRIC_REPRESENTATION_CONTEXT(2) 
PARAMETRIC_REPRESENTATION_CONTEXT() REPRESENTATION_CONTEXT('2D SPACE',''
  ) );
#4095 = PCURVE('',#4096,#4101);
#4096 = PLANE('',#4097);
#4097 = AXIS2_PLACEMENT_3D('',#4098,#4099,#4100);
#4098 = CARTESIAN_POINT('',(-10.,-23.8,-23.75));
#4099 = DIRECTION('',(0.,0.,1.));
#4100 = DIRECTION('',(1.,0.,0.));
#4101 = DEFINITIONAL_REPRESENTATION('',(#4102),#4106);
#4102 = LINE('',#4103,#4104);
#4103 = CARTESIAN_POINT('',(0.,0.));
#4104 = VECTOR('',#4105,1.);
#4105 = DIRECTION('',(0.,1.));
#4106 = ( GEOMETRIC_REPRESENTATION_CONTEXT(2) 
PARAMETRIC_REPRESENTATION_CONTEXT() REPRESENTATION_CONTEXT('2D SPACE',''
  ) );
#4107 = ORIENTED_EDGE('',*,*,#4108,.T.);
#4108 = EDGE_CURVE('',#4081,#4020,#4109,.T.);
#4109 = SURFACE_CURVE('',#4110,(#4114,#4121),.PCURVE_S1.);
#4110 = LINE('',#4111,#4112);
#4111 = CARTESIAN_POINT('',(-10.,22.3,-23.75));
#4112 = VECTOR('',#4113,1.);
#4113 = DIRECTION('',(0.,0.,1.));
#4114 = PCURVE('',#4028,#4115);
#4115 = DEFINITIONAL_REPRESENTATION('',(#4116),#4120);
#4116 = LINE('',#4117,#4118);
#4117 = CARTESIAN_POINT('',(0.,-46.1));
#4118 = VECTOR('',#4119,1.);
#4119 = DIRECTION('',(1.,0.));
#4120 = ( GEOMETRIC_REPRESENTATION_CONTEXT(2) 
PARAMETRIC_REPRESENTATION_CONTEXT() REPRESENTATION_CONTEXT('2D SPACE',''
  ) );
#4121 = PCURVE('',#4122,#4127);
#4122 = CYLINDRICAL_SURFACE('',#4123,1.5);
#4123 = AXIS2_PLACEMENT_3D('',#4124,#4125,#4126);
#4124 = CARTESIAN_POINT('',(-8.5,22.3,-23.75));
#4125 = DIRECTION('',(0.,0.,1.));
#4126 = DIRECTION('',(-1.,-0.,0.));
#4127 = DEFINITIONAL_REPRESENTATION('',(#4128),#4132);
#4128 = LINE('',#4129,#4130);
#4129 = CARTESIAN_POINT('',(-0.,0.));
#4130 = VECTOR('',#4131,1.);
#4131 = DIRECTION('',(-0.,1.));
#4132 = ( GEOMETRIC_REPRESENTATION_CONTEXT(2) 
PARAMETRIC_REPRESENTATION_CONTEXT() REPRESENTATION_CONTEXT('2D SPACE',''
  ) );
#4133 = ADVANCED_FACE('',(#4134),#4040,.T.);
#4134 = FACE_BOUND('',#4135,.T.);
#4135 = EDGE_LOOP('',(#4136,#4137,#4161,#4189,#4222,#4250,#4279,#4307));
#4136 = ORIENTED_EDGE('',*,*,#4017,.F.);
#4137 = ORIENTED_EDGE('',*,*,#4138,.T.);
#4138 = EDGE_CURVE('',#4018,#4139,#4141,.T.);
#4139 = VERTEX_POINT('',#4140);
#4140 = CARTESIAN_POINT('',(-8.5,-23.8,23.75));
#4141 = SURFACE_CURVE('',#4142,(#4147,#4154),.PCURVE_S1.);
#4142 = CIRCLE('',#4143,1.5);
#4143 = AXIS2_PLACEMENT_3D('',#4144,#4145,#4146);
#4144 = CARTESIAN_POINT('',(-8.5,-22.3,23.75));
#4145 = DIRECTION('',(0.,0.,1.));
#4146 = DIRECTION('',(0.,-1.,0.));
#4147 = PCURVE('',#4040,#4148);
#4148 = DEFINITIONAL_REPRESENTATION('',(#4149),#4153);
#4149 = CIRCLE('',#4150,1.5);
#4150 = AXIS2_PLACEMENT_2D('',#4151,#4152);
#4151 = CARTESIAN_POINT('',(1.5,1.5));
#4152 = DIRECTION('',(0.,-1.));
#4153 = ( GEOMETRIC_REPRESENTATION_CONTEXT(2) 
PARAMETRIC_REPRESENTATION_CONTEXT() REPRESENTATION_CONTEXT('2D SPACE',''
  ) );
#4154 = PCURVE('',#4068,#4155);
#4155 = DEFINITIONAL_REPRESENTATION('',(#4156),#4160);
#4156 = LINE('',#4157,#4158);
#4157 = CARTESIAN_POINT('',(-4.712388980385,47.5));
#4158 = VECTOR('',#4159,1.);
#4159 = DIRECTION('',(1.,0.));
#4160 = ( GEOMETRIC_REPRESENTATION_CONTEXT(2) 
PARAMETRIC_REPRESENTATION_CONTEXT() REPRESENTATION_CONTEXT('2D SPACE',''
  ) );
#4161 = ORIENTED_EDGE('',*,*,#4162,.T.);
#4162 = EDGE_CURVE('',#4139,#4163,#4165,.T.);
#4163 = VERTEX_POINT('',#4164);
#4164 = CARTESIAN_POINT('',(8.5,-23.8,23.75));
#4165 = SURFACE_CURVE('',#4166,(#4170,#4177),.PCURVE_S1.);
#4166 = LINE('',#4167,#4168);
#4167 = CARTESIAN_POINT('',(-10.,-23.8,23.75));
#4168 = VECTOR('',#4169,1.);
#4169 = DIRECTION('',(1.,0.,0.));
#4170 = PCURVE('',#4040,#4171);
#4171 = DEFINITIONAL_REPRESENTATION('',(#4172),#4176);
#4172 = LINE('',#4173,#4174);
#4173 = CARTESIAN_POINT('',(0.,0.));
#4174 = VECTOR('',#4175,1.);
#4175 = DIRECTION('',(1.,0.));
#4176 = ( GEOMETRIC_REPRESENTATION_CONTEXT(2) 
PARAMETRIC_REPRESENTATION_CONTEXT() REPRESENTATION_CONTEXT('2D SPACE',''
  ) );
#4177 = PCURVE('',#4178,#4183);
#4178 = PLANE('',#4179);
#4179 = AXIS2_PLACEMENT_3D('',#4180,#4181,#4182);
#4180 = CARTESIAN_POINT('',(-10.,-23.8,-23.75));
#4181 = DIRECTION('',(0.,1.,0.));
#4182 = DIRECTION('',(0.,0.,1.));
#4183 = DEFINITIONAL_REPRESENTATION('',(#4184),#4188);
#4184 = LINE('',#4185,#4186);
#4185 = CARTESIAN_POINT('',(47.5,0.));
#4186 = VECTOR('',#4187,1.);
#4187 = DIRECTION('',(0.,1.));
#4188 = ( GEOMETRIC_REPRESENTATION_CONTEXT(2) 
PARAMETRIC_REPRESENTATION_CONTEXT() REPRESENTATION_CONTEXT('2D SPACE',''
  ) );
#4189 = ORIENTED_EDGE('',*,*,#4190,.F.);
#4190 = EDGE_CURVE('',#4191,#4163,#4193,.T.);
#4191 = VERTEX_POINT('',#4192);
#4192 = CARTESIAN_POINT('',(10.,-22.3,23.75));
#4193 = SURFACE_CURVE('',#4194,(#4199,#4210),.PCURVE_S1.);
#4194 = CIRCLE('',#4195,1.5);
#4195 = AXIS2_PLACEMENT_3D('',#4196,#4197,#4198);
#4196 = CARTESIAN_POINT('',(8.5,-22.3,23.75));
#4197 = DIRECTION('',(-0.,-0.,-1.));
#4198 = DIRECTION('',(0.,-1.,0.));
#4199 = PCURVE('',#4040,#4200);
#4200 = DEFINITIONAL_REPRESENTATION('',(#4201),#4209);
#4201 = ( BOUNDED_CURVE() B_SPLINE_CURVE(2,(#4202,#4203,#4204,#4205,
#4206,#4207,#4208),.UNSPECIFIED.,.T.,.F.) B_SPLINE_CURVE_WITH_KNOTS((1,2
    ,2,2,2,1),(-2.094395102393,0.,2.094395102393,4.188790204786,
6.28318530718,8.377580409573),.UNSPECIFIED.) CURVE() 
GEOMETRIC_REPRESENTATION_ITEM() RATIONAL_B_SPLINE_CURVE((1.,0.5,1.,0.5,
1.,0.5,1.)) REPRESENTATION_ITEM('') );
#4202 = CARTESIAN_POINT('',(18.5,0.));
#4203 = CARTESIAN_POINT('',(15.901923788647,0.));
#4204 = CARTESIAN_POINT('',(17.200961894323,2.25));
#4205 = CARTESIAN_POINT('',(18.5,4.5));
#4206 = CARTESIAN_POINT('',(19.799038105677,2.25));
#4207 = CARTESIAN_POINT('',(21.098076211353,2.22044604925E-15));
#4208 = CARTESIAN_POINT('',(18.5,0.));
#4209 = ( GEOMETRIC_REPRESENTATION_CONTEXT(2) 
PARAMETRIC_REPRESENTATION_CONTEXT() REPRESENTATION_CONTEXT('2D SPACE',''
  ) );
#4210 = PCURVE('',#4211,#4216);
#4211 = CYLINDRICAL_SURFACE('',#4212,1.5);
#4212 = AXIS2_PLACEMENT_3D('',#4213,#4214,#4215);
#4213 = CARTESIAN_POINT('',(8.5,-22.3,-23.75));
#4214 = DIRECTION('',(0.,0.,1.));
#4215 = DIRECTION('',(1.,0.,-0.));
#4216 = DEFINITIONAL_REPRESENTATION('',(#4217),#4221);
#4217 = LINE('',#4218,#4219);
#4218 = CARTESIAN_POINT('',(4.712388980385,47.5));
#4219 = VECTOR('',#4220,1.);
#4220 = DIRECTION('',(-1.,0.));
#4221 = ( GEOMETRIC_REPRESENTATION_CONTEXT(2) 
PARAMETRIC_REPRESENTATION_CONTEXT() REPRESENTATION_CONTEXT('2D SPACE',''
  ) );
#4222 = ORIENTED_EDGE('',*,*,#4223,.T.);
#4223 = EDGE_CURVE('',#4191,#4224,#4226,.T.);
#4224 = VERTEX_POINT('',#4225);
#4225 = CARTESIAN_POINT('',(10.,22.3,23.75));
#4226 = SURFACE_CURVE('',#4227,(#4231,#4238),.PCURVE_S1.);
#4227 = LINE('',#4228,#4229);
#4228 = CARTESIAN_POINT('',(10.,-23.8,23.75));
#4229 = VECTOR('',#4230,1.);
#4230 = DIRECTION('',(0.,1.,0.));
#4231 = PCURVE('',#4040,#4232);
#4232 = DEFINITIONAL_REPRESENTATION('',(#4233),#4237);
#4233 = LINE('',#4234,#4235);
#4234 = CARTESIAN_POINT('',(20.,0.));
#4235 = VECTOR('',#4236,1.);
#4236 = DIRECTION('',(0.,1.));
#4237 = ( GEOMETRIC_REPRESENTATION_CONTEXT(2) 
PARAMETRIC_REPRESENTATION_CONTEXT() REPRESENTATION_CONTEXT('2D SPACE',''
  ) );
#4238 = PCURVE('',#4239,#4244);
#4239 = PLANE('',#4240);
#4240 = AXIS2_PLACEMENT_3D('',#4241,#4242,#4243);
#4241 = CARTESIAN_POINT('',(10.,-23.8,-23.75));
#4242 = DIRECTION('',(1.,0.,0.));
#4243 = DIRECTION('',(0.,0.,1.));
#4244 = DEFINITIONAL_REPRESENTATION('',(#4245),#4249);
#4245 = LINE('',#4246,#4247);
#4246 = CARTESIAN_POINT('',(47.5,0.));
#4247 = VECTOR('',#4248,1.);
#4248 = DIRECTION('',(0.,-1.));
#4249 = ( GEOMETRIC_REPRESENTATION_CONTEXT(2) 
PARAMETRIC_REPRESENTATION_CONTEXT() REPRESENTATION_CONTEXT('2D SPACE',''
  ) );
#4250 = ORIENTED_EDGE('',*,*,#4251,.T.);
#4251 = EDGE_CURVE('',#4224,#4252,#4254,.T.);
#4252 = VERTEX_POINT('',#4253);
#4253 = CARTESIAN_POINT('',(8.5,23.8,23.75));
#4254 = SURFACE_CURVE('',#4255,(#4260,#4267),.PCURVE_S1.);
#4255 = CIRCLE('',#4256,1.5);
#4256 = AXIS2_PLACEMENT_3D('',#4257,#4258,#4259);
#4257 = CARTESIAN_POINT('',(8.5,22.3,23.75));
#4258 = DIRECTION('',(0.,0.,1.));
#4259 = DIRECTION('',(0.,-1.,0.));
#4260 = PCURVE('',#4040,#4261);
#4261 = DEFINITIONAL_REPRESENTATION('',(#4262),#4266);
#4262 = CIRCLE('',#4263,1.5);
#4263 = AXIS2_PLACEMENT_2D('',#4264,#4265);
#4264 = CARTESIAN_POINT('',(18.5,46.1));
#4265 = DIRECTION('',(0.,-1.));
#4266 = ( GEOMETRIC_REPRESENTATION_CONTEXT(2) 
PARAMETRIC_REPRESENTATION_CONTEXT() REPRESENTATION_CONTEXT('2D SPACE',''
  ) );
#4267 = PCURVE('',#4268,#4273);
#4268 = CYLINDRICAL_SURFACE('',#4269,1.5);
#4269 = AXIS2_PLACEMENT_3D('',#4270,#4271,#4272);
#4270 = CARTESIAN_POINT('',(8.5,22.3,-23.75));
#4271 = DIRECTION('',(0.,0.,1.));
#4272 = DIRECTION('',(1.,0.,-0.));
#4273 = DEFINITIONAL_REPRESENTATION('',(#4274),#4278);
#4274 = LINE('',#4275,#4276);
#4275 = CARTESIAN_POINT('',(-1.570796326795,47.5));
#4276 = VECTOR('',#4277,1.);
#4277 = DIRECTION('',(1.,0.));
#4278 = ( GEOMETRIC_REPRESENTATION_CONTEXT(2) 
PARAMETRIC_REPRESENTATION_CONTEXT() REPRESENTATION_CONTEXT('2D SPACE',''
  ) );
#4279 = ORIENTED_EDGE('',*,*,#4280,.F.);
#4280 = EDGE_CURVE('',#4281,#4252,#4283,.T.);
#4281 = VERTEX_POINT('',#4282);
#4282 = CARTESIAN_POINT('',(-8.5,23.8,23.75));
#4283 = SURFACE_CURVE('',#4284,(#4288,#4295),.PCURVE_S1.);
#4284 = LINE('',#4285,#4286);
#4285 = CARTESIAN_POINT('',(-10.,23.8,23.75));
#4286 = VECTOR('',#4287,1.);
#4287 = DIRECTION('',(1.,0.,0.));
#4288 = PCURVE('',#4040,#4289);
#4289 = DEFINITIONAL_REPRESENTATION('',(#4290),#4294);
#4290 = LINE('',#4291,#4292);
#4291 = CARTESIAN_POINT('',(0.,47.6));
#4292 = VECTOR('',#4293,1.);
#4293 = DIRECTION('',(1.,0.));
#4294 = ( GEOMETRIC_REPRESENTATION_CONTEXT(2) 
PARAMETRIC_REPRESENTATION_CONTEXT() REPRESENTATION_CONTEXT('2D SPACE',''
  ) );
#4295 = PCURVE('',#4296,#4301);
#4296 = PLANE('',#4297);
#4297 = AXIS2_PLACEMENT_3D('',#4298,#4299,#4300);
#4298 = CARTESIAN_POINT('',(-10.,23.8,-23.75));
#4299 = DIRECTION('',(0.,1.,0.));
#4300 = DIRECTION('',(0.,0.,1.));
#4301 = DEFINITIONAL_REPRESENTATION('',(#4302),#4306);
#4302 = LINE('',#4303,#4304);
#4303 = CARTESIAN_POINT('',(47.5,0.));
#4304 = VECTOR('',#4305,1.);
#4305 = DIRECTION('',(0.,1.));
#4306 = ( GEOMETRIC_REPRESENTATION_CONTEXT(2) 
PARAMETRIC_REPRESENTATION_CONTEXT() REPRESENTATION_CONTEXT('2D SPACE',''
  ) );
#4307 = ORIENTED_EDGE('',*,*,#4308,.F.);
#4308 = EDGE_CURVE('',#4020,#4281,#4309,.T.);
#4309 = SURFACE_CURVE('',#4310,(#4315,#4326),.PCURVE_S1.);
#4310 = CIRCLE('',#4311,1.5);
#4311 = AXIS2_PLACEMENT_3D('',#4312,#4313,#4314);
#4312 = CARTESIAN_POINT('',(-8.5,22.3,23.75));
#4313 = DIRECTION('',(-0.,-0.,-1.));
#4314 = DIRECTION('',(0.,-1.,0.));
#4315 = PCURVE('',#4040,#4316);
#4316 = DEFINITIONAL_REPRESENTATION('',(#4317),#4325);
#4317 = ( BOUNDED_CURVE() B_SPLINE_CURVE(2,(#4318,#4319,#4320,#4321,
#4322,#4323,#4324),.UNSPECIFIED.,.T.,.F.) B_SPLINE_CURVE_WITH_KNOTS((1,2
    ,2,2,2,1),(-2.094395102393,0.,2.094395102393,4.188790204786,
6.28318530718,8.377580409573),.UNSPECIFIED.) CURVE() 
GEOMETRIC_REPRESENTATION_ITEM() RATIONAL_B_SPLINE_CURVE((1.,0.5,1.,0.5,
1.,0.5,1.)) REPRESENTATION_ITEM('') );
#4318 = CARTESIAN_POINT('',(1.5,44.6));
#4319 = CARTESIAN_POINT('',(-1.098076211353,44.6));
#4320 = CARTESIAN_POINT('',(0.200961894323,46.85));
#4321 = CARTESIAN_POINT('',(1.5,49.1));
#4322 = CARTESIAN_POINT('',(2.799038105677,46.85));
#4323 = CARTESIAN_POINT('',(4.098076211353,44.6));
#4324 = CARTESIAN_POINT('',(1.5,44.6));
#4325 = ( GEOMETRIC_REPRESENTATION_CONTEXT(2) 
PARAMETRIC_REPRESENTATION_CONTEXT() REPRESENTATION_CONTEXT('2D SPACE',''
  ) );
#4326 = PCURVE('',#4122,#4327);
#4327 = DEFINITIONAL_REPRESENTATION('',(#4328),#4332);
#4328 = LINE('',#4329,#4330);
#4329 = CARTESIAN_POINT('',(1.570796326795,47.5));
#4330 = VECTOR('',#4331,1.);
#4331 = DIRECTION('',(-1.,0.));
#4332 = ( GEOMETRIC_REPRESENTATION_CONTEXT(2) 
PARAMETRIC_REPRESENTATION_CONTEXT() REPRESENTATION_CONTEXT('2D SPACE',''
  ) );
#4333 = ADVANCED_FACE('',(#4334),#4068,.T.);
#4334 = FACE_BOUND('',#4335,.T.);
#4335 = EDGE_LOOP('',(#4336,#4360,#4381,#4382));
#4336 = ORIENTED_EDGE('',*,*,#4337,.T.);
#4337 = EDGE_CURVE('',#4053,#4338,#4340,.T.);
#4338 = VERTEX_POINT('',#4339);
#4339 = CARTESIAN_POINT('',(-8.5,-23.8,-23.75));
#4340 = SURFACE_CURVE('',#4341,(#4346,#4353),.PCURVE_S1.);
#4341 = CIRCLE('',#4342,1.5);
#4342 = AXIS2_PLACEMENT_3D('',#4343,#4344,#4345);
#4343 = CARTESIAN_POINT('',(-8.5,-22.3,-23.75));
#4344 = DIRECTION('',(0.,0.,1.));
#4345 = DIRECTION('',(0.,-1.,0.));
#4346 = PCURVE('',#4068,#4347);
#4347 = DEFINITIONAL_REPRESENTATION('',(#4348),#4352);
#4348 = LINE('',#4349,#4350);
#4349 = CARTESIAN_POINT('',(-4.712388980385,0.));
#4350 = VECTOR('',#4351,1.);
#4351 = DIRECTION('',(1.,0.));
#4352 = ( GEOMETRIC_REPRESENTATION_CONTEXT(2) 
PARAMETRIC_REPRESENTATION_CONTEXT() REPRESENTATION_CONTEXT('2D SPACE',''
  ) );
#4353 = PCURVE('',#4096,#4354);
#4354 = DEFINITIONAL_REPRESENTATION('',(#4355),#4359);
#4355 = CIRCLE('',#4356,1.5);
#4356 = AXIS2_PLACEMENT_2D('',#4357,#4358);
#4357 = CARTESIAN_POINT('',(1.5,1.5));
#4358 = DIRECTION('',(0.,-1.));
#4359 = ( GEOMETRIC_REPRESENTATION_CONTEXT(2) 
PARAMETRIC_REPRESENTATION_CONTEXT() REPRESENTATION_CONTEXT('2D SPACE',''
  ) );
#4360 = ORIENTED_EDGE('',*,*,#4361,.T.);
#4361 = EDGE_CURVE('',#4338,#4139,#4362,.T.);
#4362 = SURFACE_CURVE('',#4363,(#4367,#4374),.PCURVE_S1.);
#4363 = LINE('',#4364,#4365);
#4364 = CARTESIAN_POINT('',(-8.5,-23.8,-23.75));
#4365 = VECTOR('',#4366,1.);
#4366 = DIRECTION('',(0.,0.,1.));
#4367 = PCURVE('',#4068,#4368);
#4368 = DEFINITIONAL_REPRESENTATION('',(#4369),#4373);
#4369 = LINE('',#4370,#4371);
#4370 = CARTESIAN_POINT('',(1.570796326795,0.));
#4371 = VECTOR('',#4372,1.);
#4372 = DIRECTION('',(0.,1.));
#4373 = ( GEOMETRIC_REPRESENTATION_CONTEXT(2) 
PARAMETRIC_REPRESENTATION_CONTEXT() REPRESENTATION_CONTEXT('2D SPACE',''
  ) );
#4374 = PCURVE('',#4178,#4375);
#4375 = DEFINITIONAL_REPRESENTATION('',(#4376),#4380);
#4376 = LINE('',#4377,#4378);
#4377 = CARTESIAN_POINT('',(0.,1.5));
#4378 = VECTOR('',#4379,1.);
#4379 = DIRECTION('',(1.,0.));
#4380 = ( GEOMETRIC_REPRESENTATION_CONTEXT(2) 
PARAMETRIC_REPRESENTATION_CONTEXT() REPRESENTATION_CONTEXT('2D SPACE',''
  ) );
#4381 = ORIENTED_EDGE('',*,*,#4138,.F.);
#4382 = ORIENTED_EDGE('',*,*,#4052,.F.);
#4383 = ADVANCED_FACE('',(#4384),#4122,.T.);
#4384 = FACE_BOUND('',#4385,.F.);
#4385 = EDGE_LOOP('',(#4386,#4414,#4435,#4436));
#4386 = ORIENTED_EDGE('',*,*,#4387,.T.);
#4387 = EDGE_CURVE('',#4081,#4388,#4390,.T.);
#4388 = VERTEX_POINT('',#4389);
#4389 = CARTESIAN_POINT('',(-8.5,23.8,-23.75));
#4390 = SURFACE_CURVE('',#4391,(#4396,#4403),.PCURVE_S1.);
#4391 = CIRCLE('',#4392,1.5);
#4392 = AXIS2_PLACEMENT_3D('',#4393,#4394,#4395);
#4393 = CARTESIAN_POINT('',(-8.5,22.3,-23.75));
#4394 = DIRECTION('',(-0.,-0.,-1.));
#4395 = DIRECTION('',(0.,-1.,0.));
#4396 = PCURVE('',#4122,#4397);
#4397 = DEFINITIONAL_REPRESENTATION('',(#4398),#4402);
#4398 = LINE('',#4399,#4400);
#4399 = CARTESIAN_POINT('',(1.570796326795,-0.));
#4400 = VECTOR('',#4401,1.);
#4401 = DIRECTION('',(-1.,0.));
#4402 = ( GEOMETRIC_REPRESENTATION_CONTEXT(2) 
PARAMETRIC_REPRESENTATION_CONTEXT() REPRESENTATION_CONTEXT('2D SPACE',''
  ) );
#4403 = PCURVE('',#4096,#4404);
#4404 = DEFINITIONAL_REPRESENTATION('',(#4405),#4413);
#4405 = ( BOUNDED_CURVE() B_SPLINE_CURVE(2,(#4406,#4407,#4408,#4409,
#4410,#4411,#4412),.UNSPECIFIED.,.T.,.F.) B_SPLINE_CURVE_WITH_KNOTS((1,2
    ,2,2,2,1),(-2.094395102393,0.,2.094395102393,4.188790204786,
6.28318530718,8.377580409573),.UNSPECIFIED.) CURVE() 
GEOMETRIC_REPRESENTATION_ITEM() RATIONAL_B_SPLINE_CURVE((1.,0.5,1.,0.5,
1.,0.5,1.)) REPRESENTATION_ITEM('') );
#4406 = CARTESIAN_POINT('',(1.5,44.6));
#4407 = CARTESIAN_POINT('',(-1.098076211353,44.6));
#4408 = CARTESIAN_POINT('',(0.200961894323,46.85));
#4409 = CARTESIAN_POINT('',(1.5,49.1));
#4410 = CARTESIAN_POINT('',(2.799038105677,46.85));
#4411 = CARTESIAN_POINT('',(4.098076211353,44.6));
#4412 = CARTESIAN_POINT('',(1.5,44.6));
#4413 = ( GEOMETRIC_REPRESENTATION_CONTEXT(2) 
PARAMETRIC_REPRESENTATION_CONTEXT() REPRESENTATION_CONTEXT('2D SPACE',''
  ) );
#4414 = ORIENTED_EDGE('',*,*,#4415,.T.);
#4415 = EDGE_CURVE('',#4388,#4281,#4416,.T.);
#4416 = SURFACE_CURVE('',#4417,(#4421,#4428),.PCURVE_S1.);
#4417 = LINE('',#4418,#4419);
#4418 = CARTESIAN_POINT('',(-8.5,23.8,-23.75));
#4419 = VECTOR('',#4420,1.);
#4420 = DIRECTION('',(0.,0.,1.));
#4421 = PCURVE('',#4122,#4422);
#4422 = DEFINITIONAL_REPRESENTATION('',(#4423),#4427);
#4423 = LINE('',#4424,#4425);
#4424 = CARTESIAN_POINT('',(-1.570796326795,0.));
#4425 = VECTOR('',#4426,1.);
#4426 = DIRECTION('',(-0.,1.));
#4427 = ( GEOMETRIC_REPRESENTATION_CONTEXT(2) 
PARAMETRIC_REPRESENTATION_CONTEXT() REPRESENTATION_CONTEXT('2D SPACE',''
  ) );
#4428 = PCURVE('',#4296,#4429);
#4429 = DEFINITIONAL_REPRESENTATION('',(#4430),#4434);
#4430 = LINE('',#4431,#4432);
#4431 = CARTESIAN_POINT('',(0.,1.5));
#4432 = VECTOR('',#4433,1.);
#4433 = DIRECTION('',(1.,0.));
#4434 = ( GEOMETRIC_REPRESENTATION_CONTEXT(2) 
PARAMETRIC_REPRESENTATION_CONTEXT() REPRESENTATION_CONTEXT('2D SPACE',''
  ) );
#4435 = ORIENTED_EDGE('',*,*,#4308,.F.);
#4436 = ORIENTED_EDGE('',*,*,#4108,.F.);
#4437 = ADVANCED_FACE('',(#4438),#4096,.F.);
#4438 = FACE_BOUND('',#4439,.F.);
#4439 = EDGE_LOOP('',(#4440,#4441,#4442,#4465,#4493,#4516,#4540,#4561));
#4440 = ORIENTED_EDGE('',*,*,#4080,.F.);
#4441 = ORIENTED_EDGE('',*,*,#4337,.T.);
#4442 = ORIENTED_EDGE('',*,*,#4443,.T.);
#4443 = EDGE_CURVE('',#4338,#4444,#4446,.T.);
#4444 = VERTEX_POINT('',#4445);
#4445 = CARTESIAN_POINT('',(8.5,-23.8,-23.75));
#4446 = SURFACE_CURVE('',#4447,(#4451,#4458),.PCURVE_S1.);
#4447 = LINE('',#4448,#4449);
#4448 = CARTESIAN_POINT('',(-10.,-23.8,-23.75));
#4449 = VECTOR('',#4450,1.);
#4450 = DIRECTION('',(1.,0.,0.));
#4451 = PCURVE('',#4096,#4452);
#4452 = DEFINITIONAL_REPRESENTATION('',(#4453),#4457);
#4453 = LINE('',#4454,#4455);
#4454 = CARTESIAN_POINT('',(0.,0.));
#4455 = VECTOR('',#4456,1.);
#4456 = DIRECTION('',(1.,0.));
#4457 = ( GEOMETRIC_REPRESENTATION_CONTEXT(2) 
PARAMETRIC_REPRESENTATION_CONTEXT() REPRESENTATION_CONTEXT('2D SPACE',''
  ) );
#4458 = PCURVE('',#4178,#4459);
#4459 = DEFINITIONAL_REPRESENTATION('',(#4460),#4464);
#4460 = LINE('',#4461,#4462);
#4461 = CARTESIAN_POINT('',(0.,0.));
#4462 = VECTOR('',#4463,1.);
#4463 = DIRECTION('',(0.,1.));
#4464 = ( GEOMETRIC_REPRESENTATION_CONTEXT(2) 
PARAMETRIC_REPRESENTATION_CONTEXT() REPRESENTATION_CONTEXT('2D SPACE',''
  ) );
#4465 = ORIENTED_EDGE('',*,*,#4466,.F.);
#4466 = EDGE_CURVE('',#4467,#4444,#4469,.T.);
#4467 = VERTEX_POINT('',#4468);
#4468 = CARTESIAN_POINT('',(10.,-22.3,-23.75));
#4469 = SURFACE_CURVE('',#4470,(#4475,#4486),.PCURVE_S1.);
#4470 = CIRCLE('',#4471,1.5);
#4471 = AXIS2_PLACEMENT_3D('',#4472,#4473,#4474);
#4472 = CARTESIAN_POINT('',(8.5,-22.3,-23.75));
#4473 = DIRECTION('',(-0.,-0.,-1.));
#4474 = DIRECTION('',(0.,-1.,0.));
#4475 = PCURVE('',#4096,#4476);
#4476 = DEFINITIONAL_REPRESENTATION('',(#4477),#4485);
#4477 = ( BOUNDED_CURVE() B_SPLINE_CURVE(2,(#4478,#4479,#4480,#4481,
#4482,#4483,#4484),.UNSPECIFIED.,.T.,.F.) B_SPLINE_CURVE_WITH_KNOTS((1,2
    ,2,2,2,1),(-2.094395102393,0.,2.094395102393,4.188790204786,
6.28318530718,8.377580409573),.UNSPECIFIED.) CURVE() 
GEOMETRIC_REPRESENTATION_ITEM() RATIONAL_B_SPLINE_CURVE((1.,0.5,1.,0.5,
1.,0.5,1.)) REPRESENTATION_ITEM('') );
#4478 = CARTESIAN_POINT('',(18.5,0.));
#4479 = CARTESIAN_POINT('',(15.901923788647,0.));
#4480 = CARTESIAN_POINT('',(17.200961894323,2.25));
#4481 = CARTESIAN_POINT('',(18.5,4.5));
#4482 = CARTESIAN_POINT('',(19.799038105677,2.25));
#4483 = CARTESIAN_POINT('',(21.098076211353,2.22044604925E-15));
#4484 = CARTESIAN_POINT('',(18.5,0.));
#4485 = ( GEOMETRIC_REPRESENTATION_CONTEXT(2) 
PARAMETRIC_REPRESENTATION_CONTEXT() REPRESENTATION_CONTEXT('2D SPACE',''
  ) );
#4486 = PCURVE('',#4211,#4487);
#4487 = DEFINITIONAL_REPRESENTATION('',(#4488),#4492);
#4488 = LINE('',#4489,#4490);
#4489 = CARTESIAN_POINT('',(4.712388980385,-0.));
#4490 = VECTOR('',#4491,1.);
#4491 = DIRECTION('',(-1.,0.));
#4492 = ( GEOMETRIC_REPRESENTATION_CONTEXT(2) 
PARAMETRIC_REPRESENTATION_CONTEXT() REPRESENTATION_CONTEXT('2D SPACE',''
  ) );
#4493 = ORIENTED_EDGE('',*,*,#4494,.T.);
#4494 = EDGE_CURVE('',#4467,#4495,#4497,.T.);
#4495 = VERTEX_POINT('',#4496);
#4496 = CARTESIAN_POINT('',(10.,22.3,-23.75));
#4497 = SURFACE_CURVE('',#4498,(#4502,#4509),.PCURVE_S1.);
#4498 = LINE('',#4499,#4500);
#4499 = CARTESIAN_POINT('',(10.,-23.8,-23.75));
#4500 = VECTOR('',#4501,1.);
#4501 = DIRECTION('',(0.,1.,0.));
#4502 = PCURVE('',#4096,#4503);
#4503 = DEFINITIONAL_REPRESENTATION('',(#4504),#4508);
#4504 = LINE('',#4505,#4506);
#4505 = CARTESIAN_POINT('',(20.,0.));
#4506 = VECTOR('',#4507,1.);
#4507 = DIRECTION('',(0.,1.));
#4508 = ( GEOMETRIC_REPRESENTATION_CONTEXT(2) 
PARAMETRIC_REPRESENTATION_CONTEXT() REPRESENTATION_CONTEXT('2D SPACE',''
  ) );
#4509 = PCURVE('',#4239,#4510);
#4510 = DEFINITIONAL_REPRESENTATION('',(#4511),#4515);
#4511 = LINE('',#4512,#4513);
#4512 = CARTESIAN_POINT('',(0.,0.));
#4513 = VECTOR('',#4514,1.);
#4514 = DIRECTION('',(0.,-1.));
#4515 = ( GEOMETRIC_REPRESENTATION_CONTEXT(2) 
PARAMETRIC_REPRESENTATION_CONTEXT() REPRESENTATION_CONTEXT('2D SPACE',''
  ) );
#4516 = ORIENTED_EDGE('',*,*,#4517,.T.);
#4517 = EDGE_CURVE('',#4495,#4518,#4520,.T.);
#4518 = VERTEX_POINT('',#4519);
#4519 = CARTESIAN_POINT('',(8.5,23.8,-23.75));
#4520 = SURFACE_CURVE('',#4521,(#4526,#4533),.PCURVE_S1.);
#4521 = CIRCLE('',#4522,1.5);
#4522 = AXIS2_PLACEMENT_3D('',#4523,#4524,#4525);
#4523 = CARTESIAN_POINT('',(8.5,22.3,-23.75));
#4524 = DIRECTION('',(0.,0.,1.));
#4525 = DIRECTION('',(0.,-1.,0.));
#4526 = PCURVE('',#4096,#4527);
#4527 = DEFINITIONAL_REPRESENTATION('',(#4528),#4532);
#4528 = CIRCLE('',#4529,1.5);
#4529 = AXIS2_PLACEMENT_2D('',#4530,#4531);
#4530 = CARTESIAN_POINT('',(18.5,46.1));
#4531 = DIRECTION('',(0.,-1.));
#4532 = ( GEOMETRIC_REPRESENTATION_CONTEXT(2) 
PARAMETRIC_REPRESENTATION_CONTEXT() REPRESENTATION_CONTEXT('2D SPACE',''
  ) );
#4533 = PCURVE('',#4268,#4534);
#4534 = DEFINITIONAL_REPRESENTATION('',(#4535),#4539);
#4535 = LINE('',#4536,#4537);
#4536 = CARTESIAN_POINT('',(-1.570796326795,0.));
#4537 = VECTOR('',#4538,1.);
#4538 = DIRECTION('',(1.,0.));
#4539 = ( GEOMETRIC_REPRESENTATION_CONTEXT(2) 
PARAMETRIC_REPRESENTATION_CONTEXT() REPRESENTATION_CONTEXT('2D SPACE',''
  ) );
#4540 = ORIENTED_EDGE('',*,*,#4541,.F.);
#4541 = EDGE_CURVE('',#4388,#4518,#4542,.T.);
#4542 = SURFACE_CURVE('',#4543,(#4547,#4554),.PCURVE_S1.);
#4543 = LINE('',#4544,#4545);
#4544 = CARTESIAN_POINT('',(-10.,23.8,-23.75));
#4545 = VECTOR('',#4546,1.);
#4546 = DIRECTION('',(1.,0.,0.));
#4547 = PCURVE('',#4096,#4548);
#4548 = DEFINITIONAL_REPRESENTATION('',(#4549),#4553);
#4549 = LINE('',#4550,#4551);
#4550 = CARTESIAN_POINT('',(0.,47.6));
#4551 = VECTOR('',#4552,1.);
#4552 = DIRECTION('',(1.,0.));
#4553 = ( GEOMETRIC_REPRESENTATION_CONTEXT(2) 
PARAMETRIC_REPRESENTATION_CONTEXT() REPRESENTATION_CONTEXT('2D SPACE',''
  ) );
#4554 = PCURVE('',#4296,#4555);
#4555 = DEFINITIONAL_REPRESENTATION('',(#4556),#4560);
#4556 = LINE('',#4557,#4558);
#4557 = CARTESIAN_POINT('',(0.,0.));
#4558 = VECTOR('',#4559,1.);
#4559 = DIRECTION('',(0.,1.));
#4560 = ( GEOMETRIC_REPRESENTATION_CONTEXT(2) 
PARAMETRIC_REPRESENTATION_CONTEXT() REPRESENTATION_CONTEXT('2D SPACE',''
  ) );
#4561 = ORIENTED_EDGE('',*,*,#4387,.F.);
#4562 = ADVANCED_FACE('',(#4563),#4178,.F.);
#4563 = FACE_BOUND('',#4564,.F.);
#4564 = EDGE_LOOP('',(#4565,#4566,#4567,#4568));
#4565 = ORIENTED_EDGE('',*,*,#4443,.F.);
#4566 = ORIENTED_EDGE('',*,*,#4361,.T.);
#4567 = ORIENTED_EDGE('',*,*,#4162,.T.);
#4568 = ORIENTED_EDGE('',*,*,#4569,.F.);
#4569 = EDGE_CURVE('',#4444,#4163,#4570,.T.);
#4570 = SURFACE_CURVE('',#4571,(#4575,#4582),.PCURVE_S1.);
#4571 = LINE('',#4572,#4573);
#4572 = CARTESIAN_POINT('',(8.5,-23.8,-23.75));
#4573 = VECTOR('',#4574,1.);
#4574 = DIRECTION('',(0.,0.,1.));
#4575 = PCURVE('',#4178,#4576);
#4576 = DEFINITIONAL_REPRESENTATION('',(#4577),#4581);
#4577 = LINE('',#4578,#4579);
#4578 = CARTESIAN_POINT('',(0.,18.5));
#4579 = VECTOR('',#4580,1.);
#4580 = DIRECTION('',(1.,0.));
#4581 = ( GEOMETRIC_REPRESENTATION_CONTEXT(2) 
PARAMETRIC_REPRESENTATION_CONTEXT() REPRESENTATION_CONTEXT('2D SPACE',''
  ) );
#4582 = PCURVE('',#4211,#4583);
#4583 = DEFINITIONAL_REPRESENTATION('',(#4584),#4588);
#4584 = LINE('',#4585,#4586);
#4585 = CARTESIAN_POINT('',(-1.570796326795,0.));
#4586 = VECTOR('',#4587,1.);
#4587 = DIRECTION('',(-0.,1.));
#4588 = ( GEOMETRIC_REPRESENTATION_CONTEXT(2) 
PARAMETRIC_REPRESENTATION_CONTEXT() REPRESENTATION_CONTEXT('2D SPACE',''
  ) );
#4589 = ADVANCED_FACE('',(#4590),#4296,.T.);
#4590 = FACE_BOUND('',#4591,.T.);
#4591 = EDGE_LOOP('',(#4592,#4593,#4594,#4595));
#4592 = ORIENTED_EDGE('',*,*,#4541,.F.);
#4593 = ORIENTED_EDGE('',*,*,#4415,.T.);
#4594 = ORIENTED_EDGE('',*,*,#4280,.T.);
#4595 = ORIENTED_EDGE('',*,*,#4596,.F.);
#4596 = EDGE_CURVE('',#4518,#4252,#4597,.T.);
#4597 = SURFACE_CURVE('',#4598,(#4602,#4609),.PCURVE_S1.);
#4598 = LINE('',#4599,#4600);
#4599 = CARTESIAN_POINT('',(8.5,23.8,-23.75));
#4600 = VECTOR('',#4601,1.);
#4601 = DIRECTION('',(0.,0.,1.));
#4602 = PCURVE('',#4296,#4603);
#4603 = DEFINITIONAL_REPRESENTATION('',(#4604),#4608);
#4604 = LINE('',#4605,#4606);
#4605 = CARTESIAN_POINT('',(0.,18.5));
#4606 = VECTOR('',#4607,1.);
#4607 = DIRECTION('',(1.,0.));
#4608 = ( GEOMETRIC_REPRESENTATION_CONTEXT(2) 
PARAMETRIC_REPRESENTATION_CONTEXT() REPRESENTATION_CONTEXT('2D SPACE',''
  ) );
#4609 = PCURVE('',#4268,#4610);
#4610 = DEFINITIONAL_REPRESENTATION('',(#4611),#4615);
#4611 = LINE('',#4612,#4613);
#4612 = CARTESIAN_POINT('',(1.570796326795,0.));
#4613 = VECTOR('',#4614,1.);
#4614 = DIRECTION('',(0.,1.));
#4615 = ( GEOMETRIC_REPRESENTATION_CONTEXT(2) 
PARAMETRIC_REPRESENTATION_CONTEXT() REPRESENTATION_CONTEXT('2D SPACE',''
  ) );
#4616 = ADVANCED_FACE('',(#4617),#4211,.T.);
#4617 = FACE_BOUND('',#4618,.F.);
#4618 = EDGE_LOOP('',(#4619,#4620,#4621,#4622));
#4619 = ORIENTED_EDGE('',*,*,#4466,.T.);
#4620 = ORIENTED_EDGE('',*,*,#4569,.T.);
#4621 = ORIENTED_EDGE('',*,*,#4190,.F.);
#4622 = ORIENTED_EDGE('',*,*,#4623,.F.);
#4623 = EDGE_CURVE('',#4467,#4191,#4624,.T.);
#4624 = SURFACE_CURVE('',#4625,(#4629,#4636),.PCURVE_S1.);
#4625 = LINE('',#4626,#4627);
#4626 = CARTESIAN_POINT('',(10.,-22.3,-23.75));
#4627 = VECTOR('',#4628,1.);
#4628 = DIRECTION('',(0.,0.,1.));
#4629 = PCURVE('',#4211,#4630);
#4630 = DEFINITIONAL_REPRESENTATION('',(#4631),#4635);
#4631 = LINE('',#4632,#4633);
#4632 = CARTESIAN_POINT('',(-0.,0.));
#4633 = VECTOR('',#4634,1.);
#4634 = DIRECTION('',(-0.,1.));
#4635 = ( GEOMETRIC_REPRESENTATION_CONTEXT(2) 
PARAMETRIC_REPRESENTATION_CONTEXT() REPRESENTATION_CONTEXT('2D SPACE',''
  ) );
#4636 = PCURVE('',#4239,#4637);
#4637 = DEFINITIONAL_REPRESENTATION('',(#4638),#4642);
#4638 = LINE('',#4639,#4640);
#4639 = CARTESIAN_POINT('',(0.,-1.5));
#4640 = VECTOR('',#4641,1.);
#4641 = DIRECTION('',(1.,0.));
#4642 = ( GEOMETRIC_REPRESENTATION_CONTEXT(2) 
PARAMETRIC_REPRESENTATION_CONTEXT() REPRESENTATION_CONTEXT('2D SPACE',''
  ) );
#4643 = ADVANCED_FACE('',(#4644),#4268,.T.);
#4644 = FACE_BOUND('',#4645,.T.);
#4645 = EDGE_LOOP('',(#4646,#4647,#4648,#4649));
#4646 = ORIENTED_EDGE('',*,*,#4517,.T.);
#4647 = ORIENTED_EDGE('',*,*,#4596,.T.);
#4648 = ORIENTED_EDGE('',*,*,#4251,.F.);
#4649 = ORIENTED_EDGE('',*,*,#4650,.F.);
#4650 = EDGE_CURVE('',#4495,#4224,#4651,.T.);
#4651 = SURFACE_CURVE('',#4652,(#4656,#4663),.PCURVE_S1.);
#4652 = LINE('',#4653,#4654);
#4653 = CARTESIAN_POINT('',(10.,22.3,-23.75));
#4654 = VECTOR('',#4655,1.);
#4655 = DIRECTION('',(0.,0.,1.));
#4656 = PCURVE('',#4268,#4657);
#4657 = DEFINITIONAL_REPRESENTATION('',(#4658),#4662);
#4658 = LINE('',#4659,#4660);
#4659 = CARTESIAN_POINT('',(0.,0.));
#4660 = VECTOR('',#4661,1.);
#4661 = DIRECTION('',(0.,1.));
#4662 = ( GEOMETRIC_REPRESENTATION_CONTEXT(2) 
PARAMETRIC_REPRESENTATION_CONTEXT() REPRESENTATION_CONTEXT('2D SPACE',''
  ) );
#4663 = PCURVE('',#4239,#4664);
#4664 = DEFINITIONAL_REPRESENTATION('',(#4665),#4669);
#4665 = LINE('',#4666,#4667);
#4666 = CARTESIAN_POINT('',(0.,-46.1));
#4667 = VECTOR('',#4668,1.);
#4668 = DIRECTION('',(1.,0.));
#4669 = ( GEOMETRIC_REPRESENTATION_CONTEXT(2) 
PARAMETRIC_REPRESENTATION_CONTEXT() REPRESENTATION_CONTEXT('2D SPACE',''
  ) );
#4670 = ADVANCED_FACE('',(#4671),#4239,.T.);
#4671 = FACE_BOUND('',#4672,.T.);
#4672 = EDGE_LOOP('',(#4673,#4674,#4675,#4676));
#4673 = ORIENTED_EDGE('',*,*,#4223,.F.);
#4674 = ORIENTED_EDGE('',*,*,#4623,.F.);
#4675 = ORIENTED_EDGE('',*,*,#4494,.T.);
#4676 = ORIENTED_EDGE('',*,*,#4650,.T.);
#4677 = ( GEOMETRIC_REPRESENTATION_CONTEXT(3) 
GLOBAL_UNCERTAINTY_ASSIGNED_CONTEXT((#4681)) 
GLOBAL_UNIT_ASSIGNED_CONTEXT((#4678,#4679,#4680)) REPRESENTATION_CONTEXT
('Context #1','3D Context with UNIT and UNCERTAINTY') );
#4678 = ( LENGTH_UNIT() NAMED_UNIT(*) SI_UNIT(.MILLI.,.METRE.) );
#4679 = ( NAMED_UNIT(*) PLANE_ANGLE_UNIT() SI_UNIT($,.RADIAN.) );
#4680 = ( NAMED_UNIT(*) SI_UNIT($,.STERADIAN.) SOLID_ANGLE_UNIT() );
#4681 = UNCERTAINTY_MEASURE_WITH_UNIT(LENGTH_MEASURE(1.E-07),#4678,
  'distance_accuracy_value','confusion accuracy');
#4682 = CONTEXT_DEPENDENT_SHAPE_REPRESENTATION(#4683,#4685);
#4683 = ( REPRESENTATION_RELATIONSHIP('','',#4010,#10) 
REPRESENTATION_RELATIONSHIP_WITH_TRANSFORMATION(#4684) 
SHAPE_REPRESENTATION_RELATIONSHIP() );
#4684 = ITEM_DEFINED_TRANSFORMATION('','',#11,#31);
#4685 = PRODUCT_DEFINITION_SHAPE('Placement','Placement of an item',
  #4686);
#4686 = NEXT_ASSEMBLY_USAGE_OCCURRENCE('5','SY5_SV_4_SY5320-5LZ-01','',
  #5,#4005,$);
#4687 = PRODUCT_RELATED_PRODUCT_CATEGORY('part',$,(#4007));
#4688 = SHAPE_DEFINITION_REPRESENTATION(#4689,#4695);
#4689 = PRODUCT_DEFINITION_SHAPE('','',#4690);
#4690 = PRODUCT_DEFINITION('design','',#4691,#4694);
#4691 = PRODUCT_DEFINITION_FORMATION('','',#4692);
#4692 = PRODUCT('SY5_Blanking_1','SY5_Blanking_1','',(#4693));
#4693 = PRODUCT_CONTEXT('',#2,'mechanical');
#4694 = PRODUCT_DEFINITION_CONTEXT('part definition',#2,'design');
#4695 = ADVANCED_BREP_SHAPE_REPRESENTATION('',(#11,#4696),#5362);
#4696 = MANIFOLD_SOLID_BREP('',#4697);
#4697 = CLOSED_SHELL('',(#4698,#4818,#5018,#5068,#5122,#5247,#5274,#5301
    ,#5328,#5355));
#4698 = ADVANCED_FACE('',(#4699),#4713,.F.);
#4699 = FACE_BOUND('',#4700,.F.);
#4700 = EDGE_LOOP('',(#4701,#4736,#4764,#4792));
#4701 = ORIENTED_EDGE('',*,*,#4702,.F.);
#4702 = EDGE_CURVE('',#4703,#4705,#4707,.T.);
#4703 = VERTEX_POINT('',#4704);
#4704 = CARTESIAN_POINT('',(-10.,-12.6,14.25));
#4705 = VERTEX_POINT('',#4706);
#4706 = CARTESIAN_POINT('',(-10.,12.6,14.25));
#4707 = SURFACE_CURVE('',#4708,(#4712,#4724),.PCURVE_S1.);
#4708 = LINE('',#4709,#4710);
#4709 = CARTESIAN_POINT('',(-10.,-13.6,14.25));
#4710 = VECTOR('',#4711,1.);
#4711 = DIRECTION('',(0.,1.,0.));
#4712 = PCURVE('',#4713,#4718);
#4713 = PLANE('',#4714);
#4714 = AXIS2_PLACEMENT_3D('',#4715,#4716,#4717);
#4715 = CARTESIAN_POINT('',(-10.,-13.6,-14.25));
#4716 = DIRECTION('',(1.,0.,0.));
#4717 = DIRECTION('',(0.,0.,1.));
#4718 = DEFINITIONAL_REPRESENTATION('',(#4719),#4723);
#4719 = LINE('',#4720,#4721);
#4720 = CARTESIAN_POINT('',(28.5,0.));
#4721 = VECTOR('',#4722,1.);
#4722 = DIRECTION('',(0.,-1.));
#4723 = ( GEOMETRIC_REPRESENTATION_CONTEXT(2) 
PARAMETRIC_REPRESENTATION_CONTEXT() REPRESENTATION_CONTEXT('2D SPACE',''
  ) );
#4724 = PCURVE('',#4725,#4730);
#4725 = PLANE('',#4726);
#4726 = AXIS2_PLACEMENT_3D('',#4727,#4728,#4729);
#4727 = CARTESIAN_POINT('',(-10.,-13.6,14.25));
#4728 = DIRECTION('',(0.,0.,1.));
#4729 = DIRECTION('',(1.,0.,0.));
#4730 = DEFINITIONAL_REPRESENTATION('',(#4731),#4735);
#4731 = LINE('',#4732,#4733);
#4732 = CARTESIAN_POINT('',(0.,0.));
#4733 = VECTOR('',#4734,1.);
#4734 = DIRECTION('',(0.,1.));
#4735 = ( GEOMETRIC_REPRESENTATION_CONTEXT(2) 
PARAMETRIC_REPRESENTATION_CONTEXT() REPRESENTATION_CONTEXT('2D SPACE',''
  ) );
#4736 = ORIENTED_EDGE('',*,*,#4737,.F.);
#4737 = EDGE_CURVE('',#4738,#4703,#4740,.T.);
#4738 = VERTEX_POINT('',#4739);
#4739 = CARTESIAN_POINT('',(-10.,-12.6,-14.25));
#4740 = SURFACE_CURVE('',#4741,(#4745,#4752),.PCURVE_S1.);
#4741 = LINE('',#4742,#4743);
#4742 = CARTESIAN_POINT('',(-10.,-12.6,-14.25));
#4743 = VECTOR('',#4744,1.);
#4744 = DIRECTION('',(0.,0.,1.));
#4745 = PCURVE('',#4713,#4746);
#4746 = DEFINITIONAL_REPRESENTATION('',(#4747),#4751);
#4747 = LINE('',#4748,#4749);
#4748 = CARTESIAN_POINT('',(0.,-1.));
#4749 = VECTOR('',#4750,1.);
#4750 = DIRECTION('',(1.,0.));
#4751 = ( GEOMETRIC_REPRESENTATION_CONTEXT(2) 
PARAMETRIC_REPRESENTATION_CONTEXT() REPRESENTATION_CONTEXT('2D SPACE',''
  ) );
#4752 = PCURVE('',#4753,#4758);
#4753 = CYLINDRICAL_SURFACE('',#4754,1.);
#4754 = AXIS2_PLACEMENT_3D('',#4755,#4756,#4757);
#4755 = CARTESIAN_POINT('',(-9.,-12.6,-14.25));
#4756 = DIRECTION('',(0.,0.,1.));
#4757 = DIRECTION('',(-1.,-0.,0.));
#4758 = DEFINITIONAL_REPRESENTATION('',(#4759),#4763);
#4759 = LINE('',#4760,#4761);
#4760 = CARTESIAN_POINT('',(0.,0.));
#4761 = VECTOR('',#4762,1.);
#4762 = DIRECTION('',(0.,1.));
#4763 = ( GEOMETRIC_REPRESENTATION_CONTEXT(2) 
PARAMETRIC_REPRESENTATION_CONTEXT() REPRESENTATION_CONTEXT('2D SPACE',''
  ) );
#4764 = ORIENTED_EDGE('',*,*,#4765,.T.);
#4765 = EDGE_CURVE('',#4738,#4766,#4768,.T.);
#4766 = VERTEX_POINT('',#4767);
#4767 = CARTESIAN_POINT('',(-10.,12.6,-14.25));
#4768 = SURFACE_CURVE('',#4769,(#4773,#4780),.PCURVE_S1.);
#4769 = LINE('',#4770,#4771);
#4770 = CARTESIAN_POINT('',(-10.,-13.6,-14.25));
#4771 = VECTOR('',#4772,1.);
#4772 = DIRECTION('',(0.,1.,0.));
#4773 = PCURVE('',#4713,#4774);
#4774 = DEFINITIONAL_REPRESENTATION('',(#4775),#4779);
#4775 = LINE('',#4776,#4777);
#4776 = CARTESIAN_POINT('',(0.,0.));
#4777 = VECTOR('',#4778,1.);
#4778 = DIRECTION('',(0.,-1.));
#4779 = ( GEOMETRIC_REPRESENTATION_CONTEXT(2) 
PARAMETRIC_REPRESENTATION_CONTEXT() REPRESENTATION_CONTEXT('2D SPACE',''
  ) );
#4780 = PCURVE('',#4781,#4786);
#4781 = PLANE('',#4782);
#4782 = AXIS2_PLACEMENT_3D('',#4783,#4784,#4785);
#4783 = CARTESIAN_POINT('',(-10.,-13.6,-14.25));
#4784 = DIRECTION('',(0.,0.,1.));
#4785 = DIRECTION('',(1.,0.,0.));
#4786 = DEFINITIONAL_REPRESENTATION('',(#4787),#4791);
#4787 = LINE('',#4788,#4789);
#4788 = CARTESIAN_POINT('',(0.,0.));
#4789 = VECTOR('',#4790,1.);
#4790 = DIRECTION('',(0.,1.));
#4791 = ( GEOMETRIC_REPRESENTATION_CONTEXT(2) 
PARAMETRIC_REPRESENTATION_CONTEXT() REPRESENTATION_CONTEXT('2D SPACE',''
  ) );
#4792 = ORIENTED_EDGE('',*,*,#4793,.T.);
#4793 = EDGE_CURVE('',#4766,#4705,#4794,.T.);
#4794 = SURFACE_CURVE('',#4795,(#4799,#4806),.PCURVE_S1.);
#4795 = LINE('',#4796,#4797);
#4796 = CARTESIAN_POINT('',(-10.,12.6,-14.25));
#4797 = VECTOR('',#4798,1.);
#4798 = DIRECTION('',(0.,0.,1.));
#4799 = PCURVE('',#4713,#4800);
#4800 = DEFINITIONAL_REPRESENTATION('',(#4801),#4805);
#4801 = LINE('',#4802,#4803);
#4802 = CARTESIAN_POINT('',(0.,-26.2));
#4803 = VECTOR('',#4804,1.);
#4804 = DIRECTION('',(1.,0.));
#4805 = ( GEOMETRIC_REPRESENTATION_CONTEXT(2) 
PARAMETRIC_REPRESENTATION_CONTEXT() REPRESENTATION_CONTEXT('2D SPACE',''
  ) );
#4806 = PCURVE('',#4807,#4812);
#4807 = CYLINDRICAL_SURFACE('',#4808,1.);
#4808 = AXIS2_PLACEMENT_3D('',#4809,#4810,#4811);
#4809 = CARTESIAN_POINT('',(-9.,12.6,-14.25));
#4810 = DIRECTION('',(0.,0.,1.));
#4811 = DIRECTION('',(-1.,-0.,0.));
#4812 = DEFINITIONAL_REPRESENTATION('',(#4813),#4817);
#4813 = LINE('',#4814,#4815);
#4814 = CARTESIAN_POINT('',(-0.,0.));
#4815 = VECTOR('',#4816,1.);
#4816 = DIRECTION('',(-0.,1.));
#4817 = ( GEOMETRIC_REPRESENTATION_CONTEXT(2) 
PARAMETRIC_REPRESENTATION_CONTEXT() REPRESENTATION_CONTEXT('2D SPACE',''
  ) );
#4818 = ADVANCED_FACE('',(#4819),#4725,.T.);
#4819 = FACE_BOUND('',#4820,.T.);
#4820 = EDGE_LOOP('',(#4821,#4822,#4846,#4874,#4907,#4935,#4964,#4992));
#4821 = ORIENTED_EDGE('',*,*,#4702,.F.);
#4822 = ORIENTED_EDGE('',*,*,#4823,.T.);
#4823 = EDGE_CURVE('',#4703,#4824,#4826,.T.);
#4824 = VERTEX_POINT('',#4825);
#4825 = CARTESIAN_POINT('',(-9.,-13.6,14.25));
#4826 = SURFACE_CURVE('',#4827,(#4832,#4839),.PCURVE_S1.);
#4827 = CIRCLE('',#4828,1.);
#4828 = AXIS2_PLACEMENT_3D('',#4829,#4830,#4831);
#4829 = CARTESIAN_POINT('',(-9.,-12.6,14.25));
#4830 = DIRECTION('',(0.,0.,1.));
#4831 = DIRECTION('',(0.,-1.,0.));
#4832 = PCURVE('',#4725,#4833);
#4833 = DEFINITIONAL_REPRESENTATION('',(#4834),#4838);
#4834 = CIRCLE('',#4835,1.);
#4835 = AXIS2_PLACEMENT_2D('',#4836,#4837);
#4836 = CARTESIAN_POINT('',(1.,1.));
#4837 = DIRECTION('',(0.,-1.));
#4838 = ( GEOMETRIC_REPRESENTATION_CONTEXT(2) 
PARAMETRIC_REPRESENTATION_CONTEXT() REPRESENTATION_CONTEXT('2D SPACE',''
  ) );
#4839 = PCURVE('',#4753,#4840);
#4840 = DEFINITIONAL_REPRESENTATION('',(#4841),#4845);
#4841 = LINE('',#4842,#4843);
#4842 = CARTESIAN_POINT('',(-4.712388980385,28.5));
#4843 = VECTOR('',#4844,1.);
#4844 = DIRECTION('',(1.,0.));
#4845 = ( GEOMETRIC_REPRESENTATION_CONTEXT(2) 
PARAMETRIC_REPRESENTATION_CONTEXT() REPRESENTATION_CONTEXT('2D SPACE',''
  ) );
#4846 = ORIENTED_EDGE('',*,*,#4847,.T.);
#4847 = EDGE_CURVE('',#4824,#4848,#4850,.T.);
#4848 = VERTEX_POINT('',#4849);
#4849 = CARTESIAN_POINT('',(9.,-13.6,14.25));
#4850 = SURFACE_CURVE('',#4851,(#4855,#4862),.PCURVE_S1.);
#4851 = LINE('',#4852,#4853);
#4852 = CARTESIAN_POINT('',(-10.,-13.6,14.25));
#4853 = VECTOR('',#4854,1.);
#4854 = DIRECTION('',(1.,0.,0.));
#4855 = PCURVE('',#4725,#4856);
#4856 = DEFINITIONAL_REPRESENTATION('',(#4857),#4861);
#4857 = LINE('',#4858,#4859);
#4858 = CARTESIAN_POINT('',(0.,0.));
#4859 = VECTOR('',#4860,1.);
#4860 = DIRECTION('',(1.,0.));
#4861 = ( GEOMETRIC_REPRESENTATION_CONTEXT(2) 
PARAMETRIC_REPRESENTATION_CONTEXT() REPRESENTATION_CONTEXT('2D SPACE',''
  ) );
#4862 = PCURVE('',#4863,#4868);
#4863 = PLANE('',#4864);
#4864 = AXIS2_PLACEMENT_3D('',#4865,#4866,#4867);
#4865 = CARTESIAN_POINT('',(-10.,-13.6,-14.25));
#4866 = DIRECTION('',(0.,1.,0.));
#4867 = DIRECTION('',(0.,0.,1.));
#4868 = DEFINITIONAL_REPRESENTATION('',(#4869),#4873);
#4869 = LINE('',#4870,#4871);
#4870 = CARTESIAN_POINT('',(28.5,0.));
#4871 = VECTOR('',#4872,1.);
#4872 = DIRECTION('',(0.,1.));
#4873 = ( GEOMETRIC_REPRESENTATION_CONTEXT(2) 
PARAMETRIC_REPRESENTATION_CONTEXT() REPRESENTATION_CONTEXT('2D SPACE',''
  ) );
#4874 = ORIENTED_EDGE('',*,*,#4875,.F.);
#4875 = EDGE_CURVE('',#4876,#4848,#4878,.T.);
#4876 = VERTEX_POINT('',#4877);
#4877 = CARTESIAN_POINT('',(10.,-12.6,14.25));
#4878 = SURFACE_CURVE('',#4879,(#4884,#4895),.PCURVE_S1.);
#4879 = CIRCLE('',#4880,1.);
#4880 = AXIS2_PLACEMENT_3D('',#4881,#4882,#4883);
#4881 = CARTESIAN_POINT('',(9.,-12.6,14.25));
#4882 = DIRECTION('',(-0.,-0.,-1.));
#4883 = DIRECTION('',(0.,-1.,0.));
#4884 = PCURVE('',#4725,#4885);
#4885 = DEFINITIONAL_REPRESENTATION('',(#4886),#4894);
#4886 = ( BOUNDED_CURVE() B_SPLINE_CURVE(2,(#4887,#4888,#4889,#4890,
#4891,#4892,#4893),.UNSPECIFIED.,.T.,.F.) B_SPLINE_CURVE_WITH_KNOTS((1,2
    ,2,2,2,1),(-2.094395102393,0.,2.094395102393,4.188790204786,
6.28318530718,8.377580409573),.UNSPECIFIED.) CURVE() 
GEOMETRIC_REPRESENTATION_ITEM() RATIONAL_B_SPLINE_CURVE((1.,0.5,1.,0.5,
1.,0.5,1.)) REPRESENTATION_ITEM('') );
#4887 = CARTESIAN_POINT('',(19.,0.));
#4888 = CARTESIAN_POINT('',(17.267949192431,0.));
#4889 = CARTESIAN_POINT('',(18.133974596216,1.5));
#4890 = CARTESIAN_POINT('',(19.,3.));
#4891 = CARTESIAN_POINT('',(19.866025403784,1.5));
#4892 = CARTESIAN_POINT('',(20.732050807569,1.554312234475E-15));
#4893 = CARTESIAN_POINT('',(19.,0.));
#4894 = ( GEOMETRIC_REPRESENTATION_CONTEXT(2) 
PARAMETRIC_REPRESENTATION_CONTEXT() REPRESENTATION_CONTEXT('2D SPACE',''
  ) );
#4895 = PCURVE('',#4896,#4901);
#4896 = CYLINDRICAL_SURFACE('',#4897,1.);
#4897 = AXIS2_PLACEMENT_3D('',#4898,#4899,#4900);
#4898 = CARTESIAN_POINT('',(9.,-12.6,-14.25));
#4899 = DIRECTION('',(0.,0.,1.));
#4900 = DIRECTION('',(1.,0.,-0.));
#4901 = DEFINITIONAL_REPRESENTATION('',(#4902),#4906);
#4902 = LINE('',#4903,#4904);
#4903 = CARTESIAN_POINT('',(4.712388980385,28.5));
#4904 = VECTOR('',#4905,1.);
#4905 = DIRECTION('',(-1.,0.));
#4906 = ( GEOMETRIC_REPRESENTATION_CONTEXT(2) 
PARAMETRIC_REPRESENTATION_CONTEXT() REPRESENTATION_CONTEXT('2D SPACE',''
  ) );
#4907 = ORIENTED_EDGE('',*,*,#4908,.T.);
#4908 = EDGE_CURVE('',#4876,#4909,#4911,.T.);
#4909 = VERTEX_POINT('',#4910);
#4910 = CARTESIAN_POINT('',(10.,12.6,14.25));
#4911 = SURFACE_CURVE('',#4912,(#4916,#4923),.PCURVE_S1.);
#4912 = LINE('',#4913,#4914);
#4913 = CARTESIAN_POINT('',(10.,-13.6,14.25));
#4914 = VECTOR('',#4915,1.);
#4915 = DIRECTION('',(0.,1.,0.));
#4916 = PCURVE('',#4725,#4917);
#4917 = DEFINITIONAL_REPRESENTATION('',(#4918),#4922);
#4918 = LINE('',#4919,#4920);
#4919 = CARTESIAN_POINT('',(20.,0.));
#4920 = VECTOR('',#4921,1.);
#4921 = DIRECTION('',(0.,1.));
#4922 = ( GEOMETRIC_REPRESENTATION_CONTEXT(2) 
PARAMETRIC_REPRESENTATION_CONTEXT() REPRESENTATION_CONTEXT('2D SPACE',''
  ) );
#4923 = PCURVE('',#4924,#4929);
#4924 = PLANE('',#4925);
#4925 = AXIS2_PLACEMENT_3D('',#4926,#4927,#4928);
#4926 = CARTESIAN_POINT('',(10.,-13.6,-14.25));
#4927 = DIRECTION('',(1.,0.,0.));
#4928 = DIRECTION('',(0.,0.,1.));
#4929 = DEFINITIONAL_REPRESENTATION('',(#4930),#4934);
#4930 = LINE('',#4931,#4932);
#4931 = CARTESIAN_POINT('',(28.5,0.));
#4932 = VECTOR('',#4933,1.);
#4933 = DIRECTION('',(0.,-1.));
#4934 = ( GEOMETRIC_REPRESENTATION_CONTEXT(2) 
PARAMETRIC_REPRESENTATION_CONTEXT() REPRESENTATION_CONTEXT('2D SPACE',''
  ) );
#4935 = ORIENTED_EDGE('',*,*,#4936,.T.);
#4936 = EDGE_CURVE('',#4909,#4937,#4939,.T.);
#4937 = VERTEX_POINT('',#4938);
#4938 = CARTESIAN_POINT('',(9.,13.6,14.25));
#4939 = SURFACE_CURVE('',#4940,(#4945,#4952),.PCURVE_S1.);
#4940 = CIRCLE('',#4941,1.);
#4941 = AXIS2_PLACEMENT_3D('',#4942,#4943,#4944);
#4942 = CARTESIAN_POINT('',(9.,12.6,14.25));
#4943 = DIRECTION('',(0.,0.,1.));
#4944 = DIRECTION('',(0.,-1.,0.));
#4945 = PCURVE('',#4725,#4946);
#4946 = DEFINITIONAL_REPRESENTATION('',(#4947),#4951);
#4947 = CIRCLE('',#4948,1.);
#4948 = AXIS2_PLACEMENT_2D('',#4949,#4950);
#4949 = CARTESIAN_POINT('',(19.,26.2));
#4950 = DIRECTION('',(0.,-1.));
#4951 = ( GEOMETRIC_REPRESENTATION_CONTEXT(2) 
PARAMETRIC_REPRESENTATION_CONTEXT() REPRESENTATION_CONTEXT('2D SPACE',''
  ) );
#4952 = PCURVE('',#4953,#4958);
#4953 = CYLINDRICAL_SURFACE('',#4954,1.);
#4954 = AXIS2_PLACEMENT_3D('',#4955,#4956,#4957);
#4955 = CARTESIAN_POINT('',(9.,12.6,-14.25));
#4956 = DIRECTION('',(0.,0.,1.));
#4957 = DIRECTION('',(1.,0.,-0.));
#4958 = DEFINITIONAL_REPRESENTATION('',(#4959),#4963);
#4959 = LINE('',#4960,#4961);
#4960 = CARTESIAN_POINT('',(-1.570796326795,28.5));
#4961 = VECTOR('',#4962,1.);
#4962 = DIRECTION('',(1.,0.));
#4963 = ( GEOMETRIC_REPRESENTATION_CONTEXT(2) 
PARAMETRIC_REPRESENTATION_CONTEXT() REPRESENTATION_CONTEXT('2D SPACE',''
  ) );
#4964 = ORIENTED_EDGE('',*,*,#4965,.F.);
#4965 = EDGE_CURVE('',#4966,#4937,#4968,.T.);
#4966 = VERTEX_POINT('',#4967);
#4967 = CARTESIAN_POINT('',(-9.,13.6,14.25));
#4968 = SURFACE_CURVE('',#4969,(#4973,#4980),.PCURVE_S1.);
#4969 = LINE('',#4970,#4971);
#4970 = CARTESIAN_POINT('',(-10.,13.6,14.25));
#4971 = VECTOR('',#4972,1.);
#4972 = DIRECTION('',(1.,0.,0.));
#4973 = PCURVE('',#4725,#4974);
#4974 = DEFINITIONAL_REPRESENTATION('',(#4975),#4979);
#4975 = LINE('',#4976,#4977);
#4976 = CARTESIAN_POINT('',(0.,27.2));
#4977 = VECTOR('',#4978,1.);
#4978 = DIRECTION('',(1.,0.));
#4979 = ( GEOMETRIC_REPRESENTATION_CONTEXT(2) 
PARAMETRIC_REPRESENTATION_CONTEXT() REPRESENTATION_CONTEXT('2D SPACE',''
  ) );
#4980 = PCURVE('',#4981,#4986);
#4981 = PLANE('',#4982);
#4982 = AXIS2_PLACEMENT_3D('',#4983,#4984,#4985);
#4983 = CARTESIAN_POINT('',(-10.,13.6,-14.25));
#4984 = DIRECTION('',(0.,1.,0.));
#4985 = DIRECTION('',(0.,0.,1.));
#4986 = DEFINITIONAL_REPRESENTATION('',(#4987),#4991);
#4987 = LINE('',#4988,#4989);
#4988 = CARTESIAN_POINT('',(28.5,0.));
#4989 = VECTOR('',#4990,1.);
#4990 = DIRECTION('',(0.,1.));
#4991 = ( GEOMETRIC_REPRESENTATION_CONTEXT(2) 
PARAMETRIC_REPRESENTATION_CONTEXT() REPRESENTATION_CONTEXT('2D SPACE',''
  ) );
#4992 = ORIENTED_EDGE('',*,*,#4993,.F.);
#4993 = EDGE_CURVE('',#4705,#4966,#4994,.T.);
#4994 = SURFACE_CURVE('',#4995,(#5000,#5011),.PCURVE_S1.);
#4995 = CIRCLE('',#4996,1.);
#4996 = AXIS2_PLACEMENT_3D('',#4997,#4998,#4999);
#4997 = CARTESIAN_POINT('',(-9.,12.6,14.25));
#4998 = DIRECTION('',(-0.,-0.,-1.));
#4999 = DIRECTION('',(0.,-1.,0.));
#5000 = PCURVE('',#4725,#5001);
#5001 = DEFINITIONAL_REPRESENTATION('',(#5002),#5010);
#5002 = ( BOUNDED_CURVE() B_SPLINE_CURVE(2,(#5003,#5004,#5005,#5006,
#5007,#5008,#5009),.UNSPECIFIED.,.T.,.F.) B_SPLINE_CURVE_WITH_KNOTS((1,2
    ,2,2,2,1),(-2.094395102393,0.,2.094395102393,4.188790204786,
6.28318530718,8.377580409573),.UNSPECIFIED.) CURVE() 
GEOMETRIC_REPRESENTATION_ITEM() RATIONAL_B_SPLINE_CURVE((1.,0.5,1.,0.5,
1.,0.5,1.)) REPRESENTATION_ITEM('') );
#5003 = CARTESIAN_POINT('',(1.,25.2));
#5004 = CARTESIAN_POINT('',(-0.732050807569,25.2));
#5005 = CARTESIAN_POINT('',(0.133974596216,26.7));
#5006 = CARTESIAN_POINT('',(1.,28.2));
#5007 = CARTESIAN_POINT('',(1.866025403784,26.7));
#5008 = CARTESIAN_POINT('',(2.732050807569,25.2));
#5009 = CARTESIAN_POINT('',(1.,25.2));
#5010 = ( GEOMETRIC_REPRESENTATION_CONTEXT(2) 
PARAMETRIC_REPRESENTATION_CONTEXT() REPRESENTATION_CONTEXT('2D SPACE',''
  ) );
#5011 = PCURVE('',#4807,#5012);
#5012 = DEFINITIONAL_REPRESENTATION('',(#5013),#5017);
#5013 = LINE('',#5014,#5015);
#5014 = CARTESIAN_POINT('',(1.570796326795,28.5));
#5015 = VECTOR('',#5016,1.);
#5016 = DIRECTION('',(-1.,0.));
#5017 = ( GEOMETRIC_REPRESENTATION_CONTEXT(2) 
PARAMETRIC_REPRESENTATION_CONTEXT() REPRESENTATION_CONTEXT('2D SPACE',''
  ) );
#5018 = ADVANCED_FACE('',(#5019),#4753,.T.);
#5019 = FACE_BOUND('',#5020,.T.);
#5020 = EDGE_LOOP('',(#5021,#5045,#5066,#5067));
#5021 = ORIENTED_EDGE('',*,*,#5022,.T.);
#5022 = EDGE_CURVE('',#4738,#5023,#5025,.T.);
#5023 = VERTEX_POINT('',#5024);
#5024 = CARTESIAN_POINT('',(-9.,-13.6,-14.25));
#5025 = SURFACE_CURVE('',#5026,(#5031,#5038),.PCURVE_S1.);
#5026 = CIRCLE('',#5027,1.);
#5027 = AXIS2_PLACEMENT_3D('',#5028,#5029,#5030);
#5028 = CARTESIAN_POINT('',(-9.,-12.6,-14.25));
#5029 = DIRECTION('',(0.,0.,1.));
#5030 = DIRECTION('',(0.,-1.,0.));
#5031 = PCURVE('',#4753,#5032);
#5032 = DEFINITIONAL_REPRESENTATION('',(#5033),#5037);
#5033 = LINE('',#5034,#5035);
#5034 = CARTESIAN_POINT('',(-4.712388980385,0.));
#5035 = VECTOR('',#5036,1.);
#5036 = DIRECTION('',(1.,0.));
#5037 = ( GEOMETRIC_REPRESENTATION_CONTEXT(2) 
PARAMETRIC_REPRESENTATION_CONTEXT() REPRESENTATION_CONTEXT('2D SPACE',''
  ) );
#5038 = PCURVE('',#4781,#5039);
#5039 = DEFINITIONAL_REPRESENTATION('',(#5040),#5044);
#5040 = CIRCLE('',#5041,1.);
#5041 = AXIS2_PLACEMENT_2D('',#5042,#5043);
#5042 = CARTESIAN_POINT('',(1.,1.));
#5043 = DIRECTION('',(0.,-1.));
#5044 = ( GEOMETRIC_REPRESENTATION_CONTEXT(2) 
PARAMETRIC_REPRESENTATION_CONTEXT() REPRESENTATION_CONTEXT('2D SPACE',''
  ) );
#5045 = ORIENTED_EDGE('',*,*,#5046,.T.);
#5046 = EDGE_CURVE('',#5023,#4824,#5047,.T.);
#5047 = SURFACE_CURVE('',#5048,(#5052,#5059),.PCURVE_S1.);
#5048 = LINE('',#5049,#5050);
#5049 = CARTESIAN_POINT('',(-9.,-13.6,-14.25));
#5050 = VECTOR('',#5051,1.);
#5051 = DIRECTION('',(0.,0.,1.));
#5052 = PCURVE('',#4753,#5053);
#5053 = DEFINITIONAL_REPRESENTATION('',(#5054),#5058);
#5054 = LINE('',#5055,#5056);
#5055 = CARTESIAN_POINT('',(1.570796326795,0.));
#5056 = VECTOR('',#5057,1.);
#5057 = DIRECTION('',(0.,1.));
#5058 = ( GEOMETRIC_REPRESENTATION_CONTEXT(2) 
PARAMETRIC_REPRESENTATION_CONTEXT() REPRESENTATION_CONTEXT('2D SPACE',''
  ) );
#5059 = PCURVE('',#4863,#5060);
#5060 = DEFINITIONAL_REPRESENTATION('',(#5061),#5065);
#5061 = LINE('',#5062,#5063);
#5062 = CARTESIAN_POINT('',(0.,1.));
#5063 = VECTOR('',#5064,1.);
#5064 = DIRECTION('',(1.,0.));
#5065 = ( GEOMETRIC_REPRESENTATION_CONTEXT(2) 
PARAMETRIC_REPRESENTATION_CONTEXT() REPRESENTATION_CONTEXT('2D SPACE',''
  ) );
#5066 = ORIENTED_EDGE('',*,*,#4823,.F.);
#5067 = ORIENTED_EDGE('',*,*,#4737,.F.);
#5068 = ADVANCED_FACE('',(#5069),#4807,.T.);
#5069 = FACE_BOUND('',#5070,.F.);
#5070 = EDGE_LOOP('',(#5071,#5099,#5120,#5121));
#5071 = ORIENTED_EDGE('',*,*,#5072,.T.);
#5072 = EDGE_CURVE('',#4766,#5073,#5075,.T.);
#5073 = VERTEX_POINT('',#5074);
#5074 = CARTESIAN_POINT('',(-9.,13.6,-14.25));
#5075 = SURFACE_CURVE('',#5076,(#5081,#5088),.PCURVE_S1.);
#5076 = CIRCLE('',#5077,1.);
#5077 = AXIS2_PLACEMENT_3D('',#5078,#5079,#5080);
#5078 = CARTESIAN_POINT('',(-9.,12.6,-14.25));
#5079 = DIRECTION('',(-0.,-0.,-1.));
#5080 = DIRECTION('',(0.,-1.,0.));
#5081 = PCURVE('',#4807,#5082);
#5082 = DEFINITIONAL_REPRESENTATION('',(#5083),#5087);
#5083 = LINE('',#5084,#5085);
#5084 = CARTESIAN_POINT('',(1.570796326795,-0.));
#5085 = VECTOR('',#5086,1.);
#5086 = DIRECTION('',(-1.,0.));
#5087 = ( GEOMETRIC_REPRESENTATION_CONTEXT(2) 
PARAMETRIC_REPRESENTATION_CONTEXT() REPRESENTATION_CONTEXT('2D SPACE',''
  ) );
#5088 = PCURVE('',#4781,#5089);
#5089 = DEFINITIONAL_REPRESENTATION('',(#5090),#5098);
#5090 = ( BOUNDED_CURVE() B_SPLINE_CURVE(2,(#5091,#5092,#5093,#5094,
#5095,#5096,#5097),.UNSPECIFIED.,.T.,.F.) B_SPLINE_CURVE_WITH_KNOTS((1,2
    ,2,2,2,1),(-2.094395102393,0.,2.094395102393,4.188790204786,
6.28318530718,8.377580409573),.UNSPECIFIED.) CURVE() 
GEOMETRIC_REPRESENTATION_ITEM() RATIONAL_B_SPLINE_CURVE((1.,0.5,1.,0.5,
1.,0.5,1.)) REPRESENTATION_ITEM('') );
#5091 = CARTESIAN_POINT('',(1.,25.2));
#5092 = CARTESIAN_POINT('',(-0.732050807569,25.2));
#5093 = CARTESIAN_POINT('',(0.133974596216,26.7));
#5094 = CARTESIAN_POINT('',(1.,28.2));
#5095 = CARTESIAN_POINT('',(1.866025403784,26.7));
#5096 = CARTESIAN_POINT('',(2.732050807569,25.2));
#5097 = CARTESIAN_POINT('',(1.,25.2));
#5098 = ( GEOMETRIC_REPRESENTATION_CONTEXT(2) 
PARAMETRIC_REPRESENTATION_CONTEXT() REPRESENTATION_CONTEXT('2D SPACE',''
  ) );
#5099 = ORIENTED_EDGE('',*,*,#5100,.T.);
#5100 = EDGE_CURVE('',#5073,#4966,#5101,.T.);
#5101 = SURFACE_CURVE('',#5102,(#5106,#5113),.PCURVE_S1.);
#5102 = LINE('',#5103,#5104);
#5103 = CARTESIAN_POINT('',(-9.,13.6,-14.25));
#5104 = VECTOR('',#5105,1.);
#5105 = DIRECTION('',(0.,0.,1.));
#5106 = PCURVE('',#4807,#5107);
#5107 = DEFINITIONAL_REPRESENTATION('',(#5108),#5112);
#5108 = LINE('',#5109,#5110);
#5109 = CARTESIAN_POINT('',(-1.570796326795,0.));
#5110 = VECTOR('',#5111,1.);
#5111 = DIRECTION('',(-0.,1.));
#5112 = ( GEOMETRIC_REPRESENTATION_CONTEXT(2) 
PARAMETRIC_REPRESENTATION_CONTEXT() REPRESENTATION_CONTEXT('2D SPACE',''
  ) );
#5113 = PCURVE('',#4981,#5114);
#5114 = DEFINITIONAL_REPRESENTATION('',(#5115),#5119);
#5115 = LINE('',#5116,#5117);
#5116 = CARTESIAN_POINT('',(0.,1.));
#5117 = VECTOR('',#5118,1.);
#5118 = DIRECTION('',(1.,0.));
#5119 = ( GEOMETRIC_REPRESENTATION_CONTEXT(2) 
PARAMETRIC_REPRESENTATION_CONTEXT() REPRESENTATION_CONTEXT('2D SPACE',''
  ) );
#5120 = ORIENTED_EDGE('',*,*,#4993,.F.);
#5121 = ORIENTED_EDGE('',*,*,#4793,.F.);
#5122 = ADVANCED_FACE('',(#5123),#4781,.F.);
#5123 = FACE_BOUND('',#5124,.F.);
#5124 = EDGE_LOOP('',(#5125,#5126,#5127,#5150,#5178,#5201,#5225,#5246));
#5125 = ORIENTED_EDGE('',*,*,#4765,.F.);
#5126 = ORIENTED_EDGE('',*,*,#5022,.T.);
#5127 = ORIENTED_EDGE('',*,*,#5128,.T.);
#5128 = EDGE_CURVE('',#5023,#5129,#5131,.T.);
#5129 = VERTEX_POINT('',#5130);
#5130 = CARTESIAN_POINT('',(9.,-13.6,-14.25));
#5131 = SURFACE_CURVE('',#5132,(#5136,#5143),.PCURVE_S1.);
#5132 = LINE('',#5133,#5134);
#5133 = CARTESIAN_POINT('',(-10.,-13.6,-14.25));
#5134 = VECTOR('',#5135,1.);
#5135 = DIRECTION('',(1.,0.,0.));
#5136 = PCURVE('',#4781,#5137);
#5137 = DEFINITIONAL_REPRESENTATION('',(#5138),#5142);
#5138 = LINE('',#5139,#5140);
#5139 = CARTESIAN_POINT('',(0.,0.));
#5140 = VECTOR('',#5141,1.);
#5141 = DIRECTION('',(1.,0.));
#5142 = ( GEOMETRIC_REPRESENTATION_CONTEXT(2) 
PARAMETRIC_REPRESENTATION_CONTEXT() REPRESENTATION_CONTEXT('2D SPACE',''
  ) );
#5143 = PCURVE('',#4863,#5144);
#5144 = DEFINITIONAL_REPRESENTATION('',(#5145),#5149);
#5145 = LINE('',#5146,#5147);
#5146 = CARTESIAN_POINT('',(0.,0.));
#5147 = VECTOR('',#5148,1.);
#5148 = DIRECTION('',(0.,1.));
#5149 = ( GEOMETRIC_REPRESENTATION_CONTEXT(2) 
PARAMETRIC_REPRESENTATION_CONTEXT() REPRESENTATION_CONTEXT('2D SPACE',''
  ) );
#5150 = ORIENTED_EDGE('',*,*,#5151,.F.);
#5151 = EDGE_CURVE('',#5152,#5129,#5154,.T.);
#5152 = VERTEX_POINT('',#5153);
#5153 = CARTESIAN_POINT('',(10.,-12.6,-14.25));
#5154 = SURFACE_CURVE('',#5155,(#5160,#5171),.PCURVE_S1.);
#5155 = CIRCLE('',#5156,1.);
#5156 = AXIS2_PLACEMENT_3D('',#5157,#5158,#5159);
#5157 = CARTESIAN_POINT('',(9.,-12.6,-14.25));
#5158 = DIRECTION('',(-0.,-0.,-1.));
#5159 = DIRECTION('',(0.,-1.,0.));
#5160 = PCURVE('',#4781,#5161);
#5161 = DEFINITIONAL_REPRESENTATION('',(#5162),#5170);
#5162 = ( BOUNDED_CURVE() B_SPLINE_CURVE(2,(#5163,#5164,#5165,#5166,
#5167,#5168,#5169),.UNSPECIFIED.,.T.,.F.) B_SPLINE_CURVE_WITH_KNOTS((1,2
    ,2,2,2,1),(-2.094395102393,0.,2.094395102393,4.188790204786,
6.28318530718,8.377580409573),.UNSPECIFIED.) CURVE() 
GEOMETRIC_REPRESENTATION_ITEM() RATIONAL_B_SPLINE_CURVE((1.,0.5,1.,0.5,
1.,0.5,1.)) REPRESENTATION_ITEM('') );
#5163 = CARTESIAN_POINT('',(19.,0.));
#5164 = CARTESIAN_POINT('',(17.267949192431,0.));
#5165 = CARTESIAN_POINT('',(18.133974596216,1.5));
#5166 = CARTESIAN_POINT('',(19.,3.));
#5167 = CARTESIAN_POINT('',(19.866025403784,1.5));
#5168 = CARTESIAN_POINT('',(20.732050807569,1.554312234475E-15));
#5169 = CARTESIAN_POINT('',(19.,0.));
#5170 = ( GEOMETRIC_REPRESENTATION_CONTEXT(2) 
PARAMETRIC_REPRESENTATION_CONTEXT() REPRESENTATION_CONTEXT('2D SPACE',''
  ) );
#5171 = PCURVE('',#4896,#5172);
#5172 = DEFINITIONAL_REPRESENTATION('',(#5173),#5177);
#5173 = LINE('',#5174,#5175);
#5174 = CARTESIAN_POINT('',(4.712388980385,-0.));
#5175 = VECTOR('',#5176,1.);
#5176 = DIRECTION('',(-1.,0.));
#5177 = ( GEOMETRIC_REPRESENTATION_CONTEXT(2) 
PARAMETRIC_REPRESENTATION_CONTEXT() REPRESENTATION_CONTEXT('2D SPACE',''
  ) );
#5178 = ORIENTED_EDGE('',*,*,#5179,.T.);
#5179 = EDGE_CURVE('',#5152,#5180,#5182,.T.);
#5180 = VERTEX_POINT('',#5181);
#5181 = CARTESIAN_POINT('',(10.,12.6,-14.25));
#5182 = SURFACE_CURVE('',#5183,(#5187,#5194),.PCURVE_S1.);
#5183 = LINE('',#5184,#5185);
#5184 = CARTESIAN_POINT('',(10.,-13.6,-14.25));
#5185 = VECTOR('',#5186,1.);
#5186 = DIRECTION('',(0.,1.,0.));
#5187 = PCURVE('',#4781,#5188);
#5188 = DEFINITIONAL_REPRESENTATION('',(#5189),#5193);
#5189 = LINE('',#5190,#5191);
#5190 = CARTESIAN_POINT('',(20.,0.));
#5191 = VECTOR('',#5192,1.);
#5192 = DIRECTION('',(0.,1.));
#5193 = ( GEOMETRIC_REPRESENTATION_CONTEXT(2) 
PARAMETRIC_REPRESENTATION_CONTEXT() REPRESENTATION_CONTEXT('2D SPACE',''
  ) );
#5194 = PCURVE('',#4924,#5195);
#5195 = DEFINITIONAL_REPRESENTATION('',(#5196),#5200);
#5196 = LINE('',#5197,#5198);
#5197 = CARTESIAN_POINT('',(0.,0.));
#5198 = VECTOR('',#5199,1.);
#5199 = DIRECTION('',(0.,-1.));
#5200 = ( GEOMETRIC_REPRESENTATION_CONTEXT(2) 
PARAMETRIC_REPRESENTATION_CONTEXT() REPRESENTATION_CONTEXT('2D SPACE',''
  ) );
#5201 = ORIENTED_EDGE('',*,*,#5202,.T.);
#5202 = EDGE_CURVE('',#5180,#5203,#5205,.T.);
#5203 = VERTEX_POINT('',#5204);
#5204 = CARTESIAN_POINT('',(9.,13.6,-14.25));
#5205 = SURFACE_CURVE('',#5206,(#5211,#5218),.PCURVE_S1.);
#5206 = CIRCLE('',#5207,1.);
#5207 = AXIS2_PLACEMENT_3D('',#5208,#5209,#5210);
#5208 = CARTESIAN_POINT('',(9.,12.6,-14.25));
#5209 = DIRECTION('',(0.,0.,1.));
#5210 = DIRECTION('',(0.,-1.,0.));
#5211 = PCURVE('',#4781,#5212);
#5212 = DEFINITIONAL_REPRESENTATION('',(#5213),#5217);
#5213 = CIRCLE('',#5214,1.);
#5214 = AXIS2_PLACEMENT_2D('',#5215,#5216);
#5215 = CARTESIAN_POINT('',(19.,26.2));
#5216 = DIRECTION('',(0.,-1.));
#5217 = ( GEOMETRIC_REPRESENTATION_CONTEXT(2) 
PARAMETRIC_REPRESENTATION_CONTEXT() REPRESENTATION_CONTEXT('2D SPACE',''
  ) );
#5218 = PCURVE('',#4953,#5219);
#5219 = DEFINITIONAL_REPRESENTATION('',(#5220),#5224);
#5220 = LINE('',#5221,#5222);
#5221 = CARTESIAN_POINT('',(-1.570796326795,0.));
#5222 = VECTOR('',#5223,1.);
#5223 = DIRECTION('',(1.,0.));
#5224 = ( GEOMETRIC_REPRESENTATION_CONTEXT(2) 
PARAMETRIC_REPRESENTATION_CONTEXT() REPRESENTATION_CONTEXT('2D SPACE',''
  ) );
#5225 = ORIENTED_EDGE('',*,*,#5226,.F.);
#5226 = EDGE_CURVE('',#5073,#5203,#5227,.T.);
#5227 = SURFACE_CURVE('',#5228,(#5232,#5239),.PCURVE_S1.);
#5228 = LINE('',#5229,#5230);
#5229 = CARTESIAN_POINT('',(-10.,13.6,-14.25));
#5230 = VECTOR('',#5231,1.);
#5231 = DIRECTION('',(1.,0.,0.));
#5232 = PCURVE('',#4781,#5233);
#5233 = DEFINITIONAL_REPRESENTATION('',(#5234),#5238);
#5234 = LINE('',#5235,#5236);
#5235 = CARTESIAN_POINT('',(0.,27.2));
#5236 = VECTOR('',#5237,1.);
#5237 = DIRECTION('',(1.,0.));
#5238 = ( GEOMETRIC_REPRESENTATION_CONTEXT(2) 
PARAMETRIC_REPRESENTATION_CONTEXT() REPRESENTATION_CONTEXT('2D SPACE',''
  ) );
#5239 = PCURVE('',#4981,#5240);
#5240 = DEFINITIONAL_REPRESENTATION('',(#5241),#5245);
#5241 = LINE('',#5242,#5243);
#5242 = CARTESIAN_POINT('',(0.,0.));
#5243 = VECTOR('',#5244,1.);
#5244 = DIRECTION('',(0.,1.));
#5245 = ( GEOMETRIC_REPRESENTATION_CONTEXT(2) 
PARAMETRIC_REPRESENTATION_CONTEXT() REPRESENTATION_CONTEXT('2D SPACE',''
  ) );
#5246 = ORIENTED_EDGE('',*,*,#5072,.F.);
#5247 = ADVANCED_FACE('',(#5248),#4863,.F.);
#5248 = FACE_BOUND('',#5249,.F.);
#5249 = EDGE_LOOP('',(#5250,#5251,#5252,#5253));
#5250 = ORIENTED_EDGE('',*,*,#5128,.F.);
#5251 = ORIENTED_EDGE('',*,*,#5046,.T.);
#5252 = ORIENTED_EDGE('',*,*,#4847,.T.);
#5253 = ORIENTED_EDGE('',*,*,#5254,.F.);
#5254 = EDGE_CURVE('',#5129,#4848,#5255,.T.);
#5255 = SURFACE_CURVE('',#5256,(#5260,#5267),.PCURVE_S1.);
#5256 = LINE('',#5257,#5258);
#5257 = CARTESIAN_POINT('',(9.,-13.6,-14.25));
#5258 = VECTOR('',#5259,1.);
#5259 = DIRECTION('',(0.,0.,1.));
#5260 = PCURVE('',#4863,#5261);
#5261 = DEFINITIONAL_REPRESENTATION('',(#5262),#5266);
#5262 = LINE('',#5263,#5264);
#5263 = CARTESIAN_POINT('',(0.,19.));
#5264 = VECTOR('',#5265,1.);
#5265 = DIRECTION('',(1.,0.));
#5266 = ( GEOMETRIC_REPRESENTATION_CONTEXT(2) 
PARAMETRIC_REPRESENTATION_CONTEXT() REPRESENTATION_CONTEXT('2D SPACE',''
  ) );
#5267 = PCURVE('',#4896,#5268);
#5268 = DEFINITIONAL_REPRESENTATION('',(#5269),#5273);
#5269 = LINE('',#5270,#5271);
#5270 = CARTESIAN_POINT('',(-1.570796326795,0.));
#5271 = VECTOR('',#5272,1.);
#5272 = DIRECTION('',(-0.,1.));
#5273 = ( GEOMETRIC_REPRESENTATION_CONTEXT(2) 
PARAMETRIC_REPRESENTATION_CONTEXT() REPRESENTATION_CONTEXT('2D SPACE',''
  ) );
#5274 = ADVANCED_FACE('',(#5275),#4981,.T.);
#5275 = FACE_BOUND('',#5276,.T.);
#5276 = EDGE_LOOP('',(#5277,#5278,#5279,#5280));
#5277 = ORIENTED_EDGE('',*,*,#5226,.F.);
#5278 = ORIENTED_EDGE('',*,*,#5100,.T.);
#5279 = ORIENTED_EDGE('',*,*,#4965,.T.);
#5280 = ORIENTED_EDGE('',*,*,#5281,.F.);
#5281 = EDGE_CURVE('',#5203,#4937,#5282,.T.);
#5282 = SURFACE_CURVE('',#5283,(#5287,#5294),.PCURVE_S1.);
#5283 = LINE('',#5284,#5285);
#5284 = CARTESIAN_POINT('',(9.,13.6,-14.25));
#5285 = VECTOR('',#5286,1.);
#5286 = DIRECTION('',(0.,0.,1.));
#5287 = PCURVE('',#4981,#5288);
#5288 = DEFINITIONAL_REPRESENTATION('',(#5289),#5293);
#5289 = LINE('',#5290,#5291);
#5290 = CARTESIAN_POINT('',(0.,19.));
#5291 = VECTOR('',#5292,1.);
#5292 = DIRECTION('',(1.,0.));
#5293 = ( GEOMETRIC_REPRESENTATION_CONTEXT(2) 
PARAMETRIC_REPRESENTATION_CONTEXT() REPRESENTATION_CONTEXT('2D SPACE',''
  ) );
#5294 = PCURVE('',#4953,#5295);
#5295 = DEFINITIONAL_REPRESENTATION('',(#5296),#5300);
#5296 = LINE('',#5297,#5298);
#5297 = CARTESIAN_POINT('',(1.570796326795,0.));
#5298 = VECTOR('',#5299,1.);
#5299 = DIRECTION('',(0.,1.));
#5300 = ( GEOMETRIC_REPRESENTATION_CONTEXT(2) 
PARAMETRIC_REPRESENTATION_CONTEXT() REPRESENTATION_CONTEXT('2D SPACE',''
  ) );
#5301 = ADVANCED_FACE('',(#5302),#4896,.T.);
#5302 = FACE_BOUND('',#5303,.F.);
#5303 = EDGE_LOOP('',(#5304,#5305,#5306,#5307));
#5304 = ORIENTED_EDGE('',*,*,#5151,.T.);
#5305 = ORIENTED_EDGE('',*,*,#5254,.T.);
#5306 = ORIENTED_EDGE('',*,*,#4875,.F.);
#5307 = ORIENTED_EDGE('',*,*,#5308,.F.);
#5308 = EDGE_CURVE('',#5152,#4876,#5309,.T.);
#5309 = SURFACE_CURVE('',#5310,(#5314,#5321),.PCURVE_S1.);
#5310 = LINE('',#5311,#5312);
#5311 = CARTESIAN_POINT('',(10.,-12.6,-14.25));
#5312 = VECTOR('',#5313,1.);
#5313 = DIRECTION('',(0.,0.,1.));
#5314 = PCURVE('',#4896,#5315);
#5315 = DEFINITIONAL_REPRESENTATION('',(#5316),#5320);
#5316 = LINE('',#5317,#5318);
#5317 = CARTESIAN_POINT('',(-0.,0.));
#5318 = VECTOR('',#5319,1.);
#5319 = DIRECTION('',(-0.,1.));
#5320 = ( GEOMETRIC_REPRESENTATION_CONTEXT(2) 
PARAMETRIC_REPRESENTATION_CONTEXT() REPRESENTATION_CONTEXT('2D SPACE',''
  ) );
#5321 = PCURVE('',#4924,#5322);
#5322 = DEFINITIONAL_REPRESENTATION('',(#5323),#5327);
#5323 = LINE('',#5324,#5325);
#5324 = CARTESIAN_POINT('',(0.,-1.));
#5325 = VECTOR('',#5326,1.);
#5326 = DIRECTION('',(1.,0.));
#5327 = ( GEOMETRIC_REPRESENTATION_CONTEXT(2) 
PARAMETRIC_REPRESENTATION_CONTEXT() REPRESENTATION_CONTEXT('2D SPACE',''
  ) );
#5328 = ADVANCED_FACE('',(#5329),#4953,.T.);
#5329 = FACE_BOUND('',#5330,.T.);
#5330 = EDGE_LOOP('',(#5331,#5332,#5333,#5334));
#5331 = ORIENTED_EDGE('',*,*,#5202,.T.);
#5332 = ORIENTED_EDGE('',*,*,#5281,.T.);
#5333 = ORIENTED_EDGE('',*,*,#4936,.F.);
#5334 = ORIENTED_EDGE('',*,*,#5335,.F.);
#5335 = EDGE_CURVE('',#5180,#4909,#5336,.T.);
#5336 = SURFACE_CURVE('',#5337,(#5341,#5348),.PCURVE_S1.);
#5337 = LINE('',#5338,#5339);
#5338 = CARTESIAN_POINT('',(10.,12.6,-14.25));
#5339 = VECTOR('',#5340,1.);
#5340 = DIRECTION('',(0.,0.,1.));
#5341 = PCURVE('',#4953,#5342);
#5342 = DEFINITIONAL_REPRESENTATION('',(#5343),#5347);
#5343 = LINE('',#5344,#5345);
#5344 = CARTESIAN_POINT('',(0.,0.));
#5345 = VECTOR('',#5346,1.);
#5346 = DIRECTION('',(0.,1.));
#5347 = ( GEOMETRIC_REPRESENTATION_CONTEXT(2) 
PARAMETRIC_REPRESENTATION_CONTEXT() REPRESENTATION_CONTEXT('2D SPACE',''
  ) );
#5348 = PCURVE('',#4924,#5349);
#5349 = DEFINITIONAL_REPRESENTATION('',(#5350),#5354);
#5350 = LINE('',#5351,#5352);
#5351 = CARTESIAN_POINT('',(0.,-26.2));
#5352 = VECTOR('',#5353,1.);
#5353 = DIRECTION('',(1.,0.));
#5354 = ( GEOMETRIC_REPRESENTATION_CONTEXT(2) 
PARAMETRIC_REPRESENTATION_CONTEXT() REPRESENTATION_CONTEXT('2D SPACE',''
  ) );
#5355 = ADVANCED_FACE('',(#5356),#4924,.T.);
#5356 = FACE_BOUND('',#5357,.T.);
#5357 = EDGE_LOOP('',(#5358,#5359,#5360,#5361));
#5358 = ORIENTED_EDGE('',*,*,#4908,.F.);
#5359 = ORIENTED_EDGE('',*,*,#5308,.F.);
#5360 = ORIENTED_EDGE('',*,*,#5179,.T.);
#5361 = ORIENTED_EDGE('',*,*,#5335,.T.);
#5362 = ( GEOMETRIC_REPRESENTATION_CONTEXT(3) 
GLOBAL_UNCERTAINTY_ASSIGNED_CONTEXT((#5366)) 
GLOBAL_UNIT_ASSIGNED_CONTEXT((#5363,#5364,#5365)) REPRESENTATION_CONTEXT
('Context #1','3D Context with UNIT and UNCERTAINTY') );
#5363 = ( LENGTH_UNIT() NAMED_UNIT(*) SI_UNIT(.MILLI.,.METRE.) );
#5364 = ( NAMED_UNIT(*) PLANE_ANGLE_UNIT() SI_UNIT($,.RADIAN.) );
#5365 = ( NAMED_UNIT(*) SI_UNIT($,.STERADIAN.) SOLID_ANGLE_UNIT() );
#5366 = UNCERTAINTY_MEASURE_WITH_UNIT(LENGTH_MEASURE(1.E-07),#5363,
  'distance_accuracy_value','confusion accuracy');
#5367 = CONTEXT_DEPENDENT_SHAPE_REPRESENTATION(#5368,#5370);
#5368 = ( REPRESENTATION_RELATIONSHIP('','',#4695,#10) 
REPRESENTATION_RELATIONSHIP_WITH_TRANSFORMATION(#5369) 
SHAPE_REPRESENTATION_RELATIONSHIP() );
#5369 = ITEM_DEFINED_TRANSFORMATION('','',#11,#35);
#5370 = PRODUCT_DEFINITION_SHAPE('Placement','Placement of an item',
  #5371);
#5371 = NEXT_ASSEMBLY_USAGE_OCCURRENCE('6','SY5_Blanking_1','',#5,#4690,
  $);
#5372 = PRODUCT_RELATED_PRODUCT_CATEGORY('part',$,(#4692));
#5373 = SHAPE_DEFINITION_REPRESENTATION(#5374,#5380);
#5374 = PRODUCT_DEFINITION_SHAPE('','',#5375);
#5375 = PRODUCT_DEFINITION('design','',#5376,#5379);
#5376 = PRODUCT_DEFINITION_FORMATION('','',#5377);
#5377 = PRODUCT('SY5_Blanking_2','SY5_Blanking_2','',(#5378));
#5378 = PRODUCT_CONTEXT('',#2,'mechanical');
#5379 = PRODUCT_DEFINITION_CONTEXT('part definition',#2,'design');
#5380 = ADVANCED_BREP_SHAPE_REPRESENTATION('',(#11,#5381),#6047);
#5381 = MANIFOLD_SOLID_BREP('',#5382);
#5382 = CLOSED_SHELL('',(#5383,#5503,#5703,#5753,#5807,#5932,#5959,#5986
    ,#6013,#6040));
#5383 = ADVANCED_FACE('',(#5384),#5398,.F.);
#5384 = FACE_BOUND('',#5385,.F.);
#5385 = EDGE_LOOP('',(#5386,#5421,#5449,#5477));
#5386 = ORIENTED_EDGE('',*,*,#5387,.F.);
#5387 = EDGE_CURVE('',#5388,#5390,#5392,.T.);
#5388 = VERTEX_POINT('',#5389);
#5389 = CARTESIAN_POINT('',(-10.,-12.6,14.25));
#5390 = VERTEX_POINT('',#5391);
#5391 = CARTESIAN_POINT('',(-10.,12.6,14.25));
#5392 = SURFACE_CURVE('',#5393,(#5397,#5409),.PCURVE_S1.);
#5393 = LINE('',#5394,#5395);
#5394 = CARTESIAN_POINT('',(-10.,-13.6,14.25));
#5395 = VECTOR('',#5396,1.);
#5396 = DIRECTION('',(0.,1.,0.));
#5397 = PCURVE('',#5398,#5403);
#5398 = PLANE('',#5399);
#5399 = AXIS2_PLACEMENT_3D('',#5400,#5401,#5402);
#5400 = CARTESIAN_POINT('',(-10.,-13.6,-14.25));
#5401 = DIRECTION('',(1.,0.,0.));
#5402 = DIRECTION('',(0.,0.,1.));
#5403 = DEFINITIONAL_REPRESENTATION('',(#5404),#5408);
#5404 = LINE('',#5405,#5406);
#5405 = CARTESIAN_POINT('',(28.5,0.));
#5406 = VECTOR('',#5407,1.);
#5407 = DIRECTION('',(0.,-1.));
#5408 = ( GEOMETRIC_REPRESENTATION_CONTEXT(2) 
PARAMETRIC_REPRESENTATION_CONTEXT() REPRESENTATION_CONTEXT('2D SPACE',''
  ) );
#5409 = PCURVE('',#5410,#5415);
#5410 = PLANE('',#5411);
#5411 = AXIS2_PLACEMENT_3D('',#5412,#5413,#5414);
#5412 = CARTESIAN_POINT('',(-10.,-13.6,14.25));
#5413 = DIRECTION('',(0.,0.,1.));
#5414 = DIRECTION('',(1.,0.,0.));
#5415 = DEFINITIONAL_REPRESENTATION('',(#5416),#5420);
#5416 = LINE('',#5417,#5418);
#5417 = CARTESIAN_POINT('',(0.,0.));
#5418 = VECTOR('',#5419,1.);
#5419 = DIRECTION('',(0.,1.));
#5420 = ( GEOMETRIC_REPRESENTATION_CONTEXT(2) 
PARAMETRIC_REPRESENTATION_CONTEXT() REPRESENTATION_CONTEXT('2D SPACE',''
  ) );
#5421 = ORIENTED_EDGE('',*,*,#5422,.F.);
#5422 = EDGE_CURVE('',#5423,#5388,#5425,.T.);
#5423 = VERTEX_POINT('',#5424);
#5424 = CARTESIAN_POINT('',(-10.,-12.6,-14.25));
#5425 = SURFACE_CURVE('',#5426,(#5430,#5437),.PCURVE_S1.);
#5426 = LINE('',#5427,#5428);
#5427 = CARTESIAN_POINT('',(-10.,-12.6,-14.25));
#5428 = VECTOR('',#5429,1.);
#5429 = DIRECTION('',(0.,0.,1.));
#5430 = PCURVE('',#5398,#5431);
#5431 = DEFINITIONAL_REPRESENTATION('',(#5432),#5436);
#5432 = LINE('',#5433,#5434);
#5433 = CARTESIAN_POINT('',(0.,-1.));
#5434 = VECTOR('',#5435,1.);
#5435 = DIRECTION('',(1.,0.));
#5436 = ( GEOMETRIC_REPRESENTATION_CONTEXT(2) 
PARAMETRIC_REPRESENTATION_CONTEXT() REPRESENTATION_CONTEXT('2D SPACE',''
  ) );
#5437 = PCURVE('',#5438,#5443);
#5438 = CYLINDRICAL_SURFACE('',#5439,1.);
#5439 = AXIS2_PLACEMENT_3D('',#5440,#5441,#5442);
#5440 = CARTESIAN_POINT('',(-9.,-12.6,-14.25));
#5441 = DIRECTION('',(0.,0.,1.));
#5442 = DIRECTION('',(-1.,-0.,0.));
#5443 = DEFINITIONAL_REPRESENTATION('',(#5444),#5448);
#5444 = LINE('',#5445,#5446);
#5445 = CARTESIAN_POINT('',(0.,0.));
#5446 = VECTOR('',#5447,1.);
#5447 = DIRECTION('',(0.,1.));
#5448 = ( GEOMETRIC_REPRESENTATION_CONTEXT(2) 
PARAMETRIC_REPRESENTATION_CONTEXT() REPRESENTATION_CONTEXT('2D SPACE',''
  ) );
#5449 = ORIENTED_EDGE('',*,*,#5450,.T.);
#5450 = EDGE_CURVE('',#5423,#5451,#5453,.T.);
#5451 = VERTEX_POINT('',#5452);
#5452 = CARTESIAN_POINT('',(-10.,12.6,-14.25));
#5453 = SURFACE_CURVE('',#5454,(#5458,#5465),.PCURVE_S1.);
#5454 = LINE('',#5455,#5456);
#5455 = CARTESIAN_POINT('',(-10.,-13.6,-14.25));
#5456 = VECTOR('',#5457,1.);
#5457 = DIRECTION('',(0.,1.,0.));
#5458 = PCURVE('',#5398,#5459);
#5459 = DEFINITIONAL_REPRESENTATION('',(#5460),#5464);
#5460 = LINE('',#5461,#5462);
#5461 = CARTESIAN_POINT('',(0.,0.));
#5462 = VECTOR('',#5463,1.);
#5463 = DIRECTION('',(0.,-1.));
#5464 = ( GEOMETRIC_REPRESENTATION_CONTEXT(2) 
PARAMETRIC_REPRESENTATION_CONTEXT() REPRESENTATION_CONTEXT('2D SPACE',''
  ) );
#5465 = PCURVE('',#5466,#5471);
#5466 = PLANE('',#5467);
#5467 = AXIS2_PLACEMENT_3D('',#5468,#5469,#5470);
#5468 = CARTESIAN_POINT('',(-10.,-13.6,-14.25));
#5469 = DIRECTION('',(0.,0.,1.));
#5470 = DIRECTION('',(1.,0.,0.));
#5471 = DEFINITIONAL_REPRESENTATION('',(#5472),#5476);
#5472 = LINE('',#5473,#5474);
#5473 = CARTESIAN_POINT('',(0.,0.));
#5474 = VECTOR('',#5475,1.);
#5475 = DIRECTION('',(0.,1.));
#5476 = ( GEOMETRIC_REPRESENTATION_CONTEXT(2) 
PARAMETRIC_REPRESENTATION_CONTEXT() REPRESENTATION_CONTEXT('2D SPACE',''
  ) );
#5477 = ORIENTED_EDGE('',*,*,#5478,.T.);
#5478 = EDGE_CURVE('',#5451,#5390,#5479,.T.);
#5479 = SURFACE_CURVE('',#5480,(#5484,#5491),.PCURVE_S1.);
#5480 = LINE('',#5481,#5482);
#5481 = CARTESIAN_POINT('',(-10.,12.6,-14.25));
#5482 = VECTOR('',#5483,1.);
#5483 = DIRECTION('',(0.,0.,1.));
#5484 = PCURVE('',#5398,#5485);
#5485 = DEFINITIONAL_REPRESENTATION('',(#5486),#5490);
#5486 = LINE('',#5487,#5488);
#5487 = CARTESIAN_POINT('',(0.,-26.2));
#5488 = VECTOR('',#5489,1.);
#5489 = DIRECTION('',(1.,0.));
#5490 = ( GEOMETRIC_REPRESENTATION_CONTEXT(2) 
PARAMETRIC_REPRESENTATION_CONTEXT() REPRESENTATION_CONTEXT('2D SPACE',''
  ) );
#5491 = PCURVE('',#5492,#5497);
#5492 = CYLINDRICAL_SURFACE('',#5493,1.);
#5493 = AXIS2_PLACEMENT_3D('',#5494,#5495,#5496);
#5494 = CARTESIAN_POINT('',(-9.,12.6,-14.25));
#5495 = DIRECTION('',(0.,0.,1.));
#5496 = DIRECTION('',(-1.,-0.,0.));
#5497 = DEFINITIONAL_REPRESENTATION('',(#5498),#5502);
#5498 = LINE('',#5499,#5500);
#5499 = CARTESIAN_POINT('',(-0.,0.));
#5500 = VECTOR('',#5501,1.);
#5501 = DIRECTION('',(-0.,1.));
#5502 = ( GEOMETRIC_REPRESENTATION_CONTEXT(2) 
PARAMETRIC_REPRESENTATION_CONTEXT() REPRESENTATION_CONTEXT('2D SPACE',''
  ) );
#5503 = ADVANCED_FACE('',(#5504),#5410,.T.);
#5504 = FACE_BOUND('',#5505,.T.);
#5505 = EDGE_LOOP('',(#5506,#5507,#5531,#5559,#5592,#5620,#5649,#5677));
#5506 = ORIENTED_EDGE('',*,*,#5387,.F.);
#5507 = ORIENTED_EDGE('',*,*,#5508,.T.);
#5508 = EDGE_CURVE('',#5388,#5509,#5511,.T.);
#5509 = VERTEX_POINT('',#5510);
#5510 = CARTESIAN_POINT('',(-9.,-13.6,14.25));
#5511 = SURFACE_CURVE('',#5512,(#5517,#5524),.PCURVE_S1.);
#5512 = CIRCLE('',#5513,1.);
#5513 = AXIS2_PLACEMENT_3D('',#5514,#5515,#5516);
#5514 = CARTESIAN_POINT('',(-9.,-12.6,14.25));
#5515 = DIRECTION('',(0.,0.,1.));
#5516 = DIRECTION('',(0.,-1.,0.));
#5517 = PCURVE('',#5410,#5518);
#5518 = DEFINITIONAL_REPRESENTATION('',(#5519),#5523);
#5519 = CIRCLE('',#5520,1.);
#5520 = AXIS2_PLACEMENT_2D('',#5521,#5522);
#5521 = CARTESIAN_POINT('',(1.,1.));
#5522 = DIRECTION('',(0.,-1.));
#5523 = ( GEOMETRIC_REPRESENTATION_CONTEXT(2) 
PARAMETRIC_REPRESENTATION_CONTEXT() REPRESENTATION_CONTEXT('2D SPACE',''
  ) );
#5524 = PCURVE('',#5438,#5525);
#5525 = DEFINITIONAL_REPRESENTATION('',(#5526),#5530);
#5526 = LINE('',#5527,#5528);
#5527 = CARTESIAN_POINT('',(-4.712388980385,28.5));
#5528 = VECTOR('',#5529,1.);
#5529 = DIRECTION('',(1.,0.));
#5530 = ( GEOMETRIC_REPRESENTATION_CONTEXT(2) 
PARAMETRIC_REPRESENTATION_CONTEXT() REPRESENTATION_CONTEXT('2D SPACE',''
  ) );
#5531 = ORIENTED_EDGE('',*,*,#5532,.T.);
#5532 = EDGE_CURVE('',#5509,#5533,#5535,.T.);
#5533 = VERTEX_POINT('',#5534);
#5534 = CARTESIAN_POINT('',(9.,-13.6,14.25));
#5535 = SURFACE_CURVE('',#5536,(#5540,#5547),.PCURVE_S1.);
#5536 = LINE('',#5537,#5538);
#5537 = CARTESIAN_POINT('',(-10.,-13.6,14.25));
#5538 = VECTOR('',#5539,1.);
#5539 = DIRECTION('',(1.,0.,0.));
#5540 = PCURVE('',#5410,#5541);
#5541 = DEFINITIONAL_REPRESENTATION('',(#5542),#5546);
#5542 = LINE('',#5543,#5544);
#5543 = CARTESIAN_POINT('',(0.,0.));
#5544 = VECTOR('',#5545,1.);
#5545 = DIRECTION('',(1.,0.));
#5546 = ( GEOMETRIC_REPRESENTATION_CONTEXT(2) 
PARAMETRIC_REPRESENTATION_CONTEXT() REPRESENTATION_CONTEXT('2D SPACE',''
  ) );
#5547 = PCURVE('',#5548,#5553);
#5548 = PLANE('',#5549);
#5549 = AXIS2_PLACEMENT_3D('',#5550,#5551,#5552);
#5550 = CARTESIAN_POINT('',(-10.,-13.6,-14.25));
#5551 = DIRECTION('',(0.,1.,0.));
#5552 = DIRECTION('',(0.,0.,1.));
#5553 = DEFINITIONAL_REPRESENTATION('',(#5554),#5558);
#5554 = LINE('',#5555,#5556);
#5555 = CARTESIAN_POINT('',(28.5,0.));
#5556 = VECTOR('',#5557,1.);
#5557 = DIRECTION('',(0.,1.));
#5558 = ( GEOMETRIC_REPRESENTATION_CONTEXT(2) 
PARAMETRIC_REPRESENTATION_CONTEXT() REPRESENTATION_CONTEXT('2D SPACE',''
  ) );
#5559 = ORIENTED_EDGE('',*,*,#5560,.F.);
#5560 = EDGE_CURVE('',#5561,#5533,#5563,.T.);
#5561 = VERTEX_POINT('',#5562);
#5562 = CARTESIAN_POINT('',(10.,-12.6,14.25));
#5563 = SURFACE_CURVE('',#5564,(#5569,#5580),.PCURVE_S1.);
#5564 = CIRCLE('',#5565,1.);
#5565 = AXIS2_PLACEMENT_3D('',#5566,#5567,#5568);
#5566 = CARTESIAN_POINT('',(9.,-12.6,14.25));
#5567 = DIRECTION('',(-0.,-0.,-1.));
#5568 = DIRECTION('',(0.,-1.,0.));
#5569 = PCURVE('',#5410,#5570);
#5570 = DEFINITIONAL_REPRESENTATION('',(#5571),#5579);
#5571 = ( BOUNDED_CURVE() B_SPLINE_CURVE(2,(#5572,#5573,#5574,#5575,
#5576,#5577,#5578),.UNSPECIFIED.,.T.,.F.) B_SPLINE_CURVE_WITH_KNOTS((1,2
    ,2,2,2,1),(-2.094395102393,0.,2.094395102393,4.188790204786,
6.28318530718,8.377580409573),.UNSPECIFIED.) CURVE() 
GEOMETRIC_REPRESENTATION_ITEM() RATIONAL_B_SPLINE_CURVE((1.,0.5,1.,0.5,
1.,0.5,1.)) REPRESENTATION_ITEM('') );
#5572 = CARTESIAN_POINT('',(19.,0.));
#5573 = CARTESIAN_POINT('',(17.267949192431,0.));
#5574 = CARTESIAN_POINT('',(18.133974596216,1.5));
#5575 = CARTESIAN_POINT('',(19.,3.));
#5576 = CARTESIAN_POINT('',(19.866025403784,1.5));
#5577 = CARTESIAN_POINT('',(20.732050807569,1.554312234475E-15));
#5578 = CARTESIAN_POINT('',(19.,0.));
#5579 = ( GEOMETRIC_REPRESENTATION_CONTEXT(2) 
PARAMETRIC_REPRESENTATION_CONTEXT() REPRESENTATION_CONTEXT('2D SPACE',''
  ) );
#5580 = PCURVE('',#5581,#5586);
#5581 = CYLINDRICAL_SURFACE('',#5582,1.);
#5582 = AXIS2_PLACEMENT_3D('',#5583,#5584,#5585);
#5583 = CARTESIAN_POINT('',(9.,-12.6,-14.25));
#5584 = DIRECTION('',(0.,0.,1.));
#5585 = DIRECTION('',(1.,0.,-0.));
#5586 = DEFINITIONAL_REPRESENTATION('',(#5587),#5591);
#5587 = LINE('',#5588,#5589);
#5588 = CARTESIAN_POINT('',(4.712388980385,28.5));
#5589 = VECTOR('',#5590,1.);
#5590 = DIRECTION('',(-1.,0.));
#5591 = ( GEOMETRIC_REPRESENTATION_CONTEXT(2) 
PARAMETRIC_REPRESENTATION_CONTEXT() REPRESENTATION_CONTEXT('2D SPACE',''
  ) );
#5592 = ORIENTED_EDGE('',*,*,#5593,.T.);
#5593 = EDGE_CURVE('',#5561,#5594,#5596,.T.);
#5594 = VERTEX_POINT('',#5595);
#5595 = CARTESIAN_POINT('',(10.,12.6,14.25));
#5596 = SURFACE_CURVE('',#5597,(#5601,#5608),.PCURVE_S1.);
#5597 = LINE('',#5598,#5599);
#5598 = CARTESIAN_POINT('',(10.,-13.6,14.25));
#5599 = VECTOR('',#5600,1.);
#5600 = DIRECTION('',(0.,1.,0.));
#5601 = PCURVE('',#5410,#5602);
#5602 = DEFINITIONAL_REPRESENTATION('',(#5603),#5607);
#5603 = LINE('',#5604,#5605);
#5604 = CARTESIAN_POINT('',(20.,0.));
#5605 = VECTOR('',#5606,1.);
#5606 = DIRECTION('',(0.,1.));
#5607 = ( GEOMETRIC_REPRESENTATION_CONTEXT(2) 
PARAMETRIC_REPRESENTATION_CONTEXT() REPRESENTATION_CONTEXT('2D SPACE',''
  ) );
#5608 = PCURVE('',#5609,#5614);
#5609 = PLANE('',#5610);
#5610 = AXIS2_PLACEMENT_3D('',#5611,#5612,#5613);
#5611 = CARTESIAN_POINT('',(10.,-13.6,-14.25));
#5612 = DIRECTION('',(1.,0.,0.));
#5613 = DIRECTION('',(0.,0.,1.));
#5614 = DEFINITIONAL_REPRESENTATION('',(#5615),#5619);
#5615 = LINE('',#5616,#5617);
#5616 = CARTESIAN_POINT('',(28.5,0.));
#5617 = VECTOR('',#5618,1.);
#5618 = DIRECTION('',(0.,-1.));
#5619 = ( GEOMETRIC_REPRESENTATION_CONTEXT(2) 
PARAMETRIC_REPRESENTATION_CONTEXT() REPRESENTATION_CONTEXT('2D SPACE',''
  ) );
#5620 = ORIENTED_EDGE('',*,*,#5621,.T.);
#5621 = EDGE_CURVE('',#5594,#5622,#5624,.T.);
#5622 = VERTEX_POINT('',#5623);
#5623 = CARTESIAN_POINT('',(9.,13.6,14.25));
#5624 = SURFACE_CURVE('',#5625,(#5630,#5637),.PCURVE_S1.);
#5625 = CIRCLE('',#5626,1.);
#5626 = AXIS2_PLACEMENT_3D('',#5627,#5628,#5629);
#5627 = CARTESIAN_POINT('',(9.,12.6,14.25));
#5628 = DIRECTION('',(0.,0.,1.));
#5629 = DIRECTION('',(0.,-1.,0.));
#5630 = PCURVE('',#5410,#5631);
#5631 = DEFINITIONAL_REPRESENTATION('',(#5632),#5636);
#5632 = CIRCLE('',#5633,1.);
#5633 = AXIS2_PLACEMENT_2D('',#5634,#5635);
#5634 = CARTESIAN_POINT('',(19.,26.2));
#5635 = DIRECTION('',(0.,-1.));
#5636 = ( GEOMETRIC_REPRESENTATION_CONTEXT(2) 
PARAMETRIC_REPRESENTATION_CONTEXT() REPRESENTATION_CONTEXT('2D SPACE',''
  ) );
#5637 = PCURVE('',#5638,#5643);
#5638 = CYLINDRICAL_SURFACE('',#5639,1.);
#5639 = AXIS2_PLACEMENT_3D('',#5640,#5641,#5642);
#5640 = CARTESIAN_POINT('',(9.,12.6,-14.25));
#5641 = DIRECTION('',(0.,0.,1.));
#5642 = DIRECTION('',(1.,0.,-0.));
#5643 = DEFINITIONAL_REPRESENTATION('',(#5644),#5648);
#5644 = LINE('',#5645,#5646);
#5645 = CARTESIAN_POINT('',(-1.570796326795,28.5));
#5646 = VECTOR('',#5647,1.);
#5647 = DIRECTION('',(1.,0.));
#5648 = ( GEOMETRIC_REPRESENTATION_CONTEXT(2) 
PARAMETRIC_REPRESENTATION_CONTEXT() REPRESENTATION_CONTEXT('2D SPACE',''
  ) );
#5649 = ORIENTED_EDGE('',*,*,#5650,.F.);
#5650 = EDGE_CURVE('',#5651,#5622,#5653,.T.);
#5651 = VERTEX_POINT('',#5652);
#5652 = CARTESIAN_POINT('',(-9.,13.6,14.25));
#5653 = SURFACE_CURVE('',#5654,(#5658,#5665),.PCURVE_S1.);
#5654 = LINE('',#5655,#5656);
#5655 = CARTESIAN_POINT('',(-10.,13.6,14.25));
#5656 = VECTOR('',#5657,1.);
#5657 = DIRECTION('',(1.,0.,0.));
#5658 = PCURVE('',#5410,#5659);
#5659 = DEFINITIONAL_REPRESENTATION('',(#5660),#5664);
#5660 = LINE('',#5661,#5662);
#5661 = CARTESIAN_POINT('',(0.,27.2));
#5662 = VECTOR('',#5663,1.);
#5663 = DIRECTION('',(1.,0.));
#5664 = ( GEOMETRIC_REPRESENTATION_CONTEXT(2) 
PARAMETRIC_REPRESENTATION_CONTEXT() REPRESENTATION_CONTEXT('2D SPACE',''
  ) );
#5665 = PCURVE('',#5666,#5671);
#5666 = PLANE('',#5667);
#5667 = AXIS2_PLACEMENT_3D('',#5668,#5669,#5670);
#5668 = CARTESIAN_POINT('',(-10.,13.6,-14.25));
#5669 = DIRECTION('',(0.,1.,0.));
#5670 = DIRECTION('',(0.,0.,1.));
#5671 = DEFINITIONAL_REPRESENTATION('',(#5672),#5676);
#5672 = LINE('',#5673,#5674);
#5673 = CARTESIAN_POINT('',(28.5,0.));
#5674 = VECTOR('',#5675,1.);
#5675 = DIRECTION('',(0.,1.));
#5676 = ( GEOMETRIC_REPRESENTATION_CONTEXT(2) 
PARAMETRIC_REPRESENTATION_CONTEXT() REPRESENTATION_CONTEXT('2D SPACE',''
  ) );
#5677 = ORIENTED_EDGE('',*,*,#5678,.F.);
#5678 = EDGE_CURVE('',#5390,#5651,#5679,.T.);
#5679 = SURFACE_CURVE('',#5680,(#5685,#5696),.PCURVE_S1.);
#5680 = CIRCLE('',#5681,1.);
#5681 = AXIS2_PLACEMENT_3D('',#5682,#5683,#5684);
#5682 = CARTESIAN_POINT('',(-9.,12.6,14.25));
#5683 = DIRECTION('',(-0.,-0.,-1.));
#5684 = DIRECTION('',(0.,-1.,0.));
#5685 = PCURVE('',#5410,#5686);
#5686 = DEFINITIONAL_REPRESENTATION('',(#5687),#5695);
#5687 = ( BOUNDED_CURVE() B_SPLINE_CURVE(2,(#5688,#5689,#5690,#5691,
#5692,#5693,#5694),.UNSPECIFIED.,.T.,.F.) B_SPLINE_CURVE_WITH_KNOTS((1,2
    ,2,2,2,1),(-2.094395102393,0.,2.094395102393,4.188790204786,
6.28318530718,8.377580409573),.UNSPECIFIED.) CURVE() 
GEOMETRIC_REPRESENTATION_ITEM() RATIONAL_B_SPLINE_CURVE((1.,0.5,1.,0.5,
1.,0.5,1.)) REPRESENTATION_ITEM('') );
#5688 = CARTESIAN_POINT('',(1.,25.2));
#5689 = CARTESIAN_POINT('',(-0.732050807569,25.2));
#5690 = CARTESIAN_POINT('',(0.133974596216,26.7));
#5691 = CARTESIAN_POINT('',(1.,28.2));
#5692 = CARTESIAN_POINT('',(1.866025403784,26.7));
#5693 = CARTESIAN_POINT('',(2.732050807569,25.2));
#5694 = CARTESIAN_POINT('',(1.,25.2));
#5695 = ( GEOMETRIC_REPRESENTATION_CONTEXT(2) 
PARAMETRIC_REPRESENTATION_CONTEXT() REPRESENTATION_CONTEXT('2D SPACE',''
  ) );
#5696 = PCURVE('',#5492,#5697);
#5697 = DEFINITIONAL_REPRESENTATION('',(#5698),#5702);
#5698 = LINE('',#5699,#5700);
#5699 = CARTESIAN_POINT('',(1.570796326795,28.5));
#5700 = VECTOR('',#5701,1.);
#5701 = DIRECTION('',(-1.,0.));
#5702 = ( GEOMETRIC_REPRESENTATION_CONTEXT(2) 
PARAMETRIC_REPRESENTATION_CONTEXT() REPRESENTATION_CONTEXT('2D SPACE',''
  ) );
#5703 = ADVANCED_FACE('',(#5704),#5438,.T.);
#5704 = FACE_BOUND('',#5705,.T.);
#5705 = EDGE_LOOP('',(#5706,#5730,#5751,#5752));
#5706 = ORIENTED_EDGE('',*,*,#5707,.T.);
#5707 = EDGE_CURVE('',#5423,#5708,#5710,.T.);
#5708 = VERTEX_POINT('',#5709);
#5709 = CARTESIAN_POINT('',(-9.,-13.6,-14.25));
#5710 = SURFACE_CURVE('',#5711,(#5716,#5723),.PCURVE_S1.);
#5711 = CIRCLE('',#5712,1.);
#5712 = AXIS2_PLACEMENT_3D('',#5713,#5714,#5715);
#5713 = CARTESIAN_POINT('',(-9.,-12.6,-14.25));
#5714 = DIRECTION('',(0.,0.,1.));
#5715 = DIRECTION('',(0.,-1.,0.));
#5716 = PCURVE('',#5438,#5717);
#5717 = DEFINITIONAL_REPRESENTATION('',(#5718),#5722);
#5718 = LINE('',#5719,#5720);
#5719 = CARTESIAN_POINT('',(-4.712388980385,0.));
#5720 = VECTOR('',#5721,1.);
#5721 = DIRECTION('',(1.,0.));
#5722 = ( GEOMETRIC_REPRESENTATION_CONTEXT(2) 
PARAMETRIC_REPRESENTATION_CONTEXT() REPRESENTATION_CONTEXT('2D SPACE',''
  ) );
#5723 = PCURVE('',#5466,#5724);
#5724 = DEFINITIONAL_REPRESENTATION('',(#5725),#5729);
#5725 = CIRCLE('',#5726,1.);
#5726 = AXIS2_PLACEMENT_2D('',#5727,#5728);
#5727 = CARTESIAN_POINT('',(1.,1.));
#5728 = DIRECTION('',(0.,-1.));
#5729 = ( GEOMETRIC_REPRESENTATION_CONTEXT(2) 
PARAMETRIC_REPRESENTATION_CONTEXT() REPRESENTATION_CONTEXT('2D SPACE',''
  ) );
#5730 = ORIENTED_EDGE('',*,*,#5731,.T.);
#5731 = EDGE_CURVE('',#5708,#5509,#5732,.T.);
#5732 = SURFACE_CURVE('',#5733,(#5737,#5744),.PCURVE_S1.);
#5733 = LINE('',#5734,#5735);
#5734 = CARTESIAN_POINT('',(-9.,-13.6,-14.25));
#5735 = VECTOR('',#5736,1.);
#5736 = DIRECTION('',(0.,0.,1.));
#5737 = PCURVE('',#5438,#5738);
#5738 = DEFINITIONAL_REPRESENTATION('',(#5739),#5743);
#5739 = LINE('',#5740,#5741);
#5740 = CARTESIAN_POINT('',(1.570796326795,0.));
#5741 = VECTOR('',#5742,1.);
#5742 = DIRECTION('',(0.,1.));
#5743 = ( GEOMETRIC_REPRESENTATION_CONTEXT(2) 
PARAMETRIC_REPRESENTATION_CONTEXT() REPRESENTATION_CONTEXT('2D SPACE',''
  ) );
#5744 = PCURVE('',#5548,#5745);
#5745 = DEFINITIONAL_REPRESENTATION('',(#5746),#5750);
#5746 = LINE('',#5747,#5748);
#5747 = CARTESIAN_POINT('',(0.,1.));
#5748 = VECTOR('',#5749,1.);
#5749 = DIRECTION('',(1.,0.));
#5750 = ( GEOMETRIC_REPRESENTATION_CONTEXT(2) 
PARAMETRIC_REPRESENTATION_CONTEXT() REPRESENTATION_CONTEXT('2D SPACE',''
  ) );
#5751 = ORIENTED_EDGE('',*,*,#5508,.F.);
#5752 = ORIENTED_EDGE('',*,*,#5422,.F.);
#5753 = ADVANCED_FACE('',(#5754),#5492,.T.);
#5754 = FACE_BOUND('',#5755,.F.);
#5755 = EDGE_LOOP('',(#5756,#5784,#5805,#5806));
#5756 = ORIENTED_EDGE('',*,*,#5757,.T.);
#5757 = EDGE_CURVE('',#5451,#5758,#5760,.T.);
#5758 = VERTEX_POINT('',#5759);
#5759 = CARTESIAN_POINT('',(-9.,13.6,-14.25));
#5760 = SURFACE_CURVE('',#5761,(#5766,#5773),.PCURVE_S1.);
#5761 = CIRCLE('',#5762,1.);
#5762 = AXIS2_PLACEMENT_3D('',#5763,#5764,#5765);
#5763 = CARTESIAN_POINT('',(-9.,12.6,-14.25));
#5764 = DIRECTION('',(-0.,-0.,-1.));
#5765 = DIRECTION('',(0.,-1.,0.));
#5766 = PCURVE('',#5492,#5767);
#5767 = DEFINITIONAL_REPRESENTATION('',(#5768),#5772);
#5768 = LINE('',#5769,#5770);
#5769 = CARTESIAN_POINT('',(1.570796326795,-0.));
#5770 = VECTOR('',#5771,1.);
#5771 = DIRECTION('',(-1.,0.));
#5772 = ( GEOMETRIC_REPRESENTATION_CONTEXT(2) 
PARAMETRIC_REPRESENTATION_CONTEXT() REPRESENTATION_CONTEXT('2D SPACE',''
  ) );
#5773 = PCURVE('',#5466,#5774);
#5774 = DEFINITIONAL_REPRESENTATION('',(#5775),#5783);
#5775 = ( BOUNDED_CURVE() B_SPLINE_CURVE(2,(#5776,#5777,#5778,#5779,
#5780,#5781,#5782),.UNSPECIFIED.,.T.,.F.) B_SPLINE_CURVE_WITH_KNOTS((1,2
    ,2,2,2,1),(-2.094395102393,0.,2.094395102393,4.188790204786,
6.28318530718,8.377580409573),.UNSPECIFIED.) CURVE() 
GEOMETRIC_REPRESENTATION_ITEM() RATIONAL_B_SPLINE_CURVE((1.,0.5,1.,0.5,
1.,0.5,1.)) REPRESENTATION_ITEM('') );
#5776 = CARTESIAN_POINT('',(1.,25.2));
#5777 = CARTESIAN_POINT('',(-0.732050807569,25.2));
#5778 = CARTESIAN_POINT('',(0.133974596216,26.7));
#5779 = CARTESIAN_POINT('',(1.,28.2));
#5780 = CARTESIAN_POINT('',(1.866025403784,26.7));
#5781 = CARTESIAN_POINT('',(2.732050807569,25.2));
#5782 = CARTESIAN_POINT('',(1.,25.2));
#5783 = ( GEOMETRIC_REPRESENTATION_CONTEXT(2) 
PARAMETRIC_REPRESENTATION_CONTEXT() REPRESENTATION_CONTEXT('2D SPACE',''
  ) );
#5784 = ORIENTED_EDGE('',*,*,#5785,.T.);
#5785 = EDGE_CURVE('',#5758,#5651,#5786,.T.);
#5786 = SURFACE_CURVE('',#5787,(#5791,#5798),.PCURVE_S1.);
#5787 = LINE('',#5788,#5789);
#5788 = CARTESIAN_POINT('',(-9.,13.6,-14.25));
#5789 = VECTOR('',#5790,1.);
#5790 = DIRECTION('',(0.,0.,1.));
#5791 = PCURVE('',#5492,#5792);
#5792 = DEFINITIONAL_REPRESENTATION('',(#5793),#5797);
#5793 = LINE('',#5794,#5795);
#5794 = CARTESIAN_POINT('',(-1.570796326795,0.));
#5795 = VECTOR('',#5796,1.);
#5796 = DIRECTION('',(-0.,1.));
#5797 = ( GEOMETRIC_REPRESENTATION_CONTEXT(2) 
PARAMETRIC_REPRESENTATION_CONTEXT() REPRESENTATION_CONTEXT('2D SPACE',''
  ) );
#5798 = PCURVE('',#5666,#5799);
#5799 = DEFINITIONAL_REPRESENTATION('',(#5800),#5804);
#5800 = LINE('',#5801,#5802);
#5801 = CARTESIAN_POINT('',(0.,1.));
#5802 = VECTOR('',#5803,1.);
#5803 = DIRECTION('',(1.,0.));
#5804 = ( GEOMETRIC_REPRESENTATION_CONTEXT(2) 
PARAMETRIC_REPRESENTATION_CONTEXT() REPRESENTATION_CONTEXT('2D SPACE',''
  ) );
#5805 = ORIENTED_EDGE('',*,*,#5678,.F.);
#5806 = ORIENTED_EDGE('',*,*,#5478,.F.);
#5807 = ADVANCED_FACE('',(#5808),#5466,.F.);
#5808 = FACE_BOUND('',#5809,.F.);
#5809 = EDGE_LOOP('',(#5810,#5811,#5812,#5835,#5863,#5886,#5910,#5931));
#5810 = ORIENTED_EDGE('',*,*,#5450,.F.);
#5811 = ORIENTED_EDGE('',*,*,#5707,.T.);
#5812 = ORIENTED_EDGE('',*,*,#5813,.T.);
#5813 = EDGE_CURVE('',#5708,#5814,#5816,.T.);
#5814 = VERTEX_POINT('',#5815);
#5815 = CARTESIAN_POINT('',(9.,-13.6,-14.25));
#5816 = SURFACE_CURVE('',#5817,(#5821,#5828),.PCURVE_S1.);
#5817 = LINE('',#5818,#5819);
#5818 = CARTESIAN_POINT('',(-10.,-13.6,-14.25));
#5819 = VECTOR('',#5820,1.);
#5820 = DIRECTION('',(1.,0.,0.));
#5821 = PCURVE('',#5466,#5822);
#5822 = DEFINITIONAL_REPRESENTATION('',(#5823),#5827);
#5823 = LINE('',#5824,#5825);
#5824 = CARTESIAN_POINT('',(0.,0.));
#5825 = VECTOR('',#5826,1.);
#5826 = DIRECTION('',(1.,0.));
#5827 = ( GEOMETRIC_REPRESENTATION_CONTEXT(2) 
PARAMETRIC_REPRESENTATION_CONTEXT() REPRESENTATION_CONTEXT('2D SPACE',''
  ) );
#5828 = PCURVE('',#5548,#5829);
#5829 = DEFINITIONAL_REPRESENTATION('',(#5830),#5834);
#5830 = LINE('',#5831,#5832);
#5831 = CARTESIAN_POINT('',(0.,0.));
#5832 = VECTOR('',#5833,1.);
#5833 = DIRECTION('',(0.,1.));
#5834 = ( GEOMETRIC_REPRESENTATION_CONTEXT(2) 
PARAMETRIC_REPRESENTATION_CONTEXT() REPRESENTATION_CONTEXT('2D SPACE',''
  ) );
#5835 = ORIENTED_EDGE('',*,*,#5836,.F.);
#5836 = EDGE_CURVE('',#5837,#5814,#5839,.T.);
#5837 = VERTEX_POINT('',#5838);
#5838 = CARTESIAN_POINT('',(10.,-12.6,-14.25));
#5839 = SURFACE_CURVE('',#5840,(#5845,#5856),.PCURVE_S1.);
#5840 = CIRCLE('',#5841,1.);
#5841 = AXIS2_PLACEMENT_3D('',#5842,#5843,#5844);
#5842 = CARTESIAN_POINT('',(9.,-12.6,-14.25));
#5843 = DIRECTION('',(-0.,-0.,-1.));
#5844 = DIRECTION('',(0.,-1.,0.));
#5845 = PCURVE('',#5466,#5846);
#5846 = DEFINITIONAL_REPRESENTATION('',(#5847),#5855);
#5847 = ( BOUNDED_CURVE() B_SPLINE_CURVE(2,(#5848,#5849,#5850,#5851,
#5852,#5853,#5854),.UNSPECIFIED.,.T.,.F.) B_SPLINE_CURVE_WITH_KNOTS((1,2
    ,2,2,2,1),(-2.094395102393,0.,2.094395102393,4.188790204786,
6.28318530718,8.377580409573),.UNSPECIFIED.) CURVE() 
GEOMETRIC_REPRESENTATION_ITEM() RATIONAL_B_SPLINE_CURVE((1.,0.5,1.,0.5,
1.,0.5,1.)) REPRESENTATION_ITEM('') );
#5848 = CARTESIAN_POINT('',(19.,0.));
#5849 = CARTESIAN_POINT('',(17.267949192431,0.));
#5850 = CARTESIAN_POINT('',(18.133974596216,1.5));
#5851 = CARTESIAN_POINT('',(19.,3.));
#5852 = CARTESIAN_POINT('',(19.866025403784,1.5));
#5853 = CARTESIAN_POINT('',(20.732050807569,1.554312234475E-15));
#5854 = CARTESIAN_POINT('',(19.,0.));
#5855 = ( GEOMETRIC_REPRESENTATION_CONTEXT(2) 
PARAMETRIC_REPRESENTATION_CONTEXT() REPRESENTATION_CONTEXT('2D SPACE',''
  ) );
#5856 = PCURVE('',#5581,#5857);
#5857 = DEFINITIONAL_REPRESENTATION('',(#5858),#5862);
#5858 = LINE('',#5859,#5860);
#5859 = CARTESIAN_POINT('',(4.712388980385,-0.));
#5860 = VECTOR('',#5861,1.);
#5861 = DIRECTION('',(-1.,0.));
#5862 = ( GEOMETRIC_REPRESENTATION_CONTEXT(2) 
PARAMETRIC_REPRESENTATION_CONTEXT() REPRESENTATION_CONTEXT('2D SPACE',''
  ) );
#5863 = ORIENTED_EDGE('',*,*,#5864,.T.);
#5864 = EDGE_CURVE('',#5837,#5865,#5867,.T.);
#5865 = VERTEX_POINT('',#5866);
#5866 = CARTESIAN_POINT('',(10.,12.6,-14.25));
#5867 = SURFACE_CURVE('',#5868,(#5872,#5879),.PCURVE_S1.);
#5868 = LINE('',#5869,#5870);
#5869 = CARTESIAN_POINT('',(10.,-13.6,-14.25));
#5870 = VECTOR('',#5871,1.);
#5871 = DIRECTION('',(0.,1.,0.));
#5872 = PCURVE('',#5466,#5873);
#5873 = DEFINITIONAL_REPRESENTATION('',(#5874),#5878);
#5874 = LINE('',#5875,#5876);
#5875 = CARTESIAN_POINT('',(20.,0.));
#5876 = VECTOR('',#5877,1.);
#5877 = DIRECTION('',(0.,1.));
#5878 = ( GEOMETRIC_REPRESENTATION_CONTEXT(2) 
PARAMETRIC_REPRESENTATION_CONTEXT() REPRESENTATION_CONTEXT('2D SPACE',''
  ) );
#5879 = PCURVE('',#5609,#5880);
#5880 = DEFINITIONAL_REPRESENTATION('',(#5881),#5885);
#5881 = LINE('',#5882,#5883);
#5882 = CARTESIAN_POINT('',(0.,0.));
#5883 = VECTOR('',#5884,1.);
#5884 = DIRECTION('',(0.,-1.));
#5885 = ( GEOMETRIC_REPRESENTATION_CONTEXT(2) 
PARAMETRIC_REPRESENTATION_CONTEXT() REPRESENTATION_CONTEXT('2D SPACE',''
  ) );
#5886 = ORIENTED_EDGE('',*,*,#5887,.T.);
#5887 = EDGE_CURVE('',#5865,#5888,#5890,.T.);
#5888 = VERTEX_POINT('',#5889);
#5889 = CARTESIAN_POINT('',(9.,13.6,-14.25));
#5890 = SURFACE_CURVE('',#5891,(#5896,#5903),.PCURVE_S1.);
#5891 = CIRCLE('',#5892,1.);
#5892 = AXIS2_PLACEMENT_3D('',#5893,#5894,#5895);
#5893 = CARTESIAN_POINT('',(9.,12.6,-14.25));
#5894 = DIRECTION('',(0.,0.,1.));
#5895 = DIRECTION('',(0.,-1.,0.));
#5896 = PCURVE('',#5466,#5897);
#5897 = DEFINITIONAL_REPRESENTATION('',(#5898),#5902);
#5898 = CIRCLE('',#5899,1.);
#5899 = AXIS2_PLACEMENT_2D('',#5900,#5901);
#5900 = CARTESIAN_POINT('',(19.,26.2));
#5901 = DIRECTION('',(0.,-1.));
#5902 = ( GEOMETRIC_REPRESENTATION_CONTEXT(2) 
PARAMETRIC_REPRESENTATION_CONTEXT() REPRESENTATION_CONTEXT('2D SPACE',''
  ) );
#5903 = PCURVE('',#5638,#5904);
#5904 = DEFINITIONAL_REPRESENTATION('',(#5905),#5909);
#5905 = LINE('',#5906,#5907);
#5906 = CARTESIAN_POINT('',(-1.570796326795,0.));
#5907 = VECTOR('',#5908,1.);
#5908 = DIRECTION('',(1.,0.));
#5909 = ( GEOMETRIC_REPRESENTATION_CONTEXT(2) 
PARAMETRIC_REPRESENTATION_CONTEXT() REPRESENTATION_CONTEXT('2D SPACE',''
  ) );
#5910 = ORIENTED_EDGE('',*,*,#5911,.F.);
#5911 = EDGE_CURVE('',#5758,#5888,#5912,.T.);
#5912 = SURFACE_CURVE('',#5913,(#5917,#5924),.PCURVE_S1.);
#5913 = LINE('',#5914,#5915);
#5914 = CARTESIAN_POINT('',(-10.,13.6,-14.25));
#5915 = VECTOR('',#5916,1.);
#5916 = DIRECTION('',(1.,0.,0.));
#5917 = PCURVE('',#5466,#5918);
#5918 = DEFINITIONAL_REPRESENTATION('',(#5919),#5923);
#5919 = LINE('',#5920,#5921);
#5920 = CARTESIAN_POINT('',(0.,27.2));
#5921 = VECTOR('',#5922,1.);
#5922 = DIRECTION('',(1.,0.));
#5923 = ( GEOMETRIC_REPRESENTATION_CONTEXT(2) 
PARAMETRIC_REPRESENTATION_CONTEXT() REPRESENTATION_CONTEXT('2D SPACE',''
  ) );
#5924 = PCURVE('',#5666,#5925);
#5925 = DEFINITIONAL_REPRESENTATION('',(#5926),#5930);
#5926 = LINE('',#5927,#5928);
#5927 = CARTESIAN_POINT('',(0.,0.));
#5928 = VECTOR('',#5929,1.);
#5929 = DIRECTION('',(0.,1.));
#5930 = ( GEOMETRIC_REPRESENTATION_CONTEXT(2) 
PARAMETRIC_REPRESENTATION_CONTEXT() REPRESENTATION_CONTEXT('2D SPACE',''
  ) );
#5931 = ORIENTED_EDGE('',*,*,#5757,.F.);
#5932 = ADVANCED_FACE('',(#5933),#5548,.F.);
#5933 = FACE_BOUND('',#5934,.F.);
#5934 = EDGE_LOOP('',(#5935,#5936,#5937,#5938));
#5935 = ORIENTED_EDGE('',*,*,#5813,.F.);
#5936 = ORIENTED_EDGE('',*,*,#5731,.T.);
#5937 = ORIENTED_EDGE('',*,*,#5532,.T.);
#5938 = ORIENTED_EDGE('',*,*,#5939,.F.);
#5939 = EDGE_CURVE('',#5814,#5533,#5940,.T.);
#5940 = SURFACE_CURVE('',#5941,(#5945,#5952),.PCURVE_S1.);
#5941 = LINE('',#5942,#5943);
#5942 = CARTESIAN_POINT('',(9.,-13.6,-14.25));
#5943 = VECTOR('',#5944,1.);
#5944 = DIRECTION('',(0.,0.,1.));
#5945 = PCURVE('',#5548,#5946);
#5946 = DEFINITIONAL_REPRESENTATION('',(#5947),#5951);
#5947 = LINE('',#5948,#5949);
#5948 = CARTESIAN_POINT('',(0.,19.));
#5949 = VECTOR('',#5950,1.);
#5950 = DIRECTION('',(1.,0.));
#5951 = ( GEOMETRIC_REPRESENTATION_CONTEXT(2) 
PARAMETRIC_REPRESENTATION_CONTEXT() REPRESENTATION_CONTEXT('2D SPACE',''
  ) );
#5952 = PCURVE('',#5581,#5953);
#5953 = DEFINITIONAL_REPRESENTATION('',(#5954),#5958);
#5954 = LINE('',#5955,#5956);
#5955 = CARTESIAN_POINT('',(-1.570796326795,0.));
#5956 = VECTOR('',#5957,1.);
#5957 = DIRECTION('',(-0.,1.));
#5958 = ( GEOMETRIC_REPRESENTATION_CONTEXT(2) 
PARAMETRIC_REPRESENTATION_CONTEXT() REPRESENTATION_CONTEXT('2D SPACE',''
  ) );
#5959 = ADVANCED_FACE('',(#5960),#5666,.T.);
#5960 = FACE_BOUND('',#5961,.T.);
#5961 = EDGE_LOOP('',(#5962,#5963,#5964,#5965));
#5962 = ORIENTED_EDGE('',*,*,#5911,.F.);
#5963 = ORIENTED_EDGE('',*,*,#5785,.T.);
#5964 = ORIENTED_EDGE('',*,*,#5650,.T.);
#5965 = ORIENTED_EDGE('',*,*,#5966,.F.);
#5966 = EDGE_CURVE('',#5888,#5622,#5967,.T.);
#5967 = SURFACE_CURVE('',#5968,(#5972,#5979),.PCURVE_S1.);
#5968 = LINE('',#5969,#5970);
#5969 = CARTESIAN_POINT('',(9.,13.6,-14.25));
#5970 = VECTOR('',#5971,1.);
#5971 = DIRECTION('',(0.,0.,1.));
#5972 = PCURVE('',#5666,#5973);
#5973 = DEFINITIONAL_REPRESENTATION('',(#5974),#5978);
#5974 = LINE('',#5975,#5976);
#5975 = CARTESIAN_POINT('',(0.,19.));
#5976 = VECTOR('',#5977,1.);
#5977 = DIRECTION('',(1.,0.));
#5978 = ( GEOMETRIC_REPRESENTATION_CONTEXT(2) 
PARAMETRIC_REPRESENTATION_CONTEXT() REPRESENTATION_CONTEXT('2D SPACE',''
  ) );
#5979 = PCURVE('',#5638,#5980);
#5980 = DEFINITIONAL_REPRESENTATION('',(#5981),#5985);
#5981 = LINE('',#5982,#5983);
#5982 = CARTESIAN_POINT('',(1.570796326795,0.));
#5983 = VECTOR('',#5984,1.);
#5984 = DIRECTION('',(0.,1.));
#5985 = ( GEOMETRIC_REPRESENTATION_CONTEXT(2) 
PARAMETRIC_REPRESENTATION_CONTEXT() REPRESENTATION_CONTEXT('2D SPACE',''
  ) );
#5986 = ADVANCED_FACE('',(#5987),#5581,.T.);
#5987 = FACE_BOUND('',#5988,.F.);
#5988 = EDGE_LOOP('',(#5989,#5990,#5991,#5992));
#5989 = ORIENTED_EDGE('',*,*,#5836,.T.);
#5990 = ORIENTED_EDGE('',*,*,#5939,.T.);
#5991 = ORIENTED_EDGE('',*,*,#5560,.F.);
#5992 = ORIENTED_EDGE('',*,*,#5993,.F.);
#5993 = EDGE_CURVE('',#5837,#5561,#5994,.T.);
#5994 = SURFACE_CURVE('',#5995,(#5999,#6006),.PCURVE_S1.);
#5995 = LINE('',#5996,#5997);
#5996 = CARTESIAN_POINT('',(10.,-12.6,-14.25));
#5997 = VECTOR('',#5998,1.);
#5998 = DIRECTION('',(0.,0.,1.));
#5999 = PCURVE('',#5581,#6000);
#6000 = DEFINITIONAL_REPRESENTATION('',(#6001),#6005);
#6001 = LINE('',#6002,#6003);
#6002 = CARTESIAN_POINT('',(-0.,0.));
#6003 = VECTOR('',#6004,1.);
#6004 = DIRECTION('',(-0.,1.));
#6005 = ( GEOMETRIC_REPRESENTATION_CONTEXT(2) 
PARAMETRIC_REPRESENTATION_CONTEXT() REPRESENTATION_CONTEXT('2D SPACE',''
  ) );
#6006 = PCURVE('',#5609,#6007);
#6007 = DEFINITIONAL_REPRESENTATION('',(#6008),#6012);
#6008 = LINE('',#6009,#6010);
#6009 = CARTESIAN_POINT('',(0.,-1.));
#6010 = VECTOR('',#6011,1.);
#6011 = DIRECTION('',(1.,0.));
#6012 = ( GEOMETRIC_REPRESENTATION_CONTEXT(2) 
PARAMETRIC_REPRESENTATION_CONTEXT() REPRESENTATION_CONTEXT('2D SPACE',''
  ) );
#6013 = ADVANCED_FACE('',(#6014),#5638,.T.);
#6014 = FACE_BOUND('',#6015,.T.);
#6015 = EDGE_LOOP('',(#6016,#6017,#6018,#6019));
#6016 = ORIENTED_EDGE('',*,*,#5887,.T.);
#6017 = ORIENTED_EDGE('',*,*,#5966,.T.);
#6018 = ORIENTED_EDGE('',*,*,#5621,.F.);
#6019 = ORIENTED_EDGE('',*,*,#6020,.F.);
#6020 = EDGE_CURVE('',#5865,#5594,#6021,.T.);
#6021 = SURFACE_CURVE('',#6022,(#6026,#6033),.PCURVE_S1.);
#6022 = LINE('',#6023,#6024);
#6023 = CARTESIAN_POINT('',(10.,12.6,-14.25));
#6024 = VECTOR('',#6025,1.);
#6025 = DIRECTION('',(0.,0.,1.));
#6026 = PCURVE('',#5638,#6027);
#6027 = DEFINITIONAL_REPRESENTATION('',(#6028),#6032);
#6028 = LINE('',#6029,#6030);
#6029 = CARTESIAN_POINT('',(0.,0.));
#6030 = VECTOR('',#6031,1.);
#6031 = DIRECTION('',(0.,1.));
#6032 = ( GEOMETRIC_REPRESENTATION_CONTEXT(2) 
PARAMETRIC_REPRESENTATION_CONTEXT() REPRESENTATION_CONTEXT('2D SPACE',''
  ) );
#6033 = PCURVE('',#5609,#6034);
#6034 = DEFINITIONAL_REPRESENTATION('',(#6035),#6039);
#6035 = LINE('',#6036,#6037);
#6036 = CARTESIAN_POINT('',(0.,-26.2));
#6037 = VECTOR('',#6038,1.);
#6038 = DIRECTION('',(1.,0.));
#6039 = ( GEOMETRIC_REPRESENTATION_CONTEXT(2) 
PARAMETRIC_REPRESENTATION_CONTEXT() REPRESENTATION_CONTEXT('2D SPACE',''
  ) );
#6040 = ADVANCED_FACE('',(#6041),#5609,.T.);
#6041 = FACE_BOUND('',#6042,.T.);
#6042 = EDGE_LOOP('',(#6043,#6044,#6045,#6046));
#6043 = ORIENTED_EDGE('',*,*,#5593,.F.);
#6044 = ORIENTED_EDGE('',*,*,#5993,.F.);
#6045 = ORIENTED_EDGE('',*,*,#5864,.T.);
#6046 = ORIENTED_EDGE('',*,*,#6020,.T.);
#6047 = ( GEOMETRIC_REPRESENTATION_CONTEXT(3) 
GLOBAL_UNCERTAINTY_ASSIGNED_CONTEXT((#6051)) 
GLOBAL_UNIT_ASSIGNED_CONTEXT((#6048,#6049,#6050)) REPRESENTATION_CONTEXT
('Context #1','3D Context with UNIT and UNCERTAINTY') );
#6048 = ( LENGTH_UNIT() NAMED_UNIT(*) SI_UNIT(.MILLI.,.METRE.) );
#6049 = ( NAMED_UNIT(*) PLANE_ANGLE_UNIT() SI_UNIT($,.RADIAN.) );
#6050 = ( NAMED_UNIT(*) SI_UNIT($,.STERADIAN.) SOLID_ANGLE_UNIT() );
#6051 = UNCERTAINTY_MEASURE_WITH_UNIT(LENGTH_MEASURE(1.E-07),#6048,
  'distance_accuracy_value','confusion accuracy');
#6052 = CONTEXT_DEPENDENT_SHAPE_REPRESENTATION(#6053,#6055);
#6053 = ( REPRESENTATION_RELATIONSHIP('','',#5380,#10) 
REPRESENTATION_RELATIONSHIP_WITH_TRANSFORMATION(#6054) 
SHAPE_REPRESENTATION_RELATIONSHIP() );
#6054 = ITEM_DEFINED_TRANSFORMATION('','',#11,#39);
#6055 = PRODUCT_DEFINITION_SHAPE('Placement','Placement of an item',
  #6056);
#6056 = NEXT_ASSEMBLY_USAGE_OCCURRENCE('7','SY5_Blanking_2','',#5,#5375,
  $);
#6057 = PRODUCT_RELATED_PRODUCT_CATEGORY('part',$,(#5377));
#6058 = SHAPE_DEFINITION_REPRESENTATION(#6059,#6065);
#6059 = PRODUCT_DEFINITION_SHAPE('','',#6060);
#6060 = PRODUCT_DEFINITION('design','',#6061,#6064);
#6061 = PRODUCT_DEFINITION_FORMATION('','',#6062);
#6062 = PRODUCT('SY3_Manifold_4st','SY3_Manifold_4st','',(#6063));
#6063 = PRODUCT_CONTEXT('',#2,'mechanical');
#6064 = PRODUCT_DEFINITION_CONTEXT('part definition',#2,'design');
#6065 = ADVANCED_BREP_SHAPE_REPRESENTATION('',(#11,#6066),#7314);
#6066 = MANIFOLD_SOLID_BREP('',#6067);
#6067 = CLOSED_SHELL('',(#6068,#6188,#6591,#6640,#6956,#6983,#7030,#7057
    ,#7084,#7111,#7138,#7165,#7192,#7219,#7246,#7273,#7300,#7307));
#6068 = ADVANCED_FACE('',(#6069),#6083,.F.);
#6069 = FACE_BOUND('',#6070,.F.);
#6070 = EDGE_LOOP('',(#6071,#6106,#6134,#6162));
#6071 = ORIENTED_EDGE('',*,*,#6072,.F.);
#6072 = EDGE_CURVE('',#6073,#6075,#6077,.T.);
#6073 = VERTEX_POINT('',#6074);
#6074 = CARTESIAN_POINT('',(-30.,-30.,-13.));
#6075 = VERTEX_POINT('',#6076);
#6076 = CARTESIAN_POINT('',(-30.,-30.,13.));
#6077 = SURFACE_CURVE('',#6078,(#6082,#6094),.PCURVE_S1.);
#6078 = LINE('',#6079,#6080);
#6079 = CARTESIAN_POINT('',(-30.,-30.,-13.));
#6080 = VECTOR('',#6081,1.);
#6081 = DIRECTION('',(0.,0.,1.));
#6082 = PCURVE('',#6083,#6088);
#6083 = PLANE('',#6084);
#6084 = AXIS2_PLACEMENT_3D('',#6085,#6086,#6087);
#6085 = CARTESIAN_POINT('',(-30.,-30.,-13.));
#6086 = DIRECTION('',(1.,0.,0.));
#6087 = DIRECTION('',(0.,0.,1.));
#6088 = DEFINITIONAL_REPRESENTATION('',(#6089),#6093);
#6089 = LINE('',#6090,#6091);
#6090 = CARTESIAN_POINT('',(0.,0.));
#6091 = VECTOR('',#6092,1.);
#6092 = DIRECTION('',(1.,0.));
#6093 = ( GEOMETRIC_REPRESENTATION_CONTEXT(2) 
PARAMETRIC_REPRESENTATION_CONTEXT() REPRESENTATION_CONTEXT('2D SPACE',''
  ) );
#6094 = PCURVE('',#6095,#6100);
#6095 = PLANE('',#6096);
#6096 = AXIS2_PLACEMENT_3D('',#6097,#6098,#6099);
#6097 = CARTESIAN_POINT('',(-30.,-30.,-13.));
#6098 = DIRECTION('',(0.,1.,0.));
#6099 = DIRECTION('',(0.,0.,1.));
#6100 = DEFINITIONAL_REPRESENTATION('',(#6101),#6105);
#6101 = LINE('',#6102,#6103);
#6102 = CARTESIAN_POINT('',(0.,0.));
#6103 = VECTOR('',#6104,1.);
#6104 = DIRECTION('',(1.,0.));
#6105 = ( GEOMETRIC_REPRESENTATION_CONTEXT(2) 
PARAMETRIC_REPRESENTATION_CONTEXT() REPRESENTATION_CONTEXT('2D SPACE',''
  ) );
#6106 = ORIENTED_EDGE('',*,*,#6107,.T.);
#6107 = EDGE_CURVE('',#6073,#6108,#6110,.T.);
#6108 = VERTEX_POINT('',#6109);
#6109 = CARTESIAN_POINT('',(-30.,30.,-13.));
#6110 = SURFACE_CURVE('',#6111,(#6115,#6122),.PCURVE_S1.);
#6111 = LINE('',#6112,#6113);
#6112 = CARTESIAN_POINT('',(-30.,-30.,-13.));
#6113 = VECTOR('',#6114,1.);
#6114 = DIRECTION('',(0.,1.,0.));
#6115 = PCURVE('',#6083,#6116);
#6116 = DEFINITIONAL_REPRESENTATION('',(#6117),#6121);
#6117 = LINE('',#6118,#6119);
#6118 = CARTESIAN_POINT('',(0.,0.));
#6119 = VECTOR('',#6120,1.);
#6120 = DIRECTION('',(0.,-1.));
#6121 = ( GEOMETRIC_REPRESENTATION_CONTEXT(2) 
PARAMETRIC_REPRESENTATION_CONTEXT() REPRESENTATION_CONTEXT('2D SPACE',''
  ) );
#6122 = PCURVE('',#6123,#6128);
#6123 = PLANE('',#6124);
#6124 = AXIS2_PLACEMENT_3D('',#6125,#6126,#6127);
#6125 = CARTESIAN_POINT('',(-30.,-30.,-13.));
#6126 = DIRECTION('',(0.,0.,1.));
#6127 = DIRECTION('',(1.,0.,0.));
#6128 = DEFINITIONAL_REPRESENTATION('',(#6129),#6133);
#6129 = LINE('',#6130,#6131);
#6130 = CARTESIAN_POINT('',(0.,0.));
#6131 = VECTOR('',#6132,1.);
#6132 = DIRECTION('',(0.,1.));
#6133 = ( GEOMETRIC_REPRESENTATION_CONTEXT(2) 
PARAMETRIC_REPRESENTATION_CONTEXT() REPRESENTATION_CONTEXT('2D SPACE',''
  ) );
#6134 = ORIENTED_EDGE('',*,*,#6135,.F.);
#6135 = EDGE_CURVE('',#6136,#6108,#6138,.T.);
#6136 = VERTEX_POINT('',#6137);
#6137 = CARTESIAN_POINT('',(-30.,30.,13.));
#6138 = SURFACE_CURVE('',#6139,(#6143,#6150),.PCURVE_S1.);
#6139 = LINE('',#6140,#6141);
#6140 = CARTESIAN_POINT('',(-30.,30.,13.));
#6141 = VECTOR('',#6142,1.);
#6142 = DIRECTION('',(0.,0.,-1.));
#6143 = PCURVE('',#6083,#6144);
#6144 = DEFINITIONAL_REPRESENTATION('',(#6145),#6149);
#6145 = LINE('',#6146,#6147);
#6146 = CARTESIAN_POINT('',(26.,-60.));
#6147 = VECTOR('',#6148,1.);
#6148 = DIRECTION('',(-1.,0.));
#6149 = ( GEOMETRIC_REPRESENTATION_CONTEXT(2) 
PARAMETRIC_REPRESENTATION_CONTEXT() REPRESENTATION_CONTEXT('2D SPACE',''
  ) );
#6150 = PCURVE('',#6151,#6156);
#6151 = PLANE('',#6152);
#6152 = AXIS2_PLACEMENT_3D('',#6153,#6154,#6155);
#6153 = CARTESIAN_POINT('',(-30.,30.,-13.));
#6154 = DIRECTION('',(0.,1.,0.));
#6155 = DIRECTION('',(0.,0.,1.));
#6156 = DEFINITIONAL_REPRESENTATION('',(#6157),#6161);
#6157 = LINE('',#6158,#6159);
#6158 = CARTESIAN_POINT('',(26.,0.));
#6159 = VECTOR('',#6160,1.);
#6160 = DIRECTION('',(-1.,0.));
#6161 = ( GEOMETRIC_REPRESENTATION_CONTEXT(2) 
PARAMETRIC_REPRESENTATION_CONTEXT() REPRESENTATION_CONTEXT('2D SPACE',''
  ) );
#6162 = ORIENTED_EDGE('',*,*,#6163,.F.);
#6163 = EDGE_CURVE('',#6075,#6136,#6164,.T.);
#6164 = SURFACE_CURVE('',#6165,(#6169,#6176),.PCURVE_S1.);
#6165 = LINE('',#6166,#6167);
#6166 = CARTESIAN_POINT('',(-30.,-30.,13.));
#6167 = VECTOR('',#6168,1.);
#6168 = DIRECTION('',(0.,1.,0.));
#6169 = PCURVE('',#6083,#6170);
#6170 = DEFINITIONAL_REPRESENTATION('',(#6171),#6175);
#6171 = LINE('',#6172,#6173);
#6172 = CARTESIAN_POINT('',(26.,0.));
#6173 = VECTOR('',#6174,1.);
#6174 = DIRECTION('',(0.,-1.));
#6175 = ( GEOMETRIC_REPRESENTATION_CONTEXT(2) 
PARAMETRIC_REPRESENTATION_CONTEXT() REPRESENTATION_CONTEXT('2D SPACE',''
  ) );
#6176 = PCURVE('',#6177,#6182);
#6177 = PLANE('',#6178);
#6178 = AXIS2_PLACEMENT_3D('',#6179,#6180,#6181);
#6179 = CARTESIAN_POINT('',(-30.,-30.,13.));
#6180 = DIRECTION('',(0.,0.,1.));
#6181 = DIRECTION('',(1.,0.,0.));
#6182 = DEFINITIONAL_REPRESENTATION('',(#6183),#6187);
#6183 = LINE('',#6184,#6185);
#6184 = CARTESIAN_POINT('',(0.,0.));
#6185 = VECTOR('',#6186,1.);
#6186 = DIRECTION('',(0.,1.));
#6187 = ( GEOMETRIC_REPRESENTATION_CONTEXT(2) 
PARAMETRIC_REPRESENTATION_CONTEXT() REPRESENTATION_CONTEXT('2D SPACE',''
  ) );
#6188 = ADVANCED_FACE('',(#6189),#6095,.F.);
#6189 = FACE_BOUND('',#6190,.F.);
#6190 = EDGE_LOOP('',(#6191,#6214,#6215,#6238,#6265,#6292,#6319,#6347,
    #6374,#6401,#6428,#6456,#6483,#6510,#6537,#6565));
#6191 = ORIENTED_EDGE('',*,*,#6192,.F.);
#6192 = EDGE_CURVE('',#6073,#6193,#6195,.T.);
#6193 = VERTEX_POINT('',#6194);
#6194 = CARTESIAN_POINT('',(30.,-30.,-13.));
#6195 = SURFACE_CURVE('',#6196,(#6200,#6207),.PCURVE_S1.);
#6196 = LINE('',#6197,#6198);
#6197 = CARTESIAN_POINT('',(-30.,-30.,-13.));
#6198 = VECTOR('',#6199,1.);
#6199 = DIRECTION('',(1.,0.,0.));
#6200 = PCURVE('',#6095,#6201);
#6201 = DEFINITIONAL_REPRESENTATION('',(#6202),#6206);
#6202 = LINE('',#6203,#6204);
#6203 = CARTESIAN_POINT('',(0.,0.));
#6204 = VECTOR('',#6205,1.);
#6205 = DIRECTION('',(0.,1.));
#6206 = ( GEOMETRIC_REPRESENTATION_CONTEXT(2) 
PARAMETRIC_REPRESENTATION_CONTEXT() REPRESENTATION_CONTEXT('2D SPACE',''
  ) );
#6207 = PCURVE('',#6123,#6208);
#6208 = DEFINITIONAL_REPRESENTATION('',(#6209),#6213);
#6209 = LINE('',#6210,#6211);
#6210 = CARTESIAN_POINT('',(0.,0.));
#6211 = VECTOR('',#6212,1.);
#6212 = DIRECTION('',(1.,0.));
#6213 = ( GEOMETRIC_REPRESENTATION_CONTEXT(2) 
PARAMETRIC_REPRESENTATION_CONTEXT() REPRESENTATION_CONTEXT('2D SPACE',''
  ) );
#6214 = ORIENTED_EDGE('',*,*,#6072,.T.);
#6215 = ORIENTED_EDGE('',*,*,#6216,.F.);
#6216 = EDGE_CURVE('',#6217,#6075,#6219,.T.);
#6217 = VERTEX_POINT('',#6218);
#6218 = CARTESIAN_POINT('',(-10.75,-30.,13.));
#6219 = SURFACE_CURVE('',#6220,(#6224,#6231),.PCURVE_S1.);
#6220 = LINE('',#6221,#6222);
#6221 = CARTESIAN_POINT('',(-10.75,-30.,13.));
#6222 = VECTOR('',#6223,1.);
#6223 = DIRECTION('',(-1.,0.,0.));
#6224 = PCURVE('',#6095,#6225);
#6225 = DEFINITIONAL_REPRESENTATION('',(#6226),#6230);
#6226 = LINE('',#6227,#6228);
#6227 = CARTESIAN_POINT('',(26.,19.25));
#6228 = VECTOR('',#6229,1.);
#6229 = DIRECTION('',(0.,-1.));
#6230 = ( GEOMETRIC_REPRESENTATION_CONTEXT(2) 
PARAMETRIC_REPRESENTATION_CONTEXT() REPRESENTATION_CONTEXT('2D SPACE',''
  ) );
#6231 = PCURVE('',#6177,#6232);
#6232 = DEFINITIONAL_REPRESENTATION('',(#6233),#6237);
#6233 = LINE('',#6234,#6235);
#6234 = CARTESIAN_POINT('',(19.25,0.));
#6235 = VECTOR('',#6236,1.);
#6236 = DIRECTION('',(-1.,0.));
#6237 = ( GEOMETRIC_REPRESENTATION_CONTEXT(2) 
PARAMETRIC_REPRESENTATION_CONTEXT() REPRESENTATION_CONTEXT('2D SPACE',''
  ) );
#6238 = ORIENTED_EDGE('',*,*,#6239,.T.);
#6239 = EDGE_CURVE('',#6217,#6240,#6242,.T.);
#6240 = VERTEX_POINT('',#6241);
#6241 = CARTESIAN_POINT('',(-10.75,-30.,2.6));
#6242 = SURFACE_CURVE('',#6243,(#6247,#6254),.PCURVE_S1.);
#6243 = LINE('',#6244,#6245);
#6244 = CARTESIAN_POINT('',(-10.75,-30.,-5.2));
#6245 = VECTOR('',#6246,1.);
#6246 = DIRECTION('',(0.,0.,-1.));
#6247 = PCURVE('',#6095,#6248);
#6248 = DEFINITIONAL_REPRESENTATION('',(#6249),#6253);
#6249 = LINE('',#6250,#6251);
#6250 = CARTESIAN_POINT('',(7.8,19.25));
#6251 = VECTOR('',#6252,1.);
#6252 = DIRECTION('',(-1.,0.));
#6253 = ( GEOMETRIC_REPRESENTATION_CONTEXT(2) 
PARAMETRIC_REPRESENTATION_CONTEXT() REPRESENTATION_CONTEXT('2D SPACE',''
  ) );
#6254 = PCURVE('',#6255,#6260);
#6255 = PLANE('',#6256);
#6256 = AXIS2_PLACEMENT_3D('',#6257,#6258,#6259);
#6257 = CARTESIAN_POINT('',(-10.75,-31.,2.6));
#6258 = DIRECTION('',(1.,0.,0.));
#6259 = DIRECTION('',(0.,0.,1.));
#6260 = DEFINITIONAL_REPRESENTATION('',(#6261),#6264);
#6261 = B_SPLINE_CURVE_WITH_KNOTS('',1,(#6262,#6263),.UNSPECIFIED.,.F.,
  .F.,(2,2),(-18.2,-7.8),.PIECEWISE_BEZIER_KNOTS.);
#6262 = CARTESIAN_POINT('',(10.4,-1.));
#6263 = CARTESIAN_POINT('',(0.,-1.));
#6264 = ( GEOMETRIC_REPRESENTATION_CONTEXT(2) 
PARAMETRIC_REPRESENTATION_CONTEXT() REPRESENTATION_CONTEXT('2D SPACE',''
  ) );
#6265 = ORIENTED_EDGE('',*,*,#6266,.T.);
#6266 = EDGE_CURVE('',#6240,#6267,#6269,.T.);
#6267 = VERTEX_POINT('',#6268);
#6268 = CARTESIAN_POINT('',(-9.25,-30.,2.6));
#6269 = SURFACE_CURVE('',#6270,(#6274,#6281),.PCURVE_S1.);
#6270 = LINE('',#6271,#6272);
#6271 = CARTESIAN_POINT('',(-20.375,-30.,2.6));
#6272 = VECTOR('',#6273,1.);
#6273 = DIRECTION('',(1.,0.,0.));
#6274 = PCURVE('',#6095,#6275);
#6275 = DEFINITIONAL_REPRESENTATION('',(#6276),#6280);
#6276 = LINE('',#6277,#6278);
#6277 = CARTESIAN_POINT('',(15.6,9.625));
#6278 = VECTOR('',#6279,1.);
#6279 = DIRECTION('',(0.,1.));
#6280 = ( GEOMETRIC_REPRESENTATION_CONTEXT(2) 
PARAMETRIC_REPRESENTATION_CONTEXT() REPRESENTATION_CONTEXT('2D SPACE',''
  ) );
#6281 = PCURVE('',#6282,#6287);
#6282 = PLANE('',#6283);
#6283 = AXIS2_PLACEMENT_3D('',#6284,#6285,#6286);
#6284 = CARTESIAN_POINT('',(-10.75,-31.,2.6));
#6285 = DIRECTION('',(0.,0.,1.));
#6286 = DIRECTION('',(1.,0.,0.));
#6287 = DEFINITIONAL_REPRESENTATION('',(#6288),#6291);
#6288 = B_SPLINE_CURVE_WITH_KNOTS('',1,(#6289,#6290),.UNSPECIFIED.,.F.,
  .F.,(2,2),(9.625,11.125),.PIECEWISE_BEZIER_KNOTS.);
#6289 = CARTESIAN_POINT('',(0.,1.));
#6290 = CARTESIAN_POINT('',(1.5,1.));
#6291 = ( GEOMETRIC_REPRESENTATION_CONTEXT(2) 
PARAMETRIC_REPRESENTATION_CONTEXT() REPRESENTATION_CONTEXT('2D SPACE',''
  ) );
#6292 = ORIENTED_EDGE('',*,*,#6293,.F.);
#6293 = EDGE_CURVE('',#6294,#6267,#6296,.T.);
#6294 = VERTEX_POINT('',#6295);
#6295 = CARTESIAN_POINT('',(-9.25,-30.,13.));
#6296 = SURFACE_CURVE('',#6297,(#6301,#6308),.PCURVE_S1.);
#6297 = LINE('',#6298,#6299);
#6298 = CARTESIAN_POINT('',(-9.25,-30.,-5.2));
#6299 = VECTOR('',#6300,1.);
#6300 = DIRECTION('',(0.,0.,-1.));
#6301 = PCURVE('',#6095,#6302);
#6302 = DEFINITIONAL_REPRESENTATION('',(#6303),#6307);
#6303 = LINE('',#6304,#6305);
#6304 = CARTESIAN_POINT('',(7.8,20.75));
#6305 = VECTOR('',#6306,1.);
#6306 = DIRECTION('',(-1.,0.));
#6307 = ( GEOMETRIC_REPRESENTATION_CONTEXT(2) 
PARAMETRIC_REPRESENTATION_CONTEXT() REPRESENTATION_CONTEXT('2D SPACE',''
  ) );
#6308 = PCURVE('',#6309,#6314);
#6309 = PLANE('',#6310);
#6310 = AXIS2_PLACEMENT_3D('',#6311,#6312,#6313);
#6311 = CARTESIAN_POINT('',(-9.25,-31.,2.6));
#6312 = DIRECTION('',(1.,0.,0.));
#6313 = DIRECTION('',(0.,0.,1.));
#6314 = DEFINITIONAL_REPRESENTATION('',(#6315),#6318);
#6315 = B_SPLINE_CURVE_WITH_KNOTS('',1,(#6316,#6317),.UNSPECIFIED.,.F.,
  .F.,(2,2),(-18.2,-7.8),.PIECEWISE_BEZIER_KNOTS.);
#6316 = CARTESIAN_POINT('',(10.4,-1.));
#6317 = CARTESIAN_POINT('',(0.,-1.));
#6318 = ( GEOMETRIC_REPRESENTATION_CONTEXT(2) 
PARAMETRIC_REPRESENTATION_CONTEXT() REPRESENTATION_CONTEXT('2D SPACE',''
  ) );
#6319 = ORIENTED_EDGE('',*,*,#6320,.T.);
#6320 = EDGE_CURVE('',#6294,#6321,#6323,.T.);
#6321 = VERTEX_POINT('',#6322);
#6322 = CARTESIAN_POINT('',(-0.75,-30.,13.));
#6323 = SURFACE_CURVE('',#6324,(#6328,#6335),.PCURVE_S1.);
#6324 = LINE('',#6325,#6326);
#6325 = CARTESIAN_POINT('',(-30.,-30.,13.));
#6326 = VECTOR('',#6327,1.);
#6327 = DIRECTION('',(1.,0.,0.));
#6328 = PCURVE('',#6095,#6329);
#6329 = DEFINITIONAL_REPRESENTATION('',(#6330),#6334);
#6330 = LINE('',#6331,#6332);
#6331 = CARTESIAN_POINT('',(26.,0.));
#6332 = VECTOR('',#6333,1.);
#6333 = DIRECTION('',(0.,1.));
#6334 = ( GEOMETRIC_REPRESENTATION_CONTEXT(2) 
PARAMETRIC_REPRESENTATION_CONTEXT() REPRESENTATION_CONTEXT('2D SPACE',''
  ) );
#6335 = PCURVE('',#6336,#6341);
#6336 = PLANE('',#6337);
#6337 = AXIS2_PLACEMENT_3D('',#6338,#6339,#6340);
#6338 = CARTESIAN_POINT('',(-30.,-30.,13.));
#6339 = DIRECTION('',(0.,0.,1.));
#6340 = DIRECTION('',(1.,0.,0.));
#6341 = DEFINITIONAL_REPRESENTATION('',(#6342),#6346);
#6342 = LINE('',#6343,#6344);
#6343 = CARTESIAN_POINT('',(0.,0.));
#6344 = VECTOR('',#6345,1.);
#6345 = DIRECTION('',(1.,0.));
#6346 = ( GEOMETRIC_REPRESENTATION_CONTEXT(2) 
PARAMETRIC_REPRESENTATION_CONTEXT() REPRESENTATION_CONTEXT('2D SPACE',''
  ) );
#6347 = ORIENTED_EDGE('',*,*,#6348,.T.);
#6348 = EDGE_CURVE('',#6321,#6349,#6351,.T.);
#6349 = VERTEX_POINT('',#6350);
#6350 = CARTESIAN_POINT('',(-0.75,-30.,2.6));
#6351 = SURFACE_CURVE('',#6352,(#6356,#6363),.PCURVE_S1.);
#6352 = LINE('',#6353,#6354);
#6353 = CARTESIAN_POINT('',(-0.75,-30.,-5.2));
#6354 = VECTOR('',#6355,1.);
#6355 = DIRECTION('',(0.,0.,-1.));
#6356 = PCURVE('',#6095,#6357);
#6357 = DEFINITIONAL_REPRESENTATION('',(#6358),#6362);
#6358 = LINE('',#6359,#6360);
#6359 = CARTESIAN_POINT('',(7.8,29.25));
#6360 = VECTOR('',#6361,1.);
#6361 = DIRECTION('',(-1.,0.));
#6362 = ( GEOMETRIC_REPRESENTATION_CONTEXT(2) 
PARAMETRIC_REPRESENTATION_CONTEXT() REPRESENTATION_CONTEXT('2D SPACE',''
  ) );
#6363 = PCURVE('',#6364,#6369);
#6364 = PLANE('',#6365);
#6365 = AXIS2_PLACEMENT_3D('',#6366,#6367,#6368);
#6366 = CARTESIAN_POINT('',(-0.75,-31.,2.6));
#6367 = DIRECTION('',(1.,0.,0.));
#6368 = DIRECTION('',(0.,0.,1.));
#6369 = DEFINITIONAL_REPRESENTATION('',(#6370),#6373);
#6370 = B_SPLINE_CURVE_WITH_KNOTS('',1,(#6371,#6372),.UNSPECIFIED.,.F.,
  .F.,(2,2),(-18.2,-7.8),.PIECEWISE_BEZIER_KNOTS.);
#6371 = CARTESIAN_POINT('',(10.4,-1.));
#6372 = CARTESIAN_POINT('',(0.,-1.));
#6373 = ( GEOMETRIC_REPRESENTATION_CONTEXT(2) 
PARAMETRIC_REPRESENTATION_CONTEXT() REPRESENTATION_CONTEXT('2D SPACE',''
  ) );
#6374 = ORIENTED_EDGE('',*,*,#6375,.T.);
#6375 = EDGE_CURVE('',#6349,#6376,#6378,.T.);
#6376 = VERTEX_POINT('',#6377);
#6377 = CARTESIAN_POINT('',(0.75,-30.,2.6));
#6378 = SURFACE_CURVE('',#6379,(#6383,#6390),.PCURVE_S1.);
#6379 = LINE('',#6380,#6381);
#6380 = CARTESIAN_POINT('',(-15.375,-30.,2.6));
#6381 = VECTOR('',#6382,1.);
#6382 = DIRECTION('',(1.,0.,0.));
#6383 = PCURVE('',#6095,#6384);
#6384 = DEFINITIONAL_REPRESENTATION('',(#6385),#6389);
#6385 = LINE('',#6386,#6387);
#6386 = CARTESIAN_POINT('',(15.6,14.625));
#6387 = VECTOR('',#6388,1.);
#6388 = DIRECTION('',(0.,1.));
#6389 = ( GEOMETRIC_REPRESENTATION_CONTEXT(2) 
PARAMETRIC_REPRESENTATION_CONTEXT() REPRESENTATION_CONTEXT('2D SPACE',''
  ) );
#6390 = PCURVE('',#6391,#6396);
#6391 = PLANE('',#6392);
#6392 = AXIS2_PLACEMENT_3D('',#6393,#6394,#6395);
#6393 = CARTESIAN_POINT('',(-0.75,-31.,2.6));
#6394 = DIRECTION('',(0.,0.,1.));
#6395 = DIRECTION('',(1.,0.,0.));
#6396 = DEFINITIONAL_REPRESENTATION('',(#6397),#6400);
#6397 = B_SPLINE_CURVE_WITH_KNOTS('',1,(#6398,#6399),.UNSPECIFIED.,.F.,
  .F.,(2,2),(14.625,16.125),.PIECEWISE_BEZIER_KNOTS.);
#6398 = CARTESIAN_POINT('',(0.,1.));
#6399 = CARTESIAN_POINT('',(1.5,1.));
#6400 = ( GEOMETRIC_REPRESENTATION_CONTEXT(2) 
PARAMETRIC_REPRESENTATION_CONTEXT() REPRESENTATION_CONTEXT('2D SPACE',''
  ) );
#6401 = ORIENTED_EDGE('',*,*,#6402,.F.);
#6402 = EDGE_CURVE('',#6403,#6376,#6405,.T.);
#6403 = VERTEX_POINT('',#6404);
#6404 = CARTESIAN_POINT('',(0.75,-30.,13.));
#6405 = SURFACE_CURVE('',#6406,(#6410,#6417),.PCURVE_S1.);
#6406 = LINE('',#6407,#6408);
#6407 = CARTESIAN_POINT('',(0.75,-30.,-5.2));
#6408 = VECTOR('',#6409,1.);
#6409 = DIRECTION('',(0.,0.,-1.));
#6410 = PCURVE('',#6095,#6411);
#6411 = DEFINITIONAL_REPRESENTATION('',(#6412),#6416);
#6412 = LINE('',#6413,#6414);
#6413 = CARTESIAN_POINT('',(7.8,30.75));
#6414 = VECTOR('',#6415,1.);
#6415 = DIRECTION('',(-1.,0.));
#6416 = ( GEOMETRIC_REPRESENTATION_CONTEXT(2) 
PARAMETRIC_REPRESENTATION_CONTEXT() REPRESENTATION_CONTEXT('2D SPACE',''
  ) );
#6417 = PCURVE('',#6418,#6423);
#6418 = PLANE('',#6419);
#6419 = AXIS2_PLACEMENT_3D('',#6420,#6421,#6422);
#6420 = CARTESIAN_POINT('',(0.75,-31.,2.6));
#6421 = DIRECTION('',(1.,0.,0.));
#6422 = DIRECTION('',(0.,0.,1.));
#6423 = DEFINITIONAL_REPRESENTATION('',(#6424),#6427);
#6424 = B_SPLINE_CURVE_WITH_KNOTS('',1,(#6425,#6426),.UNSPECIFIED.,.F.,
  .F.,(2,2),(-18.2,-7.8),.PIECEWISE_BEZIER_KNOTS.);
#6425 = CARTESIAN_POINT('',(10.4,-1.));
#6426 = CARTESIAN_POINT('',(0.,-1.));
#6427 = ( GEOMETRIC_REPRESENTATION_CONTEXT(2) 
PARAMETRIC_REPRESENTATION_CONTEXT() REPRESENTATION_CONTEXT('2D SPACE',''
  ) );
#6428 = ORIENTED_EDGE('',*,*,#6429,.T.);
#6429 = EDGE_CURVE('',#6403,#6430,#6432,.T.);
#6430 = VERTEX_POINT('',#6431);
#6431 = CARTESIAN_POINT('',(9.25,-30.,13.));
#6432 = SURFACE_CURVE('',#6433,(#6437,#6444),.PCURVE_S1.);
#6433 = LINE('',#6434,#6435);
#6434 = CARTESIAN_POINT('',(-30.,-30.,13.));
#6435 = VECTOR('',#6436,1.);
#6436 = DIRECTION('',(1.,0.,0.));
#6437 = PCURVE('',#6095,#6438);
#6438 = DEFINITIONAL_REPRESENTATION('',(#6439),#6443);
#6439 = LINE('',#6440,#6441);
#6440 = CARTESIAN_POINT('',(26.,0.));
#6441 = VECTOR('',#6442,1.);
#6442 = DIRECTION('',(0.,1.));
#6443 = ( GEOMETRIC_REPRESENTATION_CONTEXT(2) 
PARAMETRIC_REPRESENTATION_CONTEXT() REPRESENTATION_CONTEXT('2D SPACE',''
  ) );
#6444 = PCURVE('',#6445,#6450);
#6445 = PLANE('',#6446);
#6446 = AXIS2_PLACEMENT_3D('',#6447,#6448,#6449);
#6447 = CARTESIAN_POINT('',(-30.,-30.,13.));
#6448 = DIRECTION('',(0.,0.,1.));
#6449 = DIRECTION('',(1.,0.,0.));
#6450 = DEFINITIONAL_REPRESENTATION('',(#6451),#6455);
#6451 = LINE('',#6452,#6453);
#6452 = CARTESIAN_POINT('',(0.,0.));
#6453 = VECTOR('',#6454,1.);
#6454 = DIRECTION('',(1.,0.));
#6455 = ( GEOMETRIC_REPRESENTATION_CONTEXT(2) 
PARAMETRIC_REPRESENTATION_CONTEXT() REPRESENTATION_CONTEXT('2D SPACE',''
  ) );
#6456 = ORIENTED_EDGE('',*,*,#6457,.T.);
#6457 = EDGE_CURVE('',#6430,#6458,#6460,.T.);
#6458 = VERTEX_POINT('',#6459);
#6459 = CARTESIAN_POINT('',(9.25,-30.,2.6));
#6460 = SURFACE_CURVE('',#6461,(#6465,#6472),.PCURVE_S1.);
#6461 = LINE('',#6462,#6463);
#6462 = CARTESIAN_POINT('',(9.25,-30.,-5.2));
#6463 = VECTOR('',#6464,1.);
#6464 = DIRECTION('',(0.,0.,-1.));
#6465 = PCURVE('',#6095,#6466);
#6466 = DEFINITIONAL_REPRESENTATION('',(#6467),#6471);
#6467 = LINE('',#6468,#6469);
#6468 = CARTESIAN_POINT('',(7.8,39.25));
#6469 = VECTOR('',#6470,1.);
#6470 = DIRECTION('',(-1.,0.));
#6471 = ( GEOMETRIC_REPRESENTATION_CONTEXT(2) 
PARAMETRIC_REPRESENTATION_CONTEXT() REPRESENTATION_CONTEXT('2D SPACE',''
  ) );
#6472 = PCURVE('',#6473,#6478);
#6473 = PLANE('',#6474);
#6474 = AXIS2_PLACEMENT_3D('',#6475,#6476,#6477);
#6475 = CARTESIAN_POINT('',(9.25,-31.,2.6));
#6476 = DIRECTION('',(1.,0.,0.));
#6477 = DIRECTION('',(0.,0.,1.));
#6478 = DEFINITIONAL_REPRESENTATION('',(#6479),#6482);
#6479 = B_SPLINE_CURVE_WITH_KNOTS('',1,(#6480,#6481),.UNSPECIFIED.,.F.,
  .F.,(2,2),(-18.2,-7.8),.PIECEWISE_BEZIER_KNOTS.);
#6480 = CARTESIAN_POINT('',(10.4,-1.));
#6481 = CARTESIAN_POINT('',(0.,-1.));
#6482 = ( GEOMETRIC_REPRESENTATION_CONTEXT(2) 
PARAMETRIC_REPRESENTATION_CONTEXT() REPRESENTATION_CONTEXT('2D SPACE',''
  ) );
#6483 = ORIENTED_EDGE('',*,*,#6484,.T.);
#6484 = EDGE_CURVE('',#6458,#6485,#6487,.T.);
#6485 = VERTEX_POINT('',#6486);
#6486 = CARTESIAN_POINT('',(10.75,-30.,2.6));
#6487 = SURFACE_CURVE('',#6488,(#6492,#6499),.PCURVE_S1.);
#6488 = LINE('',#6489,#6490);
#6489 = CARTESIAN_POINT('',(-10.375,-30.,2.6));
#6490 = VECTOR('',#6491,1.);
#6491 = DIRECTION('',(1.,0.,0.));
#6492 = PCURVE('',#6095,#6493);
#6493 = DEFINITIONAL_REPRESENTATION('',(#6494),#6498);
#6494 = LINE('',#6495,#6496);
#6495 = CARTESIAN_POINT('',(15.6,19.625));
#6496 = VECTOR('',#6497,1.);
#6497 = DIRECTION('',(0.,1.));
#6498 = ( GEOMETRIC_REPRESENTATION_CONTEXT(2) 
PARAMETRIC_REPRESENTATION_CONTEXT() REPRESENTATION_CONTEXT('2D SPACE',''
  ) );
#6499 = PCURVE('',#6500,#6505);
#6500 = PLANE('',#6501);
#6501 = AXIS2_PLACEMENT_3D('',#6502,#6503,#6504);
#6502 = CARTESIAN_POINT('',(9.25,-31.,2.6));
#6503 = DIRECTION('',(0.,0.,1.));
#6504 = DIRECTION('',(1.,0.,0.));
#6505 = DEFINITIONAL_REPRESENTATION('',(#6506),#6509);
#6506 = B_SPLINE_CURVE_WITH_KNOTS('',1,(#6507,#6508),.UNSPECIFIED.,.F.,
  .F.,(2,2),(19.625,21.125),.PIECEWISE_BEZIER_KNOTS.);
#6507 = CARTESIAN_POINT('',(0.,1.));
#6508 = CARTESIAN_POINT('',(1.5,1.));
#6509 = ( GEOMETRIC_REPRESENTATION_CONTEXT(2) 
PARAMETRIC_REPRESENTATION_CONTEXT() REPRESENTATION_CONTEXT('2D SPACE',''
  ) );
#6510 = ORIENTED_EDGE('',*,*,#6511,.F.);
#6511 = EDGE_CURVE('',#6512,#6485,#6514,.T.);
#6512 = VERTEX_POINT('',#6513);
#6513 = CARTESIAN_POINT('',(10.75,-30.,13.));
#6514 = SURFACE_CURVE('',#6515,(#6519,#6526),.PCURVE_S1.);
#6515 = LINE('',#6516,#6517);
#6516 = CARTESIAN_POINT('',(10.75,-30.,-5.2));
#6517 = VECTOR('',#6518,1.);
#6518 = DIRECTION('',(0.,0.,-1.));
#6519 = PCURVE('',#6095,#6520);
#6520 = DEFINITIONAL_REPRESENTATION('',(#6521),#6525);
#6521 = LINE('',#6522,#6523);
#6522 = CARTESIAN_POINT('',(7.8,40.75));
#6523 = VECTOR('',#6524,1.);
#6524 = DIRECTION('',(-1.,0.));
#6525 = ( GEOMETRIC_REPRESENTATION_CONTEXT(2) 
PARAMETRIC_REPRESENTATION_CONTEXT() REPRESENTATION_CONTEXT('2D SPACE',''
  ) );
#6526 = PCURVE('',#6527,#6532);
#6527 = PLANE('',#6528);
#6528 = AXIS2_PLACEMENT_3D('',#6529,#6530,#6531);
#6529 = CARTESIAN_POINT('',(10.75,-31.,2.6));
#6530 = DIRECTION('',(1.,0.,0.));
#6531 = DIRECTION('',(0.,0.,1.));
#6532 = DEFINITIONAL_REPRESENTATION('',(#6533),#6536);
#6533 = B_SPLINE_CURVE_WITH_KNOTS('',1,(#6534,#6535),.UNSPECIFIED.,.F.,
  .F.,(2,2),(-18.2,-7.8),.PIECEWISE_BEZIER_KNOTS.);
#6534 = CARTESIAN_POINT('',(10.4,-1.));
#6535 = CARTESIAN_POINT('',(0.,-1.));
#6536 = ( GEOMETRIC_REPRESENTATION_CONTEXT(2) 
PARAMETRIC_REPRESENTATION_CONTEXT() REPRESENTATION_CONTEXT('2D SPACE',''
  ) );
#6537 = ORIENTED_EDGE('',*,*,#6538,.F.);
#6538 = EDGE_CURVE('',#6539,#6512,#6541,.T.);
#6539 = VERTEX_POINT('',#6540);
#6540 = CARTESIAN_POINT('',(30.,-30.,13.));
#6541 = SURFACE_CURVE('',#6542,(#6546,#6553),.PCURVE_S1.);
#6542 = LINE('',#6543,#6544);
#6543 = CARTESIAN_POINT('',(30.,-30.,13.));
#6544 = VECTOR('',#6545,1.);
#6545 = DIRECTION('',(-1.,0.,0.));
#6546 = PCURVE('',#6095,#6547);
#6547 = DEFINITIONAL_REPRESENTATION('',(#6548),#6552);
#6548 = LINE('',#6549,#6550);
#6549 = CARTESIAN_POINT('',(26.,60.));
#6550 = VECTOR('',#6551,1.);
#6551 = DIRECTION('',(0.,-1.));
#6552 = ( GEOMETRIC_REPRESENTATION_CONTEXT(2) 
PARAMETRIC_REPRESENTATION_CONTEXT() REPRESENTATION_CONTEXT('2D SPACE',''
  ) );
#6553 = PCURVE('',#6554,#6559);
#6554 = PLANE('',#6555);
#6555 = AXIS2_PLACEMENT_3D('',#6556,#6557,#6558);
#6556 = CARTESIAN_POINT('',(-30.,-30.,13.));
#6557 = DIRECTION('',(0.,0.,1.));
#6558 = DIRECTION('',(1.,0.,0.));
#6559 = DEFINITIONAL_REPRESENTATION('',(#6560),#6564);
#6560 = LINE('',#6561,#6562);
#6561 = CARTESIAN_POINT('',(60.,0.));
#6562 = VECTOR('',#6563,1.);
#6563 = DIRECTION('',(-1.,0.));
#6564 = ( GEOMETRIC_REPRESENTATION_CONTEXT(2) 
PARAMETRIC_REPRESENTATION_CONTEXT() REPRESENTATION_CONTEXT('2D SPACE',''
  ) );
#6565 = ORIENTED_EDGE('',*,*,#6566,.F.);
#6566 = EDGE_CURVE('',#6193,#6539,#6567,.T.);
#6567 = SURFACE_CURVE('',#6568,(#6572,#6579),.PCURVE_S1.);
#6568 = LINE('',#6569,#6570);
#6569 = CARTESIAN_POINT('',(30.,-30.,-13.));
#6570 = VECTOR('',#6571,1.);
#6571 = DIRECTION('',(0.,0.,1.));
#6572 = PCURVE('',#6095,#6573);
#6573 = DEFINITIONAL_REPRESENTATION('',(#6574),#6578);
#6574 = LINE('',#6575,#6576);
#6575 = CARTESIAN_POINT('',(0.,60.));
#6576 = VECTOR('',#6577,1.);
#6577 = DIRECTION('',(1.,0.));
#6578 = ( GEOMETRIC_REPRESENTATION_CONTEXT(2) 
PARAMETRIC_REPRESENTATION_CONTEXT() REPRESENTATION_CONTEXT('2D SPACE',''
  ) );
#6579 = PCURVE('',#6580,#6585);
#6580 = PLANE('',#6581);
#6581 = AXIS2_PLACEMENT_3D('',#6582,#6583,#6584);
#6582 = CARTESIAN_POINT('',(30.,-30.,-13.));
#6583 = DIRECTION('',(1.,0.,0.));
#6584 = DIRECTION('',(0.,0.,1.));
#6585 = DEFINITIONAL_REPRESENTATION('',(#6586),#6590);
#6586 = LINE('',#6587,#6588);
#6587 = CARTESIAN_POINT('',(0.,0.));
#6588 = VECTOR('',#6589,1.);
#6589 = DIRECTION('',(1.,0.));
#6590 = ( GEOMETRIC_REPRESENTATION_CONTEXT(2) 
PARAMETRIC_REPRESENTATION_CONTEXT() REPRESENTATION_CONTEXT('2D SPACE',''
  ) );
#6591 = ADVANCED_FACE('',(#6592),#6123,.F.);
#6592 = FACE_BOUND('',#6593,.F.);
#6593 = EDGE_LOOP('',(#6594,#6617,#6618,#6619));
#6594 = ORIENTED_EDGE('',*,*,#6595,.F.);
#6595 = EDGE_CURVE('',#6108,#6596,#6598,.T.);
#6596 = VERTEX_POINT('',#6597);
#6597 = CARTESIAN_POINT('',(30.,30.,-13.));
#6598 = SURFACE_CURVE('',#6599,(#6603,#6610),.PCURVE_S1.);
#6599 = LINE('',#6600,#6601);
#6600 = CARTESIAN_POINT('',(-30.,30.,-13.));
#6601 = VECTOR('',#6602,1.);
#6602 = DIRECTION('',(1.,0.,0.));
#6603 = PCURVE('',#6123,#6604);
#6604 = DEFINITIONAL_REPRESENTATION('',(#6605),#6609);
#6605 = LINE('',#6606,#6607);
#6606 = CARTESIAN_POINT('',(0.,60.));
#6607 = VECTOR('',#6608,1.);
#6608 = DIRECTION('',(1.,0.));
#6609 = ( GEOMETRIC_REPRESENTATION_CONTEXT(2) 
PARAMETRIC_REPRESENTATION_CONTEXT() REPRESENTATION_CONTEXT('2D SPACE',''
  ) );
#6610 = PCURVE('',#6151,#6611);
#6611 = DEFINITIONAL_REPRESENTATION('',(#6612),#6616);
#6612 = LINE('',#6613,#6614);
#6613 = CARTESIAN_POINT('',(0.,0.));
#6614 = VECTOR('',#6615,1.);
#6615 = DIRECTION('',(0.,1.));
#6616 = ( GEOMETRIC_REPRESENTATION_CONTEXT(2) 
PARAMETRIC_REPRESENTATION_CONTEXT() REPRESENTATION_CONTEXT('2D SPACE',''
  ) );
#6617 = ORIENTED_EDGE('',*,*,#6107,.F.);
#6618 = ORIENTED_EDGE('',*,*,#6192,.T.);
#6619 = ORIENTED_EDGE('',*,*,#6620,.T.);
#6620 = EDGE_CURVE('',#6193,#6596,#6621,.T.);
#6621 = SURFACE_CURVE('',#6622,(#6626,#6633),.PCURVE_S1.);
#6622 = LINE('',#6623,#6624);
#6623 = CARTESIAN_POINT('',(30.,-30.,-13.));
#6624 = VECTOR('',#6625,1.);
#6625 = DIRECTION('',(0.,1.,0.));
#6626 = PCURVE('',#6123,#6627);
#6627 = DEFINITIONAL_REPRESENTATION('',(#6628),#6632);
#6628 = LINE('',#6629,#6630);
#6629 = CARTESIAN_POINT('',(60.,0.));
#6630 = VECTOR('',#6631,1.);
#6631 = DIRECTION('',(0.,1.));
#6632 = ( GEOMETRIC_REPRESENTATION_CONTEXT(2) 
PARAMETRIC_REPRESENTATION_CONTEXT() REPRESENTATION_CONTEXT('2D SPACE',''
  ) );
#6633 = PCURVE('',#6580,#6634);
#6634 = DEFINITIONAL_REPRESENTATION('',(#6635),#6639);
#6635 = LINE('',#6636,#6637);
#6636 = CARTESIAN_POINT('',(0.,0.));
#6637 = VECTOR('',#6638,1.);
#6638 = DIRECTION('',(0.,-1.));
#6639 = ( GEOMETRIC_REPRESENTATION_CONTEXT(2) 
PARAMETRIC_REPRESENTATION_CONTEXT() REPRESENTATION_CONTEXT('2D SPACE',''
  ) );
#6640 = ADVANCED_FACE('',(#6641),#6151,.T.);
#6641 = FACE_BOUND('',#6642,.T.);
#6642 = EDGE_LOOP('',(#6643,#6644,#6667,#6689,#6711,#6733,#6756,#6778,
    #6800,#6822,#6845,#6867,#6889,#6911,#6934,#6955));
#6643 = ORIENTED_EDGE('',*,*,#6135,.F.);
#6644 = ORIENTED_EDGE('',*,*,#6645,.T.);
#6645 = EDGE_CURVE('',#6136,#6646,#6648,.T.);
#6646 = VERTEX_POINT('',#6647);
#6647 = CARTESIAN_POINT('',(-10.75,30.,13.));
#6648 = SURFACE_CURVE('',#6649,(#6653,#6660),.PCURVE_S1.);
#6649 = LINE('',#6650,#6651);
#6650 = CARTESIAN_POINT('',(-30.,30.,13.));
#6651 = VECTOR('',#6652,1.);
#6652 = DIRECTION('',(1.,0.,0.));
#6653 = PCURVE('',#6151,#6654);
#6654 = DEFINITIONAL_REPRESENTATION('',(#6655),#6659);
#6655 = LINE('',#6656,#6657);
#6656 = CARTESIAN_POINT('',(26.,0.));
#6657 = VECTOR('',#6658,1.);
#6658 = DIRECTION('',(0.,1.));
#6659 = ( GEOMETRIC_REPRESENTATION_CONTEXT(2) 
PARAMETRIC_REPRESENTATION_CONTEXT() REPRESENTATION_CONTEXT('2D SPACE',''
  ) );
#6660 = PCURVE('',#6177,#6661);
#6661 = DEFINITIONAL_REPRESENTATION('',(#6662),#6666);
#6662 = LINE('',#6663,#6664);
#6663 = CARTESIAN_POINT('',(0.,60.));
#6664 = VECTOR('',#6665,1.);
#6665 = DIRECTION('',(1.,0.));
#6666 = ( GEOMETRIC_REPRESENTATION_CONTEXT(2) 
PARAMETRIC_REPRESENTATION_CONTEXT() REPRESENTATION_CONTEXT('2D SPACE',''
  ) );
#6667 = ORIENTED_EDGE('',*,*,#6668,.T.);
#6668 = EDGE_CURVE('',#6646,#6669,#6671,.T.);
#6669 = VERTEX_POINT('',#6670);
#6670 = CARTESIAN_POINT('',(-10.75,30.,2.6));
#6671 = SURFACE_CURVE('',#6672,(#6676,#6683),.PCURVE_S1.);
#6672 = LINE('',#6673,#6674);
#6673 = CARTESIAN_POINT('',(-10.75,30.,-5.2));
#6674 = VECTOR('',#6675,1.);
#6675 = DIRECTION('',(0.,0.,-1.));
#6676 = PCURVE('',#6151,#6677);
#6677 = DEFINITIONAL_REPRESENTATION('',(#6678),#6682);
#6678 = LINE('',#6679,#6680);
#6679 = CARTESIAN_POINT('',(7.8,19.25));
#6680 = VECTOR('',#6681,1.);
#6681 = DIRECTION('',(-1.,0.));
#6682 = ( GEOMETRIC_REPRESENTATION_CONTEXT(2) 
PARAMETRIC_REPRESENTATION_CONTEXT() REPRESENTATION_CONTEXT('2D SPACE',''
  ) );
#6683 = PCURVE('',#6255,#6684);
#6684 = DEFINITIONAL_REPRESENTATION('',(#6685),#6688);
#6685 = B_SPLINE_CURVE_WITH_KNOTS('',1,(#6686,#6687),.UNSPECIFIED.,.F.,
  .F.,(2,2),(-18.2,-7.8),.PIECEWISE_BEZIER_KNOTS.);
#6686 = CARTESIAN_POINT('',(10.4,-61.));
#6687 = CARTESIAN_POINT('',(0.,-61.));
#6688 = ( GEOMETRIC_REPRESENTATION_CONTEXT(2) 
PARAMETRIC_REPRESENTATION_CONTEXT() REPRESENTATION_CONTEXT('2D SPACE',''
  ) );
#6689 = ORIENTED_EDGE('',*,*,#6690,.T.);
#6690 = EDGE_CURVE('',#6669,#6691,#6693,.T.);
#6691 = VERTEX_POINT('',#6692);
#6692 = CARTESIAN_POINT('',(-9.25,30.,2.6));
#6693 = SURFACE_CURVE('',#6694,(#6698,#6705),.PCURVE_S1.);
#6694 = LINE('',#6695,#6696);
#6695 = CARTESIAN_POINT('',(-20.375,30.,2.6));
#6696 = VECTOR('',#6697,1.);
#6697 = DIRECTION('',(1.,0.,0.));
#6698 = PCURVE('',#6151,#6699);
#6699 = DEFINITIONAL_REPRESENTATION('',(#6700),#6704);
#6700 = LINE('',#6701,#6702);
#6701 = CARTESIAN_POINT('',(15.6,9.625));
#6702 = VECTOR('',#6703,1.);
#6703 = DIRECTION('',(0.,1.));
#6704 = ( GEOMETRIC_REPRESENTATION_CONTEXT(2) 
PARAMETRIC_REPRESENTATION_CONTEXT() REPRESENTATION_CONTEXT('2D SPACE',''
  ) );
#6705 = PCURVE('',#6282,#6706);
#6706 = DEFINITIONAL_REPRESENTATION('',(#6707),#6710);
#6707 = B_SPLINE_CURVE_WITH_KNOTS('',1,(#6708,#6709),.UNSPECIFIED.,.F.,
  .F.,(2,2),(9.625,11.125),.PIECEWISE_BEZIER_KNOTS.);
#6708 = CARTESIAN_POINT('',(0.,61.));
#6709 = CARTESIAN_POINT('',(1.5,61.));
#6710 = ( GEOMETRIC_REPRESENTATION_CONTEXT(2) 
PARAMETRIC_REPRESENTATION_CONTEXT() REPRESENTATION_CONTEXT('2D SPACE',''
  ) );
#6711 = ORIENTED_EDGE('',*,*,#6712,.F.);
#6712 = EDGE_CURVE('',#6713,#6691,#6715,.T.);
#6713 = VERTEX_POINT('',#6714);
#6714 = CARTESIAN_POINT('',(-9.25,30.,13.));
#6715 = SURFACE_CURVE('',#6716,(#6720,#6727),.PCURVE_S1.);
#6716 = LINE('',#6717,#6718);
#6717 = CARTESIAN_POINT('',(-9.25,30.,-5.2));
#6718 = VECTOR('',#6719,1.);
#6719 = DIRECTION('',(0.,0.,-1.));
#6720 = PCURVE('',#6151,#6721);
#6721 = DEFINITIONAL_REPRESENTATION('',(#6722),#6726);
#6722 = LINE('',#6723,#6724);
#6723 = CARTESIAN_POINT('',(7.8,20.75));
#6724 = VECTOR('',#6725,1.);
#6725 = DIRECTION('',(-1.,0.));
#6726 = ( GEOMETRIC_REPRESENTATION_CONTEXT(2) 
PARAMETRIC_REPRESENTATION_CONTEXT() REPRESENTATION_CONTEXT('2D SPACE',''
  ) );
#6727 = PCURVE('',#6309,#6728);
#6728 = DEFINITIONAL_REPRESENTATION('',(#6729),#6732);
#6729 = B_SPLINE_CURVE_WITH_KNOTS('',1,(#6730,#6731),.UNSPECIFIED.,.F.,
  .F.,(2,2),(-18.2,-7.8),.PIECEWISE_BEZIER_KNOTS.);
#6730 = CARTESIAN_POINT('',(10.4,-61.));
#6731 = CARTESIAN_POINT('',(0.,-61.));
#6732 = ( GEOMETRIC_REPRESENTATION_CONTEXT(2) 
PARAMETRIC_REPRESENTATION_CONTEXT() REPRESENTATION_CONTEXT('2D SPACE',''
  ) );
#6733 = ORIENTED_EDGE('',*,*,#6734,.T.);
#6734 = EDGE_CURVE('',#6713,#6735,#6737,.T.);
#6735 = VERTEX_POINT('',#6736);
#6736 = CARTESIAN_POINT('',(-0.75,30.,13.));
#6737 = SURFACE_CURVE('',#6738,(#6742,#6749),.PCURVE_S1.);
#6738 = LINE('',#6739,#6740);
#6739 = CARTESIAN_POINT('',(-30.,30.,13.));
#6740 = VECTOR('',#6741,1.);
#6741 = DIRECTION('',(1.,0.,0.));
#6742 = PCURVE('',#6151,#6743);
#6743 = DEFINITIONAL_REPRESENTATION('',(#6744),#6748);
#6744 = LINE('',#6745,#6746);
#6745 = CARTESIAN_POINT('',(26.,0.));
#6746 = VECTOR('',#6747,1.);
#6747 = DIRECTION('',(0.,1.));
#6748 = ( GEOMETRIC_REPRESENTATION_CONTEXT(2) 
PARAMETRIC_REPRESENTATION_CONTEXT() REPRESENTATION_CONTEXT('2D SPACE',''
  ) );
#6749 = PCURVE('',#6336,#6750);
#6750 = DEFINITIONAL_REPRESENTATION('',(#6751),#6755);
#6751 = LINE('',#6752,#6753);
#6752 = CARTESIAN_POINT('',(0.,60.));
#6753 = VECTOR('',#6754,1.);
#6754 = DIRECTION('',(1.,0.));
#6755 = ( GEOMETRIC_REPRESENTATION_CONTEXT(2) 
PARAMETRIC_REPRESENTATION_CONTEXT() REPRESENTATION_CONTEXT('2D SPACE',''
  ) );
#6756 = ORIENTED_EDGE('',*,*,#6757,.T.);
#6757 = EDGE_CURVE('',#6735,#6758,#6760,.T.);
#6758 = VERTEX_POINT('',#6759);
#6759 = CARTESIAN_POINT('',(-0.75,30.,2.6));
#6760 = SURFACE_CURVE('',#6761,(#6765,#6772),.PCURVE_S1.);
#6761 = LINE('',#6762,#6763);
#6762 = CARTESIAN_POINT('',(-0.75,30.,-5.2));
#6763 = VECTOR('',#6764,1.);
#6764 = DIRECTION('',(0.,0.,-1.));
#6765 = PCURVE('',#6151,#6766);
#6766 = DEFINITIONAL_REPRESENTATION('',(#6767),#6771);
#6767 = LINE('',#6768,#6769);
#6768 = CARTESIAN_POINT('',(7.8,29.25));
#6769 = VECTOR('',#6770,1.);
#6770 = DIRECTION('',(-1.,0.));
#6771 = ( GEOMETRIC_REPRESENTATION_CONTEXT(2) 
PARAMETRIC_REPRESENTATION_CONTEXT() REPRESENTATION_CONTEXT('2D SPACE',''
  ) );
#6772 = PCURVE('',#6364,#6773);
#6773 = DEFINITIONAL_REPRESENTATION('',(#6774),#6777);
#6774 = B_SPLINE_CURVE_WITH_KNOTS('',1,(#6775,#6776),.UNSPECIFIED.,.F.,
  .F.,(2,2),(-18.2,-7.8),.PIECEWISE_BEZIER_KNOTS.);
#6775 = CARTESIAN_POINT('',(10.4,-61.));
#6776 = CARTESIAN_POINT('',(0.,-61.));
#6777 = ( GEOMETRIC_REPRESENTATION_CONTEXT(2) 
PARAMETRIC_REPRESENTATION_CONTEXT() REPRESENTATION_CONTEXT('2D SPACE',''
  ) );
#6778 = ORIENTED_EDGE('',*,*,#6779,.T.);
#6779 = EDGE_CURVE('',#6758,#6780,#6782,.T.);
#6780 = VERTEX_POINT('',#6781);
#6781 = CARTESIAN_POINT('',(0.75,30.,2.6));
#6782 = SURFACE_CURVE('',#6783,(#6787,#6794),.PCURVE_S1.);
#6783 = LINE('',#6784,#6785);
#6784 = CARTESIAN_POINT('',(-15.375,30.,2.6));
#6785 = VECTOR('',#6786,1.);
#6786 = DIRECTION('',(1.,0.,0.));
#6787 = PCURVE('',#6151,#6788);
#6788 = DEFINITIONAL_REPRESENTATION('',(#6789),#6793);
#6789 = LINE('',#6790,#6791);
#6790 = CARTESIAN_POINT('',(15.6,14.625));
#6791 = VECTOR('',#6792,1.);
#6792 = DIRECTION('',(0.,1.));
#6793 = ( GEOMETRIC_REPRESENTATION_CONTEXT(2) 
PARAMETRIC_REPRESENTATION_CONTEXT() REPRESENTATION_CONTEXT('2D SPACE',''
  ) );
#6794 = PCURVE('',#6391,#6795);
#6795 = DEFINITIONAL_REPRESENTATION('',(#6796),#6799);
#6796 = B_SPLINE_CURVE_WITH_KNOTS('',1,(#6797,#6798),.UNSPECIFIED.,.F.,
  .F.,(2,2),(14.625,16.125),.PIECEWISE_BEZIER_KNOTS.);
#6797 = CARTESIAN_POINT('',(0.,61.));
#6798 = CARTESIAN_POINT('',(1.5,61.));
#6799 = ( GEOMETRIC_REPRESENTATION_CONTEXT(2) 
PARAMETRIC_REPRESENTATION_CONTEXT() REPRESENTATION_CONTEXT('2D SPACE',''
  ) );
#6800 = ORIENTED_EDGE('',*,*,#6801,.F.);
#6801 = EDGE_CURVE('',#6802,#6780,#6804,.T.);
#6802 = VERTEX_POINT('',#6803);
#6803 = CARTESIAN_POINT('',(0.75,30.,13.));
#6804 = SURFACE_CURVE('',#6805,(#6809,#6816),.PCURVE_S1.);
#6805 = LINE('',#6806,#6807);
#6806 = CARTESIAN_POINT('',(0.75,30.,-5.2));
#6807 = VECTOR('',#6808,1.);
#6808 = DIRECTION('',(0.,0.,-1.));
#6809 = PCURVE('',#6151,#6810);
#6810 = DEFINITIONAL_REPRESENTATION('',(#6811),#6815);
#6811 = LINE('',#6812,#6813);
#6812 = CARTESIAN_POINT('',(7.8,30.75));
#6813 = VECTOR('',#6814,1.);
#6814 = DIRECTION('',(-1.,0.));
#6815 = ( GEOMETRIC_REPRESENTATION_CONTEXT(2) 
PARAMETRIC_REPRESENTATION_CONTEXT() REPRESENTATION_CONTEXT('2D SPACE',''
  ) );
#6816 = PCURVE('',#6418,#6817);
#6817 = DEFINITIONAL_REPRESENTATION('',(#6818),#6821);
#6818 = B_SPLINE_CURVE_WITH_KNOTS('',1,(#6819,#6820),.UNSPECIFIED.,.F.,
  .F.,(2,2),(-18.2,-7.8),.PIECEWISE_BEZIER_KNOTS.);
#6819 = CARTESIAN_POINT('',(10.4,-61.));
#6820 = CARTESIAN_POINT('',(0.,-61.));
#6821 = ( GEOMETRIC_REPRESENTATION_CONTEXT(2) 
PARAMETRIC_REPRESENTATION_CONTEXT() REPRESENTATION_CONTEXT('2D SPACE',''
  ) );
#6822 = ORIENTED_EDGE('',*,*,#6823,.T.);
#6823 = EDGE_CURVE('',#6802,#6824,#6826,.T.);
#6824 = VERTEX_POINT('',#6825);
#6825 = CARTESIAN_POINT('',(9.25,30.,13.));
#6826 = SURFACE_CURVE('',#6827,(#6831,#6838),.PCURVE_S1.);
#6827 = LINE('',#6828,#6829);
#6828 = CARTESIAN_POINT('',(-30.,30.,13.));
#6829 = VECTOR('',#6830,1.);
#6830 = DIRECTION('',(1.,0.,0.));
#6831 = PCURVE('',#6151,#6832);
#6832 = DEFINITIONAL_REPRESENTATION('',(#6833),#6837);
#6833 = LINE('',#6834,#6835);
#6834 = CARTESIAN_POINT('',(26.,0.));
#6835 = VECTOR('',#6836,1.);
#6836 = DIRECTION('',(0.,1.));
#6837 = ( GEOMETRIC_REPRESENTATION_CONTEXT(2) 
PARAMETRIC_REPRESENTATION_CONTEXT() REPRESENTATION_CONTEXT('2D SPACE',''
  ) );
#6838 = PCURVE('',#6445,#6839);
#6839 = DEFINITIONAL_REPRESENTATION('',(#6840),#6844);
#6840 = LINE('',#6841,#6842);
#6841 = CARTESIAN_POINT('',(0.,60.));
#6842 = VECTOR('',#6843,1.);
#6843 = DIRECTION('',(1.,0.));
#6844 = ( GEOMETRIC_REPRESENTATION_CONTEXT(2) 
PARAMETRIC_REPRESENTATION_CONTEXT() REPRESENTATION_CONTEXT('2D SPACE',''
  ) );
#6845 = ORIENTED_EDGE('',*,*,#6846,.T.);
#6846 = EDGE_CURVE('',#6824,#6847,#6849,.T.);
#6847 = VERTEX_POINT('',#6848);
#6848 = CARTESIAN_POINT('',(9.25,30.,2.6));
#6849 = SURFACE_CURVE('',#6850,(#6854,#6861),.PCURVE_S1.);
#6850 = LINE('',#6851,#6852);
#6851 = CARTESIAN_POINT('',(9.25,30.,-5.2));
#6852 = VECTOR('',#6853,1.);
#6853 = DIRECTION('',(0.,0.,-1.));
#6854 = PCURVE('',#6151,#6855);
#6855 = DEFINITIONAL_REPRESENTATION('',(#6856),#6860);
#6856 = LINE('',#6857,#6858);
#6857 = CARTESIAN_POINT('',(7.8,39.25));
#6858 = VECTOR('',#6859,1.);
#6859 = DIRECTION('',(-1.,0.));
#6860 = ( GEOMETRIC_REPRESENTATION_CONTEXT(2) 
PARAMETRIC_REPRESENTATION_CONTEXT() REPRESENTATION_CONTEXT('2D SPACE',''
  ) );
#6861 = PCURVE('',#6473,#6862);
#6862 = DEFINITIONAL_REPRESENTATION('',(#6863),#6866);
#6863 = B_SPLINE_CURVE_WITH_KNOTS('',1,(#6864,#6865),.UNSPECIFIED.,.F.,
  .F.,(2,2),(-18.2,-7.8),.PIECEWISE_BEZIER_KNOTS.);
#6864 = CARTESIAN_POINT('',(10.4,-61.));
#6865 = CARTESIAN_POINT('',(0.,-61.));
#6866 = ( GEOMETRIC_REPRESENTATION_CONTEXT(2) 
PARAMETRIC_REPRESENTATION_CONTEXT() REPRESENTATION_CONTEXT('2D SPACE',''
  ) );
#6867 = ORIENTED_EDGE('',*,*,#6868,.T.);
#6868 = EDGE_CURVE('',#6847,#6869,#6871,.T.);
#6869 = VERTEX_POINT('',#6870);
#6870 = CARTESIAN_POINT('',(10.75,30.,2.6));
#6871 = SURFACE_CURVE('',#6872,(#6876,#6883),.PCURVE_S1.);
#6872 = LINE('',#6873,#6874);
#6873 = CARTESIAN_POINT('',(-10.375,30.,2.6));
#6874 = VECTOR('',#6875,1.);
#6875 = DIRECTION('',(1.,0.,0.));
#6876 = PCURVE('',#6151,#6877);
#6877 = DEFINITIONAL_REPRESENTATION('',(#6878),#6882);
#6878 = LINE('',#6879,#6880);
#6879 = CARTESIAN_POINT('',(15.6,19.625));
#6880 = VECTOR('',#6881,1.);
#6881 = DIRECTION('',(0.,1.));
#6882 = ( GEOMETRIC_REPRESENTATION_CONTEXT(2) 
PARAMETRIC_REPRESENTATION_CONTEXT() REPRESENTATION_CONTEXT('2D SPACE',''
  ) );
#6883 = PCURVE('',#6500,#6884);
#6884 = DEFINITIONAL_REPRESENTATION('',(#6885),#6888);
#6885 = B_SPLINE_CURVE_WITH_KNOTS('',1,(#6886,#6887),.UNSPECIFIED.,.F.,
  .F.,(2,2),(19.625,21.125),.PIECEWISE_BEZIER_KNOTS.);
#6886 = CARTESIAN_POINT('',(0.,61.));
#6887 = CARTESIAN_POINT('',(1.5,61.));
#6888 = ( GEOMETRIC_REPRESENTATION_CONTEXT(2) 
PARAMETRIC_REPRESENTATION_CONTEXT() REPRESENTATION_CONTEXT('2D SPACE',''
  ) );
#6889 = ORIENTED_EDGE('',*,*,#6890,.F.);
#6890 = EDGE_CURVE('',#6891,#6869,#6893,.T.);
#6891 = VERTEX_POINT('',#6892);
#6892 = CARTESIAN_POINT('',(10.75,30.,13.));
#6893 = SURFACE_CURVE('',#6894,(#6898,#6905),.PCURVE_S1.);
#6894 = LINE('',#6895,#6896);
#6895 = CARTESIAN_POINT('',(10.75,30.,-5.2));
#6896 = VECTOR('',#6897,1.);
#6897 = DIRECTION('',(0.,0.,-1.));
#6898 = PCURVE('',#6151,#6899);
#6899 = DEFINITIONAL_REPRESENTATION('',(#6900),#6904);
#6900 = LINE('',#6901,#6902);
#6901 = CARTESIAN_POINT('',(7.8,40.75));
#6902 = VECTOR('',#6903,1.);
#6903 = DIRECTION('',(-1.,0.));
#6904 = ( GEOMETRIC_REPRESENTATION_CONTEXT(2) 
PARAMETRIC_REPRESENTATION_CONTEXT() REPRESENTATION_CONTEXT('2D SPACE',''
  ) );
#6905 = PCURVE('',#6527,#6906);
#6906 = DEFINITIONAL_REPRESENTATION('',(#6907),#6910);
#6907 = B_SPLINE_CURVE_WITH_KNOTS('',1,(#6908,#6909),.UNSPECIFIED.,.F.,
  .F.,(2,2),(-18.2,-7.8),.PIECEWISE_BEZIER_KNOTS.);
#6908 = CARTESIAN_POINT('',(10.4,-61.));
#6909 = CARTESIAN_POINT('',(0.,-61.));
#6910 = ( GEOMETRIC_REPRESENTATION_CONTEXT(2) 
PARAMETRIC_REPRESENTATION_CONTEXT() REPRESENTATION_CONTEXT('2D SPACE',''
  ) );
#6911 = ORIENTED_EDGE('',*,*,#6912,.T.);
#6912 = EDGE_CURVE('',#6891,#6913,#6915,.T.);
#6913 = VERTEX_POINT('',#6914);
#6914 = CARTESIAN_POINT('',(30.,30.,13.));
#6915 = SURFACE_CURVE('',#6916,(#6920,#6927),.PCURVE_S1.);
#6916 = LINE('',#6917,#6918);
#6917 = CARTESIAN_POINT('',(10.75,30.,13.));
#6918 = VECTOR('',#6919,1.);
#6919 = DIRECTION('',(1.,0.,0.));
#6920 = PCURVE('',#6151,#6921);
#6921 = DEFINITIONAL_REPRESENTATION('',(#6922),#6926);
#6922 = LINE('',#6923,#6924);
#6923 = CARTESIAN_POINT('',(26.,40.75));
#6924 = VECTOR('',#6925,1.);
#6925 = DIRECTION('',(0.,1.));
#6926 = ( GEOMETRIC_REPRESENTATION_CONTEXT(2) 
PARAMETRIC_REPRESENTATION_CONTEXT() REPRESENTATION_CONTEXT('2D SPACE',''
  ) );
#6927 = PCURVE('',#6554,#6928);
#6928 = DEFINITIONAL_REPRESENTATION('',(#6929),#6933);
#6929 = LINE('',#6930,#6931);
#6930 = CARTESIAN_POINT('',(40.75,60.));
#6931 = VECTOR('',#6932,1.);
#6932 = DIRECTION('',(1.,0.));
#6933 = ( GEOMETRIC_REPRESENTATION_CONTEXT(2) 
PARAMETRIC_REPRESENTATION_CONTEXT() REPRESENTATION_CONTEXT('2D SPACE',''
  ) );
#6934 = ORIENTED_EDGE('',*,*,#6935,.T.);
#6935 = EDGE_CURVE('',#6913,#6596,#6936,.T.);
#6936 = SURFACE_CURVE('',#6937,(#6941,#6948),.PCURVE_S1.);
#6937 = LINE('',#6938,#6939);
#6938 = CARTESIAN_POINT('',(30.,30.,13.));
#6939 = VECTOR('',#6940,1.);
#6940 = DIRECTION('',(0.,0.,-1.));
#6941 = PCURVE('',#6151,#6942);
#6942 = DEFINITIONAL_REPRESENTATION('',(#6943),#6947);
#6943 = LINE('',#6944,#6945);
#6944 = CARTESIAN_POINT('',(26.,60.));
#6945 = VECTOR('',#6946,1.);
#6946 = DIRECTION('',(-1.,0.));
#6947 = ( GEOMETRIC_REPRESENTATION_CONTEXT(2) 
PARAMETRIC_REPRESENTATION_CONTEXT() REPRESENTATION_CONTEXT('2D SPACE',''
  ) );
#6948 = PCURVE('',#6580,#6949);
#6949 = DEFINITIONAL_REPRESENTATION('',(#6950),#6954);
#6950 = LINE('',#6951,#6952);
#6951 = CARTESIAN_POINT('',(26.,-60.));
#6952 = VECTOR('',#6953,1.);
#6953 = DIRECTION('',(-1.,0.));
#6954 = ( GEOMETRIC_REPRESENTATION_CONTEXT(2) 
PARAMETRIC_REPRESENTATION_CONTEXT() REPRESENTATION_CONTEXT('2D SPACE',''
  ) );
#6955 = ORIENTED_EDGE('',*,*,#6595,.F.);
#6956 = ADVANCED_FACE('',(#6957),#6177,.T.);
#6957 = FACE_BOUND('',#6958,.T.);
#6958 = EDGE_LOOP('',(#6959,#6960,#6961,#6962));
#6959 = ORIENTED_EDGE('',*,*,#6645,.F.);
#6960 = ORIENTED_EDGE('',*,*,#6163,.F.);
#6961 = ORIENTED_EDGE('',*,*,#6216,.F.);
#6962 = ORIENTED_EDGE('',*,*,#6963,.T.);
#6963 = EDGE_CURVE('',#6217,#6646,#6964,.T.);
#6964 = SURFACE_CURVE('',#6965,(#6969,#6976),.PCURVE_S1.);
#6965 = LINE('',#6966,#6967);
#6966 = CARTESIAN_POINT('',(-10.75,-31.,13.));
#6967 = VECTOR('',#6968,1.);
#6968 = DIRECTION('',(0.,1.,0.));
#6969 = PCURVE('',#6177,#6970);
#6970 = DEFINITIONAL_REPRESENTATION('',(#6971),#6975);
#6971 = LINE('',#6972,#6973);
#6972 = CARTESIAN_POINT('',(19.25,-1.));
#6973 = VECTOR('',#6974,1.);
#6974 = DIRECTION('',(0.,1.));
#6975 = ( GEOMETRIC_REPRESENTATION_CONTEXT(2) 
PARAMETRIC_REPRESENTATION_CONTEXT() REPRESENTATION_CONTEXT('2D SPACE',''
  ) );
#6976 = PCURVE('',#6255,#6977);
#6977 = DEFINITIONAL_REPRESENTATION('',(#6978),#6982);
#6978 = LINE('',#6979,#6980);
#6979 = CARTESIAN_POINT('',(10.4,0.));
#6980 = VECTOR('',#6981,1.);
#6981 = DIRECTION('',(0.,-1.));
#6982 = ( GEOMETRIC_REPRESENTATION_CONTEXT(2) 
PARAMETRIC_REPRESENTATION_CONTEXT() REPRESENTATION_CONTEXT('2D SPACE',''
  ) );
#6983 = ADVANCED_FACE('',(#6984),#6554,.T.);
#6984 = FACE_BOUND('',#6985,.T.);
#6985 = EDGE_LOOP('',(#6986,#6987,#7008,#7009));
#6986 = ORIENTED_EDGE('',*,*,#6912,.F.);
#6987 = ORIENTED_EDGE('',*,*,#6988,.F.);
#6988 = EDGE_CURVE('',#6512,#6891,#6989,.T.);
#6989 = SURFACE_CURVE('',#6990,(#6994,#7001),.PCURVE_S1.);
#6990 = LINE('',#6991,#6992);
#6991 = CARTESIAN_POINT('',(10.75,-31.,13.));
#6992 = VECTOR('',#6993,1.);
#6993 = DIRECTION('',(0.,1.,0.));
#6994 = PCURVE('',#6554,#6995);
#6995 = DEFINITIONAL_REPRESENTATION('',(#6996),#7000);
#6996 = LINE('',#6997,#6998);
#6997 = CARTESIAN_POINT('',(40.75,-1.));
#6998 = VECTOR('',#6999,1.);
#6999 = DIRECTION('',(0.,1.));
#7000 = ( GEOMETRIC_REPRESENTATION_CONTEXT(2) 
PARAMETRIC_REPRESENTATION_CONTEXT() REPRESENTATION_CONTEXT('2D SPACE',''
  ) );
#7001 = PCURVE('',#6527,#7002);
#7002 = DEFINITIONAL_REPRESENTATION('',(#7003),#7007);
#7003 = LINE('',#7004,#7005);
#7004 = CARTESIAN_POINT('',(10.4,0.));
#7005 = VECTOR('',#7006,1.);
#7006 = DIRECTION('',(0.,-1.));
#7007 = ( GEOMETRIC_REPRESENTATION_CONTEXT(2) 
PARAMETRIC_REPRESENTATION_CONTEXT() REPRESENTATION_CONTEXT('2D SPACE',''
  ) );
#7008 = ORIENTED_EDGE('',*,*,#6538,.F.);
#7009 = ORIENTED_EDGE('',*,*,#7010,.T.);
#7010 = EDGE_CURVE('',#6539,#6913,#7011,.T.);
#7011 = SURFACE_CURVE('',#7012,(#7016,#7023),.PCURVE_S1.);
#7012 = LINE('',#7013,#7014);
#7013 = CARTESIAN_POINT('',(30.,-30.,13.));
#7014 = VECTOR('',#7015,1.);
#7015 = DIRECTION('',(0.,1.,0.));
#7016 = PCURVE('',#6554,#7017);
#7017 = DEFINITIONAL_REPRESENTATION('',(#7018),#7022);
#7018 = LINE('',#7019,#7020);
#7019 = CARTESIAN_POINT('',(60.,0.));
#7020 = VECTOR('',#7021,1.);
#7021 = DIRECTION('',(0.,1.));
#7022 = ( GEOMETRIC_REPRESENTATION_CONTEXT(2) 
PARAMETRIC_REPRESENTATION_CONTEXT() REPRESENTATION_CONTEXT('2D SPACE',''
  ) );
#7023 = PCURVE('',#6580,#7024);
#7024 = DEFINITIONAL_REPRESENTATION('',(#7025),#7029);
#7025 = LINE('',#7026,#7027);
#7026 = CARTESIAN_POINT('',(26.,0.));
#7027 = VECTOR('',#7028,1.);
#7028 = DIRECTION('',(0.,-1.));
#7029 = ( GEOMETRIC_REPRESENTATION_CONTEXT(2) 
PARAMETRIC_REPRESENTATION_CONTEXT() REPRESENTATION_CONTEXT('2D SPACE',''
  ) );
#7030 = ADVANCED_FACE('',(#7031),#6527,.F.);
#7031 = FACE_BOUND('',#7032,.F.);
#7032 = EDGE_LOOP('',(#7033,#7034,#7035,#7056));
#7033 = ORIENTED_EDGE('',*,*,#6988,.F.);
#7034 = ORIENTED_EDGE('',*,*,#6511,.T.);
#7035 = ORIENTED_EDGE('',*,*,#7036,.T.);
#7036 = EDGE_CURVE('',#6485,#6869,#7037,.T.);
#7037 = SURFACE_CURVE('',#7038,(#7042,#7049),.PCURVE_S1.);
#7038 = LINE('',#7039,#7040);
#7039 = CARTESIAN_POINT('',(10.75,-31.,2.6));
#7040 = VECTOR('',#7041,1.);
#7041 = DIRECTION('',(0.,1.,0.));
#7042 = PCURVE('',#6527,#7043);
#7043 = DEFINITIONAL_REPRESENTATION('',(#7044),#7048);
#7044 = LINE('',#7045,#7046);
#7045 = CARTESIAN_POINT('',(0.,0.));
#7046 = VECTOR('',#7047,1.);
#7047 = DIRECTION('',(0.,-1.));
#7048 = ( GEOMETRIC_REPRESENTATION_CONTEXT(2) 
PARAMETRIC_REPRESENTATION_CONTEXT() REPRESENTATION_CONTEXT('2D SPACE',''
  ) );
#7049 = PCURVE('',#6500,#7050);
#7050 = DEFINITIONAL_REPRESENTATION('',(#7051),#7055);
#7051 = LINE('',#7052,#7053);
#7052 = CARTESIAN_POINT('',(1.5,0.));
#7053 = VECTOR('',#7054,1.);
#7054 = DIRECTION('',(0.,1.));
#7055 = ( GEOMETRIC_REPRESENTATION_CONTEXT(2) 
PARAMETRIC_REPRESENTATION_CONTEXT() REPRESENTATION_CONTEXT('2D SPACE',''
  ) );
#7056 = ORIENTED_EDGE('',*,*,#6890,.F.);
#7057 = ADVANCED_FACE('',(#7058),#6500,.T.);
#7058 = FACE_BOUND('',#7059,.T.);
#7059 = EDGE_LOOP('',(#7060,#7081,#7082,#7083));
#7060 = ORIENTED_EDGE('',*,*,#7061,.F.);
#7061 = EDGE_CURVE('',#6458,#6847,#7062,.T.);
#7062 = SURFACE_CURVE('',#7063,(#7067,#7074),.PCURVE_S1.);
#7063 = LINE('',#7064,#7065);
#7064 = CARTESIAN_POINT('',(9.25,-31.,2.6));
#7065 = VECTOR('',#7066,1.);
#7066 = DIRECTION('',(0.,1.,0.));
#7067 = PCURVE('',#6500,#7068);
#7068 = DEFINITIONAL_REPRESENTATION('',(#7069),#7073);
#7069 = LINE('',#7070,#7071);
#7070 = CARTESIAN_POINT('',(0.,0.));
#7071 = VECTOR('',#7072,1.);
#7072 = DIRECTION('',(0.,1.));
#7073 = ( GEOMETRIC_REPRESENTATION_CONTEXT(2) 
PARAMETRIC_REPRESENTATION_CONTEXT() REPRESENTATION_CONTEXT('2D SPACE',''
  ) );
#7074 = PCURVE('',#6473,#7075);
#7075 = DEFINITIONAL_REPRESENTATION('',(#7076),#7080);
#7076 = LINE('',#7077,#7078);
#7077 = CARTESIAN_POINT('',(0.,0.));
#7078 = VECTOR('',#7079,1.);
#7079 = DIRECTION('',(0.,-1.));
#7080 = ( GEOMETRIC_REPRESENTATION_CONTEXT(2) 
PARAMETRIC_REPRESENTATION_CONTEXT() REPRESENTATION_CONTEXT('2D SPACE',''
  ) );
#7081 = ORIENTED_EDGE('',*,*,#6484,.T.);
#7082 = ORIENTED_EDGE('',*,*,#7036,.T.);
#7083 = ORIENTED_EDGE('',*,*,#6868,.F.);
#7084 = ADVANCED_FACE('',(#7085),#6473,.T.);
#7085 = FACE_BOUND('',#7086,.T.);
#7086 = EDGE_LOOP('',(#7087,#7108,#7109,#7110));
#7087 = ORIENTED_EDGE('',*,*,#7088,.F.);
#7088 = EDGE_CURVE('',#6430,#6824,#7089,.T.);
#7089 = SURFACE_CURVE('',#7090,(#7094,#7101),.PCURVE_S1.);
#7090 = LINE('',#7091,#7092);
#7091 = CARTESIAN_POINT('',(9.25,-31.,13.));
#7092 = VECTOR('',#7093,1.);
#7093 = DIRECTION('',(0.,1.,0.));
#7094 = PCURVE('',#6473,#7095);
#7095 = DEFINITIONAL_REPRESENTATION('',(#7096),#7100);
#7096 = LINE('',#7097,#7098);
#7097 = CARTESIAN_POINT('',(10.4,0.));
#7098 = VECTOR('',#7099,1.);
#7099 = DIRECTION('',(0.,-1.));
#7100 = ( GEOMETRIC_REPRESENTATION_CONTEXT(2) 
PARAMETRIC_REPRESENTATION_CONTEXT() REPRESENTATION_CONTEXT('2D SPACE',''
  ) );
#7101 = PCURVE('',#6445,#7102);
#7102 = DEFINITIONAL_REPRESENTATION('',(#7103),#7107);
#7103 = LINE('',#7104,#7105);
#7104 = CARTESIAN_POINT('',(39.25,-1.));
#7105 = VECTOR('',#7106,1.);
#7106 = DIRECTION('',(0.,1.));
#7107 = ( GEOMETRIC_REPRESENTATION_CONTEXT(2) 
PARAMETRIC_REPRESENTATION_CONTEXT() REPRESENTATION_CONTEXT('2D SPACE',''
  ) );
#7108 = ORIENTED_EDGE('',*,*,#6457,.T.);
#7109 = ORIENTED_EDGE('',*,*,#7061,.T.);
#7110 = ORIENTED_EDGE('',*,*,#6846,.F.);
#7111 = ADVANCED_FACE('',(#7112),#6445,.T.);
#7112 = FACE_BOUND('',#7113,.T.);
#7113 = EDGE_LOOP('',(#7114,#7115,#7136,#7137));
#7114 = ORIENTED_EDGE('',*,*,#6823,.F.);
#7115 = ORIENTED_EDGE('',*,*,#7116,.F.);
#7116 = EDGE_CURVE('',#6403,#6802,#7117,.T.);
#7117 = SURFACE_CURVE('',#7118,(#7122,#7129),.PCURVE_S1.);
#7118 = LINE('',#7119,#7120);
#7119 = CARTESIAN_POINT('',(0.75,-31.,13.));
#7120 = VECTOR('',#7121,1.);
#7121 = DIRECTION('',(0.,1.,0.));
#7122 = PCURVE('',#6445,#7123);
#7123 = DEFINITIONAL_REPRESENTATION('',(#7124),#7128);
#7124 = LINE('',#7125,#7126);
#7125 = CARTESIAN_POINT('',(30.75,-1.));
#7126 = VECTOR('',#7127,1.);
#7127 = DIRECTION('',(0.,1.));
#7128 = ( GEOMETRIC_REPRESENTATION_CONTEXT(2) 
PARAMETRIC_REPRESENTATION_CONTEXT() REPRESENTATION_CONTEXT('2D SPACE',''
  ) );
#7129 = PCURVE('',#6418,#7130);
#7130 = DEFINITIONAL_REPRESENTATION('',(#7131),#7135);
#7131 = LINE('',#7132,#7133);
#7132 = CARTESIAN_POINT('',(10.4,0.));
#7133 = VECTOR('',#7134,1.);
#7134 = DIRECTION('',(0.,-1.));
#7135 = ( GEOMETRIC_REPRESENTATION_CONTEXT(2) 
PARAMETRIC_REPRESENTATION_CONTEXT() REPRESENTATION_CONTEXT('2D SPACE',''
  ) );
#7136 = ORIENTED_EDGE('',*,*,#6429,.T.);
#7137 = ORIENTED_EDGE('',*,*,#7088,.T.);
#7138 = ADVANCED_FACE('',(#7139),#6418,.F.);
#7139 = FACE_BOUND('',#7140,.F.);
#7140 = EDGE_LOOP('',(#7141,#7142,#7143,#7164));
#7141 = ORIENTED_EDGE('',*,*,#7116,.F.);
#7142 = ORIENTED_EDGE('',*,*,#6402,.T.);
#7143 = ORIENTED_EDGE('',*,*,#7144,.T.);
#7144 = EDGE_CURVE('',#6376,#6780,#7145,.T.);
#7145 = SURFACE_CURVE('',#7146,(#7150,#7157),.PCURVE_S1.);
#7146 = LINE('',#7147,#7148);
#7147 = CARTESIAN_POINT('',(0.75,-31.,2.6));
#7148 = VECTOR('',#7149,1.);
#7149 = DIRECTION('',(0.,1.,0.));
#7150 = PCURVE('',#6418,#7151);
#7151 = DEFINITIONAL_REPRESENTATION('',(#7152),#7156);
#7152 = LINE('',#7153,#7154);
#7153 = CARTESIAN_POINT('',(0.,0.));
#7154 = VECTOR('',#7155,1.);
#7155 = DIRECTION('',(0.,-1.));
#7156 = ( GEOMETRIC_REPRESENTATION_CONTEXT(2) 
PARAMETRIC_REPRESENTATION_CONTEXT() REPRESENTATION_CONTEXT('2D SPACE',''
  ) );
#7157 = PCURVE('',#6391,#7158);
#7158 = DEFINITIONAL_REPRESENTATION('',(#7159),#7163);
#7159 = LINE('',#7160,#7161);
#7160 = CARTESIAN_POINT('',(1.5,0.));
#7161 = VECTOR('',#7162,1.);
#7162 = DIRECTION('',(0.,1.));
#7163 = ( GEOMETRIC_REPRESENTATION_CONTEXT(2) 
PARAMETRIC_REPRESENTATION_CONTEXT() REPRESENTATION_CONTEXT('2D SPACE',''
  ) );
#7164 = ORIENTED_EDGE('',*,*,#6801,.F.);
#7165 = ADVANCED_FACE('',(#7166),#6391,.T.);
#7166 = FACE_BOUND('',#7167,.T.);
#7167 = EDGE_LOOP('',(#7168,#7189,#7190,#7191));
#7168 = ORIENTED_EDGE('',*,*,#7169,.F.);
#7169 = EDGE_CURVE('',#6349,#6758,#7170,.T.);
#7170 = SURFACE_CURVE('',#7171,(#7175,#7182),.PCURVE_S1.);
#7171 = LINE('',#7172,#7173);
#7172 = CARTESIAN_POINT('',(-0.75,-31.,2.6));
#7173 = VECTOR('',#7174,1.);
#7174 = DIRECTION('',(0.,1.,0.));
#7175 = PCURVE('',#6391,#7176);
#7176 = DEFINITIONAL_REPRESENTATION('',(#7177),#7181);
#7177 = LINE('',#7178,#7179);
#7178 = CARTESIAN_POINT('',(0.,0.));
#7179 = VECTOR('',#7180,1.);
#7180 = DIRECTION('',(0.,1.));
#7181 = ( GEOMETRIC_REPRESENTATION_CONTEXT(2) 
PARAMETRIC_REPRESENTATION_CONTEXT() REPRESENTATION_CONTEXT('2D SPACE',''
  ) );
#7182 = PCURVE('',#6364,#7183);
#7183 = DEFINITIONAL_REPRESENTATION('',(#7184),#7188);
#7184 = LINE('',#7185,#7186);
#7185 = CARTESIAN_POINT('',(0.,0.));
#7186 = VECTOR('',#7187,1.);
#7187 = DIRECTION('',(0.,-1.));
#7188 = ( GEOMETRIC_REPRESENTATION_CONTEXT(2) 
PARAMETRIC_REPRESENTATION_CONTEXT() REPRESENTATION_CONTEXT('2D SPACE',''
  ) );
#7189 = ORIENTED_EDGE('',*,*,#6375,.T.);
#7190 = ORIENTED_EDGE('',*,*,#7144,.T.);
#7191 = ORIENTED_EDGE('',*,*,#6779,.F.);
#7192 = ADVANCED_FACE('',(#7193),#6364,.T.);
#7193 = FACE_BOUND('',#7194,.T.);
#7194 = EDGE_LOOP('',(#7195,#7216,#7217,#7218));
#7195 = ORIENTED_EDGE('',*,*,#7196,.F.);
#7196 = EDGE_CURVE('',#6321,#6735,#7197,.T.);
#7197 = SURFACE_CURVE('',#7198,(#7202,#7209),.PCURVE_S1.);
#7198 = LINE('',#7199,#7200);
#7199 = CARTESIAN_POINT('',(-0.75,-31.,13.));
#7200 = VECTOR('',#7201,1.);
#7201 = DIRECTION('',(0.,1.,0.));
#7202 = PCURVE('',#6364,#7203);
#7203 = DEFINITIONAL_REPRESENTATION('',(#7204),#7208);
#7204 = LINE('',#7205,#7206);
#7205 = CARTESIAN_POINT('',(10.4,0.));
#7206 = VECTOR('',#7207,1.);
#7207 = DIRECTION('',(0.,-1.));
#7208 = ( GEOMETRIC_REPRESENTATION_CONTEXT(2) 
PARAMETRIC_REPRESENTATION_CONTEXT() REPRESENTATION_CONTEXT('2D SPACE',''
  ) );
#7209 = PCURVE('',#6336,#7210);
#7210 = DEFINITIONAL_REPRESENTATION('',(#7211),#7215);
#7211 = LINE('',#7212,#7213);
#7212 = CARTESIAN_POINT('',(29.25,-1.));
#7213 = VECTOR('',#7214,1.);
#7214 = DIRECTION('',(0.,1.));
#7215 = ( GEOMETRIC_REPRESENTATION_CONTEXT(2) 
PARAMETRIC_REPRESENTATION_CONTEXT() REPRESENTATION_CONTEXT('2D SPACE',''
  ) );
#7216 = ORIENTED_EDGE('',*,*,#6348,.T.);
#7217 = ORIENTED_EDGE('',*,*,#7169,.T.);
#7218 = ORIENTED_EDGE('',*,*,#6757,.F.);
#7219 = ADVANCED_FACE('',(#7220),#6336,.T.);
#7220 = FACE_BOUND('',#7221,.T.);
#7221 = EDGE_LOOP('',(#7222,#7223,#7244,#7245));
#7222 = ORIENTED_EDGE('',*,*,#6734,.F.);
#7223 = ORIENTED_EDGE('',*,*,#7224,.F.);
#7224 = EDGE_CURVE('',#6294,#6713,#7225,.T.);
#7225 = SURFACE_CURVE('',#7226,(#7230,#7237),.PCURVE_S1.);
#7226 = LINE('',#7227,#7228);
#7227 = CARTESIAN_POINT('',(-9.25,-31.,13.));
#7228 = VECTOR('',#7229,1.);
#7229 = DIRECTION('',(0.,1.,0.));
#7230 = PCURVE('',#6336,#7231);
#7231 = DEFINITIONAL_REPRESENTATION('',(#7232),#7236);
#7232 = LINE('',#7233,#7234);
#7233 = CARTESIAN_POINT('',(20.75,-1.));
#7234 = VECTOR('',#7235,1.);
#7235 = DIRECTION('',(0.,1.));
#7236 = ( GEOMETRIC_REPRESENTATION_CONTEXT(2) 
PARAMETRIC_REPRESENTATION_CONTEXT() REPRESENTATION_CONTEXT('2D SPACE',''
  ) );
#7237 = PCURVE('',#6309,#7238);
#7238 = DEFINITIONAL_REPRESENTATION('',(#7239),#7243);
#7239 = LINE('',#7240,#7241);
#7240 = CARTESIAN_POINT('',(10.4,0.));
#7241 = VECTOR('',#7242,1.);
#7242 = DIRECTION('',(0.,-1.));
#7243 = ( GEOMETRIC_REPRESENTATION_CONTEXT(2) 
PARAMETRIC_REPRESENTATION_CONTEXT() REPRESENTATION_CONTEXT('2D SPACE',''
  ) );
#7244 = ORIENTED_EDGE('',*,*,#6320,.T.);
#7245 = ORIENTED_EDGE('',*,*,#7196,.T.);
#7246 = ADVANCED_FACE('',(#7247),#6309,.F.);
#7247 = FACE_BOUND('',#7248,.F.);
#7248 = EDGE_LOOP('',(#7249,#7250,#7251,#7272));
#7249 = ORIENTED_EDGE('',*,*,#7224,.F.);
#7250 = ORIENTED_EDGE('',*,*,#6293,.T.);
#7251 = ORIENTED_EDGE('',*,*,#7252,.T.);
#7252 = EDGE_CURVE('',#6267,#6691,#7253,.T.);
#7253 = SURFACE_CURVE('',#7254,(#7258,#7265),.PCURVE_S1.);
#7254 = LINE('',#7255,#7256);
#7255 = CARTESIAN_POINT('',(-9.25,-31.,2.6));
#7256 = VECTOR('',#7257,1.);
#7257 = DIRECTION('',(0.,1.,0.));
#7258 = PCURVE('',#6309,#7259);
#7259 = DEFINITIONAL_REPRESENTATION('',(#7260),#7264);
#7260 = LINE('',#7261,#7262);
#7261 = CARTESIAN_POINT('',(0.,0.));
#7262 = VECTOR('',#7263,1.);
#7263 = DIRECTION('',(0.,-1.));
#7264 = ( GEOMETRIC_REPRESENTATION_CONTEXT(2) 
PARAMETRIC_REPRESENTATION_CONTEXT() REPRESENTATION_CONTEXT('2D SPACE',''
  ) );
#7265 = PCURVE('',#6282,#7266);
#7266 = DEFINITIONAL_REPRESENTATION('',(#7267),#7271);
#7267 = LINE('',#7268,#7269);
#7268 = CARTESIAN_POINT('',(1.5,0.));
#7269 = VECTOR('',#7270,1.);
#7270 = DIRECTION('',(0.,1.));
#7271 = ( GEOMETRIC_REPRESENTATION_CONTEXT(2) 
PARAMETRIC_REPRESENTATION_CONTEXT() REPRESENTATION_CONTEXT('2D SPACE',''
  ) );
#7272 = ORIENTED_EDGE('',*,*,#6712,.F.);
#7273 = ADVANCED_FACE('',(#7274),#6282,.T.);
#7274 = FACE_BOUND('',#7275,.T.);
#7275 = EDGE_LOOP('',(#7276,#7297,#7298,#7299));
#7276 = ORIENTED_EDGE('',*,*,#7277,.F.);
#7277 = EDGE_CURVE('',#6240,#6669,#7278,.T.);
#7278 = SURFACE_CURVE('',#7279,(#7283,#7290),.PCURVE_S1.);
#7279 = LINE('',#7280,#7281);
#7280 = CARTESIAN_POINT('',(-10.75,-31.,2.6));
#7281 = VECTOR('',#7282,1.);
#7282 = DIRECTION('',(0.,1.,0.));
#7283 = PCURVE('',#6282,#7284);
#7284 = DEFINITIONAL_REPRESENTATION('',(#7285),#7289);
#7285 = LINE('',#7286,#7287);
#7286 = CARTESIAN_POINT('',(0.,0.));
#7287 = VECTOR('',#7288,1.);
#7288 = DIRECTION('',(0.,1.));
#7289 = ( GEOMETRIC_REPRESENTATION_CONTEXT(2) 
PARAMETRIC_REPRESENTATION_CONTEXT() REPRESENTATION_CONTEXT('2D SPACE',''
  ) );
#7290 = PCURVE('',#6255,#7291);
#7291 = DEFINITIONAL_REPRESENTATION('',(#7292),#7296);
#7292 = LINE('',#7293,#7294);
#7293 = CARTESIAN_POINT('',(0.,0.));
#7294 = VECTOR('',#7295,1.);
#7295 = DIRECTION('',(0.,-1.));
#7296 = ( GEOMETRIC_REPRESENTATION_CONTEXT(2) 
PARAMETRIC_REPRESENTATION_CONTEXT() REPRESENTATION_CONTEXT('2D SPACE',''
  ) );
#7297 = ORIENTED_EDGE('',*,*,#6266,.T.);
#7298 = ORIENTED_EDGE('',*,*,#7252,.T.);
#7299 = ORIENTED_EDGE('',*,*,#6690,.F.);
#7300 = ADVANCED_FACE('',(#7301),#6255,.T.);
#7301 = FACE_BOUND('',#7302,.T.);
#7302 = EDGE_LOOP('',(#7303,#7304,#7305,#7306));
#7303 = ORIENTED_EDGE('',*,*,#6963,.F.);
#7304 = ORIENTED_EDGE('',*,*,#6239,.T.);
#7305 = ORIENTED_EDGE('',*,*,#7277,.T.);
#7306 = ORIENTED_EDGE('',*,*,#6668,.F.);
#7307 = ADVANCED_FACE('',(#7308),#6580,.T.);
#7308 = FACE_BOUND('',#7309,.T.);
#7309 = EDGE_LOOP('',(#7310,#7311,#7312,#7313));
#7310 = ORIENTED_EDGE('',*,*,#6566,.F.);
#7311 = ORIENTED_EDGE('',*,*,#6620,.T.);
#7312 = ORIENTED_EDGE('',*,*,#6935,.F.);
#7313 = ORIENTED_EDGE('',*,*,#7010,.F.);
#7314 = ( GEOMETRIC_REPRESENTATION_CONTEXT(3) 
GLOBAL_UNCERTAINTY_ASSIGNED_CONTEXT((#7318)) 
GLOBAL_UNIT_ASSIGNED_CONTEXT((#7315,#7316,#7317)) REPRESENTATION_CONTEXT
('Context #1','3D Context with UNIT and UNCERTAINTY') );
#7315 = ( LENGTH_UNIT() NAMED_UNIT(*) SI_UNIT(.MILLI.,.METRE.) );
#7316 = ( NAMED_UNIT(*) PLANE_ANGLE_UNIT() SI_UNIT($,.RADIAN.) );
#7317 = ( NAMED_UNIT(*) SI_UNIT($,.STERADIAN.) SOLID_ANGLE_UNIT() );
#7318 = UNCERTAINTY_MEASURE_WITH_UNIT(LENGTH_MEASURE(1.E-07),#7315,
  'distance_accuracy_value','confusion accuracy');
#7319 = CONTEXT_DEPENDENT_SHAPE_REPRESENTATION(#7320,#7322);
#7320 = ( REPRESENTATION_RELATIONSHIP('','',#6065,#10) 
REPRESENTATION_RELATIONSHIP_WITH_TRANSFORMATION(#7321) 
SHAPE_REPRESENTATION_RELATIONSHIP() );
#7321 = ITEM_DEFINED_TRANSFORMATION('','',#11,#43);
#7322 = PRODUCT_DEFINITION_SHAPE('Placement','Placement of an item',
  #7323);
#7323 = NEXT_ASSEMBLY_USAGE_OCCURRENCE('8','SY3_Manifold_4st','',#5,
  #6060,$);
#7324 = PRODUCT_RELATED_PRODUCT_CATEGORY('part',$,(#6062));
#7325 = SHAPE_DEFINITION_REPRESENTATION(#7326,#7332);
#7326 = PRODUCT_DEFINITION_SHAPE('','',#7327);
#7327 = PRODUCT_DEFINITION('design','',#7328,#7331);
#7328 = PRODUCT_DEFINITION_FORMATION('','',#7329);
#7329 = PRODUCT('SY3_SV_1_SY3420-5LZ-M5','SY3_SV_1_SY3420-5LZ-M5','',(
    #7330));
#7330 = PRODUCT_CONTEXT('',#2,'mechanical');
#7331 = PRODUCT_DEFINITION_CONTEXT('part definition',#2,'design');
#7332 = ADVANCED_BREP_SHAPE_REPRESENTATION('',(#11,#7333),#7999);
#7333 = MANIFOLD_SOLID_BREP('',#7334);
#7334 = CLOSED_SHELL('',(#7335,#7455,#7655,#7705,#7759,#7884,#7911,#7938
    ,#7965,#7992));
#7335 = ADVANCED_FACE('',(#7336),#7350,.F.);
#7336 = FACE_BOUND('',#7337,.F.);
#7337 = EDGE_LOOP('',(#7338,#7373,#7401,#7429));
#7338 = ORIENTED_EDGE('',*,*,#7339,.F.);
#7339 = EDGE_CURVE('',#7340,#7342,#7344,.T.);
#7340 = VERTEX_POINT('',#7341);
#7341 = CARTESIAN_POINT('',(-6.,-19.5,19.));
#7342 = VERTEX_POINT('',#7343);
#7343 = CARTESIAN_POINT('',(-6.,19.5,19.));
#7344 = SURFACE_CURVE('',#7345,(#7349,#7361),.PCURVE_S1.);
#7345 = LINE('',#7346,#7347);
#7346 = CARTESIAN_POINT('',(-6.,-21.,19.));
#7347 = VECTOR('',#7348,1.);
#7348 = DIRECTION('',(0.,1.,0.));
#7349 = PCURVE('',#7350,#7355);
#7350 = PLANE('',#7351);
#7351 = AXIS2_PLACEMENT_3D('',#7352,#7353,#7354);
#7352 = CARTESIAN_POINT('',(-6.,-21.,-19.));
#7353 = DIRECTION('',(1.,0.,0.));
#7354 = DIRECTION('',(0.,0.,1.));
#7355 = DEFINITIONAL_REPRESENTATION('',(#7356),#7360);
#7356 = LINE('',#7357,#7358);
#7357 = CARTESIAN_POINT('',(38.,0.));
#7358 = VECTOR('',#7359,1.);
#7359 = DIRECTION('',(0.,-1.));
#7360 = ( GEOMETRIC_REPRESENTATION_CONTEXT(2) 
PARAMETRIC_REPRESENTATION_CONTEXT() REPRESENTATION_CONTEXT('2D SPACE',''
  ) );
#7361 = PCURVE('',#7362,#7367);
#7362 = PLANE('',#7363);
#7363 = AXIS2_PLACEMENT_3D('',#7364,#7365,#7366);
#7364 = CARTESIAN_POINT('',(-6.,-21.,19.));
#7365 = DIRECTION('',(0.,0.,1.));
#7366 = DIRECTION('',(1.,0.,0.));
#7367 = DEFINITIONAL_REPRESENTATION('',(#7368),#7372);
#7368 = LINE('',#7369,#7370);
#7369 = CARTESIAN_POINT('',(0.,0.));
#7370 = VECTOR('',#7371,1.);
#7371 = DIRECTION('',(0.,1.));
#7372 = ( GEOMETRIC_REPRESENTATION_CONTEXT(2) 
PARAMETRIC_REPRESENTATION_CONTEXT() REPRESENTATION_CONTEXT('2D SPACE',''
  ) );
#7373 = ORIENTED_EDGE('',*,*,#7374,.F.);
#7374 = EDGE_CURVE('',#7375,#7340,#7377,.T.);
#7375 = VERTEX_POINT('',#7376);
#7376 = CARTESIAN_POINT('',(-6.,-19.5,-19.));
#7377 = SURFACE_CURVE('',#7378,(#7382,#7389),.PCURVE_S1.);
#7378 = LINE('',#7379,#7380);
#7379 = CARTESIAN_POINT('',(-6.,-19.5,-19.));
#7380 = VECTOR('',#7381,1.);
#7381 = DIRECTION('',(0.,0.,1.));
#7382 = PCURVE('',#7350,#7383);
#7383 = DEFINITIONAL_REPRESENTATION('',(#7384),#7388);
#7384 = LINE('',#7385,#7386);
#7385 = CARTESIAN_POINT('',(0.,-1.5));
#7386 = VECTOR('',#7387,1.);
#7387 = DIRECTION('',(1.,0.));
#7388 = ( GEOMETRIC_REPRESENTATION_CONTEXT(2) 
PARAMETRIC_REPRESENTATION_CONTEXT() REPRESENTATION_CONTEXT('2D SPACE',''
  ) );
#7389 = PCURVE('',#7390,#7395);
#7390 = CYLINDRICAL_SURFACE('',#7391,1.5);
#7391 = AXIS2_PLACEMENT_3D('',#7392,#7393,#7394);
#7392 = CARTESIAN_POINT('',(-4.5,-19.5,-19.));
#7393 = DIRECTION('',(0.,0.,1.));
#7394 = DIRECTION('',(-1.,-0.,0.));
#7395 = DEFINITIONAL_REPRESENTATION('',(#7396),#7400);
#7396 = LINE('',#7397,#7398);
#7397 = CARTESIAN_POINT('',(0.,0.));
#7398 = VECTOR('',#7399,1.);
#7399 = DIRECTION('',(0.,1.));
#7400 = ( GEOMETRIC_REPRESENTATION_CONTEXT(2) 
PARAMETRIC_REPRESENTATION_CONTEXT() REPRESENTATION_CONTEXT('2D SPACE',''
  ) );
#7401 = ORIENTED_EDGE('',*,*,#7402,.T.);
#7402 = EDGE_CURVE('',#7375,#7403,#7405,.T.);
#7403 = VERTEX_POINT('',#7404);
#7404 = CARTESIAN_POINT('',(-6.,19.5,-19.));
#7405 = SURFACE_CURVE('',#7406,(#7410,#7417),.PCURVE_S1.);
#7406 = LINE('',#7407,#7408);
#7407 = CARTESIAN_POINT('',(-6.,-21.,-19.));
#7408 = VECTOR('',#7409,1.);
#7409 = DIRECTION('',(0.,1.,0.));
#7410 = PCURVE('',#7350,#7411);
#7411 = DEFINITIONAL_REPRESENTATION('',(#7412),#7416);
#7412 = LINE('',#7413,#7414);
#7413 = CARTESIAN_POINT('',(0.,0.));
#7414 = VECTOR('',#7415,1.);
#7415 = DIRECTION('',(0.,-1.));
#7416 = ( GEOMETRIC_REPRESENTATION_CONTEXT(2) 
PARAMETRIC_REPRESENTATION_CONTEXT() REPRESENTATION_CONTEXT('2D SPACE',''
  ) );
#7417 = PCURVE('',#7418,#7423);
#7418 = PLANE('',#7419);
#7419 = AXIS2_PLACEMENT_3D('',#7420,#7421,#7422);
#7420 = CARTESIAN_POINT('',(-6.,-21.,-19.));
#7421 = DIRECTION('',(0.,0.,1.));
#7422 = DIRECTION('',(1.,0.,0.));
#7423 = DEFINITIONAL_REPRESENTATION('',(#7424),#7428);
#7424 = LINE('',#7425,#7426);
#7425 = CARTESIAN_POINT('',(0.,0.));
#7426 = VECTOR('',#7427,1.);
#7427 = DIRECTION('',(0.,1.));
#7428 = ( GEOMETRIC_REPRESENTATION_CONTEXT(2) 
PARAMETRIC_REPRESENTATION_CONTEXT() REPRESENTATION_CONTEXT('2D SPACE',''
  ) );
#7429 = ORIENTED_EDGE('',*,*,#7430,.T.);
#7430 = EDGE_CURVE('',#7403,#7342,#7431,.T.);
#7431 = SURFACE_CURVE('',#7432,(#7436,#7443),.PCURVE_S1.);
#7432 = LINE('',#7433,#7434);
#7433 = CARTESIAN_POINT('',(-6.,19.5,-19.));
#7434 = VECTOR('',#7435,1.);
#7435 = DIRECTION('',(0.,0.,1.));
#7436 = PCURVE('',#7350,#7437);
#7437 = DEFINITIONAL_REPRESENTATION('',(#7438),#7442);
#7438 = LINE('',#7439,#7440);
#7439 = CARTESIAN_POINT('',(0.,-40.5));
#7440 = VECTOR('',#7441,1.);
#7441 = DIRECTION('',(1.,0.));
#7442 = ( GEOMETRIC_REPRESENTATION_CONTEXT(2) 
PARAMETRIC_REPRESENTATION_CONTEXT() REPRESENTATION_CONTEXT('2D SPACE',''
  ) );
#7443 = PCURVE('',#7444,#7449);
#7444 = CYLINDRICAL_SURFACE('',#7445,1.5);
#7445 = AXIS2_PLACEMENT_3D('',#7446,#7447,#7448);
#7446 = CARTESIAN_POINT('',(-4.5,19.5,-19.));
#7447 = DIRECTION('',(0.,0.,1.));
#7448 = DIRECTION('',(-1.,-0.,0.));
#7449 = DEFINITIONAL_REPRESENTATION('',(#7450),#7454);
#7450 = LINE('',#7451,#7452);
#7451 = CARTESIAN_POINT('',(-0.,0.));
#7452 = VECTOR('',#7453,1.);
#7453 = DIRECTION('',(-0.,1.));
#7454 = ( GEOMETRIC_REPRESENTATION_CONTEXT(2) 
PARAMETRIC_REPRESENTATION_CONTEXT() REPRESENTATION_CONTEXT('2D SPACE',''
  ) );
#7455 = ADVANCED_FACE('',(#7456),#7362,.T.);
#7456 = FACE_BOUND('',#7457,.T.);
#7457 = EDGE_LOOP('',(#7458,#7459,#7483,#7511,#7544,#7572,#7601,#7629));
#7458 = ORIENTED_EDGE('',*,*,#7339,.F.);
#7459 = ORIENTED_EDGE('',*,*,#7460,.T.);
#7460 = EDGE_CURVE('',#7340,#7461,#7463,.T.);
#7461 = VERTEX_POINT('',#7462);
#7462 = CARTESIAN_POINT('',(-4.5,-21.,19.));
#7463 = SURFACE_CURVE('',#7464,(#7469,#7476),.PCURVE_S1.);
#7464 = CIRCLE('',#7465,1.5);
#7465 = AXIS2_PLACEMENT_3D('',#7466,#7467,#7468);
#7466 = CARTESIAN_POINT('',(-4.5,-19.5,19.));
#7467 = DIRECTION('',(0.,0.,1.));
#7468 = DIRECTION('',(0.,-1.,0.));
#7469 = PCURVE('',#7362,#7470);
#7470 = DEFINITIONAL_REPRESENTATION('',(#7471),#7475);
#7471 = CIRCLE('',#7472,1.5);
#7472 = AXIS2_PLACEMENT_2D('',#7473,#7474);
#7473 = CARTESIAN_POINT('',(1.5,1.5));
#7474 = DIRECTION('',(0.,-1.));
#7475 = ( GEOMETRIC_REPRESENTATION_CONTEXT(2) 
PARAMETRIC_REPRESENTATION_CONTEXT() REPRESENTATION_CONTEXT('2D SPACE',''
  ) );
#7476 = PCURVE('',#7390,#7477);
#7477 = DEFINITIONAL_REPRESENTATION('',(#7478),#7482);
#7478 = LINE('',#7479,#7480);
#7479 = CARTESIAN_POINT('',(-4.712388980385,38.));
#7480 = VECTOR('',#7481,1.);
#7481 = DIRECTION('',(1.,0.));
#7482 = ( GEOMETRIC_REPRESENTATION_CONTEXT(2) 
PARAMETRIC_REPRESENTATION_CONTEXT() REPRESENTATION_CONTEXT('2D SPACE',''
  ) );
#7483 = ORIENTED_EDGE('',*,*,#7484,.T.);
#7484 = EDGE_CURVE('',#7461,#7485,#7487,.T.);
#7485 = VERTEX_POINT('',#7486);
#7486 = CARTESIAN_POINT('',(4.5,-21.,19.));
#7487 = SURFACE_CURVE('',#7488,(#7492,#7499),.PCURVE_S1.);
#7488 = LINE('',#7489,#7490);
#7489 = CARTESIAN_POINT('',(-6.,-21.,19.));
#7490 = VECTOR('',#7491,1.);
#7491 = DIRECTION('',(1.,0.,0.));
#7492 = PCURVE('',#7362,#7493);
#7493 = DEFINITIONAL_REPRESENTATION('',(#7494),#7498);
#7494 = LINE('',#7495,#7496);
#7495 = CARTESIAN_POINT('',(0.,0.));
#7496 = VECTOR('',#7497,1.);
#7497 = DIRECTION('',(1.,0.));
#7498 = ( GEOMETRIC_REPRESENTATION_CONTEXT(2) 
PARAMETRIC_REPRESENTATION_CONTEXT() REPRESENTATION_CONTEXT('2D SPACE',''
  ) );
#7499 = PCURVE('',#7500,#7505);
#7500 = PLANE('',#7501);
#7501 = AXIS2_PLACEMENT_3D('',#7502,#7503,#7504);
#7502 = CARTESIAN_POINT('',(-6.,-21.,-19.));
#7503 = DIRECTION('',(0.,1.,0.));
#7504 = DIRECTION('',(0.,0.,1.));
#7505 = DEFINITIONAL_REPRESENTATION('',(#7506),#7510);
#7506 = LINE('',#7507,#7508);
#7507 = CARTESIAN_POINT('',(38.,0.));
#7508 = VECTOR('',#7509,1.);
#7509 = DIRECTION('',(0.,1.));
#7510 = ( GEOMETRIC_REPRESENTATION_CONTEXT(2) 
PARAMETRIC_REPRESENTATION_CONTEXT() REPRESENTATION_CONTEXT('2D SPACE',''
  ) );
#7511 = ORIENTED_EDGE('',*,*,#7512,.F.);
#7512 = EDGE_CURVE('',#7513,#7485,#7515,.T.);
#7513 = VERTEX_POINT('',#7514);
#7514 = CARTESIAN_POINT('',(6.,-19.5,19.));
#7515 = SURFACE_CURVE('',#7516,(#7521,#7532),.PCURVE_S1.);
#7516 = CIRCLE('',#7517,1.5);
#7517 = AXIS2_PLACEMENT_3D('',#7518,#7519,#7520);
#7518 = CARTESIAN_POINT('',(4.5,-19.5,19.));
#7519 = DIRECTION('',(-0.,-0.,-1.));
#7520 = DIRECTION('',(0.,-1.,0.));
#7521 = PCURVE('',#7362,#7522);
#7522 = DEFINITIONAL_REPRESENTATION('',(#7523),#7531);
#7523 = ( BOUNDED_CURVE() B_SPLINE_CURVE(2,(#7524,#7525,#7526,#7527,
#7528,#7529,#7530),.UNSPECIFIED.,.T.,.F.) B_SPLINE_CURVE_WITH_KNOTS((1,2
    ,2,2,2,1),(-2.094395102393,0.,2.094395102393,4.188790204786,
6.28318530718,8.377580409573),.UNSPECIFIED.) CURVE() 
GEOMETRIC_REPRESENTATION_ITEM() RATIONAL_B_SPLINE_CURVE((1.,0.5,1.,0.5,
1.,0.5,1.)) REPRESENTATION_ITEM('') );
#7524 = CARTESIAN_POINT('',(10.5,0.));
#7525 = CARTESIAN_POINT('',(7.901923788647,0.));
#7526 = CARTESIAN_POINT('',(9.200961894323,2.25));
#7527 = CARTESIAN_POINT('',(10.5,4.5));
#7528 = CARTESIAN_POINT('',(11.799038105677,2.25));
#7529 = CARTESIAN_POINT('',(13.098076211353,2.22044604925E-15));
#7530 = CARTESIAN_POINT('',(10.5,0.));
#7531 = ( GEOMETRIC_REPRESENTATION_CONTEXT(2) 
PARAMETRIC_REPRESENTATION_CONTEXT() REPRESENTATION_CONTEXT('2D SPACE',''
  ) );
#7532 = PCURVE('',#7533,#7538);
#7533 = CYLINDRICAL_SURFACE('',#7534,1.5);
#7534 = AXIS2_PLACEMENT_3D('',#7535,#7536,#7537);
#7535 = CARTESIAN_POINT('',(4.5,-19.5,-19.));
#7536 = DIRECTION('',(0.,0.,1.));
#7537 = DIRECTION('',(1.,0.,-0.));
#7538 = DEFINITIONAL_REPRESENTATION('',(#7539),#7543);
#7539 = LINE('',#7540,#7541);
#7540 = CARTESIAN_POINT('',(4.712388980385,38.));
#7541 = VECTOR('',#7542,1.);
#7542 = DIRECTION('',(-1.,0.));
#7543 = ( GEOMETRIC_REPRESENTATION_CONTEXT(2) 
PARAMETRIC_REPRESENTATION_CONTEXT() REPRESENTATION_CONTEXT('2D SPACE',''
  ) );
#7544 = ORIENTED_EDGE('',*,*,#7545,.T.);
#7545 = EDGE_CURVE('',#7513,#7546,#7548,.T.);
#7546 = VERTEX_POINT('',#7547);
#7547 = CARTESIAN_POINT('',(6.,19.5,19.));
#7548 = SURFACE_CURVE('',#7549,(#7553,#7560),.PCURVE_S1.);
#7549 = LINE('',#7550,#7551);
#7550 = CARTESIAN_POINT('',(6.,-21.,19.));
#7551 = VECTOR('',#7552,1.);
#7552 = DIRECTION('',(0.,1.,0.));
#7553 = PCURVE('',#7362,#7554);
#7554 = DEFINITIONAL_REPRESENTATION('',(#7555),#7559);
#7555 = LINE('',#7556,#7557);
#7556 = CARTESIAN_POINT('',(12.,0.));
#7557 = VECTOR('',#7558,1.);
#7558 = DIRECTION('',(0.,1.));
#7559 = ( GEOMETRIC_REPRESENTATION_CONTEXT(2) 
PARAMETRIC_REPRESENTATION_CONTEXT() REPRESENTATION_CONTEXT('2D SPACE',''
  ) );
#7560 = PCURVE('',#7561,#7566);
#7561 = PLANE('',#7562);
#7562 = AXIS2_PLACEMENT_3D('',#7563,#7564,#7565);
#7563 = CARTESIAN_POINT('',(6.,-21.,-19.));
#7564 = DIRECTION('',(1.,0.,0.));
#7565 = DIRECTION('',(0.,0.,1.));
#7566 = DEFINITIONAL_REPRESENTATION('',(#7567),#7571);
#7567 = LINE('',#7568,#7569);
#7568 = CARTESIAN_POINT('',(38.,0.));
#7569 = VECTOR('',#7570,1.);
#7570 = DIRECTION('',(0.,-1.));
#7571 = ( GEOMETRIC_REPRESENTATION_CONTEXT(2) 
PARAMETRIC_REPRESENTATION_CONTEXT() REPRESENTATION_CONTEXT('2D SPACE',''
  ) );
#7572 = ORIENTED_EDGE('',*,*,#7573,.T.);
#7573 = EDGE_CURVE('',#7546,#7574,#7576,.T.);
#7574 = VERTEX_POINT('',#7575);
#7575 = CARTESIAN_POINT('',(4.5,21.,19.));
#7576 = SURFACE_CURVE('',#7577,(#7582,#7589),.PCURVE_S1.);
#7577 = CIRCLE('',#7578,1.5);
#7578 = AXIS2_PLACEMENT_3D('',#7579,#7580,#7581);
#7579 = CARTESIAN_POINT('',(4.5,19.5,19.));
#7580 = DIRECTION('',(0.,0.,1.));
#7581 = DIRECTION('',(0.,-1.,0.));
#7582 = PCURVE('',#7362,#7583);
#7583 = DEFINITIONAL_REPRESENTATION('',(#7584),#7588);
#7584 = CIRCLE('',#7585,1.5);
#7585 = AXIS2_PLACEMENT_2D('',#7586,#7587);
#7586 = CARTESIAN_POINT('',(10.5,40.5));
#7587 = DIRECTION('',(0.,-1.));
#7588 = ( GEOMETRIC_REPRESENTATION_CONTEXT(2) 
PARAMETRIC_REPRESENTATION_CONTEXT() REPRESENTATION_CONTEXT('2D SPACE',''
  ) );
#7589 = PCURVE('',#7590,#7595);
#7590 = CYLINDRICAL_SURFACE('',#7591,1.5);
#7591 = AXIS2_PLACEMENT_3D('',#7592,#7593,#7594);
#7592 = CARTESIAN_POINT('',(4.5,19.5,-19.));
#7593 = DIRECTION('',(0.,0.,1.));
#7594 = DIRECTION('',(1.,0.,-0.));
#7595 = DEFINITIONAL_REPRESENTATION('',(#7596),#7600);
#7596 = LINE('',#7597,#7598);
#7597 = CARTESIAN_POINT('',(-1.570796326795,38.));
#7598 = VECTOR('',#7599,1.);
#7599 = DIRECTION('',(1.,0.));
#7600 = ( GEOMETRIC_REPRESENTATION_CONTEXT(2) 
PARAMETRIC_REPRESENTATION_CONTEXT() REPRESENTATION_CONTEXT('2D SPACE',''
  ) );
#7601 = ORIENTED_EDGE('',*,*,#7602,.F.);
#7602 = EDGE_CURVE('',#7603,#7574,#7605,.T.);
#7603 = VERTEX_POINT('',#7604);
#7604 = CARTESIAN_POINT('',(-4.5,21.,19.));
#7605 = SURFACE_CURVE('',#7606,(#7610,#7617),.PCURVE_S1.);
#7606 = LINE('',#7607,#7608);
#7607 = CARTESIAN_POINT('',(-6.,21.,19.));
#7608 = VECTOR('',#7609,1.);
#7609 = DIRECTION('',(1.,0.,0.));
#7610 = PCURVE('',#7362,#7611);
#7611 = DEFINITIONAL_REPRESENTATION('',(#7612),#7616);
#7612 = LINE('',#7613,#7614);
#7613 = CARTESIAN_POINT('',(0.,42.));
#7614 = VECTOR('',#7615,1.);
#7615 = DIRECTION('',(1.,0.));
#7616 = ( GEOMETRIC_REPRESENTATION_CONTEXT(2) 
PARAMETRIC_REPRESENTATION_CONTEXT() REPRESENTATION_CONTEXT('2D SPACE',''
  ) );
#7617 = PCURVE('',#7618,#7623);
#7618 = PLANE('',#7619);
#7619 = AXIS2_PLACEMENT_3D('',#7620,#7621,#7622);
#7620 = CARTESIAN_POINT('',(-6.,21.,-19.));
#7621 = DIRECTION('',(0.,1.,0.));
#7622 = DIRECTION('',(0.,0.,1.));
#7623 = DEFINITIONAL_REPRESENTATION('',(#7624),#7628);
#7624 = LINE('',#7625,#7626);
#7625 = CARTESIAN_POINT('',(38.,0.));
#7626 = VECTOR('',#7627,1.);
#7627 = DIRECTION('',(0.,1.));
#7628 = ( GEOMETRIC_REPRESENTATION_CONTEXT(2) 
PARAMETRIC_REPRESENTATION_CONTEXT() REPRESENTATION_CONTEXT('2D SPACE',''
  ) );
#7629 = ORIENTED_EDGE('',*,*,#7630,.F.);
#7630 = EDGE_CURVE('',#7342,#7603,#7631,.T.);
#7631 = SURFACE_CURVE('',#7632,(#7637,#7648),.PCURVE_S1.);
#7632 = CIRCLE('',#7633,1.5);
#7633 = AXIS2_PLACEMENT_3D('',#7634,#7635,#7636);
#7634 = CARTESIAN_POINT('',(-4.5,19.5,19.));
#7635 = DIRECTION('',(-0.,-0.,-1.));
#7636 = DIRECTION('',(0.,-1.,0.));
#7637 = PCURVE('',#7362,#7638);
#7638 = DEFINITIONAL_REPRESENTATION('',(#7639),#7647);
#7639 = ( BOUNDED_CURVE() B_SPLINE_CURVE(2,(#7640,#7641,#7642,#7643,
#7644,#7645,#7646),.UNSPECIFIED.,.T.,.F.) B_SPLINE_CURVE_WITH_KNOTS((1,2
    ,2,2,2,1),(-2.094395102393,0.,2.094395102393,4.188790204786,
6.28318530718,8.377580409573),.UNSPECIFIED.) CURVE() 
GEOMETRIC_REPRESENTATION_ITEM() RATIONAL_B_SPLINE_CURVE((1.,0.5,1.,0.5,
1.,0.5,1.)) REPRESENTATION_ITEM('') );
#7640 = CARTESIAN_POINT('',(1.5,39.));
#7641 = CARTESIAN_POINT('',(-1.098076211353,39.));
#7642 = CARTESIAN_POINT('',(0.200961894323,41.25));
#7643 = CARTESIAN_POINT('',(1.5,43.5));
#7644 = CARTESIAN_POINT('',(2.799038105677,41.25));
#7645 = CARTESIAN_POINT('',(4.098076211353,39.));
#7646 = CARTESIAN_POINT('',(1.5,39.));
#7647 = ( GEOMETRIC_REPRESENTATION_CONTEXT(2) 
PARAMETRIC_REPRESENTATION_CONTEXT() REPRESENTATION_CONTEXT('2D SPACE',''
  ) );
#7648 = PCURVE('',#7444,#7649);
#7649 = DEFINITIONAL_REPRESENTATION('',(#7650),#7654);
#7650 = LINE('',#7651,#7652);
#7651 = CARTESIAN_POINT('',(1.570796326795,38.));
#7652 = VECTOR('',#7653,1.);
#7653 = DIRECTION('',(-1.,0.));
#7654 = ( GEOMETRIC_REPRESENTATION_CONTEXT(2) 
PARAMETRIC_REPRESENTATION_CONTEXT() REPRESENTATION_CONTEXT('2D SPACE',''
  ) );
#7655 = ADVANCED_FACE('',(#7656),#7390,.T.);
#7656 = FACE_BOUND('',#7657,.T.);
#7657 = EDGE_LOOP('',(#7658,#7682,#7703,#7704));
#7658 = ORIENTED_EDGE('',*,*,#7659,.T.);
#7659 = EDGE_CURVE('',#7375,#7660,#7662,.T.);
#7660 = VERTEX_POINT('',#7661);
#7661 = CARTESIAN_POINT('',(-4.5,-21.,-19.));
#7662 = SURFACE_CURVE('',#7663,(#7668,#7675),.PCURVE_S1.);
#7663 = CIRCLE('',#7664,1.5);
#7664 = AXIS2_PLACEMENT_3D('',#7665,#7666,#7667);
#7665 = CARTESIAN_POINT('',(-4.5,-19.5,-19.));
#7666 = DIRECTION('',(0.,0.,1.));
#7667 = DIRECTION('',(0.,-1.,0.));
#7668 = PCURVE('',#7390,#7669);
#7669 = DEFINITIONAL_REPRESENTATION('',(#7670),#7674);
#7670 = LINE('',#7671,#7672);
#7671 = CARTESIAN_POINT('',(-4.712388980385,0.));
#7672 = VECTOR('',#7673,1.);
#7673 = DIRECTION('',(1.,0.));
#7674 = ( GEOMETRIC_REPRESENTATION_CONTEXT(2) 
PARAMETRIC_REPRESENTATION_CONTEXT() REPRESENTATION_CONTEXT('2D SPACE',''
  ) );
#7675 = PCURVE('',#7418,#7676);
#7676 = DEFINITIONAL_REPRESENTATION('',(#7677),#7681);
#7677 = CIRCLE('',#7678,1.5);
#7678 = AXIS2_PLACEMENT_2D('',#7679,#7680);
#7679 = CARTESIAN_POINT('',(1.5,1.5));
#7680 = DIRECTION('',(0.,-1.));
#7681 = ( GEOMETRIC_REPRESENTATION_CONTEXT(2) 
PARAMETRIC_REPRESENTATION_CONTEXT() REPRESENTATION_CONTEXT('2D SPACE',''
  ) );
#7682 = ORIENTED_EDGE('',*,*,#7683,.T.);
#7683 = EDGE_CURVE('',#7660,#7461,#7684,.T.);
#7684 = SURFACE_CURVE('',#7685,(#7689,#7696),.PCURVE_S1.);
#7685 = LINE('',#7686,#7687);
#7686 = CARTESIAN_POINT('',(-4.5,-21.,-19.));
#7687 = VECTOR('',#7688,1.);
#7688 = DIRECTION('',(0.,0.,1.));
#7689 = PCURVE('',#7390,#7690);
#7690 = DEFINITIONAL_REPRESENTATION('',(#7691),#7695);
#7691 = LINE('',#7692,#7693);
#7692 = CARTESIAN_POINT('',(1.570796326795,0.));
#7693 = VECTOR('',#7694,1.);
#7694 = DIRECTION('',(0.,1.));
#7695 = ( GEOMETRIC_REPRESENTATION_CONTEXT(2) 
PARAMETRIC_REPRESENTATION_CONTEXT() REPRESENTATION_CONTEXT('2D SPACE',''
  ) );
#7696 = PCURVE('',#7500,#7697);
#7697 = DEFINITIONAL_REPRESENTATION('',(#7698),#7702);
#7698 = LINE('',#7699,#7700);
#7699 = CARTESIAN_POINT('',(0.,1.5));
#7700 = VECTOR('',#7701,1.);
#7701 = DIRECTION('',(1.,0.));
#7702 = ( GEOMETRIC_REPRESENTATION_CONTEXT(2) 
PARAMETRIC_REPRESENTATION_CONTEXT() REPRESENTATION_CONTEXT('2D SPACE',''
  ) );
#7703 = ORIENTED_EDGE('',*,*,#7460,.F.);
#7704 = ORIENTED_EDGE('',*,*,#7374,.F.);
#7705 = ADVANCED_FACE('',(#7706),#7444,.T.);
#7706 = FACE_BOUND('',#7707,.F.);
#7707 = EDGE_LOOP('',(#7708,#7736,#7757,#7758));
#7708 = ORIENTED_EDGE('',*,*,#7709,.T.);
#7709 = EDGE_CURVE('',#7403,#7710,#7712,.T.);
#7710 = VERTEX_POINT('',#7711);
#7711 = CARTESIAN_POINT('',(-4.5,21.,-19.));
#7712 = SURFACE_CURVE('',#7713,(#7718,#7725),.PCURVE_S1.);
#7713 = CIRCLE('',#7714,1.5);
#7714 = AXIS2_PLACEMENT_3D('',#7715,#7716,#7717);
#7715 = CARTESIAN_POINT('',(-4.5,19.5,-19.));
#7716 = DIRECTION('',(-0.,-0.,-1.));
#7717 = DIRECTION('',(0.,-1.,0.));
#7718 = PCURVE('',#7444,#7719);
#7719 = DEFINITIONAL_REPRESENTATION('',(#7720),#7724);
#7720 = LINE('',#7721,#7722);
#7721 = CARTESIAN_POINT('',(1.570796326795,-0.));
#7722 = VECTOR('',#7723,1.);
#7723 = DIRECTION('',(-1.,0.));
#7724 = ( GEOMETRIC_REPRESENTATION_CONTEXT(2) 
PARAMETRIC_REPRESENTATION_CONTEXT() REPRESENTATION_CONTEXT('2D SPACE',''
  ) );
#7725 = PCURVE('',#7418,#7726);
#7726 = DEFINITIONAL_REPRESENTATION('',(#7727),#7735);
#7727 = ( BOUNDED_CURVE() B_SPLINE_CURVE(2,(#7728,#7729,#7730,#7731,
#7732,#7733,#7734),.UNSPECIFIED.,.T.,.F.) B_SPLINE_CURVE_WITH_KNOTS((1,2
    ,2,2,2,1),(-2.094395102393,0.,2.094395102393,4.188790204786,
6.28318530718,8.377580409573),.UNSPECIFIED.) CURVE() 
GEOMETRIC_REPRESENTATION_ITEM() RATIONAL_B_SPLINE_CURVE((1.,0.5,1.,0.5,
1.,0.5,1.)) REPRESENTATION_ITEM('') );
#7728 = CARTESIAN_POINT('',(1.5,39.));
#7729 = CARTESIAN_POINT('',(-1.098076211353,39.));
#7730 = CARTESIAN_POINT('',(0.200961894323,41.25));
#7731 = CARTESIAN_POINT('',(1.5,43.5));
#7732 = CARTESIAN_POINT('',(2.799038105677,41.25));
#7733 = CARTESIAN_POINT('',(4.098076211353,39.));
#7734 = CARTESIAN_POINT('',(1.5,39.));
#7735 = ( GEOMETRIC_REPRESENTATION_CONTEXT(2) 
PARAMETRIC_REPRESENTATION_CONTEXT() REPRESENTATION_CONTEXT('2D SPACE',''
  ) );
#7736 = ORIENTED_EDGE('',*,*,#7737,.T.);
#7737 = EDGE_CURVE('',#7710,#7603,#7738,.T.);
#7738 = SURFACE_CURVE('',#7739,(#7743,#7750),.PCURVE_S1.);
#7739 = LINE('',#7740,#7741);
#7740 = CARTESIAN_POINT('',(-4.5,21.,-19.));
#7741 = VECTOR('',#7742,1.);
#7742 = DIRECTION('',(0.,0.,1.));
#7743 = PCURVE('',#7444,#7744);
#7744 = DEFINITIONAL_REPRESENTATION('',(#7745),#7749);
#7745 = LINE('',#7746,#7747);
#7746 = CARTESIAN_POINT('',(-1.570796326795,0.));
#7747 = VECTOR('',#7748,1.);
#7748 = DIRECTION('',(-0.,1.));
#7749 = ( GEOMETRIC_REPRESENTATION_CONTEXT(2) 
PARAMETRIC_REPRESENTATION_CONTEXT() REPRESENTATION_CONTEXT('2D SPACE',''
  ) );
#7750 = PCURVE('',#7618,#7751);
#7751 = DEFINITIONAL_REPRESENTATION('',(#7752),#7756);
#7752 = LINE('',#7753,#7754);
#7753 = CARTESIAN_POINT('',(0.,1.5));
#7754 = VECTOR('',#7755,1.);
#7755 = DIRECTION('',(1.,0.));
#7756 = ( GEOMETRIC_REPRESENTATION_CONTEXT(2) 
PARAMETRIC_REPRESENTATION_CONTEXT() REPRESENTATION_CONTEXT('2D SPACE',''
  ) );
#7757 = ORIENTED_EDGE('',*,*,#7630,.F.);
#7758 = ORIENTED_EDGE('',*,*,#7430,.F.);
#7759 = ADVANCED_FACE('',(#7760),#7418,.F.);
#7760 = FACE_BOUND('',#7761,.F.);
#7761 = EDGE_LOOP('',(#7762,#7763,#7764,#7787,#7815,#7838,#7862,#7883));
#7762 = ORIENTED_EDGE('',*,*,#7402,.F.);
#7763 = ORIENTED_EDGE('',*,*,#7659,.T.);
#7764 = ORIENTED_EDGE('',*,*,#7765,.T.);
#7765 = EDGE_CURVE('',#7660,#7766,#7768,.T.);
#7766 = VERTEX_POINT('',#7767);
#7767 = CARTESIAN_POINT('',(4.5,-21.,-19.));
#7768 = SURFACE_CURVE('',#7769,(#7773,#7780),.PCURVE_S1.);
#7769 = LINE('',#7770,#7771);
#7770 = CARTESIAN_POINT('',(-6.,-21.,-19.));
#7771 = VECTOR('',#7772,1.);
#7772 = DIRECTION('',(1.,0.,0.));
#7773 = PCURVE('',#7418,#7774);
#7774 = DEFINITIONAL_REPRESENTATION('',(#7775),#7779);
#7775 = LINE('',#7776,#7777);
#7776 = CARTESIAN_POINT('',(0.,0.));
#7777 = VECTOR('',#7778,1.);
#7778 = DIRECTION('',(1.,0.));
#7779 = ( GEOMETRIC_REPRESENTATION_CONTEXT(2) 
PARAMETRIC_REPRESENTATION_CONTEXT() REPRESENTATION_CONTEXT('2D SPACE',''
  ) );
#7780 = PCURVE('',#7500,#7781);
#7781 = DEFINITIONAL_REPRESENTATION('',(#7782),#7786);
#7782 = LINE('',#7783,#7784);
#7783 = CARTESIAN_POINT('',(0.,0.));
#7784 = VECTOR('',#7785,1.);
#7785 = DIRECTION('',(0.,1.));
#7786 = ( GEOMETRIC_REPRESENTATION_CONTEXT(2) 
PARAMETRIC_REPRESENTATION_CONTEXT() REPRESENTATION_CONTEXT('2D SPACE',''
  ) );
#7787 = ORIENTED_EDGE('',*,*,#7788,.F.);
#7788 = EDGE_CURVE('',#7789,#7766,#7791,.T.);
#7789 = VERTEX_POINT('',#7790);
#7790 = CARTESIAN_POINT('',(6.,-19.5,-19.));
#7791 = SURFACE_CURVE('',#7792,(#7797,#7808),.PCURVE_S1.);
#7792 = CIRCLE('',#7793,1.5);
#7793 = AXIS2_PLACEMENT_3D('',#7794,#7795,#7796);
#7794 = CARTESIAN_POINT('',(4.5,-19.5,-19.));
#7795 = DIRECTION('',(-0.,-0.,-1.));
#7796 = DIRECTION('',(0.,-1.,0.));
#7797 = PCURVE('',#7418,#7798);
#7798 = DEFINITIONAL_REPRESENTATION('',(#7799),#7807);
#7799 = ( BOUNDED_CURVE() B_SPLINE_CURVE(2,(#7800,#7801,#7802,#7803,
#7804,#7805,#7806),.UNSPECIFIED.,.T.,.F.) B_SPLINE_CURVE_WITH_KNOTS((1,2
    ,2,2,2,1),(-2.094395102393,0.,2.094395102393,4.188790204786,
6.28318530718,8.377580409573),.UNSPECIFIED.) CURVE() 
GEOMETRIC_REPRESENTATION_ITEM() RATIONAL_B_SPLINE_CURVE((1.,0.5,1.,0.5,
1.,0.5,1.)) REPRESENTATION_ITEM('') );
#7800 = CARTESIAN_POINT('',(10.5,0.));
#7801 = CARTESIAN_POINT('',(7.901923788647,0.));
#7802 = CARTESIAN_POINT('',(9.200961894323,2.25));
#7803 = CARTESIAN_POINT('',(10.5,4.5));
#7804 = CARTESIAN_POINT('',(11.799038105677,2.25));
#7805 = CARTESIAN_POINT('',(13.098076211353,2.22044604925E-15));
#7806 = CARTESIAN_POINT('',(10.5,0.));
#7807 = ( GEOMETRIC_REPRESENTATION_CONTEXT(2) 
PARAMETRIC_REPRESENTATION_CONTEXT() REPRESENTATION_CONTEXT('2D SPACE',''
  ) );
#7808 = PCURVE('',#7533,#7809);
#7809 = DEFINITIONAL_REPRESENTATION('',(#7810),#7814);
#7810 = LINE('',#7811,#7812);
#7811 = CARTESIAN_POINT('',(4.712388980385,-0.));
#7812 = VECTOR('',#7813,1.);
#7813 = DIRECTION('',(-1.,0.));
#7814 = ( GEOMETRIC_REPRESENTATION_CONTEXT(2) 
PARAMETRIC_REPRESENTATION_CONTEXT() REPRESENTATION_CONTEXT('2D SPACE',''
  ) );
#7815 = ORIENTED_EDGE('',*,*,#7816,.T.);
#7816 = EDGE_CURVE('',#7789,#7817,#7819,.T.);
#7817 = VERTEX_POINT('',#7818);
#7818 = CARTESIAN_POINT('',(6.,19.5,-19.));
#7819 = SURFACE_CURVE('',#7820,(#7824,#7831),.PCURVE_S1.);
#7820 = LINE('',#7821,#7822);
#7821 = CARTESIAN_POINT('',(6.,-21.,-19.));
#7822 = VECTOR('',#7823,1.);
#7823 = DIRECTION('',(0.,1.,0.));
#7824 = PCURVE('',#7418,#7825);
#7825 = DEFINITIONAL_REPRESENTATION('',(#7826),#7830);
#7826 = LINE('',#7827,#7828);
#7827 = CARTESIAN_POINT('',(12.,0.));
#7828 = VECTOR('',#7829,1.);
#7829 = DIRECTION('',(0.,1.));
#7830 = ( GEOMETRIC_REPRESENTATION_CONTEXT(2) 
PARAMETRIC_REPRESENTATION_CONTEXT() REPRESENTATION_CONTEXT('2D SPACE',''
  ) );
#7831 = PCURVE('',#7561,#7832);
#7832 = DEFINITIONAL_REPRESENTATION('',(#7833),#7837);
#7833 = LINE('',#7834,#7835);
#7834 = CARTESIAN_POINT('',(0.,0.));
#7835 = VECTOR('',#7836,1.);
#7836 = DIRECTION('',(0.,-1.));
#7837 = ( GEOMETRIC_REPRESENTATION_CONTEXT(2) 
PARAMETRIC_REPRESENTATION_CONTEXT() REPRESENTATION_CONTEXT('2D SPACE',''
  ) );
#7838 = ORIENTED_EDGE('',*,*,#7839,.T.);
#7839 = EDGE_CURVE('',#7817,#7840,#7842,.T.);
#7840 = VERTEX_POINT('',#7841);
#7841 = CARTESIAN_POINT('',(4.5,21.,-19.));
#7842 = SURFACE_CURVE('',#7843,(#7848,#7855),.PCURVE_S1.);
#7843 = CIRCLE('',#7844,1.5);
#7844 = AXIS2_PLACEMENT_3D('',#7845,#7846,#7847);
#7845 = CARTESIAN_POINT('',(4.5,19.5,-19.));
#7846 = DIRECTION('',(0.,0.,1.));
#7847 = DIRECTION('',(0.,-1.,0.));
#7848 = PCURVE('',#7418,#7849);
#7849 = DEFINITIONAL_REPRESENTATION('',(#7850),#7854);
#7850 = CIRCLE('',#7851,1.5);
#7851 = AXIS2_PLACEMENT_2D('',#7852,#7853);
#7852 = CARTESIAN_POINT('',(10.5,40.5));
#7853 = DIRECTION('',(0.,-1.));
#7854 = ( GEOMETRIC_REPRESENTATION_CONTEXT(2) 
PARAMETRIC_REPRESENTATION_CONTEXT() REPRESENTATION_CONTEXT('2D SPACE',''
  ) );
#7855 = PCURVE('',#7590,#7856);
#7856 = DEFINITIONAL_REPRESENTATION('',(#7857),#7861);
#7857 = LINE('',#7858,#7859);
#7858 = CARTESIAN_POINT('',(-1.570796326795,0.));
#7859 = VECTOR('',#7860,1.);
#7860 = DIRECTION('',(1.,0.));
#7861 = ( GEOMETRIC_REPRESENTATION_CONTEXT(2) 
PARAMETRIC_REPRESENTATION_CONTEXT() REPRESENTATION_CONTEXT('2D SPACE',''
  ) );
#7862 = ORIENTED_EDGE('',*,*,#7863,.F.);
#7863 = EDGE_CURVE('',#7710,#7840,#7864,.T.);
#7864 = SURFACE_CURVE('',#7865,(#7869,#7876),.PCURVE_S1.);
#7865 = LINE('',#7866,#7867);
#7866 = CARTESIAN_POINT('',(-6.,21.,-19.));
#7867 = VECTOR('',#7868,1.);
#7868 = DIRECTION('',(1.,0.,0.));
#7869 = PCURVE('',#7418,#7870);
#7870 = DEFINITIONAL_REPRESENTATION('',(#7871),#7875);
#7871 = LINE('',#7872,#7873);
#7872 = CARTESIAN_POINT('',(0.,42.));
#7873 = VECTOR('',#7874,1.);
#7874 = DIRECTION('',(1.,0.));
#7875 = ( GEOMETRIC_REPRESENTATION_CONTEXT(2) 
PARAMETRIC_REPRESENTATION_CONTEXT() REPRESENTATION_CONTEXT('2D SPACE',''
  ) );
#7876 = PCURVE('',#7618,#7877);
#7877 = DEFINITIONAL_REPRESENTATION('',(#7878),#7882);
#7878 = LINE('',#7879,#7880);
#7879 = CARTESIAN_POINT('',(0.,0.));
#7880 = VECTOR('',#7881,1.);
#7881 = DIRECTION('',(0.,1.));
#7882 = ( GEOMETRIC_REPRESENTATION_CONTEXT(2) 
PARAMETRIC_REPRESENTATION_CONTEXT() REPRESENTATION_CONTEXT('2D SPACE',''
  ) );
#7883 = ORIENTED_EDGE('',*,*,#7709,.F.);
#7884 = ADVANCED_FACE('',(#7885),#7500,.F.);
#7885 = FACE_BOUND('',#7886,.F.);
#7886 = EDGE_LOOP('',(#7887,#7888,#7889,#7890));
#7887 = ORIENTED_EDGE('',*,*,#7765,.F.);
#7888 = ORIENTED_EDGE('',*,*,#7683,.T.);
#7889 = ORIENTED_EDGE('',*,*,#7484,.T.);
#7890 = ORIENTED_EDGE('',*,*,#7891,.F.);
#7891 = EDGE_CURVE('',#7766,#7485,#7892,.T.);
#7892 = SURFACE_CURVE('',#7893,(#7897,#7904),.PCURVE_S1.);
#7893 = LINE('',#7894,#7895);
#7894 = CARTESIAN_POINT('',(4.5,-21.,-19.));
#7895 = VECTOR('',#7896,1.);
#7896 = DIRECTION('',(0.,0.,1.));
#7897 = PCURVE('',#7500,#7898);
#7898 = DEFINITIONAL_REPRESENTATION('',(#7899),#7903);
#7899 = LINE('',#7900,#7901);
#7900 = CARTESIAN_POINT('',(0.,10.5));
#7901 = VECTOR('',#7902,1.);
#7902 = DIRECTION('',(1.,0.));
#7903 = ( GEOMETRIC_REPRESENTATION_CONTEXT(2) 
PARAMETRIC_REPRESENTATION_CONTEXT() REPRESENTATION_CONTEXT('2D SPACE',''
  ) );
#7904 = PCURVE('',#7533,#7905);
#7905 = DEFINITIONAL_REPRESENTATION('',(#7906),#7910);
#7906 = LINE('',#7907,#7908);
#7907 = CARTESIAN_POINT('',(-1.570796326795,0.));
#7908 = VECTOR('',#7909,1.);
#7909 = DIRECTION('',(-0.,1.));
#7910 = ( GEOMETRIC_REPRESENTATION_CONTEXT(2) 
PARAMETRIC_REPRESENTATION_CONTEXT() REPRESENTATION_CONTEXT('2D SPACE',''
  ) );
#7911 = ADVANCED_FACE('',(#7912),#7618,.T.);
#7912 = FACE_BOUND('',#7913,.T.);
#7913 = EDGE_LOOP('',(#7914,#7915,#7916,#7917));
#7914 = ORIENTED_EDGE('',*,*,#7863,.F.);
#7915 = ORIENTED_EDGE('',*,*,#7737,.T.);
#7916 = ORIENTED_EDGE('',*,*,#7602,.T.);
#7917 = ORIENTED_EDGE('',*,*,#7918,.F.);
#7918 = EDGE_CURVE('',#7840,#7574,#7919,.T.);
#7919 = SURFACE_CURVE('',#7920,(#7924,#7931),.PCURVE_S1.);
#7920 = LINE('',#7921,#7922);
#7921 = CARTESIAN_POINT('',(4.5,21.,-19.));
#7922 = VECTOR('',#7923,1.);
#7923 = DIRECTION('',(0.,0.,1.));
#7924 = PCURVE('',#7618,#7925);
#7925 = DEFINITIONAL_REPRESENTATION('',(#7926),#7930);
#7926 = LINE('',#7927,#7928);
#7927 = CARTESIAN_POINT('',(0.,10.5));
#7928 = VECTOR('',#7929,1.);
#7929 = DIRECTION('',(1.,0.));
#7930 = ( GEOMETRIC_REPRESENTATION_CONTEXT(2) 
PARAMETRIC_REPRESENTATION_CONTEXT() REPRESENTATION_CONTEXT('2D SPACE',''
  ) );
#7931 = PCURVE('',#7590,#7932);
#7932 = DEFINITIONAL_REPRESENTATION('',(#7933),#7937);
#7933 = LINE('',#7934,#7935);
#7934 = CARTESIAN_POINT('',(1.570796326795,0.));
#7935 = VECTOR('',#7936,1.);
#7936 = DIRECTION('',(0.,1.));
#7937 = ( GEOMETRIC_REPRESENTATION_CONTEXT(2) 
PARAMETRIC_REPRESENTATION_CONTEXT() REPRESENTATION_CONTEXT('2D SPACE',''
  ) );
#7938 = ADVANCED_FACE('',(#7939),#7533,.T.);
#7939 = FACE_BOUND('',#7940,.F.);
#7940 = EDGE_LOOP('',(#7941,#7942,#7943,#7944));
#7941 = ORIENTED_EDGE('',*,*,#7788,.T.);
#7942 = ORIENTED_EDGE('',*,*,#7891,.T.);
#7943 = ORIENTED_EDGE('',*,*,#7512,.F.);
#7944 = ORIENTED_EDGE('',*,*,#7945,.F.);
#7945 = EDGE_CURVE('',#7789,#7513,#7946,.T.);
#7946 = SURFACE_CURVE('',#7947,(#7951,#7958),.PCURVE_S1.);
#7947 = LINE('',#7948,#7949);
#7948 = CARTESIAN_POINT('',(6.,-19.5,-19.));
#7949 = VECTOR('',#7950,1.);
#7950 = DIRECTION('',(0.,0.,1.));
#7951 = PCURVE('',#7533,#7952);
#7952 = DEFINITIONAL_REPRESENTATION('',(#7953),#7957);
#7953 = LINE('',#7954,#7955);
#7954 = CARTESIAN_POINT('',(-0.,0.));
#7955 = VECTOR('',#7956,1.);
#7956 = DIRECTION('',(-0.,1.));
#7957 = ( GEOMETRIC_REPRESENTATION_CONTEXT(2) 
PARAMETRIC_REPRESENTATION_CONTEXT() REPRESENTATION_CONTEXT('2D SPACE',''
  ) );
#7958 = PCURVE('',#7561,#7959);
#7959 = DEFINITIONAL_REPRESENTATION('',(#7960),#7964);
#7960 = LINE('',#7961,#7962);
#7961 = CARTESIAN_POINT('',(0.,-1.5));
#7962 = VECTOR('',#7963,1.);
#7963 = DIRECTION('',(1.,0.));
#7964 = ( GEOMETRIC_REPRESENTATION_CONTEXT(2) 
PARAMETRIC_REPRESENTATION_CONTEXT() REPRESENTATION_CONTEXT('2D SPACE',''
  ) );
#7965 = ADVANCED_FACE('',(#7966),#7590,.T.);
#7966 = FACE_BOUND('',#7967,.T.);
#7967 = EDGE_LOOP('',(#7968,#7969,#7970,#7971));
#7968 = ORIENTED_EDGE('',*,*,#7839,.T.);
#7969 = ORIENTED_EDGE('',*,*,#7918,.T.);
#7970 = ORIENTED_EDGE('',*,*,#7573,.F.);
#7971 = ORIENTED_EDGE('',*,*,#7972,.F.);
#7972 = EDGE_CURVE('',#7817,#7546,#7973,.T.);
#7973 = SURFACE_CURVE('',#7974,(#7978,#7985),.PCURVE_S1.);
#7974 = LINE('',#7975,#7976);
#7975 = CARTESIAN_POINT('',(6.,19.5,-19.));
#7976 = VECTOR('',#7977,1.);
#7977 = DIRECTION('',(0.,0.,1.));
#7978 = PCURVE('',#7590,#7979);
#7979 = DEFINITIONAL_REPRESENTATION('',(#7980),#7984);
#7980 = LINE('',#7981,#7982);
#7981 = CARTESIAN_POINT('',(0.,0.));
#7982 = VECTOR('',#7983,1.);
#7983 = DIRECTION('',(0.,1.));
#7984 = ( GEOMETRIC_REPRESENTATION_CONTEXT(2) 
PARAMETRIC_REPRESENTATION_CONTEXT() REPRESENTATION_CONTEXT('2D SPACE',''
  ) );
#7985 = PCURVE('',#7561,#7986);
#7986 = DEFINITIONAL_REPRESENTATION('',(#7987),#7991);
#7987 = LINE('',#7988,#7989);
#7988 = CARTESIAN_POINT('',(0.,-40.5));
#7989 = VECTOR('',#7990,1.);
#7990 = DIRECTION('',(1.,0.));
#7991 = ( GEOMETRIC_REPRESENTATION_CONTEXT(2) 
PARAMETRIC_REPRESENTATION_CONTEXT() REPRESENTATION_CONTEXT('2D SPACE',''
  ) );
#7992 = ADVANCED_FACE('',(#7993),#7561,.T.);
#7993 = FACE_BOUND('',#7994,.T.);
#7994 = EDGE_LOOP('',(#7995,#7996,#7997,#7998));
#7995 = ORIENTED_EDGE('',*,*,#7545,.F.);
#7996 = ORIENTED_EDGE('',*,*,#7945,.F.);
#7997 = ORIENTED_EDGE('',*,*,#7816,.T.);
#7998 = ORIENTED_EDGE('',*,*,#7972,.T.);
#7999 = ( GEOMETRIC_REPRESENTATION_CONTEXT(3) 
GLOBAL_UNCERTAINTY_ASSIGNED_CONTEXT((#8003)) 
GLOBAL_UNIT_ASSIGNED_CONTEXT((#8000,#8001,#8002)) REPRESENTATION_CONTEXT
('Context #1','3D Context with UNIT and UNCERTAINTY') );
#8000 = ( LENGTH_UNIT() NAMED_UNIT(*) SI_UNIT(.MILLI.,.METRE.) );
#8001 = ( NAMED_UNIT(*) PLANE_ANGLE_UNIT() SI_UNIT($,.RADIAN.) );
#8002 = ( NAMED_UNIT(*) SI_UNIT($,.STERADIAN.) SOLID_ANGLE_UNIT() );
#8003 = UNCERTAINTY_MEASURE_WITH_UNIT(LENGTH_MEASURE(1.E-07),#8000,
  'distance_accuracy_value','confusion accuracy');
#8004 = CONTEXT_DEPENDENT_SHAPE_REPRESENTATION(#8005,#8007);
#8005 = ( REPRESENTATION_RELATIONSHIP('','',#7332,#10) 
REPRESENTATION_RELATIONSHIP_WITH_TRANSFORMATION(#8006) 
SHAPE_REPRESENTATION_RELATIONSHIP() );
#8006 = ITEM_DEFINED_TRANSFORMATION('','',#11,#47);
#8007 = PRODUCT_DEFINITION_SHAPE('Placement','Placement of an item',
  #8008);
#8008 = NEXT_ASSEMBLY_USAGE_OCCURRENCE('9','SY3_SV_1_SY3420-5LZ-M5','',
  #5,#7327,$);
#8009 = PRODUCT_RELATED_PRODUCT_CATEGORY('part',$,(#7329));
#8010 = SHAPE_DEFINITION_REPRESENTATION(#8011,#8017);
#8011 = PRODUCT_DEFINITION_SHAPE('','',#8012);
#8012 = PRODUCT_DEFINITION('design','',#8013,#8016);
#8013 = PRODUCT_DEFINITION_FORMATION('','',#8014);
#8014 = PRODUCT('SY3_SV_2_SY3420-5LZ-M5','SY3_SV_2_SY3420-5LZ-M5','',(
    #8015));
#8015 = PRODUCT_CONTEXT('',#2,'mechanical');
#8016 = PRODUCT_DEFINITION_CONTEXT('part definition',#2,'design');
#8017 = ADVANCED_BREP_SHAPE_REPRESENTATION('',(#11,#8018),#8684);
#8018 = MANIFOLD_SOLID_BREP('',#8019);
#8019 = CLOSED_SHELL('',(#8020,#8140,#8340,#8390,#8444,#8569,#8596,#8623
    ,#8650,#8677));
#8020 = ADVANCED_FACE('',(#8021),#8035,.F.);
#8021 = FACE_BOUND('',#8022,.F.);
#8022 = EDGE_LOOP('',(#8023,#8058,#8086,#8114));
#8023 = ORIENTED_EDGE('',*,*,#8024,.F.);
#8024 = EDGE_CURVE('',#8025,#8027,#8029,.T.);
#8025 = VERTEX_POINT('',#8026);
#8026 = CARTESIAN_POINT('',(-6.,-19.5,19.));
#8027 = VERTEX_POINT('',#8028);
#8028 = CARTESIAN_POINT('',(-6.,19.5,19.));
#8029 = SURFACE_CURVE('',#8030,(#8034,#8046),.PCURVE_S1.);
#8030 = LINE('',#8031,#8032);
#8031 = CARTESIAN_POINT('',(-6.,-21.,19.));
#8032 = VECTOR('',#8033,1.);
#8033 = DIRECTION('',(0.,1.,0.));
#8034 = PCURVE('',#8035,#8040);
#8035 = PLANE('',#8036);
#8036 = AXIS2_PLACEMENT_3D('',#8037,#8038,#8039);
#8037 = CARTESIAN_POINT('',(-6.,-21.,-19.));
#8038 = DIRECTION('',(1.,0.,0.));
#8039 = DIRECTION('',(0.,0.,1.));
#8040 = DEFINITIONAL_REPRESENTATION('',(#8041),#8045);
#8041 = LINE('',#8042,#8043);
#8042 = CARTESIAN_POINT('',(38.,0.));
#8043 = VECTOR('',#8044,1.);
#8044 = DIRECTION('',(0.,-1.));
#8045 = ( GEOMETRIC_REPRESENTATION_CONTEXT(2) 
PARAMETRIC_REPRESENTATION_CONTEXT() REPRESENTATION_CONTEXT('2D SPACE',''
  ) );
#8046 = PCURVE('',#8047,#8052);
#8047 = PLANE('',#8048);
#8048 = AXIS2_PLACEMENT_3D('',#8049,#8050,#8051);
#8049 = CARTESIAN_POINT('',(-6.,-21.,19.));
#8050 = DIRECTION('',(0.,0.,1.));
#8051 = DIRECTION('',(1.,0.,0.));
#8052 = DEFINITIONAL_REPRESENTATION('',(#8053),#8057);
#8053 = LINE('',#8054,#8055);
#8054 = CARTESIAN_POINT('',(0.,0.));
#8055 = VECTOR('',#8056,1.);
#8056 = DIRECTION('',(0.,1.));
#8057 = ( GEOMETRIC_REPRESENTATION_CONTEXT(2) 
PARAMETRIC_REPRESENTATION_CONTEXT() REPRESENTATION_CONTEXT('2D SPACE',''
  ) );
#8058 = ORIENTED_EDGE('',*,*,#8059,.F.);
#8059 = EDGE_CURVE('',#8060,#8025,#8062,.T.);
#8060 = VERTEX_POINT('',#8061);
#8061 = CARTESIAN_POINT('',(-6.,-19.5,-19.));
#8062 = SURFACE_CURVE('',#8063,(#8067,#8074),.PCURVE_S1.);
#8063 = LINE('',#8064,#8065);
#8064 = CARTESIAN_POINT('',(-6.,-19.5,-19.));
#8065 = VECTOR('',#8066,1.);
#8066 = DIRECTION('',(0.,0.,1.));
#8067 = PCURVE('',#8035,#8068);
#8068 = DEFINITIONAL_REPRESENTATION('',(#8069),#8073);
#8069 = LINE('',#8070,#8071);
#8070 = CARTESIAN_POINT('',(0.,-1.5));
#8071 = VECTOR('',#8072,1.);
#8072 = DIRECTION('',(1.,0.));
#8073 = ( GEOMETRIC_REPRESENTATION_CONTEXT(2) 
PARAMETRIC_REPRESENTATION_CONTEXT() REPRESENTATION_CONTEXT('2D SPACE',''
  ) );
#8074 = PCURVE('',#8075,#8080);
#8075 = CYLINDRICAL_SURFACE('',#8076,1.5);
#8076 = AXIS2_PLACEMENT_3D('',#8077,#8078,#8079);
#8077 = CARTESIAN_POINT('',(-4.5,-19.5,-19.));
#8078 = DIRECTION('',(0.,0.,1.));
#8079 = DIRECTION('',(-1.,-0.,0.));
#8080 = DEFINITIONAL_REPRESENTATION('',(#8081),#8085);
#8081 = LINE('',#8082,#8083);
#8082 = CARTESIAN_POINT('',(0.,0.));
#8083 = VECTOR('',#8084,1.);
#8084 = DIRECTION('',(0.,1.));
#8085 = ( GEOMETRIC_REPRESENTATION_CONTEXT(2) 
PARAMETRIC_REPRESENTATION_CONTEXT() REPRESENTATION_CONTEXT('2D SPACE',''
  ) );
#8086 = ORIENTED_EDGE('',*,*,#8087,.T.);
#8087 = EDGE_CURVE('',#8060,#8088,#8090,.T.);
#8088 = VERTEX_POINT('',#8089);
#8089 = CARTESIAN_POINT('',(-6.,19.5,-19.));
#8090 = SURFACE_CURVE('',#8091,(#8095,#8102),.PCURVE_S1.);
#8091 = LINE('',#8092,#8093);
#8092 = CARTESIAN_POINT('',(-6.,-21.,-19.));
#8093 = VECTOR('',#8094,1.);
#8094 = DIRECTION('',(0.,1.,0.));
#8095 = PCURVE('',#8035,#8096);
#8096 = DEFINITIONAL_REPRESENTATION('',(#8097),#8101);
#8097 = LINE('',#8098,#8099);
#8098 = CARTESIAN_POINT('',(0.,0.));
#8099 = VECTOR('',#8100,1.);
#8100 = DIRECTION('',(0.,-1.));
#8101 = ( GEOMETRIC_REPRESENTATION_CONTEXT(2) 
PARAMETRIC_REPRESENTATION_CONTEXT() REPRESENTATION_CONTEXT('2D SPACE',''
  ) );
#8102 = PCURVE('',#8103,#8108);
#8103 = PLANE('',#8104);
#8104 = AXIS2_PLACEMENT_3D('',#8105,#8106,#8107);
#8105 = CARTESIAN_POINT('',(-6.,-21.,-19.));
#8106 = DIRECTION('',(0.,0.,1.));
#8107 = DIRECTION('',(1.,0.,0.));
#8108 = DEFINITIONAL_REPRESENTATION('',(#8109),#8113);
#8109 = LINE('',#8110,#8111);
#8110 = CARTESIAN_POINT('',(0.,0.));
#8111 = VECTOR('',#8112,1.);
#8112 = DIRECTION('',(0.,1.));
#8113 = ( GEOMETRIC_REPRESENTATION_CONTEXT(2) 
PARAMETRIC_REPRESENTATION_CONTEXT() REPRESENTATION_CONTEXT('2D SPACE',''
  ) );
#8114 = ORIENTED_EDGE('',*,*,#8115,.T.);
#8115 = EDGE_CURVE('',#8088,#8027,#8116,.T.);
#8116 = SURFACE_CURVE('',#8117,(#8121,#8128),.PCURVE_S1.);
#8117 = LINE('',#8118,#8119);
#8118 = CARTESIAN_POINT('',(-6.,19.5,-19.));
#8119 = VECTOR('',#8120,1.);
#8120 = DIRECTION('',(0.,0.,1.));
#8121 = PCURVE('',#8035,#8122);
#8122 = DEFINITIONAL_REPRESENTATION('',(#8123),#8127);
#8123 = LINE('',#8124,#8125);
#8124 = CARTESIAN_POINT('',(0.,-40.5));
#8125 = VECTOR('',#8126,1.);
#8126 = DIRECTION('',(1.,0.));
#8127 = ( GEOMETRIC_REPRESENTATION_CONTEXT(2) 
PARAMETRIC_REPRESENTATION_CONTEXT() REPRESENTATION_CONTEXT('2D SPACE',''
  ) );
#8128 = PCURVE('',#8129,#8134);
#8129 = CYLINDRICAL_SURFACE('',#8130,1.5);
#8130 = AXIS2_PLACEMENT_3D('',#8131,#8132,#8133);
#8131 = CARTESIAN_POINT('',(-4.5,19.5,-19.));
#8132 = DIRECTION('',(0.,0.,1.));
#8133 = DIRECTION('',(-1.,-0.,0.));
#8134 = DEFINITIONAL_REPRESENTATION('',(#8135),#8139);
#8135 = LINE('',#8136,#8137);
#8136 = CARTESIAN_POINT('',(-0.,0.));
#8137 = VECTOR('',#8138,1.);
#8138 = DIRECTION('',(-0.,1.));
#8139 = ( GEOMETRIC_REPRESENTATION_CONTEXT(2) 
PARAMETRIC_REPRESENTATION_CONTEXT() REPRESENTATION_CONTEXT('2D SPACE',''
  ) );
#8140 = ADVANCED_FACE('',(#8141),#8047,.T.);
#8141 = FACE_BOUND('',#8142,.T.);
#8142 = EDGE_LOOP('',(#8143,#8144,#8168,#8196,#8229,#8257,#8286,#8314));
#8143 = ORIENTED_EDGE('',*,*,#8024,.F.);
#8144 = ORIENTED_EDGE('',*,*,#8145,.T.);
#8145 = EDGE_CURVE('',#8025,#8146,#8148,.T.);
#8146 = VERTEX_POINT('',#8147);
#8147 = CARTESIAN_POINT('',(-4.5,-21.,19.));
#8148 = SURFACE_CURVE('',#8149,(#8154,#8161),.PCURVE_S1.);
#8149 = CIRCLE('',#8150,1.5);
#8150 = AXIS2_PLACEMENT_3D('',#8151,#8152,#8153);
#8151 = CARTESIAN_POINT('',(-4.5,-19.5,19.));
#8152 = DIRECTION('',(0.,0.,1.));
#8153 = DIRECTION('',(0.,-1.,0.));
#8154 = PCURVE('',#8047,#8155);
#8155 = DEFINITIONAL_REPRESENTATION('',(#8156),#8160);
#8156 = CIRCLE('',#8157,1.5);
#8157 = AXIS2_PLACEMENT_2D('',#8158,#8159);
#8158 = CARTESIAN_POINT('',(1.5,1.5));
#8159 = DIRECTION('',(0.,-1.));
#8160 = ( GEOMETRIC_REPRESENTATION_CONTEXT(2) 
PARAMETRIC_REPRESENTATION_CONTEXT() REPRESENTATION_CONTEXT('2D SPACE',''
  ) );
#8161 = PCURVE('',#8075,#8162);
#8162 = DEFINITIONAL_REPRESENTATION('',(#8163),#8167);
#8163 = LINE('',#8164,#8165);
#8164 = CARTESIAN_POINT('',(-4.712388980385,38.));
#8165 = VECTOR('',#8166,1.);
#8166 = DIRECTION('',(1.,0.));
#8167 = ( GEOMETRIC_REPRESENTATION_CONTEXT(2) 
PARAMETRIC_REPRESENTATION_CONTEXT() REPRESENTATION_CONTEXT('2D SPACE',''
  ) );
#8168 = ORIENTED_EDGE('',*,*,#8169,.T.);
#8169 = EDGE_CURVE('',#8146,#8170,#8172,.T.);
#8170 = VERTEX_POINT('',#8171);
#8171 = CARTESIAN_POINT('',(4.5,-21.,19.));
#8172 = SURFACE_CURVE('',#8173,(#8177,#8184),.PCURVE_S1.);
#8173 = LINE('',#8174,#8175);
#8174 = CARTESIAN_POINT('',(-6.,-21.,19.));
#8175 = VECTOR('',#8176,1.);
#8176 = DIRECTION('',(1.,0.,0.));
#8177 = PCURVE('',#8047,#8178);
#8178 = DEFINITIONAL_REPRESENTATION('',(#8179),#8183);
#8179 = LINE('',#8180,#8181);
#8180 = CARTESIAN_POINT('',(0.,0.));
#8181 = VECTOR('',#8182,1.);
#8182 = DIRECTION('',(1.,0.));
#8183 = ( GEOMETRIC_REPRESENTATION_CONTEXT(2) 
PARAMETRIC_REPRESENTATION_CONTEXT() REPRESENTATION_CONTEXT('2D SPACE',''
  ) );
#8184 = PCURVE('',#8185,#8190);
#8185 = PLANE('',#8186);
#8186 = AXIS2_PLACEMENT_3D('',#8187,#8188,#8189);
#8187 = CARTESIAN_POINT('',(-6.,-21.,-19.));
#8188 = DIRECTION('',(0.,1.,0.));
#8189 = DIRECTION('',(0.,0.,1.));
#8190 = DEFINITIONAL_REPRESENTATION('',(#8191),#8195);
#8191 = LINE('',#8192,#8193);
#8192 = CARTESIAN_POINT('',(38.,0.));
#8193 = VECTOR('',#8194,1.);
#8194 = DIRECTION('',(0.,1.));
#8195 = ( GEOMETRIC_REPRESENTATION_CONTEXT(2) 
PARAMETRIC_REPRESENTATION_CONTEXT() REPRESENTATION_CONTEXT('2D SPACE',''
  ) );
#8196 = ORIENTED_EDGE('',*,*,#8197,.F.);
#8197 = EDGE_CURVE('',#8198,#8170,#8200,.T.);
#8198 = VERTEX_POINT('',#8199);
#8199 = CARTESIAN_POINT('',(6.,-19.5,19.));
#8200 = SURFACE_CURVE('',#8201,(#8206,#8217),.PCURVE_S1.);
#8201 = CIRCLE('',#8202,1.5);
#8202 = AXIS2_PLACEMENT_3D('',#8203,#8204,#8205);
#8203 = CARTESIAN_POINT('',(4.5,-19.5,19.));
#8204 = DIRECTION('',(-0.,-0.,-1.));
#8205 = DIRECTION('',(0.,-1.,0.));
#8206 = PCURVE('',#8047,#8207);
#8207 = DEFINITIONAL_REPRESENTATION('',(#8208),#8216);
#8208 = ( BOUNDED_CURVE() B_SPLINE_CURVE(2,(#8209,#8210,#8211,#8212,
#8213,#8214,#8215),.UNSPECIFIED.,.T.,.F.) B_SPLINE_CURVE_WITH_KNOTS((1,2
    ,2,2,2,1),(-2.094395102393,0.,2.094395102393,4.188790204786,
6.28318530718,8.377580409573),.UNSPECIFIED.) CURVE() 
GEOMETRIC_REPRESENTATION_ITEM() RATIONAL_B_SPLINE_CURVE((1.,0.5,1.,0.5,
1.,0.5,1.)) REPRESENTATION_ITEM('') );
#8209 = CARTESIAN_POINT('',(10.5,0.));
#8210 = CARTESIAN_POINT('',(7.901923788647,0.));
#8211 = CARTESIAN_POINT('',(9.200961894323,2.25));
#8212 = CARTESIAN_POINT('',(10.5,4.5));
#8213 = CARTESIAN_POINT('',(11.799038105677,2.25));
#8214 = CARTESIAN_POINT('',(13.098076211353,2.22044604925E-15));
#8215 = CARTESIAN_POINT('',(10.5,0.));
#8216 = ( GEOMETRIC_REPRESENTATION_CONTEXT(2) 
PARAMETRIC_REPRESENTATION_CONTEXT() REPRESENTATION_CONTEXT('2D SPACE',''
  ) );
#8217 = PCURVE('',#8218,#8223);
#8218 = CYLINDRICAL_SURFACE('',#8219,1.5);
#8219 = AXIS2_PLACEMENT_3D('',#8220,#8221,#8222);
#8220 = CARTESIAN_POINT('',(4.5,-19.5,-19.));
#8221 = DIRECTION('',(0.,0.,1.));
#8222 = DIRECTION('',(1.,0.,-0.));
#8223 = DEFINITIONAL_REPRESENTATION('',(#8224),#8228);
#8224 = LINE('',#8225,#8226);
#8225 = CARTESIAN_POINT('',(4.712388980385,38.));
#8226 = VECTOR('',#8227,1.);
#8227 = DIRECTION('',(-1.,0.));
#8228 = ( GEOMETRIC_REPRESENTATION_CONTEXT(2) 
PARAMETRIC_REPRESENTATION_CONTEXT() REPRESENTATION_CONTEXT('2D SPACE',''
  ) );
#8229 = ORIENTED_EDGE('',*,*,#8230,.T.);
#8230 = EDGE_CURVE('',#8198,#8231,#8233,.T.);
#8231 = VERTEX_POINT('',#8232);
#8232 = CARTESIAN_POINT('',(6.,19.5,19.));
#8233 = SURFACE_CURVE('',#8234,(#8238,#8245),.PCURVE_S1.);
#8234 = LINE('',#8235,#8236);
#8235 = CARTESIAN_POINT('',(6.,-21.,19.));
#8236 = VECTOR('',#8237,1.);
#8237 = DIRECTION('',(0.,1.,0.));
#8238 = PCURVE('',#8047,#8239);
#8239 = DEFINITIONAL_REPRESENTATION('',(#8240),#8244);
#8240 = LINE('',#8241,#8242);
#8241 = CARTESIAN_POINT('',(12.,0.));
#8242 = VECTOR('',#8243,1.);
#8243 = DIRECTION('',(0.,1.));
#8244 = ( GEOMETRIC_REPRESENTATION_CONTEXT(2) 
PARAMETRIC_REPRESENTATION_CONTEXT() REPRESENTATION_CONTEXT('2D SPACE',''
  ) );
#8245 = PCURVE('',#8246,#8251);
#8246 = PLANE('',#8247);
#8247 = AXIS2_PLACEMENT_3D('',#8248,#8249,#8250);
#8248 = CARTESIAN_POINT('',(6.,-21.,-19.));
#8249 = DIRECTION('',(1.,0.,0.));
#8250 = DIRECTION('',(0.,0.,1.));
#8251 = DEFINITIONAL_REPRESENTATION('',(#8252),#8256);
#8252 = LINE('',#8253,#8254);
#8253 = CARTESIAN_POINT('',(38.,0.));
#8254 = VECTOR('',#8255,1.);
#8255 = DIRECTION('',(0.,-1.));
#8256 = ( GEOMETRIC_REPRESENTATION_CONTEXT(2) 
PARAMETRIC_REPRESENTATION_CONTEXT() REPRESENTATION_CONTEXT('2D SPACE',''
  ) );
#8257 = ORIENTED_EDGE('',*,*,#8258,.T.);
#8258 = EDGE_CURVE('',#8231,#8259,#8261,.T.);
#8259 = VERTEX_POINT('',#8260);
#8260 = CARTESIAN_POINT('',(4.5,21.,19.));
#8261 = SURFACE_CURVE('',#8262,(#8267,#8274),.PCURVE_S1.);
#8262 = CIRCLE('',#8263,1.5);
#8263 = AXIS2_PLACEMENT_3D('',#8264,#8265,#8266);
#8264 = CARTESIAN_POINT('',(4.5,19.5,19.));
#8265 = DIRECTION('',(0.,0.,1.));
#8266 = DIRECTION('',(0.,-1.,0.));
#8267 = PCURVE('',#8047,#8268);
#8268 = DEFINITIONAL_REPRESENTATION('',(#8269),#8273);
#8269 = CIRCLE('',#8270,1.5);
#8270 = AXIS2_PLACEMENT_2D('',#8271,#8272);
#8271 = CARTESIAN_POINT('',(10.5,40.5));
#8272 = DIRECTION('',(0.,-1.));
#8273 = ( GEOMETRIC_REPRESENTATION_CONTEXT(2) 
PARAMETRIC_REPRESENTATION_CONTEXT() REPRESENTATION_CONTEXT('2D SPACE',''
  ) );
#8274 = PCURVE('',#8275,#8280);
#8275 = CYLINDRICAL_SURFACE('',#8276,1.5);
#8276 = AXIS2_PLACEMENT_3D('',#8277,#8278,#8279);
#8277 = CARTESIAN_POINT('',(4.5,19.5,-19.));
#8278 = DIRECTION('',(0.,0.,1.));
#8279 = DIRECTION('',(1.,0.,-0.));
#8280 = DEFINITIONAL_REPRESENTATION('',(#8281),#8285);
#8281 = LINE('',#8282,#8283);
#8282 = CARTESIAN_POINT('',(-1.570796326795,38.));
#8283 = VECTOR('',#8284,1.);
#8284 = DIRECTION('',(1.,0.));
#8285 = ( GEOMETRIC_REPRESENTATION_CONTEXT(2) 
PARAMETRIC_REPRESENTATION_CONTEXT() REPRESENTATION_CONTEXT('2D SPACE',''
  ) );
#8286 = ORIENTED_EDGE('',*,*,#8287,.F.);
#8287 = EDGE_CURVE('',#8288,#8259,#8290,.T.);
#8288 = VERTEX_POINT('',#8289);
#8289 = CARTESIAN_POINT('',(-4.5,21.,19.));
#8290 = SURFACE_CURVE('',#8291,(#8295,#8302),.PCURVE_S1.);
#8291 = LINE('',#8292,#8293);
#8292 = CARTESIAN_POINT('',(-6.,21.,19.));
#8293 = VECTOR('',#8294,1.);
#8294 = DIRECTION('',(1.,0.,0.));
#8295 = PCURVE('',#8047,#8296);
#8296 = DEFINITIONAL_REPRESENTATION('',(#8297),#8301);
#8297 = LINE('',#8298,#8299);
#8298 = CARTESIAN_POINT('',(0.,42.));
#8299 = VECTOR('',#8300,1.);
#8300 = DIRECTION('',(1.,0.));
#8301 = ( GEOMETRIC_REPRESENTATION_CONTEXT(2) 
PARAMETRIC_REPRESENTATION_CONTEXT() REPRESENTATION_CONTEXT('2D SPACE',''
  ) );
#8302 = PCURVE('',#8303,#8308);
#8303 = PLANE('',#8304);
#8304 = AXIS2_PLACEMENT_3D('',#8305,#8306,#8307);
#8305 = CARTESIAN_POINT('',(-6.,21.,-19.));
#8306 = DIRECTION('',(0.,1.,0.));
#8307 = DIRECTION('',(0.,0.,1.));
#8308 = DEFINITIONAL_REPRESENTATION('',(#8309),#8313);
#8309 = LINE('',#8310,#8311);
#8310 = CARTESIAN_POINT('',(38.,0.));
#8311 = VECTOR('',#8312,1.);
#8312 = DIRECTION('',(0.,1.));
#8313 = ( GEOMETRIC_REPRESENTATION_CONTEXT(2) 
PARAMETRIC_REPRESENTATION_CONTEXT() REPRESENTATION_CONTEXT('2D SPACE',''
  ) );
#8314 = ORIENTED_EDGE('',*,*,#8315,.F.);
#8315 = EDGE_CURVE('',#8027,#8288,#8316,.T.);
#8316 = SURFACE_CURVE('',#8317,(#8322,#8333),.PCURVE_S1.);
#8317 = CIRCLE('',#8318,1.5);
#8318 = AXIS2_PLACEMENT_3D('',#8319,#8320,#8321);
#8319 = CARTESIAN_POINT('',(-4.5,19.5,19.));
#8320 = DIRECTION('',(-0.,-0.,-1.));
#8321 = DIRECTION('',(0.,-1.,0.));
#8322 = PCURVE('',#8047,#8323);
#8323 = DEFINITIONAL_REPRESENTATION('',(#8324),#8332);
#8324 = ( BOUNDED_CURVE() B_SPLINE_CURVE(2,(#8325,#8326,#8327,#8328,
#8329,#8330,#8331),.UNSPECIFIED.,.T.,.F.) B_SPLINE_CURVE_WITH_KNOTS((1,2
    ,2,2,2,1),(-2.094395102393,0.,2.094395102393,4.188790204786,
6.28318530718,8.377580409573),.UNSPECIFIED.) CURVE() 
GEOMETRIC_REPRESENTATION_ITEM() RATIONAL_B_SPLINE_CURVE((1.,0.5,1.,0.5,
1.,0.5,1.)) REPRESENTATION_ITEM('') );
#8325 = CARTESIAN_POINT('',(1.5,39.));
#8326 = CARTESIAN_POINT('',(-1.098076211353,39.));
#8327 = CARTESIAN_POINT('',(0.200961894323,41.25));
#8328 = CARTESIAN_POINT('',(1.5,43.5));
#8329 = CARTESIAN_POINT('',(2.799038105677,41.25));
#8330 = CARTESIAN_POINT('',(4.098076211353,39.));
#8331 = CARTESIAN_POINT('',(1.5,39.));
#8332 = ( GEOMETRIC_REPRESENTATION_CONTEXT(2) 
PARAMETRIC_REPRESENTATION_CONTEXT() REPRESENTATION_CONTEXT('2D SPACE',''
  ) );
#8333 = PCURVE('',#8129,#8334);
#8334 = DEFINITIONAL_REPRESENTATION('',(#8335),#8339);
#8335 = LINE('',#8336,#8337);
#8336 = CARTESIAN_POINT('',(1.570796326795,38.));
#8337 = VECTOR('',#8338,1.);
#8338 = DIRECTION('',(-1.,0.));
#8339 = ( GEOMETRIC_REPRESENTATION_CONTEXT(2) 
PARAMETRIC_REPRESENTATION_CONTEXT() REPRESENTATION_CONTEXT('2D SPACE',''
  ) );
#8340 = ADVANCED_FACE('',(#8341),#8075,.T.);
#8341 = FACE_BOUND('',#8342,.T.);
#8342 = EDGE_LOOP('',(#8343,#8367,#8388,#8389));
#8343 = ORIENTED_EDGE('',*,*,#8344,.T.);
#8344 = EDGE_CURVE('',#8060,#8345,#8347,.T.);
#8345 = VERTEX_POINT('',#8346);
#8346 = CARTESIAN_POINT('',(-4.5,-21.,-19.));
#8347 = SURFACE_CURVE('',#8348,(#8353,#8360),.PCURVE_S1.);
#8348 = CIRCLE('',#8349,1.5);
#8349 = AXIS2_PLACEMENT_3D('',#8350,#8351,#8352);
#8350 = CARTESIAN_POINT('',(-4.5,-19.5,-19.));
#8351 = DIRECTION('',(0.,0.,1.));
#8352 = DIRECTION('',(0.,-1.,0.));
#8353 = PCURVE('',#8075,#8354);
#8354 = DEFINITIONAL_REPRESENTATION('',(#8355),#8359);
#8355 = LINE('',#8356,#8357);
#8356 = CARTESIAN_POINT('',(-4.712388980385,0.));
#8357 = VECTOR('',#8358,1.);
#8358 = DIRECTION('',(1.,0.));
#8359 = ( GEOMETRIC_REPRESENTATION_CONTEXT(2) 
PARAMETRIC_REPRESENTATION_CONTEXT() REPRESENTATION_CONTEXT('2D SPACE',''
  ) );
#8360 = PCURVE('',#8103,#8361);
#8361 = DEFINITIONAL_REPRESENTATION('',(#8362),#8366);
#8362 = CIRCLE('',#8363,1.5);
#8363 = AXIS2_PLACEMENT_2D('',#8364,#8365);
#8364 = CARTESIAN_POINT('',(1.5,1.5));
#8365 = DIRECTION('',(0.,-1.));
#8366 = ( GEOMETRIC_REPRESENTATION_CONTEXT(2) 
PARAMETRIC_REPRESENTATION_CONTEXT() REPRESENTATION_CONTEXT('2D SPACE',''
  ) );
#8367 = ORIENTED_EDGE('',*,*,#8368,.T.);
#8368 = EDGE_CURVE('',#8345,#8146,#8369,.T.);
#8369 = SURFACE_CURVE('',#8370,(#8374,#8381),.PCURVE_S1.);
#8370 = LINE('',#8371,#8372);
#8371 = CARTESIAN_POINT('',(-4.5,-21.,-19.));
#8372 = VECTOR('',#8373,1.);
#8373 = DIRECTION('',(0.,0.,1.));
#8374 = PCURVE('',#8075,#8375);
#8375 = DEFINITIONAL_REPRESENTATION('',(#8376),#8380);
#8376 = LINE('',#8377,#8378);
#8377 = CARTESIAN_POINT('',(1.570796326795,0.));
#8378 = VECTOR('',#8379,1.);
#8379 = DIRECTION('',(0.,1.));
#8380 = ( GEOMETRIC_REPRESENTATION_CONTEXT(2) 
PARAMETRIC_REPRESENTATION_CONTEXT() REPRESENTATION_CONTEXT('2D SPACE',''
  ) );
#8381 = PCURVE('',#8185,#8382);
#8382 = DEFINITIONAL_REPRESENTATION('',(#8383),#8387);
#8383 = LINE('',#8384,#8385);
#8384 = CARTESIAN_POINT('',(0.,1.5));
#8385 = VECTOR('',#8386,1.);
#8386 = DIRECTION('',(1.,0.));
#8387 = ( GEOMETRIC_REPRESENTATION_CONTEXT(2) 
PARAMETRIC_REPRESENTATION_CONTEXT() REPRESENTATION_CONTEXT('2D SPACE',''
  ) );
#8388 = ORIENTED_EDGE('',*,*,#8145,.F.);
#8389 = ORIENTED_EDGE('',*,*,#8059,.F.);
#8390 = ADVANCED_FACE('',(#8391),#8129,.T.);
#8391 = FACE_BOUND('',#8392,.F.);
#8392 = EDGE_LOOP('',(#8393,#8421,#8442,#8443));
#8393 = ORIENTED_EDGE('',*,*,#8394,.T.);
#8394 = EDGE_CURVE('',#8088,#8395,#8397,.T.);
#8395 = VERTEX_POINT('',#8396);
#8396 = CARTESIAN_POINT('',(-4.5,21.,-19.));
#8397 = SURFACE_CURVE('',#8398,(#8403,#8410),.PCURVE_S1.);
#8398 = CIRCLE('',#8399,1.5);
#8399 = AXIS2_PLACEMENT_3D('',#8400,#8401,#8402);
#8400 = CARTESIAN_POINT('',(-4.5,19.5,-19.));
#8401 = DIRECTION('',(-0.,-0.,-1.));
#8402 = DIRECTION('',(0.,-1.,0.));
#8403 = PCURVE('',#8129,#8404);
#8404 = DEFINITIONAL_REPRESENTATION('',(#8405),#8409);
#8405 = LINE('',#8406,#8407);
#8406 = CARTESIAN_POINT('',(1.570796326795,-0.));
#8407 = VECTOR('',#8408,1.);
#8408 = DIRECTION('',(-1.,0.));
#8409 = ( GEOMETRIC_REPRESENTATION_CONTEXT(2) 
PARAMETRIC_REPRESENTATION_CONTEXT() REPRESENTATION_CONTEXT('2D SPACE',''
  ) );
#8410 = PCURVE('',#8103,#8411);
#8411 = DEFINITIONAL_REPRESENTATION('',(#8412),#8420);
#8412 = ( BOUNDED_CURVE() B_SPLINE_CURVE(2,(#8413,#8414,#8415,#8416,
#8417,#8418,#8419),.UNSPECIFIED.,.T.,.F.) B_SPLINE_CURVE_WITH_KNOTS((1,2
    ,2,2,2,1),(-2.094395102393,0.,2.094395102393,4.188790204786,
6.28318530718,8.377580409573),.UNSPECIFIED.) CURVE() 
GEOMETRIC_REPRESENTATION_ITEM() RATIONAL_B_SPLINE_CURVE((1.,0.5,1.,0.5,
1.,0.5,1.)) REPRESENTATION_ITEM('') );
#8413 = CARTESIAN_POINT('',(1.5,39.));
#8414 = CARTESIAN_POINT('',(-1.098076211353,39.));
#8415 = CARTESIAN_POINT('',(0.200961894323,41.25));
#8416 = CARTESIAN_POINT('',(1.5,43.5));
#8417 = CARTESIAN_POINT('',(2.799038105677,41.25));
#8418 = CARTESIAN_POINT('',(4.098076211353,39.));
#8419 = CARTESIAN_POINT('',(1.5,39.));
#8420 = ( GEOMETRIC_REPRESENTATION_CONTEXT(2) 
PARAMETRIC_REPRESENTATION_CONTEXT() REPRESENTATION_CONTEXT('2D SPACE',''
  ) );
#8421 = ORIENTED_EDGE('',*,*,#8422,.T.);
#8422 = EDGE_CURVE('',#8395,#8288,#8423,.T.);
#8423 = SURFACE_CURVE('',#8424,(#8428,#8435),.PCURVE_S1.);
#8424 = LINE('',#8425,#8426);
#8425 = CARTESIAN_POINT('',(-4.5,21.,-19.));
#8426 = VECTOR('',#8427,1.);
#8427 = DIRECTION('',(0.,0.,1.));
#8428 = PCURVE('',#8129,#8429);
#8429 = DEFINITIONAL_REPRESENTATION('',(#8430),#8434);
#8430 = LINE('',#8431,#8432);
#8431 = CARTESIAN_POINT('',(-1.570796326795,0.));
#8432 = VECTOR('',#8433,1.);
#8433 = DIRECTION('',(-0.,1.));
#8434 = ( GEOMETRIC_REPRESENTATION_CONTEXT(2) 
PARAMETRIC_REPRESENTATION_CONTEXT() REPRESENTATION_CONTEXT('2D SPACE',''
  ) );
#8435 = PCURVE('',#8303,#8436);
#8436 = DEFINITIONAL_REPRESENTATION('',(#8437),#8441);
#8437 = LINE('',#8438,#8439);
#8438 = CARTESIAN_POINT('',(0.,1.5));
#8439 = VECTOR('',#8440,1.);
#8440 = DIRECTION('',(1.,0.));
#8441 = ( GEOMETRIC_REPRESENTATION_CONTEXT(2) 
PARAMETRIC_REPRESENTATION_CONTEXT() REPRESENTATION_CONTEXT('2D SPACE',''
  ) );
#8442 = ORIENTED_EDGE('',*,*,#8315,.F.);
#8443 = ORIENTED_EDGE('',*,*,#8115,.F.);
#8444 = ADVANCED_FACE('',(#8445),#8103,.F.);
#8445 = FACE_BOUND('',#8446,.F.);
#8446 = EDGE_LOOP('',(#8447,#8448,#8449,#8472,#8500,#8523,#8547,#8568));
#8447 = ORIENTED_EDGE('',*,*,#8087,.F.);
#8448 = ORIENTED_EDGE('',*,*,#8344,.T.);
#8449 = ORIENTED_EDGE('',*,*,#8450,.T.);
#8450 = EDGE_CURVE('',#8345,#8451,#8453,.T.);
#8451 = VERTEX_POINT('',#8452);
#8452 = CARTESIAN_POINT('',(4.5,-21.,-19.));
#8453 = SURFACE_CURVE('',#8454,(#8458,#8465),.PCURVE_S1.);
#8454 = LINE('',#8455,#8456);
#8455 = CARTESIAN_POINT('',(-6.,-21.,-19.));
#8456 = VECTOR('',#8457,1.);
#8457 = DIRECTION('',(1.,0.,0.));
#8458 = PCURVE('',#8103,#8459);
#8459 = DEFINITIONAL_REPRESENTATION('',(#8460),#8464);
#8460 = LINE('',#8461,#8462);
#8461 = CARTESIAN_POINT('',(0.,0.));
#8462 = VECTOR('',#8463,1.);
#8463 = DIRECTION('',(1.,0.));
#8464 = ( GEOMETRIC_REPRESENTATION_CONTEXT(2) 
PARAMETRIC_REPRESENTATION_CONTEXT() REPRESENTATION_CONTEXT('2D SPACE',''
  ) );
#8465 = PCURVE('',#8185,#8466);
#8466 = DEFINITIONAL_REPRESENTATION('',(#8467),#8471);
#8467 = LINE('',#8468,#8469);
#8468 = CARTESIAN_POINT('',(0.,0.));
#8469 = VECTOR('',#8470,1.);
#8470 = DIRECTION('',(0.,1.));
#8471 = ( GEOMETRIC_REPRESENTATION_CONTEXT(2) 
PARAMETRIC_REPRESENTATION_CONTEXT() REPRESENTATION_CONTEXT('2D SPACE',''
  ) );
#8472 = ORIENTED_EDGE('',*,*,#8473,.F.);
#8473 = EDGE_CURVE('',#8474,#8451,#8476,.T.);
#8474 = VERTEX_POINT('',#8475);
#8475 = CARTESIAN_POINT('',(6.,-19.5,-19.));
#8476 = SURFACE_CURVE('',#8477,(#8482,#8493),.PCURVE_S1.);
#8477 = CIRCLE('',#8478,1.5);
#8478 = AXIS2_PLACEMENT_3D('',#8479,#8480,#8481);
#8479 = CARTESIAN_POINT('',(4.5,-19.5,-19.));
#8480 = DIRECTION('',(-0.,-0.,-1.));
#8481 = DIRECTION('',(0.,-1.,0.));
#8482 = PCURVE('',#8103,#8483);
#8483 = DEFINITIONAL_REPRESENTATION('',(#8484),#8492);
#8484 = ( BOUNDED_CURVE() B_SPLINE_CURVE(2,(#8485,#8486,#8487,#8488,
#8489,#8490,#8491),.UNSPECIFIED.,.T.,.F.) B_SPLINE_CURVE_WITH_KNOTS((1,2
    ,2,2,2,1),(-2.094395102393,0.,2.094395102393,4.188790204786,
6.28318530718,8.377580409573),.UNSPECIFIED.) CURVE() 
GEOMETRIC_REPRESENTATION_ITEM() RATIONAL_B_SPLINE_CURVE((1.,0.5,1.,0.5,
1.,0.5,1.)) REPRESENTATION_ITEM('') );
#8485 = CARTESIAN_POINT('',(10.5,0.));
#8486 = CARTESIAN_POINT('',(7.901923788647,0.));
#8487 = CARTESIAN_POINT('',(9.200961894323,2.25));
#8488 = CARTESIAN_POINT('',(10.5,4.5));
#8489 = CARTESIAN_POINT('',(11.799038105677,2.25));
#8490 = CARTESIAN_POINT('',(13.098076211353,2.22044604925E-15));
#8491 = CARTESIAN_POINT('',(10.5,0.));
#8492 = ( GEOMETRIC_REPRESENTATION_CONTEXT(2) 
PARAMETRIC_REPRESENTATION_CONTEXT() REPRESENTATION_CONTEXT('2D SPACE',''
  ) );
#8493 = PCURVE('',#8218,#8494);
#8494 = DEFINITIONAL_REPRESENTATION('',(#8495),#8499);
#8495 = LINE('',#8496,#8497);
#8496 = CARTESIAN_POINT('',(4.712388980385,-0.));
#8497 = VECTOR('',#8498,1.);
#8498 = DIRECTION('',(-1.,0.));
#8499 = ( GEOMETRIC_REPRESENTATION_CONTEXT(2) 
PARAMETRIC_REPRESENTATION_CONTEXT() REPRESENTATION_CONTEXT('2D SPACE',''
  ) );
#8500 = ORIENTED_EDGE('',*,*,#8501,.T.);
#8501 = EDGE_CURVE('',#8474,#8502,#8504,.T.);
#8502 = VERTEX_POINT('',#8503);
#8503 = CARTESIAN_POINT('',(6.,19.5,-19.));
#8504 = SURFACE_CURVE('',#8505,(#8509,#8516),.PCURVE_S1.);
#8505 = LINE('',#8506,#8507);
#8506 = CARTESIAN_POINT('',(6.,-21.,-19.));
#8507 = VECTOR('',#8508,1.);
#8508 = DIRECTION('',(0.,1.,0.));
#8509 = PCURVE('',#8103,#8510);
#8510 = DEFINITIONAL_REPRESENTATION('',(#8511),#8515);
#8511 = LINE('',#8512,#8513);
#8512 = CARTESIAN_POINT('',(12.,0.));
#8513 = VECTOR('',#8514,1.);
#8514 = DIRECTION('',(0.,1.));
#8515 = ( GEOMETRIC_REPRESENTATION_CONTEXT(2) 
PARAMETRIC_REPRESENTATION_CONTEXT() REPRESENTATION_CONTEXT('2D SPACE',''
  ) );
#8516 = PCURVE('',#8246,#8517);
#8517 = DEFINITIONAL_REPRESENTATION('',(#8518),#8522);
#8518 = LINE('',#8519,#8520);
#8519 = CARTESIAN_POINT('',(0.,0.));
#8520 = VECTOR('',#8521,1.);
#8521 = DIRECTION('',(0.,-1.));
#8522 = ( GEOMETRIC_REPRESENTATION_CONTEXT(2) 
PARAMETRIC_REPRESENTATION_CONTEXT() REPRESENTATION_CONTEXT('2D SPACE',''
  ) );
#8523 = ORIENTED_EDGE('',*,*,#8524,.T.);
#8524 = EDGE_CURVE('',#8502,#8525,#8527,.T.);
#8525 = VERTEX_POINT('',#8526);
#8526 = CARTESIAN_POINT('',(4.5,21.,-19.));
#8527 = SURFACE_CURVE('',#8528,(#8533,#8540),.PCURVE_S1.);
#8528 = CIRCLE('',#8529,1.5);
#8529 = AXIS2_PLACEMENT_3D('',#8530,#8531,#8532);
#8530 = CARTESIAN_POINT('',(4.5,19.5,-19.));
#8531 = DIRECTION('',(0.,0.,1.));
#8532 = DIRECTION('',(0.,-1.,0.));
#8533 = PCURVE('',#8103,#8534);
#8534 = DEFINITIONAL_REPRESENTATION('',(#8535),#8539);
#8535 = CIRCLE('',#8536,1.5);
#8536 = AXIS2_PLACEMENT_2D('',#8537,#8538);
#8537 = CARTESIAN_POINT('',(10.5,40.5));
#8538 = DIRECTION('',(0.,-1.));
#8539 = ( GEOMETRIC_REPRESENTATION_CONTEXT(2) 
PARAMETRIC_REPRESENTATION_CONTEXT() REPRESENTATION_CONTEXT('2D SPACE',''
  ) );
#8540 = PCURVE('',#8275,#8541);
#8541 = DEFINITIONAL_REPRESENTATION('',(#8542),#8546);
#8542 = LINE('',#8543,#8544);
#8543 = CARTESIAN_POINT('',(-1.570796326795,0.));
#8544 = VECTOR('',#8545,1.);
#8545 = DIRECTION('',(1.,0.));
#8546 = ( GEOMETRIC_REPRESENTATION_CONTEXT(2) 
PARAMETRIC_REPRESENTATION_CONTEXT() REPRESENTATION_CONTEXT('2D SPACE',''
  ) );
#8547 = ORIENTED_EDGE('',*,*,#8548,.F.);
#8548 = EDGE_CURVE('',#8395,#8525,#8549,.T.);
#8549 = SURFACE_CURVE('',#8550,(#8554,#8561),.PCURVE_S1.);
#8550 = LINE('',#8551,#8552);
#8551 = CARTESIAN_POINT('',(-6.,21.,-19.));
#8552 = VECTOR('',#8553,1.);
#8553 = DIRECTION('',(1.,0.,0.));
#8554 = PCURVE('',#8103,#8555);
#8555 = DEFINITIONAL_REPRESENTATION('',(#8556),#8560);
#8556 = LINE('',#8557,#8558);
#8557 = CARTESIAN_POINT('',(0.,42.));
#8558 = VECTOR('',#8559,1.);
#8559 = DIRECTION('',(1.,0.));
#8560 = ( GEOMETRIC_REPRESENTATION_CONTEXT(2) 
PARAMETRIC_REPRESENTATION_CONTEXT() REPRESENTATION_CONTEXT('2D SPACE',''
  ) );
#8561 = PCURVE('',#8303,#8562);
#8562 = DEFINITIONAL_REPRESENTATION('',(#8563),#8567);
#8563 = LINE('',#8564,#8565);
#8564 = CARTESIAN_POINT('',(0.,0.));
#8565 = VECTOR('',#8566,1.);
#8566 = DIRECTION('',(0.,1.));
#8567 = ( GEOMETRIC_REPRESENTATION_CONTEXT(2) 
PARAMETRIC_REPRESENTATION_CONTEXT() REPRESENTATION_CONTEXT('2D SPACE',''
  ) );
#8568 = ORIENTED_EDGE('',*,*,#8394,.F.);
#8569 = ADVANCED_FACE('',(#8570),#8185,.F.);
#8570 = FACE_BOUND('',#8571,.F.);
#8571 = EDGE_LOOP('',(#8572,#8573,#8574,#8575));
#8572 = ORIENTED_EDGE('',*,*,#8450,.F.);
#8573 = ORIENTED_EDGE('',*,*,#8368,.T.);
#8574 = ORIENTED_EDGE('',*,*,#8169,.T.);
#8575 = ORIENTED_EDGE('',*,*,#8576,.F.);
#8576 = EDGE_CURVE('',#8451,#8170,#8577,.T.);
#8577 = SURFACE_CURVE('',#8578,(#8582,#8589),.PCURVE_S1.);
#8578 = LINE('',#8579,#8580);
#8579 = CARTESIAN_POINT('',(4.5,-21.,-19.));
#8580 = VECTOR('',#8581,1.);
#8581 = DIRECTION('',(0.,0.,1.));
#8582 = PCURVE('',#8185,#8583);
#8583 = DEFINITIONAL_REPRESENTATION('',(#8584),#8588);
#8584 = LINE('',#8585,#8586);
#8585 = CARTESIAN_POINT('',(0.,10.5));
#8586 = VECTOR('',#8587,1.);
#8587 = DIRECTION('',(1.,0.));
#8588 = ( GEOMETRIC_REPRESENTATION_CONTEXT(2) 
PARAMETRIC_REPRESENTATION_CONTEXT() REPRESENTATION_CONTEXT('2D SPACE',''
  ) );
#8589 = PCURVE('',#8218,#8590);
#8590 = DEFINITIONAL_REPRESENTATION('',(#8591),#8595);
#8591 = LINE('',#8592,#8593);
#8592 = CARTESIAN_POINT('',(-1.570796326795,0.));
#8593 = VECTOR('',#8594,1.);
#8594 = DIRECTION('',(-0.,1.));
#8595 = ( GEOMETRIC_REPRESENTATION_CONTEXT(2) 
PARAMETRIC_REPRESENTATION_CONTEXT() REPRESENTATION_CONTEXT('2D SPACE',''
  ) );
#8596 = ADVANCED_FACE('',(#8597),#8303,.T.);
#8597 = FACE_BOUND('',#8598,.T.);
#8598 = EDGE_LOOP('',(#8599,#8600,#8601,#8602));
#8599 = ORIENTED_EDGE('',*,*,#8548,.F.);
#8600 = ORIENTED_EDGE('',*,*,#8422,.T.);
#8601 = ORIENTED_EDGE('',*,*,#8287,.T.);
#8602 = ORIENTED_EDGE('',*,*,#8603,.F.);
#8603 = EDGE_CURVE('',#8525,#8259,#8604,.T.);
#8604 = SURFACE_CURVE('',#8605,(#8609,#8616),.PCURVE_S1.);
#8605 = LINE('',#8606,#8607);
#8606 = CARTESIAN_POINT('',(4.5,21.,-19.));
#8607 = VECTOR('',#8608,1.);
#8608 = DIRECTION('',(0.,0.,1.));
#8609 = PCURVE('',#8303,#8610);
#8610 = DEFINITIONAL_REPRESENTATION('',(#8611),#8615);
#8611 = LINE('',#8612,#8613);
#8612 = CARTESIAN_POINT('',(0.,10.5));
#8613 = VECTOR('',#8614,1.);
#8614 = DIRECTION('',(1.,0.));
#8615 = ( GEOMETRIC_REPRESENTATION_CONTEXT(2) 
PARAMETRIC_REPRESENTATION_CONTEXT() REPRESENTATION_CONTEXT('2D SPACE',''
  ) );
#8616 = PCURVE('',#8275,#8617);
#8617 = DEFINITIONAL_REPRESENTATION('',(#8618),#8622);
#8618 = LINE('',#8619,#8620);
#8619 = CARTESIAN_POINT('',(1.570796326795,0.));
#8620 = VECTOR('',#8621,1.);
#8621 = DIRECTION('',(0.,1.));
#8622 = ( GEOMETRIC_REPRESENTATION_CONTEXT(2) 
PARAMETRIC_REPRESENTATION_CONTEXT() REPRESENTATION_CONTEXT('2D SPACE',''
  ) );
#8623 = ADVANCED_FACE('',(#8624),#8218,.T.);
#8624 = FACE_BOUND('',#8625,.F.);
#8625 = EDGE_LOOP('',(#8626,#8627,#8628,#8629));
#8626 = ORIENTED_EDGE('',*,*,#8473,.T.);
#8627 = ORIENTED_EDGE('',*,*,#8576,.T.);
#8628 = ORIENTED_EDGE('',*,*,#8197,.F.);
#8629 = ORIENTED_EDGE('',*,*,#8630,.F.);
#8630 = EDGE_CURVE('',#8474,#8198,#8631,.T.);
#8631 = SURFACE_CURVE('',#8632,(#8636,#8643),.PCURVE_S1.);
#8632 = LINE('',#8633,#8634);
#8633 = CARTESIAN_POINT('',(6.,-19.5,-19.));
#8634 = VECTOR('',#8635,1.);
#8635 = DIRECTION('',(0.,0.,1.));
#8636 = PCURVE('',#8218,#8637);
#8637 = DEFINITIONAL_REPRESENTATION('',(#8638),#8642);
#8638 = LINE('',#8639,#8640);
#8639 = CARTESIAN_POINT('',(-0.,0.));
#8640 = VECTOR('',#8641,1.);
#8641 = DIRECTION('',(-0.,1.));
#8642 = ( GEOMETRIC_REPRESENTATION_CONTEXT(2) 
PARAMETRIC_REPRESENTATION_CONTEXT() REPRESENTATION_CONTEXT('2D SPACE',''
  ) );
#8643 = PCURVE('',#8246,#8644);
#8644 = DEFINITIONAL_REPRESENTATION('',(#8645),#8649);
#8645 = LINE('',#8646,#8647);
#8646 = CARTESIAN_POINT('',(0.,-1.5));
#8647 = VECTOR('',#8648,1.);
#8648 = DIRECTION('',(1.,0.));
#8649 = ( GEOMETRIC_REPRESENTATION_CONTEXT(2) 
PARAMETRIC_REPRESENTATION_CONTEXT() REPRESENTATION_CONTEXT('2D SPACE',''
  ) );
#8650 = ADVANCED_FACE('',(#8651),#8275,.T.);
#8651 = FACE_BOUND('',#8652,.T.);
#8652 = EDGE_LOOP('',(#8653,#8654,#8655,#8656));
#8653 = ORIENTED_EDGE('',*,*,#8524,.T.);
#8654 = ORIENTED_EDGE('',*,*,#8603,.T.);
#8655 = ORIENTED_EDGE('',*,*,#8258,.F.);
#8656 = ORIENTED_EDGE('',*,*,#8657,.F.);
#8657 = EDGE_CURVE('',#8502,#8231,#8658,.T.);
#8658 = SURFACE_CURVE('',#8659,(#8663,#8670),.PCURVE_S1.);
#8659 = LINE('',#8660,#8661);
#8660 = CARTESIAN_POINT('',(6.,19.5,-19.));
#8661 = VECTOR('',#8662,1.);
#8662 = DIRECTION('',(0.,0.,1.));
#8663 = PCURVE('',#8275,#8664);
#8664 = DEFINITIONAL_REPRESENTATION('',(#8665),#8669);
#8665 = LINE('',#8666,#8667);
#8666 = CARTESIAN_POINT('',(0.,0.));
#8667 = VECTOR('',#8668,1.);
#8668 = DIRECTION('',(0.,1.));
#8669 = ( GEOMETRIC_REPRESENTATION_CONTEXT(2) 
PARAMETRIC_REPRESENTATION_CONTEXT() REPRESENTATION_CONTEXT('2D SPACE',''
  ) );
#8670 = PCURVE('',#8246,#8671);
#8671 = DEFINITIONAL_REPRESENTATION('',(#8672),#8676);
#8672 = LINE('',#8673,#8674);
#8673 = CARTESIAN_POINT('',(0.,-40.5));
#8674 = VECTOR('',#8675,1.);
#8675 = DIRECTION('',(1.,0.));
#8676 = ( GEOMETRIC_REPRESENTATION_CONTEXT(2) 
PARAMETRIC_REPRESENTATION_CONTEXT() REPRESENTATION_CONTEXT('2D SPACE',''
  ) );
#8677 = ADVANCED_FACE('',(#8678),#8246,.T.);
#8678 = FACE_BOUND('',#8679,.T.);
#8679 = EDGE_LOOP('',(#8680,#8681,#8682,#8683));
#8680 = ORIENTED_EDGE('',*,*,#8230,.F.);
#8681 = ORIENTED_EDGE('',*,*,#8630,.F.);
#8682 = ORIENTED_EDGE('',*,*,#8501,.T.);
#8683 = ORIENTED_EDGE('',*,*,#8657,.T.);
#8684 = ( GEOMETRIC_REPRESENTATION_CONTEXT(3) 
GLOBAL_UNCERTAINTY_ASSIGNED_CONTEXT((#8688)) 
GLOBAL_UNIT_ASSIGNED_CONTEXT((#8685,#8686,#8687)) REPRESENTATION_CONTEXT
('Context #1','3D Context with UNIT and UNCERTAINTY') );
#8685 = ( LENGTH_UNIT() NAMED_UNIT(*) SI_UNIT(.MILLI.,.METRE.) );
#8686 = ( NAMED_UNIT(*) PLANE_ANGLE_UNIT() SI_UNIT($,.RADIAN.) );
#8687 = ( NAMED_UNIT(*) SI_UNIT($,.STERADIAN.) SOLID_ANGLE_UNIT() );
#8688 = UNCERTAINTY_MEASURE_WITH_UNIT(LENGTH_MEASURE(1.E-07),#8685,
  'distance_accuracy_value','confusion accuracy');
#8689 = CONTEXT_DEPENDENT_SHAPE_REPRESENTATION(#8690,#8692);
#8690 = ( REPRESENTATION_RELATIONSHIP('','',#8017,#10) 
REPRESENTATION_RELATIONSHIP_WITH_TRANSFORMATION(#8691) 
SHAPE_REPRESENTATION_RELATIONSHIP() );
#8691 = ITEM_DEFINED_TRANSFORMATION('','',#11,#51);
#8692 = PRODUCT_DEFINITION_SHAPE('Placement','Placement of an item',
  #8693);
#8693 = NEXT_ASSEMBLY_USAGE_OCCURRENCE('10','SY3_SV_2_SY3420-5LZ-M5','',
  #5,#8012,$);
#8694 = PRODUCT_RELATED_PRODUCT_CATEGORY('part',$,(#8014));
#8695 = SHAPE_DEFINITION_REPRESENTATION(#8696,#8702);
#8696 = PRODUCT_DEFINITION_SHAPE('','',#8697);
#8697 = PRODUCT_DEFINITION('design','',#8698,#8701);
#8698 = PRODUCT_DEFINITION_FORMATION('','',#8699);
#8699 = PRODUCT('SY3_Blanking_1','SY3_Blanking_1','',(#8700));
#8700 = PRODUCT_CONTEXT('',#2,'mechanical');
#8701 = PRODUCT_DEFINITION_CONTEXT('part definition',#2,'design');
#8702 = ADVANCED_BREP_SHAPE_REPRESENTATION('',(#11,#8703),#9369);
#8703 = MANIFOLD_SOLID_BREP('',#8704);
#8704 = CLOSED_SHELL('',(#8705,#8825,#9025,#9075,#9129,#9254,#9281,#9308
    ,#9335,#9362));
#8705 = ADVANCED_FACE('',(#8706),#8720,.F.);
#8706 = FACE_BOUND('',#8707,.F.);
#8707 = EDGE_LOOP('',(#8708,#8743,#8771,#8799));
#8708 = ORIENTED_EDGE('',*,*,#8709,.F.);
#8709 = EDGE_CURVE('',#8710,#8712,#8714,.T.);
#8710 = VERTEX_POINT('',#8711);
#8711 = CARTESIAN_POINT('',(-6.,-11.,11.4));
#8712 = VERTEX_POINT('',#8713);
#8713 = CARTESIAN_POINT('',(-6.,11.,11.4));
#8714 = SURFACE_CURVE('',#8715,(#8719,#8731),.PCURVE_S1.);
#8715 = LINE('',#8716,#8717);
#8716 = CARTESIAN_POINT('',(-6.,-12.,11.4));
#8717 = VECTOR('',#8718,1.);
#8718 = DIRECTION('',(0.,1.,0.));
#8719 = PCURVE('',#8720,#8725);
#8720 = PLANE('',#8721);
#8721 = AXIS2_PLACEMENT_3D('',#8722,#8723,#8724);
#8722 = CARTESIAN_POINT('',(-6.,-12.,-11.4));
#8723 = DIRECTION('',(1.,0.,0.));
#8724 = DIRECTION('',(0.,0.,1.));
#8725 = DEFINITIONAL_REPRESENTATION('',(#8726),#8730);
#8726 = LINE('',#8727,#8728);
#8727 = CARTESIAN_POINT('',(22.8,0.));
#8728 = VECTOR('',#8729,1.);
#8729 = DIRECTION('',(0.,-1.));
#8730 = ( GEOMETRIC_REPRESENTATION_CONTEXT(2) 
PARAMETRIC_REPRESENTATION_CONTEXT() REPRESENTATION_CONTEXT('2D SPACE',''
  ) );
#8731 = PCURVE('',#8732,#8737);
#8732 = PLANE('',#8733);
#8733 = AXIS2_PLACEMENT_3D('',#8734,#8735,#8736);
#8734 = CARTESIAN_POINT('',(-6.,-12.,11.4));
#8735 = DIRECTION('',(0.,0.,1.));
#8736 = DIRECTION('',(1.,0.,0.));
#8737 = DEFINITIONAL_REPRESENTATION('',(#8738),#8742);
#8738 = LINE('',#8739,#8740);
#8739 = CARTESIAN_POINT('',(0.,0.));
#8740 = VECTOR('',#8741,1.);
#8741 = DIRECTION('',(0.,1.));
#8742 = ( GEOMETRIC_REPRESENTATION_CONTEXT(2) 
PARAMETRIC_REPRESENTATION_CONTEXT() REPRESENTATION_CONTEXT('2D SPACE',''
  ) );
#8743 = ORIENTED_EDGE('',*,*,#8744,.F.);
#8744 = EDGE_CURVE('',#8745,#8710,#8747,.T.);
#8745 = VERTEX_POINT('',#8746);
#8746 = CARTESIAN_POINT('',(-6.,-11.,-11.4));
#8747 = SURFACE_CURVE('',#8748,(#8752,#8759),.PCURVE_S1.);
#8748 = LINE('',#8749,#8750);
#8749 = CARTESIAN_POINT('',(-6.,-11.,-11.4));
#8750 = VECTOR('',#8751,1.);
#8751 = DIRECTION('',(0.,0.,1.));
#8752 = PCURVE('',#8720,#8753);
#8753 = DEFINITIONAL_REPRESENTATION('',(#8754),#8758);
#8754 = LINE('',#8755,#8756);
#8755 = CARTESIAN_POINT('',(0.,-1.));
#8756 = VECTOR('',#8757,1.);
#8757 = DIRECTION('',(1.,0.));
#8758 = ( GEOMETRIC_REPRESENTATION_CONTEXT(2) 
PARAMETRIC_REPRESENTATION_CONTEXT() REPRESENTATION_CONTEXT('2D SPACE',''
  ) );
#8759 = PCURVE('',#8760,#8765);
#8760 = CYLINDRICAL_SURFACE('',#8761,1.);
#8761 = AXIS2_PLACEMENT_3D('',#8762,#8763,#8764);
#8762 = CARTESIAN_POINT('',(-5.,-11.,-11.4));
#8763 = DIRECTION('',(0.,0.,1.));
#8764 = DIRECTION('',(-1.,-0.,0.));
#8765 = DEFINITIONAL_REPRESENTATION('',(#8766),#8770);
#8766 = LINE('',#8767,#8768);
#8767 = CARTESIAN_POINT('',(0.,0.));
#8768 = VECTOR('',#8769,1.);
#8769 = DIRECTION('',(0.,1.));
#8770 = ( GEOMETRIC_REPRESENTATION_CONTEXT(2) 
PARAMETRIC_REPRESENTATION_CONTEXT() REPRESENTATION_CONTEXT('2D SPACE',''
  ) );
#8771 = ORIENTED_EDGE('',*,*,#8772,.T.);
#8772 = EDGE_CURVE('',#8745,#8773,#8775,.T.);
#8773 = VERTEX_POINT('',#8774);
#8774 = CARTESIAN_POINT('',(-6.,11.,-11.4));
#8775 = SURFACE_CURVE('',#8776,(#8780,#8787),.PCURVE_S1.);
#8776 = LINE('',#8777,#8778);
#8777 = CARTESIAN_POINT('',(-6.,-12.,-11.4));
#8778 = VECTOR('',#8779,1.);
#8779 = DIRECTION('',(0.,1.,0.));
#8780 = PCURVE('',#8720,#8781);
#8781 = DEFINITIONAL_REPRESENTATION('',(#8782),#8786);
#8782 = LINE('',#8783,#8784);
#8783 = CARTESIAN_POINT('',(0.,0.));
#8784 = VECTOR('',#8785,1.);
#8785 = DIRECTION('',(0.,-1.));
#8786 = ( GEOMETRIC_REPRESENTATION_CONTEXT(2) 
PARAMETRIC_REPRESENTATION_CONTEXT() REPRESENTATION_CONTEXT('2D SPACE',''
  ) );
#8787 = PCURVE('',#8788,#8793);
#8788 = PLANE('',#8789);
#8789 = AXIS2_PLACEMENT_3D('',#8790,#8791,#8792);
#8790 = CARTESIAN_POINT('',(-6.,-12.,-11.4));
#8791 = DIRECTION('',(0.,0.,1.));
#8792 = DIRECTION('',(1.,0.,0.));
#8793 = DEFINITIONAL_REPRESENTATION('',(#8794),#8798);
#8794 = LINE('',#8795,#8796);
#8795 = CARTESIAN_POINT('',(0.,0.));
#8796 = VECTOR('',#8797,1.);
#8797 = DIRECTION('',(0.,1.));
#8798 = ( GEOMETRIC_REPRESENTATION_CONTEXT(2) 
PARAMETRIC_REPRESENTATION_CONTEXT() REPRESENTATION_CONTEXT('2D SPACE',''
  ) );
#8799 = ORIENTED_EDGE('',*,*,#8800,.T.);
#8800 = EDGE_CURVE('',#8773,#8712,#8801,.T.);
#8801 = SURFACE_CURVE('',#8802,(#8806,#8813),.PCURVE_S1.);
#8802 = LINE('',#8803,#8804);
#8803 = CARTESIAN_POINT('',(-6.,11.,-11.4));
#8804 = VECTOR('',#8805,1.);
#8805 = DIRECTION('',(0.,0.,1.));
#8806 = PCURVE('',#8720,#8807);
#8807 = DEFINITIONAL_REPRESENTATION('',(#8808),#8812);
#8808 = LINE('',#8809,#8810);
#8809 = CARTESIAN_POINT('',(0.,-23.));
#8810 = VECTOR('',#8811,1.);
#8811 = DIRECTION('',(1.,0.));
#8812 = ( GEOMETRIC_REPRESENTATION_CONTEXT(2) 
PARAMETRIC_REPRESENTATION_CONTEXT() REPRESENTATION_CONTEXT('2D SPACE',''
  ) );
#8813 = PCURVE('',#8814,#8819);
#8814 = CYLINDRICAL_SURFACE('',#8815,1.);
#8815 = AXIS2_PLACEMENT_3D('',#8816,#8817,#8818);
#8816 = CARTESIAN_POINT('',(-5.,11.,-11.4));
#8817 = DIRECTION('',(0.,0.,1.));
#8818 = DIRECTION('',(-1.,-0.,0.));
#8819 = DEFINITIONAL_REPRESENTATION('',(#8820),#8824);
#8820 = LINE('',#8821,#8822);
#8821 = CARTESIAN_POINT('',(-0.,0.));
#8822 = VECTOR('',#8823,1.);
#8823 = DIRECTION('',(-0.,1.));
#8824 = ( GEOMETRIC_REPRESENTATION_CONTEXT(2) 
PARAMETRIC_REPRESENTATION_CONTEXT() REPRESENTATION_CONTEXT('2D SPACE',''
  ) );
#8825 = ADVANCED_FACE('',(#8826),#8732,.T.);
#8826 = FACE_BOUND('',#8827,.T.);
#8827 = EDGE_LOOP('',(#8828,#8829,#8853,#8881,#8914,#8942,#8971,#8999));
#8828 = ORIENTED_EDGE('',*,*,#8709,.F.);
#8829 = ORIENTED_EDGE('',*,*,#8830,.T.);
#8830 = EDGE_CURVE('',#8710,#8831,#8833,.T.);
#8831 = VERTEX_POINT('',#8832);
#8832 = CARTESIAN_POINT('',(-5.,-12.,11.4));
#8833 = SURFACE_CURVE('',#8834,(#8839,#8846),.PCURVE_S1.);
#8834 = CIRCLE('',#8835,1.);
#8835 = AXIS2_PLACEMENT_3D('',#8836,#8837,#8838);
#8836 = CARTESIAN_POINT('',(-5.,-11.,11.4));
#8837 = DIRECTION('',(0.,0.,1.));
#8838 = DIRECTION('',(0.,-1.,0.));
#8839 = PCURVE('',#8732,#8840);
#8840 = DEFINITIONAL_REPRESENTATION('',(#8841),#8845);
#8841 = CIRCLE('',#8842,1.);
#8842 = AXIS2_PLACEMENT_2D('',#8843,#8844);
#8843 = CARTESIAN_POINT('',(1.,1.));
#8844 = DIRECTION('',(0.,-1.));
#8845 = ( GEOMETRIC_REPRESENTATION_CONTEXT(2) 
PARAMETRIC_REPRESENTATION_CONTEXT() REPRESENTATION_CONTEXT('2D SPACE',''
  ) );
#8846 = PCURVE('',#8760,#8847);
#8847 = DEFINITIONAL_REPRESENTATION('',(#8848),#8852);
#8848 = LINE('',#8849,#8850);
#8849 = CARTESIAN_POINT('',(-4.712388980385,22.8));
#8850 = VECTOR('',#8851,1.);
#8851 = DIRECTION('',(1.,0.));
#8852 = ( GEOMETRIC_REPRESENTATION_CONTEXT(2) 
PARAMETRIC_REPRESENTATION_CONTEXT() REPRESENTATION_CONTEXT('2D SPACE',''
  ) );
#8853 = ORIENTED_EDGE('',*,*,#8854,.T.);
#8854 = EDGE_CURVE('',#8831,#8855,#8857,.T.);
#8855 = VERTEX_POINT('',#8856);
#8856 = CARTESIAN_POINT('',(5.,-12.,11.4));
#8857 = SURFACE_CURVE('',#8858,(#8862,#8869),.PCURVE_S1.);
#8858 = LINE('',#8859,#8860);
#8859 = CARTESIAN_POINT('',(-6.,-12.,11.4));
#8860 = VECTOR('',#8861,1.);
#8861 = DIRECTION('',(1.,0.,0.));
#8862 = PCURVE('',#8732,#8863);
#8863 = DEFINITIONAL_REPRESENTATION('',(#8864),#8868);
#8864 = LINE('',#8865,#8866);
#8865 = CARTESIAN_POINT('',(0.,0.));
#8866 = VECTOR('',#8867,1.);
#8867 = DIRECTION('',(1.,0.));
#8868 = ( GEOMETRIC_REPRESENTATION_CONTEXT(2) 
PARAMETRIC_REPRESENTATION_CONTEXT() REPRESENTATION_CONTEXT('2D SPACE',''
  ) );
#8869 = PCURVE('',#8870,#8875);
#8870 = PLANE('',#8871);
#8871 = AXIS2_PLACEMENT_3D('',#8872,#8873,#8874);
#8872 = CARTESIAN_POINT('',(-6.,-12.,-11.4));
#8873 = DIRECTION('',(0.,1.,0.));
#8874 = DIRECTION('',(0.,0.,1.));
#8875 = DEFINITIONAL_REPRESENTATION('',(#8876),#8880);
#8876 = LINE('',#8877,#8878);
#8877 = CARTESIAN_POINT('',(22.8,0.));
#8878 = VECTOR('',#8879,1.);
#8879 = DIRECTION('',(0.,1.));
#8880 = ( GEOMETRIC_REPRESENTATION_CONTEXT(2) 
PARAMETRIC_REPRESENTATION_CONTEXT() REPRESENTATION_CONTEXT('2D SPACE',''
  ) );
#8881 = ORIENTED_EDGE('',*,*,#8882,.F.);
#8882 = EDGE_CURVE('',#8883,#8855,#8885,.T.);
#8883 = VERTEX_POINT('',#8884);
#8884 = CARTESIAN_POINT('',(6.,-11.,11.4));
#8885 = SURFACE_CURVE('',#8886,(#8891,#8902),.PCURVE_S1.);
#8886 = CIRCLE('',#8887,1.);
#8887 = AXIS2_PLACEMENT_3D('',#8888,#8889,#8890);
#8888 = CARTESIAN_POINT('',(5.,-11.,11.4));
#8889 = DIRECTION('',(-0.,-0.,-1.));
#8890 = DIRECTION('',(0.,-1.,0.));
#8891 = PCURVE('',#8732,#8892);
#8892 = DEFINITIONAL_REPRESENTATION('',(#8893),#8901);
#8893 = ( BOUNDED_CURVE() B_SPLINE_CURVE(2,(#8894,#8895,#8896,#8897,
#8898,#8899,#8900),.UNSPECIFIED.,.T.,.F.) B_SPLINE_CURVE_WITH_KNOTS((1,2
    ,2,2,2,1),(-2.094395102393,0.,2.094395102393,4.188790204786,
6.28318530718,8.377580409573),.UNSPECIFIED.) CURVE() 
GEOMETRIC_REPRESENTATION_ITEM() RATIONAL_B_SPLINE_CURVE((1.,0.5,1.,0.5,
1.,0.5,1.)) REPRESENTATION_ITEM('') );
#8894 = CARTESIAN_POINT('',(11.,0.));
#8895 = CARTESIAN_POINT('',(9.267949192431,0.));
#8896 = CARTESIAN_POINT('',(10.133974596216,1.5));
#8897 = CARTESIAN_POINT('',(11.,3.));
#8898 = CARTESIAN_POINT('',(11.866025403784,1.5));
#8899 = CARTESIAN_POINT('',(12.732050807569,1.554312234475E-15));
#8900 = CARTESIAN_POINT('',(11.,0.));
#8901 = ( GEOMETRIC_REPRESENTATION_CONTEXT(2) 
PARAMETRIC_REPRESENTATION_CONTEXT() REPRESENTATION_CONTEXT('2D SPACE',''
  ) );
#8902 = PCURVE('',#8903,#8908);
#8903 = CYLINDRICAL_SURFACE('',#8904,1.);
#8904 = AXIS2_PLACEMENT_3D('',#8905,#8906,#8907);
#8905 = CARTESIAN_POINT('',(5.,-11.,-11.4));
#8906 = DIRECTION('',(0.,0.,1.));
#8907 = DIRECTION('',(1.,0.,-0.));
#8908 = DEFINITIONAL_REPRESENTATION('',(#8909),#8913);
#8909 = LINE('',#8910,#8911);
#8910 = CARTESIAN_POINT('',(4.712388980385,22.8));
#8911 = VECTOR('',#8912,1.);
#8912 = DIRECTION('',(-1.,0.));
#8913 = ( GEOMETRIC_REPRESENTATION_CONTEXT(2) 
PARAMETRIC_REPRESENTATION_CONTEXT() REPRESENTATION_CONTEXT('2D SPACE',''
  ) );
#8914 = ORIENTED_EDGE('',*,*,#8915,.T.);
#8915 = EDGE_CURVE('',#8883,#8916,#8918,.T.);
#8916 = VERTEX_POINT('',#8917);
#8917 = CARTESIAN_POINT('',(6.,11.,11.4));
#8918 = SURFACE_CURVE('',#8919,(#8923,#8930),.PCURVE_S1.);
#8919 = LINE('',#8920,#8921);
#8920 = CARTESIAN_POINT('',(6.,-12.,11.4));
#8921 = VECTOR('',#8922,1.);
#8922 = DIRECTION('',(0.,1.,0.));
#8923 = PCURVE('',#8732,#8924);
#8924 = DEFINITIONAL_REPRESENTATION('',(#8925),#8929);
#8925 = LINE('',#8926,#8927);
#8926 = CARTESIAN_POINT('',(12.,0.));
#8927 = VECTOR('',#8928,1.);
#8928 = DIRECTION('',(0.,1.));
#8929 = ( GEOMETRIC_REPRESENTATION_CONTEXT(2) 
PARAMETRIC_REPRESENTATION_CONTEXT() REPRESENTATION_CONTEXT('2D SPACE',''
  ) );
#8930 = PCURVE('',#8931,#8936);
#8931 = PLANE('',#8932);
#8932 = AXIS2_PLACEMENT_3D('',#8933,#8934,#8935);
#8933 = CARTESIAN_POINT('',(6.,-12.,-11.4));
#8934 = DIRECTION('',(1.,0.,0.));
#8935 = DIRECTION('',(0.,0.,1.));
#8936 = DEFINITIONAL_REPRESENTATION('',(#8937),#8941);
#8937 = LINE('',#8938,#8939);
#8938 = CARTESIAN_POINT('',(22.8,0.));
#8939 = VECTOR('',#8940,1.);
#8940 = DIRECTION('',(0.,-1.));
#8941 = ( GEOMETRIC_REPRESENTATION_CONTEXT(2) 
PARAMETRIC_REPRESENTATION_CONTEXT() REPRESENTATION_CONTEXT('2D SPACE',''
  ) );
#8942 = ORIENTED_EDGE('',*,*,#8943,.T.);
#8943 = EDGE_CURVE('',#8916,#8944,#8946,.T.);
#8944 = VERTEX_POINT('',#8945);
#8945 = CARTESIAN_POINT('',(5.,12.,11.4));
#8946 = SURFACE_CURVE('',#8947,(#8952,#8959),.PCURVE_S1.);
#8947 = CIRCLE('',#8948,1.);
#8948 = AXIS2_PLACEMENT_3D('',#8949,#8950,#8951);
#8949 = CARTESIAN_POINT('',(5.,11.,11.4));
#8950 = DIRECTION('',(0.,0.,1.));
#8951 = DIRECTION('',(0.,-1.,0.));
#8952 = PCURVE('',#8732,#8953);
#8953 = DEFINITIONAL_REPRESENTATION('',(#8954),#8958);
#8954 = CIRCLE('',#8955,1.);
#8955 = AXIS2_PLACEMENT_2D('',#8956,#8957);
#8956 = CARTESIAN_POINT('',(11.,23.));
#8957 = DIRECTION('',(0.,-1.));
#8958 = ( GEOMETRIC_REPRESENTATION_CONTEXT(2) 
PARAMETRIC_REPRESENTATION_CONTEXT() REPRESENTATION_CONTEXT('2D SPACE',''
  ) );
#8959 = PCURVE('',#8960,#8965);
#8960 = CYLINDRICAL_SURFACE('',#8961,1.);
#8961 = AXIS2_PLACEMENT_3D('',#8962,#8963,#8964);
#8962 = CARTESIAN_POINT('',(5.,11.,-11.4));
#8963 = DIRECTION('',(0.,0.,1.));
#8964 = DIRECTION('',(1.,0.,-0.));
#8965 = DEFINITIONAL_REPRESENTATION('',(#8966),#8970);
#8966 = LINE('',#8967,#8968);
#8967 = CARTESIAN_POINT('',(-1.570796326795,22.8));
#8968 = VECTOR('',#8969,1.);
#8969 = DIRECTION('',(1.,0.));
#8970 = ( GEOMETRIC_REPRESENTATION_CONTEXT(2) 
PARAMETRIC_REPRESENTATION_CONTEXT() REPRESENTATION_CONTEXT('2D SPACE',''
  ) );
#8971 = ORIENTED_EDGE('',*,*,#8972,.F.);
#8972 = EDGE_CURVE('',#8973,#8944,#8975,.T.);
#8973 = VERTEX_POINT('',#8974);
#8974 = CARTESIAN_POINT('',(-5.,12.,11.4));
#8975 = SURFACE_CURVE('',#8976,(#8980,#8987),.PCURVE_S1.);
#8976 = LINE('',#8977,#8978);
#8977 = CARTESIAN_POINT('',(-6.,12.,11.4));
#8978 = VECTOR('',#8979,1.);
#8979 = DIRECTION('',(1.,0.,0.));
#8980 = PCURVE('',#8732,#8981);
#8981 = DEFINITIONAL_REPRESENTATION('',(#8982),#8986);
#8982 = LINE('',#8983,#8984);
#8983 = CARTESIAN_POINT('',(0.,24.));
#8984 = VECTOR('',#8985,1.);
#8985 = DIRECTION('',(1.,0.));
#8986 = ( GEOMETRIC_REPRESENTATION_CONTEXT(2) 
PARAMETRIC_REPRESENTATION_CONTEXT() REPRESENTATION_CONTEXT('2D SPACE',''
  ) );
#8987 = PCURVE('',#8988,#8993);
#8988 = PLANE('',#8989);
#8989 = AXIS2_PLACEMENT_3D('',#8990,#8991,#8992);
#8990 = CARTESIAN_POINT('',(-6.,12.,-11.4));
#8991 = DIRECTION('',(0.,1.,0.));
#8992 = DIRECTION('',(0.,0.,1.));
#8993 = DEFINITIONAL_REPRESENTATION('',(#8994),#8998);
#8994 = LINE('',#8995,#8996);
#8995 = CARTESIAN_POINT('',(22.8,0.));
#8996 = VECTOR('',#8997,1.);
#8997 = DIRECTION('',(0.,1.));
#8998 = ( GEOMETRIC_REPRESENTATION_CONTEXT(2) 
PARAMETRIC_REPRESENTATION_CONTEXT() REPRESENTATION_CONTEXT('2D SPACE',''
  ) );
#8999 = ORIENTED_EDGE('',*,*,#9000,.F.);
#9000 = EDGE_CURVE('',#8712,#8973,#9001,.T.);
#9001 = SURFACE_CURVE('',#9002,(#9007,#9018),.PCURVE_S1.);
#9002 = CIRCLE('',#9003,1.);
#9003 = AXIS2_PLACEMENT_3D('',#9004,#9005,#9006);
#9004 = CARTESIAN_POINT('',(-5.,11.,11.4));
#9005 = DIRECTION('',(-0.,-0.,-1.));
#9006 = DIRECTION('',(0.,-1.,0.));
#9007 = PCURVE('',#8732,#9008);
#9008 = DEFINITIONAL_REPRESENTATION('',(#9009),#9017);
#9009 = ( BOUNDED_CURVE() B_SPLINE_CURVE(2,(#9010,#9011,#9012,#9013,
#9014,#9015,#9016),.UNSPECIFIED.,.T.,.F.) B_SPLINE_CURVE_WITH_KNOTS((1,2
    ,2,2,2,1),(-2.094395102393,0.,2.094395102393,4.188790204786,
6.28318530718,8.377580409573),.UNSPECIFIED.) CURVE() 
GEOMETRIC_REPRESENTATION_ITEM() RATIONAL_B_SPLINE_CURVE((1.,0.5,1.,0.5,
1.,0.5,1.)) REPRESENTATION_ITEM('') );
#9010 = CARTESIAN_POINT('',(1.,22.));
#9011 = CARTESIAN_POINT('',(-0.732050807569,22.));
#9012 = CARTESIAN_POINT('',(0.133974596216,23.5));
#9013 = CARTESIAN_POINT('',(1.,25.));
#9014 = CARTESIAN_POINT('',(1.866025403784,23.5));
#9015 = CARTESIAN_POINT('',(2.732050807569,22.));
#9016 = CARTESIAN_POINT('',(1.,22.));
#9017 = ( GEOMETRIC_REPRESENTATION_CONTEXT(2) 
PARAMETRIC_REPRESENTATION_CONTEXT() REPRESENTATION_CONTEXT('2D SPACE',''
  ) );
#9018 = PCURVE('',#8814,#9019);
#9019 = DEFINITIONAL_REPRESENTATION('',(#9020),#9024);
#9020 = LINE('',#9021,#9022);
#9021 = CARTESIAN_POINT('',(1.570796326795,22.8));
#9022 = VECTOR('',#9023,1.);
#9023 = DIRECTION('',(-1.,0.));
#9024 = ( GEOMETRIC_REPRESENTATION_CONTEXT(2) 
PARAMETRIC_REPRESENTATION_CONTEXT() REPRESENTATION_CONTEXT('2D SPACE',''
  ) );
#9025 = ADVANCED_FACE('',(#9026),#8760,.T.);
#9026 = FACE_BOUND('',#9027,.T.);
#9027 = EDGE_LOOP('',(#9028,#9052,#9073,#9074));
#9028 = ORIENTED_EDGE('',*,*,#9029,.T.);
#9029 = EDGE_CURVE('',#8745,#9030,#9032,.T.);
#9030 = VERTEX_POINT('',#9031);
#9031 = CARTESIAN_POINT('',(-5.,-12.,-11.4));
#9032 = SURFACE_CURVE('',#9033,(#9038,#9045),.PCURVE_S1.);
#9033 = CIRCLE('',#9034,1.);
#9034 = AXIS2_PLACEMENT_3D('',#9035,#9036,#9037);
#9035 = CARTESIAN_POINT('',(-5.,-11.,-11.4));
#9036 = DIRECTION('',(0.,0.,1.));
#9037 = DIRECTION('',(0.,-1.,0.));
#9038 = PCURVE('',#8760,#9039);
#9039 = DEFINITIONAL_REPRESENTATION('',(#9040),#9044);
#9040 = LINE('',#9041,#9042);
#9041 = CARTESIAN_POINT('',(-4.712388980385,0.));
#9042 = VECTOR('',#9043,1.);
#9043 = DIRECTION('',(1.,0.));
#9044 = ( GEOMETRIC_REPRESENTATION_CONTEXT(2) 
PARAMETRIC_REPRESENTATION_CONTEXT() REPRESENTATION_CONTEXT('2D SPACE',''
  ) );
#9045 = PCURVE('',#8788,#9046);
#9046 = DEFINITIONAL_REPRESENTATION('',(#9047),#9051);
#9047 = CIRCLE('',#9048,1.);
#9048 = AXIS2_PLACEMENT_2D('',#9049,#9050);
#9049 = CARTESIAN_POINT('',(1.,1.));
#9050 = DIRECTION('',(0.,-1.));
#9051 = ( GEOMETRIC_REPRESENTATION_CONTEXT(2) 
PARAMETRIC_REPRESENTATION_CONTEXT() REPRESENTATION_CONTEXT('2D SPACE',''
  ) );
#9052 = ORIENTED_EDGE('',*,*,#9053,.T.);
#9053 = EDGE_CURVE('',#9030,#8831,#9054,.T.);
#9054 = SURFACE_CURVE('',#9055,(#9059,#9066),.PCURVE_S1.);
#9055 = LINE('',#9056,#9057);
#9056 = CARTESIAN_POINT('',(-5.,-12.,-11.4));
#9057 = VECTOR('',#9058,1.);
#9058 = DIRECTION('',(0.,0.,1.));
#9059 = PCURVE('',#8760,#9060);
#9060 = DEFINITIONAL_REPRESENTATION('',(#9061),#9065);
#9061 = LINE('',#9062,#9063);
#9062 = CARTESIAN_POINT('',(1.570796326795,0.));
#9063 = VECTOR('',#9064,1.);
#9064 = DIRECTION('',(0.,1.));
#9065 = ( GEOMETRIC_REPRESENTATION_CONTEXT(2) 
PARAMETRIC_REPRESENTATION_CONTEXT() REPRESENTATION_CONTEXT('2D SPACE',''
  ) );
#9066 = PCURVE('',#8870,#9067);
#9067 = DEFINITIONAL_REPRESENTATION('',(#9068),#9072);
#9068 = LINE('',#9069,#9070);
#9069 = CARTESIAN_POINT('',(0.,1.));
#9070 = VECTOR('',#9071,1.);
#9071 = DIRECTION('',(1.,0.));
#9072 = ( GEOMETRIC_REPRESENTATION_CONTEXT(2) 
PARAMETRIC_REPRESENTATION_CONTEXT() REPRESENTATION_CONTEXT('2D SPACE',''
  ) );
#9073 = ORIENTED_EDGE('',*,*,#8830,.F.);
#9074 = ORIENTED_EDGE('',*,*,#8744,.F.);
#9075 = ADVANCED_FACE('',(#9076),#8814,.T.);
#9076 = FACE_BOUND('',#9077,.F.);
#9077 = EDGE_LOOP('',(#9078,#9106,#9127,#9128));
#9078 = ORIENTED_EDGE('',*,*,#9079,.T.);
#9079 = EDGE_CURVE('',#8773,#9080,#9082,.T.);
#9080 = VERTEX_POINT('',#9081);
#9081 = CARTESIAN_POINT('',(-5.,12.,-11.4));
#9082 = SURFACE_CURVE('',#9083,(#9088,#9095),.PCURVE_S1.);
#9083 = CIRCLE('',#9084,1.);
#9084 = AXIS2_PLACEMENT_3D('',#9085,#9086,#9087);
#9085 = CARTESIAN_POINT('',(-5.,11.,-11.4));
#9086 = DIRECTION('',(-0.,-0.,-1.));
#9087 = DIRECTION('',(0.,-1.,0.));
#9088 = PCURVE('',#8814,#9089);
#9089 = DEFINITIONAL_REPRESENTATION('',(#9090),#9094);
#9090 = LINE('',#9091,#9092);
#9091 = CARTESIAN_POINT('',(1.570796326795,-0.));
#9092 = VECTOR('',#9093,1.);
#9093 = DIRECTION('',(-1.,0.));
#9094 = ( GEOMETRIC_REPRESENTATION_CONTEXT(2) 
PARAMETRIC_REPRESENTATION_CONTEXT() REPRESENTATION_CONTEXT('2D SPACE',''
  ) );
#9095 = PCURVE('',#8788,#9096);
#9096 = DEFINITIONAL_REPRESENTATION('',(#9097),#9105);
#9097 = ( BOUNDED_CURVE() B_SPLINE_CURVE(2,(#9098,#9099,#9100,#9101,
#9102,#9103,#9104),.UNSPECIFIED.,.T.,.F.) B_SPLINE_CURVE_WITH_KNOTS((1,2
    ,2,2,2,1),(-2.094395102393,0.,2.094395102393,4.188790204786,
6.28318530718,8.377580409573),.UNSPECIFIED.) CURVE() 
GEOMETRIC_REPRESENTATION_ITEM() RATIONAL_B_SPLINE_CURVE((1.,0.5,1.,0.5,
1.,0.5,1.)) REPRESENTATION_ITEM('') );
#9098 = CARTESIAN_POINT('',(1.,22.));
#9099 = CARTESIAN_POINT('',(-0.732050807569,22.));
#9100 = CARTESIAN_POINT('',(0.133974596216,23.5));
#9101 = CARTESIAN_POINT('',(1.,25.));
#9102 = CARTESIAN_POINT('',(1.866025403784,23.5));
#9103 = CARTESIAN_POINT('',(2.732050807569,22.));
#9104 = CARTESIAN_POINT('',(1.,22.));
#9105 = ( GEOMETRIC_REPRESENTATION_CONTEXT(2) 
PARAMETRIC_REPRESENTATION_CONTEXT() REPRESENTATION_CONTEXT('2D SPACE',''
  ) );
#9106 = ORIENTED_EDGE('',*,*,#9107,.T.);
#9107 = EDGE_CURVE('',#9080,#8973,#9108,.T.);
#9108 = SURFACE_CURVE('',#9109,(#9113,#9120),.PCURVE_S1.);
#9109 = LINE('',#9110,#9111);
#9110 = CARTESIAN_POINT('',(-5.,12.,-11.4));
#9111 = VECTOR('',#9112,1.);
#9112 = DIRECTION('',(0.,0.,1.));
#9113 = PCURVE('',#8814,#9114);
#9114 = DEFINITIONAL_REPRESENTATION('',(#9115),#9119);
#9115 = LINE('',#9116,#9117);
#9116 = CARTESIAN_POINT('',(-1.570796326795,0.));
#9117 = VECTOR('',#9118,1.);
#9118 = DIRECTION('',(-0.,1.));
#9119 = ( GEOMETRIC_REPRESENTATION_CONTEXT(2) 
PARAMETRIC_REPRESENTATION_CONTEXT() REPRESENTATION_CONTEXT('2D SPACE',''
  ) );
#9120 = PCURVE('',#8988,#9121);
#9121 = DEFINITIONAL_REPRESENTATION('',(#9122),#9126);
#9122 = LINE('',#9123,#9124);
#9123 = CARTESIAN_POINT('',(0.,1.));
#9124 = VECTOR('',#9125,1.);
#9125 = DIRECTION('',(1.,0.));
#9126 = ( GEOMETRIC_REPRESENTATION_CONTEXT(2) 
PARAMETRIC_REPRESENTATION_CONTEXT() REPRESENTATION_CONTEXT('2D SPACE',''
  ) );
#9127 = ORIENTED_EDGE('',*,*,#9000,.F.);
#9128 = ORIENTED_EDGE('',*,*,#8800,.F.);
#9129 = ADVANCED_FACE('',(#9130),#8788,.F.);
#9130 = FACE_BOUND('',#9131,.F.);
#9131 = EDGE_LOOP('',(#9132,#9133,#9134,#9157,#9185,#9208,#9232,#9253));
#9132 = ORIENTED_EDGE('',*,*,#8772,.F.);
#9133 = ORIENTED_EDGE('',*,*,#9029,.T.);
#9134 = ORIENTED_EDGE('',*,*,#9135,.T.);
#9135 = EDGE_CURVE('',#9030,#9136,#9138,.T.);
#9136 = VERTEX_POINT('',#9137);
#9137 = CARTESIAN_POINT('',(5.,-12.,-11.4));
#9138 = SURFACE_CURVE('',#9139,(#9143,#9150),.PCURVE_S1.);
#9139 = LINE('',#9140,#9141);
#9140 = CARTESIAN_POINT('',(-6.,-12.,-11.4));
#9141 = VECTOR('',#9142,1.);
#9142 = DIRECTION('',(1.,0.,0.));
#9143 = PCURVE('',#8788,#9144);
#9144 = DEFINITIONAL_REPRESENTATION('',(#9145),#9149);
#9145 = LINE('',#9146,#9147);
#9146 = CARTESIAN_POINT('',(0.,0.));
#9147 = VECTOR('',#9148,1.);
#9148 = DIRECTION('',(1.,0.));
#9149 = ( GEOMETRIC_REPRESENTATION_CONTEXT(2) 
PARAMETRIC_REPRESENTATION_CONTEXT() REPRESENTATION_CONTEXT('2D SPACE',''
  ) );
#9150 = PCURVE('',#8870,#9151);
#9151 = DEFINITIONAL_REPRESENTATION('',(#9152),#9156);
#9152 = LINE('',#9153,#9154);
#9153 = CARTESIAN_POINT('',(0.,0.));
#9154 = VECTOR('',#9155,1.);
#9155 = DIRECTION('',(0.,1.));
#9156 = ( GEOMETRIC_REPRESENTATION_CONTEXT(2) 
PARAMETRIC_REPRESENTATION_CONTEXT() REPRESENTATION_CONTEXT('2D SPACE',''
  ) );
#9157 = ORIENTED_EDGE('',*,*,#9158,.F.);
#9158 = EDGE_CURVE('',#9159,#9136,#9161,.T.);
#9159 = VERTEX_POINT('',#9160);
#9160 = CARTESIAN_POINT('',(6.,-11.,-11.4));
#9161 = SURFACE_CURVE('',#9162,(#9167,#9178),.PCURVE_S1.);
#9162 = CIRCLE('',#9163,1.);
#9163 = AXIS2_PLACEMENT_3D('',#9164,#9165,#9166);
#9164 = CARTESIAN_POINT('',(5.,-11.,-11.4));
#9165 = DIRECTION('',(-0.,-0.,-1.));
#9166 = DIRECTION('',(0.,-1.,0.));
#9167 = PCURVE('',#8788,#9168);
#9168 = DEFINITIONAL_REPRESENTATION('',(#9169),#9177);
#9169 = ( BOUNDED_CURVE() B_SPLINE_CURVE(2,(#9170,#9171,#9172,#9173,
#9174,#9175,#9176),.UNSPECIFIED.,.T.,.F.) B_SPLINE_CURVE_WITH_KNOTS((1,2
    ,2,2,2,1),(-2.094395102393,0.,2.094395102393,4.188790204786,
6.28318530718,8.377580409573),.UNSPECIFIED.) CURVE() 
GEOMETRIC_REPRESENTATION_ITEM() RATIONAL_B_SPLINE_CURVE((1.,0.5,1.,0.5,
1.,0.5,1.)) REPRESENTATION_ITEM('') );
#9170 = CARTESIAN_POINT('',(11.,0.));
#9171 = CARTESIAN_POINT('',(9.267949192431,0.));
#9172 = CARTESIAN_POINT('',(10.133974596216,1.5));
#9173 = CARTESIAN_POINT('',(11.,3.));
#9174 = CARTESIAN_POINT('',(11.866025403784,1.5));
#9175 = CARTESIAN_POINT('',(12.732050807569,1.554312234475E-15));
#9176 = CARTESIAN_POINT('',(11.,0.));
#9177 = ( GEOMETRIC_REPRESENTATION_CONTEXT(2) 
PARAMETRIC_REPRESENTATION_CONTEXT() REPRESENTATION_CONTEXT('2D SPACE',''
  ) );
#9178 = PCURVE('',#8903,#9179);
#9179 = DEFINITIONAL_REPRESENTATION('',(#9180),#9184);
#9180 = LINE('',#9181,#9182);
#9181 = CARTESIAN_POINT('',(4.712388980385,-0.));
#9182 = VECTOR('',#9183,1.);
#9183 = DIRECTION('',(-1.,0.));
#9184 = ( GEOMETRIC_REPRESENTATION_CONTEXT(2) 
PARAMETRIC_REPRESENTATION_CONTEXT() REPRESENTATION_CONTEXT('2D SPACE',''
  ) );
#9185 = ORIENTED_EDGE('',*,*,#9186,.T.);
#9186 = EDGE_CURVE('',#9159,#9187,#9189,.T.);
#9187 = VERTEX_POINT('',#9188);
#9188 = CARTESIAN_POINT('',(6.,11.,-11.4));
#9189 = SURFACE_CURVE('',#9190,(#9194,#9201),.PCURVE_S1.);
#9190 = LINE('',#9191,#9192);
#9191 = CARTESIAN_POINT('',(6.,-12.,-11.4));
#9192 = VECTOR('',#9193,1.);
#9193 = DIRECTION('',(0.,1.,0.));
#9194 = PCURVE('',#8788,#9195);
#9195 = DEFINITIONAL_REPRESENTATION('',(#9196),#9200);
#9196 = LINE('',#9197,#9198);
#9197 = CARTESIAN_POINT('',(12.,0.));
#9198 = VECTOR('',#9199,1.);
#9199 = DIRECTION('',(0.,1.));
#9200 = ( GEOMETRIC_REPRESENTATION_CONTEXT(2) 
PARAMETRIC_REPRESENTATION_CONTEXT() REPRESENTATION_CONTEXT('2D SPACE',''
  ) );
#9201 = PCURVE('',#8931,#9202);
#9202 = DEFINITIONAL_REPRESENTATION('',(#9203),#9207);
#9203 = LINE('',#9204,#9205);
#9204 = CARTESIAN_POINT('',(0.,0.));
#9205 = VECTOR('',#9206,1.);
#9206 = DIRECTION('',(0.,-1.));
#9207 = ( GEOMETRIC_REPRESENTATION_CONTEXT(2) 
PARAMETRIC_REPRESENTATION_CONTEXT() REPRESENTATION_CONTEXT('2D SPACE',''
  ) );
#9208 = ORIENTED_EDGE('',*,*,#9209,.T.);
#9209 = EDGE_CURVE('',#9187,#9210,#9212,.T.);
#9210 = VERTEX_POINT('',#9211);
#9211 = CARTESIAN_POINT('',(5.,12.,-11.4));
#9212 = SURFACE_CURVE('',#9213,(#9218,#9225),.PCURVE_S1.);
#9213 = CIRCLE('',#9214,1.);
#9214 = AXIS2_PLACEMENT_3D('',#9215,#9216,#9217);
#9215 = CARTESIAN_POINT('',(5.,11.,-11.4));
#9216 = DIRECTION('',(0.,0.,1.));
#9217 = DIRECTION('',(0.,-1.,0.));
#9218 = PCURVE('',#8788,#9219);
#9219 = DEFINITIONAL_REPRESENTATION('',(#9220),#9224);
#9220 = CIRCLE('',#9221,1.);
#9221 = AXIS2_PLACEMENT_2D('',#9222,#9223);
#9222 = CARTESIAN_POINT('',(11.,23.));
#9223 = DIRECTION('',(0.,-1.));
#9224 = ( GEOMETRIC_REPRESENTATION_CONTEXT(2) 
PARAMETRIC_REPRESENTATION_CONTEXT() REPRESENTATION_CONTEXT('2D SPACE',''
  ) );
#9225 = PCURVE('',#8960,#9226);
#9226 = DEFINITIONAL_REPRESENTATION('',(#9227),#9231);
#9227 = LINE('',#9228,#9229);
#9228 = CARTESIAN_POINT('',(-1.570796326795,0.));
#9229 = VECTOR('',#9230,1.);
#9230 = DIRECTION('',(1.,0.));
#9231 = ( GEOMETRIC_REPRESENTATION_CONTEXT(2) 
PARAMETRIC_REPRESENTATION_CONTEXT() REPRESENTATION_CONTEXT('2D SPACE',''
  ) );
#9232 = ORIENTED_EDGE('',*,*,#9233,.F.);
#9233 = EDGE_CURVE('',#9080,#9210,#9234,.T.);
#9234 = SURFACE_CURVE('',#9235,(#9239,#9246),.PCURVE_S1.);
#9235 = LINE('',#9236,#9237);
#9236 = CARTESIAN_POINT('',(-6.,12.,-11.4));
#9237 = VECTOR('',#9238,1.);
#9238 = DIRECTION('',(1.,0.,0.));
#9239 = PCURVE('',#8788,#9240);
#9240 = DEFINITIONAL_REPRESENTATION('',(#9241),#9245);
#9241 = LINE('',#9242,#9243);
#9242 = CARTESIAN_POINT('',(0.,24.));
#9243 = VECTOR('',#9244,1.);
#9244 = DIRECTION('',(1.,0.));
#9245 = ( GEOMETRIC_REPRESENTATION_CONTEXT(2) 
PARAMETRIC_REPRESENTATION_CONTEXT() REPRESENTATION_CONTEXT('2D SPACE',''
  ) );
#9246 = PCURVE('',#8988,#9247);
#9247 = DEFINITIONAL_REPRESENTATION('',(#9248),#9252);
#9248 = LINE('',#9249,#9250);
#9249 = CARTESIAN_POINT('',(0.,0.));
#9250 = VECTOR('',#9251,1.);
#9251 = DIRECTION('',(0.,1.));
#9252 = ( GEOMETRIC_REPRESENTATION_CONTEXT(2) 
PARAMETRIC_REPRESENTATION_CONTEXT() REPRESENTATION_CONTEXT('2D SPACE',''
  ) );
#9253 = ORIENTED_EDGE('',*,*,#9079,.F.);
#9254 = ADVANCED_FACE('',(#9255),#8870,.F.);
#9255 = FACE_BOUND('',#9256,.F.);
#9256 = EDGE_LOOP('',(#9257,#9258,#9259,#9260));
#9257 = ORIENTED_EDGE('',*,*,#9135,.F.);
#9258 = ORIENTED_EDGE('',*,*,#9053,.T.);
#9259 = ORIENTED_EDGE('',*,*,#8854,.T.);
#9260 = ORIENTED_EDGE('',*,*,#9261,.F.);
#9261 = EDGE_CURVE('',#9136,#8855,#9262,.T.);
#9262 = SURFACE_CURVE('',#9263,(#9267,#9274),.PCURVE_S1.);
#9263 = LINE('',#9264,#9265);
#9264 = CARTESIAN_POINT('',(5.,-12.,-11.4));
#9265 = VECTOR('',#9266,1.);
#9266 = DIRECTION('',(0.,0.,1.));
#9267 = PCURVE('',#8870,#9268);
#9268 = DEFINITIONAL_REPRESENTATION('',(#9269),#9273);
#9269 = LINE('',#9270,#9271);
#9270 = CARTESIAN_POINT('',(0.,11.));
#9271 = VECTOR('',#9272,1.);
#9272 = DIRECTION('',(1.,0.));
#9273 = ( GEOMETRIC_REPRESENTATION_CONTEXT(2) 
PARAMETRIC_REPRESENTATION_CONTEXT() REPRESENTATION_CONTEXT('2D SPACE',''
  ) );
#9274 = PCURVE('',#8903,#9275);
#9275 = DEFINITIONAL_REPRESENTATION('',(#9276),#9280);
#9276 = LINE('',#9277,#9278);
#9277 = CARTESIAN_POINT('',(-1.570796326795,0.));
#9278 = VECTOR('',#9279,1.);
#9279 = DIRECTION('',(-0.,1.));
#9280 = ( GEOMETRIC_REPRESENTATION_CONTEXT(2) 
PARAMETRIC_REPRESENTATION_CONTEXT() REPRESENTATION_CONTEXT('2D SPACE',''
  ) );
#9281 = ADVANCED_FACE('',(#9282),#8988,.T.);
#9282 = FACE_BOUND('',#9283,.T.);
#9283 = EDGE_LOOP('',(#9284,#9285,#9286,#9287));
#9284 = ORIENTED_EDGE('',*,*,#9233,.F.);
#9285 = ORIENTED_EDGE('',*,*,#9107,.T.);
#9286 = ORIENTED_EDGE('',*,*,#8972,.T.);
#9287 = ORIENTED_EDGE('',*,*,#9288,.F.);
#9288 = EDGE_CURVE('',#9210,#8944,#9289,.T.);
#9289 = SURFACE_CURVE('',#9290,(#9294,#9301),.PCURVE_S1.);
#9290 = LINE('',#9291,#9292);
#9291 = CARTESIAN_POINT('',(5.,12.,-11.4));
#9292 = VECTOR('',#9293,1.);
#9293 = DIRECTION('',(0.,0.,1.));
#9294 = PCURVE('',#8988,#9295);
#9295 = DEFINITIONAL_REPRESENTATION('',(#9296),#9300);
#9296 = LINE('',#9297,#9298);
#9297 = CARTESIAN_POINT('',(0.,11.));
#9298 = VECTOR('',#9299,1.);
#9299 = DIRECTION('',(1.,0.));
#9300 = ( GEOMETRIC_REPRESENTATION_CONTEXT(2) 
PARAMETRIC_REPRESENTATION_CONTEXT() REPRESENTATION_CONTEXT('2D SPACE',''
  ) );
#9301 = PCURVE('',#8960,#9302);
#9302 = DEFINITIONAL_REPRESENTATION('',(#9303),#9307);
#9303 = LINE('',#9304,#9305);
#9304 = CARTESIAN_POINT('',(1.570796326795,0.));
#9305 = VECTOR('',#9306,1.);
#9306 = DIRECTION('',(0.,1.));
#9307 = ( GEOMETRIC_REPRESENTATION_CONTEXT(2) 
PARAMETRIC_REPRESENTATION_CONTEXT() REPRESENTATION_CONTEXT('2D SPACE',''
  ) );
#9308 = ADVANCED_FACE('',(#9309),#8903,.T.);
#9309 = FACE_BOUND('',#9310,.F.);
#9310 = EDGE_LOOP('',(#9311,#9312,#9313,#9314));
#9311 = ORIENTED_EDGE('',*,*,#9158,.T.);
#9312 = ORIENTED_EDGE('',*,*,#9261,.T.);
#9313 = ORIENTED_EDGE('',*,*,#8882,.F.);
#9314 = ORIENTED_EDGE('',*,*,#9315,.F.);
#9315 = EDGE_CURVE('',#9159,#8883,#9316,.T.);
#9316 = SURFACE_CURVE('',#9317,(#9321,#9328),.PCURVE_S1.);
#9317 = LINE('',#9318,#9319);
#9318 = CARTESIAN_POINT('',(6.,-11.,-11.4));
#9319 = VECTOR('',#9320,1.);
#9320 = DIRECTION('',(0.,0.,1.));
#9321 = PCURVE('',#8903,#9322);
#9322 = DEFINITIONAL_REPRESENTATION('',(#9323),#9327);
#9323 = LINE('',#9324,#9325);
#9324 = CARTESIAN_POINT('',(-0.,0.));
#9325 = VECTOR('',#9326,1.);
#9326 = DIRECTION('',(-0.,1.));
#9327 = ( GEOMETRIC_REPRESENTATION_CONTEXT(2) 
PARAMETRIC_REPRESENTATION_CONTEXT() REPRESENTATION_CONTEXT('2D SPACE',''
  ) );
#9328 = PCURVE('',#8931,#9329);
#9329 = DEFINITIONAL_REPRESENTATION('',(#9330),#9334);
#9330 = LINE('',#9331,#9332);
#9331 = CARTESIAN_POINT('',(0.,-1.));
#9332 = VECTOR('',#9333,1.);
#9333 = DIRECTION('',(1.,0.));
#9334 = ( GEOMETRIC_REPRESENTATION_CONTEXT(2) 
PARAMETRIC_REPRESENTATION_CONTEXT() REPRESENTATION_CONTEXT('2D SPACE',''
  ) );
#9335 = ADVANCED_FACE('',(#9336),#8960,.T.);
#9336 = FACE_BOUND('',#9337,.T.);
#9337 = EDGE_LOOP('',(#9338,#9339,#9340,#9341));
#9338 = ORIENTED_EDGE('',*,*,#9209,.T.);
#9339 = ORIENTED_EDGE('',*,*,#9288,.T.);
#9340 = ORIENTED_EDGE('',*,*,#8943,.F.);
#9341 = ORIENTED_EDGE('',*,*,#9342,.F.);
#9342 = EDGE_CURVE('',#9187,#8916,#9343,.T.);
#9343 = SURFACE_CURVE('',#9344,(#9348,#9355),.PCURVE_S1.);
#9344 = LINE('',#9345,#9346);
#9345 = CARTESIAN_POINT('',(6.,11.,-11.4));
#9346 = VECTOR('',#9347,1.);
#9347 = DIRECTION('',(0.,0.,1.));
#9348 = PCURVE('',#8960,#9349);
#9349 = DEFINITIONAL_REPRESENTATION('',(#9350),#9354);
#9350 = LINE('',#9351,#9352);
#9351 = CARTESIAN_POINT('',(0.,0.));
#9352 = VECTOR('',#9353,1.);
#9353 = DIRECTION('',(0.,1.));
#9354 = ( GEOMETRIC_REPRESENTATION_CONTEXT(2) 
PARAMETRIC_REPRESENTATION_CONTEXT() REPRESENTATION_CONTEXT('2D SPACE',''
  ) );
#9355 = PCURVE('',#8931,#9356);
#9356 = DEFINITIONAL_REPRESENTATION('',(#9357),#9361);
#9357 = LINE('',#9358,#9359);
#9358 = CARTESIAN_POINT('',(0.,-23.));
#9359 = VECTOR('',#9360,1.);
#9360 = DIRECTION('',(1.,0.));
#9361 = ( GEOMETRIC_REPRESENTATION_CONTEXT(2) 
PARAMETRIC_REPRESENTATION_CONTEXT() REPRESENTATION_CONTEXT('2D SPACE',''
  ) );
#9362 = ADVANCED_FACE('',(#9363),#8931,.T.);
#9363 = FACE_BOUND('',#9364,.T.);
#9364 = EDGE_LOOP('',(#9365,#9366,#9367,#9368));
#9365 = ORIENTED_EDGE('',*,*,#8915,.F.);
#9366 = ORIENTED_EDGE('',*,*,#9315,.F.);
#9367 = ORIENTED_EDGE('',*,*,#9186,.T.);
#9368 = ORIENTED_EDGE('',*,*,#9342,.T.);
#9369 = ( GEOMETRIC_REPRESENTATION_CONTEXT(3) 
GLOBAL_UNCERTAINTY_ASSIGNED_CONTEXT((#9373)) 
GLOBAL_UNIT_ASSIGNED_CONTEXT((#9370,#9371,#9372)) REPRESENTATION_CONTEXT
('Context #1','3D Context with UNIT and UNCERTAINTY') );
#9370 = ( LENGTH_UNIT() NAMED_UNIT(*) SI_UNIT(.MILLI.,.METRE.) );
#9371 = ( NAMED_UNIT(*) PLANE_ANGLE_UNIT() SI_UNIT($,.RADIAN.) );
#9372 = ( NAMED_UNIT(*) SI_UNIT($,.STERADIAN.) SOLID_ANGLE_UNIT() );
#9373 = UNCERTAINTY_MEASURE_WITH_UNIT(LENGTH_MEASURE(1.E-07),#9370,
  'distance_accuracy_value','confusion accuracy');
#9374 = CONTEXT_DEPENDENT_SHAPE_REPRESENTATION(#9375,#9377);
#9375 = ( REPRESENTATION_RELATIONSHIP('','',#8702,#10) 
REPRESENTATION_RELATIONSHIP_WITH_TRANSFORMATION(#9376) 
SHAPE_REPRESENTATION_RELATIONSHIP() );
#9376 = ITEM_DEFINED_TRANSFORMATION('','',#11,#55);
#9377 = PRODUCT_DEFINITION_SHAPE('Placement','Placement of an item',
  #9378);
#9378 = NEXT_ASSEMBLY_USAGE_OCCURRENCE('11','SY3_Blanking_1','',#5,#8697
  ,$);
#9379 = PRODUCT_RELATED_PRODUCT_CATEGORY('part',$,(#8699));
#9380 = SHAPE_DEFINITION_REPRESENTATION(#9381,#9387);
#9381 = PRODUCT_DEFINITION_SHAPE('','',#9382);
#9382 = PRODUCT_DEFINITION('design','',#9383,#9386);
#9383 = PRODUCT_DEFINITION_FORMATION('','',#9384);
#9384 = PRODUCT('SY3_Blanking_2','SY3_Blanking_2','',(#9385));
#9385 = PRODUCT_CONTEXT('',#2,'mechanical');
#9386 = PRODUCT_DEFINITION_CONTEXT('part definition',#2,'design');
#9387 = ADVANCED_BREP_SHAPE_REPRESENTATION('',(#11,#9388),#10054);
#9388 = MANIFOLD_SOLID_BREP('',#9389);
#9389 = CLOSED_SHELL('',(#9390,#9510,#9710,#9760,#9814,#9939,#9966,#9993
    ,#10020,#10047));
#9390 = ADVANCED_FACE('',(#9391),#9405,.F.);
#9391 = FACE_BOUND('',#9392,.F.);
#9392 = EDGE_LOOP('',(#9393,#9428,#9456,#9484));
#9393 = ORIENTED_EDGE('',*,*,#9394,.F.);
#9394 = EDGE_CURVE('',#9395,#9397,#9399,.T.);
#9395 = VERTEX_POINT('',#9396);
#9396 = CARTESIAN_POINT('',(-6.,-11.,11.4));
#9397 = VERTEX_POINT('',#9398);
#9398 = CARTESIAN_POINT('',(-6.,11.,11.4));
#9399 = SURFACE_CURVE('',#9400,(#9404,#9416),.PCURVE_S1.);
#9400 = LINE('',#9401,#9402);
#9401 = CARTESIAN_POINT('',(-6.,-12.,11.4));
#9402 = VECTOR('',#9403,1.);
#9403 = DIRECTION('',(0.,1.,0.));
#9404 = PCURVE('',#9405,#9410);
#9405 = PLANE('',#9406);
#9406 = AXIS2_PLACEMENT_3D('',#9407,#9408,#9409);
#9407 = CARTESIAN_POINT('',(-6.,-12.,-11.4));
#9408 = DIRECTION('',(1.,0.,0.));
#9409 = DIRECTION('',(0.,0.,1.));
#9410 = DEFINITIONAL_REPRESENTATION('',(#9411),#9415);
#9411 = LINE('',#9412,#9413);
#9412 = CARTESIAN_POINT('',(22.8,0.));
#9413 = VECTOR('',#9414,1.);
#9414 = DIRECTION('',(0.,-1.));
#9415 = ( GEOMETRIC_REPRESENTATION_CONTEXT(2) 
PARAMETRIC_REPRESENTATION_CONTEXT() REPRESENTATION_CONTEXT('2D SPACE',''
  ) );
#9416 = PCURVE('',#9417,#9422);
#9417 = PLANE('',#9418);
#9418 = AXIS2_PLACEMENT_3D('',#9419,#9420,#9421);
#9419 = CARTESIAN_POINT('',(-6.,-12.,11.4));
#9420 = DIRECTION('',(0.,0.,1.));
#9421 = DIRECTION('',(1.,0.,0.));
#9422 = DEFINITIONAL_REPRESENTATION('',(#9423),#9427);
#9423 = LINE('',#9424,#9425);
#9424 = CARTESIAN_POINT('',(0.,0.));
#9425 = VECTOR('',#9426,1.);
#9426 = DIRECTION('',(0.,1.));
#9427 = ( GEOMETRIC_REPRESENTATION_CONTEXT(2) 
PARAMETRIC_REPRESENTATION_CONTEXT() REPRESENTATION_CONTEXT('2D SPACE',''
  ) );
#9428 = ORIENTED_EDGE('',*,*,#9429,.F.);
#9429 = EDGE_CURVE('',#9430,#9395,#9432,.T.);
#9430 = VERTEX_POINT('',#9431);
#9431 = CARTESIAN_POINT('',(-6.,-11.,-11.4));
#9432 = SURFACE_CURVE('',#9433,(#9437,#9444),.PCURVE_S1.);
#9433 = LINE('',#9434,#9435);
#9434 = CARTESIAN_POINT('',(-6.,-11.,-11.4));
#9435 = VECTOR('',#9436,1.);
#9436 = DIRECTION('',(0.,0.,1.));
#9437 = PCURVE('',#9405,#9438);
#9438 = DEFINITIONAL_REPRESENTATION('',(#9439),#9443);
#9439 = LINE('',#9440,#9441);
#9440 = CARTESIAN_POINT('',(0.,-1.));
#9441 = VECTOR('',#9442,1.);
#9442 = DIRECTION('',(1.,0.));
#9443 = ( GEOMETRIC_REPRESENTATION_CONTEXT(2) 
PARAMETRIC_REPRESENTATION_CONTEXT() REPRESENTATION_CONTEXT('2D SPACE',''
  ) );
#9444 = PCURVE('',#9445,#9450);
#9445 = CYLINDRICAL_SURFACE('',#9446,1.);
#9446 = AXIS2_PLACEMENT_3D('',#9447,#9448,#9449);
#9447 = CARTESIAN_POINT('',(-5.,-11.,-11.4));
#9448 = DIRECTION('',(0.,0.,1.));
#9449 = DIRECTION('',(-1.,-0.,0.));
#9450 = DEFINITIONAL_REPRESENTATION('',(#9451),#9455);
#9451 = LINE('',#9452,#9453);
#9452 = CARTESIAN_POINT('',(0.,0.));
#9453 = VECTOR('',#9454,1.);
#9454 = DIRECTION('',(0.,1.));
#9455 = ( GEOMETRIC_REPRESENTATION_CONTEXT(2) 
PARAMETRIC_REPRESENTATION_CONTEXT() REPRESENTATION_CONTEXT('2D SPACE',''
  ) );
#9456 = ORIENTED_EDGE('',*,*,#9457,.T.);
#9457 = EDGE_CURVE('',#9430,#9458,#9460,.T.);
#9458 = VERTEX_POINT('',#9459);
#9459 = CARTESIAN_POINT('',(-6.,11.,-11.4));
#9460 = SURFACE_CURVE('',#9461,(#9465,#9472),.PCURVE_S1.);
#9461 = LINE('',#9462,#9463);
#9462 = CARTESIAN_POINT('',(-6.,-12.,-11.4));
#9463 = VECTOR('',#9464,1.);
#9464 = DIRECTION('',(0.,1.,0.));
#9465 = PCURVE('',#9405,#9466);
#9466 = DEFINITIONAL_REPRESENTATION('',(#9467),#9471);
#9467 = LINE('',#9468,#9469);
#9468 = CARTESIAN_POINT('',(0.,0.));
#9469 = VECTOR('',#9470,1.);
#9470 = DIRECTION('',(0.,-1.));
#9471 = ( GEOMETRIC_REPRESENTATION_CONTEXT(2) 
PARAMETRIC_REPRESENTATION_CONTEXT() REPRESENTATION_CONTEXT('2D SPACE',''
  ) );
#9472 = PCURVE('',#9473,#9478);
#9473 = PLANE('',#9474);
#9474 = AXIS2_PLACEMENT_3D('',#9475,#9476,#9477);
#9475 = CARTESIAN_POINT('',(-6.,-12.,-11.4));
#9476 = DIRECTION('',(0.,0.,1.));
#9477 = DIRECTION('',(1.,0.,0.));
#9478 = DEFINITIONAL_REPRESENTATION('',(#9479),#9483);
#9479 = LINE('',#9480,#9481);
#9480 = CARTESIAN_POINT('',(0.,0.));
#9481 = VECTOR('',#9482,1.);
#9482 = DIRECTION('',(0.,1.));
#9483 = ( GEOMETRIC_REPRESENTATION_CONTEXT(2) 
PARAMETRIC_REPRESENTATION_CONTEXT() REPRESENTATION_CONTEXT('2D SPACE',''
  ) );
#9484 = ORIENTED_EDGE('',*,*,#9485,.T.);
#9485 = EDGE_CURVE('',#9458,#9397,#9486,.T.);
#9486 = SURFACE_CURVE('',#9487,(#9491,#9498),.PCURVE_S1.);
#9487 = LINE('',#9488,#9489);
#9488 = CARTESIAN_POINT('',(-6.,11.,-11.4));
#9489 = VECTOR('',#9490,1.);
#9490 = DIRECTION('',(0.,0.,1.));
#9491 = PCURVE('',#9405,#9492);
#9492 = DEFINITIONAL_REPRESENTATION('',(#9493),#9497);
#9493 = LINE('',#9494,#9495);
#9494 = CARTESIAN_POINT('',(0.,-23.));
#9495 = VECTOR('',#9496,1.);
#9496 = DIRECTION('',(1.,0.));
#9497 = ( GEOMETRIC_REPRESENTATION_CONTEXT(2) 
PARAMETRIC_REPRESENTATION_CONTEXT() REPRESENTATION_CONTEXT('2D SPACE',''
  ) );
#9498 = PCURVE('',#9499,#9504);
#9499 = CYLINDRICAL_SURFACE('',#9500,1.);
#9500 = AXIS2_PLACEMENT_3D('',#9501,#9502,#9503);
#9501 = CARTESIAN_POINT('',(-5.,11.,-11.4));
#9502 = DIRECTION('',(0.,0.,1.));
#9503 = DIRECTION('',(-1.,-0.,0.));
#9504 = DEFINITIONAL_REPRESENTATION('',(#9505),#9509);
#9505 = LINE('',#9506,#9507);
#9506 = CARTESIAN_POINT('',(-0.,0.));
#9507 = VECTOR('',#9508,1.);
#9508 = DIRECTION('',(-0.,1.));
#9509 = ( GEOMETRIC_REPRESENTATION_CONTEXT(2) 
PARAMETRIC_REPRESENTATION_CONTEXT() REPRESENTATION_CONTEXT('2D SPACE',''
  ) );
#9510 = ADVANCED_FACE('',(#9511),#9417,.T.);
#9511 = FACE_BOUND('',#9512,.T.);
#9512 = EDGE_LOOP('',(#9513,#9514,#9538,#9566,#9599,#9627,#9656,#9684));
#9513 = ORIENTED_EDGE('',*,*,#9394,.F.);
#9514 = ORIENTED_EDGE('',*,*,#9515,.T.);
#9515 = EDGE_CURVE('',#9395,#9516,#9518,.T.);
#9516 = VERTEX_POINT('',#9517);
#9517 = CARTESIAN_POINT('',(-5.,-12.,11.4));
#9518 = SURFACE_CURVE('',#9519,(#9524,#9531),.PCURVE_S1.);
#9519 = CIRCLE('',#9520,1.);
#9520 = AXIS2_PLACEMENT_3D('',#9521,#9522,#9523);
#9521 = CARTESIAN_POINT('',(-5.,-11.,11.4));
#9522 = DIRECTION('',(0.,0.,1.));
#9523 = DIRECTION('',(0.,-1.,0.));
#9524 = PCURVE('',#9417,#9525);
#9525 = DEFINITIONAL_REPRESENTATION('',(#9526),#9530);
#9526 = CIRCLE('',#9527,1.);
#9527 = AXIS2_PLACEMENT_2D('',#9528,#9529);
#9528 = CARTESIAN_POINT('',(1.,1.));
#9529 = DIRECTION('',(0.,-1.));
#9530 = ( GEOMETRIC_REPRESENTATION_CONTEXT(2) 
PARAMETRIC_REPRESENTATION_CONTEXT() REPRESENTATION_CONTEXT('2D SPACE',''
  ) );
#9531 = PCURVE('',#9445,#9532);
#9532 = DEFINITIONAL_REPRESENTATION('',(#9533),#9537);
#9533 = LINE('',#9534,#9535);
#9534 = CARTESIAN_POINT('',(-4.712388980385,22.8));
#9535 = VECTOR('',#9536,1.);
#9536 = DIRECTION('',(1.,0.));
#9537 = ( GEOMETRIC_REPRESENTATION_CONTEXT(2) 
PARAMETRIC_REPRESENTATION_CONTEXT() REPRESENTATION_CONTEXT('2D SPACE',''
  ) );
#9538 = ORIENTED_EDGE('',*,*,#9539,.T.);
#9539 = EDGE_CURVE('',#9516,#9540,#9542,.T.);
#9540 = VERTEX_POINT('',#9541);
#9541 = CARTESIAN_POINT('',(5.,-12.,11.4));
#9542 = SURFACE_CURVE('',#9543,(#9547,#9554),.PCURVE_S1.);
#9543 = LINE('',#9544,#9545);
#9544 = CARTESIAN_POINT('',(-6.,-12.,11.4));
#9545 = VECTOR('',#9546,1.);
#9546 = DIRECTION('',(1.,0.,0.));
#9547 = PCURVE('',#9417,#9548);
#9548 = DEFINITIONAL_REPRESENTATION('',(#9549),#9553);
#9549 = LINE('',#9550,#9551);
#9550 = CARTESIAN_POINT('',(0.,0.));
#9551 = VECTOR('',#9552,1.);
#9552 = DIRECTION('',(1.,0.));
#9553 = ( GEOMETRIC_REPRESENTATION_CONTEXT(2) 
PARAMETRIC_REPRESENTATION_CONTEXT() REPRESENTATION_CONTEXT('2D SPACE',''
  ) );
#9554 = PCURVE('',#9555,#9560);
#9555 = PLANE('',#9556);
#9556 = AXIS2_PLACEMENT_3D('',#9557,#9558,#9559);
#9557 = CARTESIAN_POINT('',(-6.,-12.,-11.4));
#9558 = DIRECTION('',(0.,1.,0.));
#9559 = DIRECTION('',(0.,0.,1.));
#9560 = DEFINITIONAL_REPRESENTATION('',(#9561),#9565);
#9561 = LINE('',#9562,#9563);
#9562 = CARTESIAN_POINT('',(22.8,0.));
#9563 = VECTOR('',#9564,1.);
#9564 = DIRECTION('',(0.,1.));
#9565 = ( GEOMETRIC_REPRESENTATION_CONTEXT(2) 
PARAMETRIC_REPRESENTATION_CONTEXT() REPRESENTATION_CONTEXT('2D SPACE',''
  ) );
#9566 = ORIENTED_EDGE('',*,*,#9567,.F.);
#9567 = EDGE_CURVE('',#9568,#9540,#9570,.T.);
#9568 = VERTEX_POINT('',#9569);
#9569 = CARTESIAN_POINT('',(6.,-11.,11.4));
#9570 = SURFACE_CURVE('',#9571,(#9576,#9587),.PCURVE_S1.);
#9571 = CIRCLE('',#9572,1.);
#9572 = AXIS2_PLACEMENT_3D('',#9573,#9574,#9575);
#9573 = CARTESIAN_POINT('',(5.,-11.,11.4));
#9574 = DIRECTION('',(-0.,-0.,-1.));
#9575 = DIRECTION('',(0.,-1.,0.));
#9576 = PCURVE('',#9417,#9577);
#9577 = DEFINITIONAL_REPRESENTATION('',(#9578),#9586);
#9578 = ( BOUNDED_CURVE() B_SPLINE_CURVE(2,(#9579,#9580,#9581,#9582,
#9583,#9584,#9585),.UNSPECIFIED.,.T.,.F.) B_SPLINE_CURVE_WITH_KNOTS((1,2
    ,2,2,2,1),(-2.094395102393,0.,2.094395102393,4.188790204786,
6.28318530718,8.377580409573),.UNSPECIFIED.) CURVE() 
GEOMETRIC_REPRESENTATION_ITEM() RATIONAL_B_SPLINE_CURVE((1.,0.5,1.,0.5,
1.,0.5,1.)) REPRESENTATION_ITEM('') );
#9579 = CARTESIAN_POINT('',(11.,0.));
#9580 = CARTESIAN_POINT('',(9.267949192431,0.));
#9581 = CARTESIAN_POINT('',(10.133974596216,1.5));
#9582 = CARTESIAN_POINT('',(11.,3.));
#9583 = CARTESIAN_POINT('',(11.866025403784,1.5));
#9584 = CARTESIAN_POINT('',(12.732050807569,1.554312234475E-15));
#9585 = CARTESIAN_POINT('',(11.,0.));
#9586 = ( GEOMETRIC_REPRESENTATION_CONTEXT(2) 
PARAMETRIC_REPRESENTATION_CONTEXT() REPRESENTATION_CONTEXT('2D SPACE',''
  ) );
#9587 = PCURVE('',#9588,#9593);
#9588 = CYLINDRICAL_SURFACE('',#9589,1.);
#9589 = AXIS2_PLACEMENT_3D('',#9590,#9591,#9592);
#9590 = CARTESIAN_POINT('',(5.,-11.,-11.4));
#9591 = DIRECTION('',(0.,0.,1.));
#9592 = DIRECTION('',(1.,0.,-0.));
#9593 = DEFINITIONAL_REPRESENTATION('',(#9594),#9598);
#9594 = LINE('',#9595,#9596);
#9595 = CARTESIAN_POINT('',(4.712388980385,22.8));
#9596 = VECTOR('',#9597,1.);
#9597 = DIRECTION('',(-1.,0.));
#9598 = ( GEOMETRIC_REPRESENTATION_CONTEXT(2) 
PARAMETRIC_REPRESENTATION_CONTEXT() REPRESENTATION_CONTEXT('2D SPACE',''
  ) );
#9599 = ORIENTED_EDGE('',*,*,#9600,.T.);
#9600 = EDGE_CURVE('',#9568,#9601,#9603,.T.);
#9601 = VERTEX_POINT('',#9602);
#9602 = CARTESIAN_POINT('',(6.,11.,11.4));
#9603 = SURFACE_CURVE('',#9604,(#9608,#9615),.PCURVE_S1.);
#9604 = LINE('',#9605,#9606);
#9605 = CARTESIAN_POINT('',(6.,-12.,11.4));
#9606 = VECTOR('',#9607,1.);
#9607 = DIRECTION('',(0.,1.,0.));
#9608 = PCURVE('',#9417,#9609);
#9609 = DEFINITIONAL_REPRESENTATION('',(#9610),#9614);
#9610 = LINE('',#9611,#9612);
#9611 = CARTESIAN_POINT('',(12.,0.));
#9612 = VECTOR('',#9613,1.);
#9613 = DIRECTION('',(0.,1.));
#9614 = ( GEOMETRIC_REPRESENTATION_CONTEXT(2) 
PARAMETRIC_REPRESENTATION_CONTEXT() REPRESENTATION_CONTEXT('2D SPACE',''
  ) );
#9615 = PCURVE('',#9616,#9621);
#9616 = PLANE('',#9617);
#9617 = AXIS2_PLACEMENT_3D('',#9618,#9619,#9620);
#9618 = CARTESIAN_POINT('',(6.,-12.,-11.4));
#9619 = DIRECTION('',(1.,0.,0.));
#9620 = DIRECTION('',(0.,0.,1.));
#9621 = DEFINITIONAL_REPRESENTATION('',(#9622),#9626);
#9622 = LINE('',#9623,#9624);
#9623 = CARTESIAN_POINT('',(22.8,0.));
#9624 = VECTOR('',#9625,1.);
#9625 = DIRECTION('',(0.,-1.));
#9626 = ( GEOMETRIC_REPRESENTATION_CONTEXT(2) 
PARAMETRIC_REPRESENTATION_CONTEXT() REPRESENTATION_CONTEXT('2D SPACE',''
  ) );
#9627 = ORIENTED_EDGE('',*,*,#9628,.T.);
#9628 = EDGE_CURVE('',#9601,#9629,#9631,.T.);
#9629 = VERTEX_POINT('',#9630);
#9630 = CARTESIAN_POINT('',(5.,12.,11.4));
#9631 = SURFACE_CURVE('',#9632,(#9637,#9644),.PCURVE_S1.);
#9632 = CIRCLE('',#9633,1.);
#9633 = AXIS2_PLACEMENT_3D('',#9634,#9635,#9636);
#9634 = CARTESIAN_POINT('',(5.,11.,11.4));
#9635 = DIRECTION('',(0.,0.,1.));
#9636 = DIRECTION('',(0.,-1.,0.));
#9637 = PCURVE('',#9417,#9638);
#9638 = DEFINITIONAL_REPRESENTATION('',(#9639),#9643);
#9639 = CIRCLE('',#9640,1.);
#9640 = AXIS2_PLACEMENT_2D('',#9641,#9642);
#9641 = CARTESIAN_POINT('',(11.,23.));
#9642 = DIRECTION('',(0.,-1.));
#9643 = ( GEOMETRIC_REPRESENTATION_CONTEXT(2) 
PARAMETRIC_REPRESENTATION_CONTEXT() REPRESENTATION_CONTEXT('2D SPACE',''
  ) );
#9644 = PCURVE('',#9645,#9650);
#9645 = CYLINDRICAL_SURFACE('',#9646,1.);
#9646 = AXIS2_PLACEMENT_3D('',#9647,#9648,#9649);
#9647 = CARTESIAN_POINT('',(5.,11.,-11.4));
#9648 = DIRECTION('',(0.,0.,1.));
#9649 = DIRECTION('',(1.,0.,-0.));
#9650 = DEFINITIONAL_REPRESENTATION('',(#9651),#9655);
#9651 = LINE('',#9652,#9653);
#9652 = CARTESIAN_POINT('',(-1.570796326795,22.8));
#9653 = VECTOR('',#9654,1.);
#9654 = DIRECTION('',(1.,0.));
#9655 = ( GEOMETRIC_REPRESENTATION_CONTEXT(2) 
PARAMETRIC_REPRESENTATION_CONTEXT() REPRESENTATION_CONTEXT('2D SPACE',''
  ) );
#9656 = ORIENTED_EDGE('',*,*,#9657,.F.);
#9657 = EDGE_CURVE('',#9658,#9629,#9660,.T.);
#9658 = VERTEX_POINT('',#9659);
#9659 = CARTESIAN_POINT('',(-5.,12.,11.4));
#9660 = SURFACE_CURVE('',#9661,(#9665,#9672),.PCURVE_S1.);
#9661 = LINE('',#9662,#9663);
#9662 = CARTESIAN_POINT('',(-6.,12.,11.4));
#9663 = VECTOR('',#9664,1.);
#9664 = DIRECTION('',(1.,0.,0.));
#9665 = PCURVE('',#9417,#9666);
#9666 = DEFINITIONAL_REPRESENTATION('',(#9667),#9671);
#9667 = LINE('',#9668,#9669);
#9668 = CARTESIAN_POINT('',(0.,24.));
#9669 = VECTOR('',#9670,1.);
#9670 = DIRECTION('',(1.,0.));
#9671 = ( GEOMETRIC_REPRESENTATION_CONTEXT(2) 
PARAMETRIC_REPRESENTATION_CONTEXT() REPRESENTATION_CONTEXT('2D SPACE',''
  ) );
#9672 = PCURVE('',#9673,#9678);
#9673 = PLANE('',#9674);
#9674 = AXIS2_PLACEMENT_3D('',#9675,#9676,#9677);
#9675 = CARTESIAN_POINT('',(-6.,12.,-11.4));
#9676 = DIRECTION('',(0.,1.,0.));
#9677 = DIRECTION('',(0.,0.,1.));
#9678 = DEFINITIONAL_REPRESENTATION('',(#9679),#9683);
#9679 = LINE('',#9680,#9681);
#9680 = CARTESIAN_POINT('',(22.8,0.));
#9681 = VECTOR('',#9682,1.);
#9682 = DIRECTION('',(0.,1.));
#9683 = ( GEOMETRIC_REPRESENTATION_CONTEXT(2) 
PARAMETRIC_REPRESENTATION_CONTEXT() REPRESENTATION_CONTEXT('2D SPACE',''
  ) );
#9684 = ORIENTED_EDGE('',*,*,#9685,.F.);
#9685 = EDGE_CURVE('',#9397,#9658,#9686,.T.);
#9686 = SURFACE_CURVE('',#9687,(#9692,#9703),.PCURVE_S1.);
#9687 = CIRCLE('',#9688,1.);
#9688 = AXIS2_PLACEMENT_3D('',#9689,#9690,#9691);
#9689 = CARTESIAN_POINT('',(-5.,11.,11.4));
#9690 = DIRECTION('',(-0.,-0.,-1.));
#9691 = DIRECTION('',(0.,-1.,0.));
#9692 = PCURVE('',#9417,#9693);
#9693 = DEFINITIONAL_REPRESENTATION('',(#9694),#9702);
#9694 = ( BOUNDED_CURVE() B_SPLINE_CURVE(2,(#9695,#9696,#9697,#9698,
#9699,#9700,#9701),.UNSPECIFIED.,.T.,.F.) B_SPLINE_CURVE_WITH_KNOTS((1,2
    ,2,2,2,1),(-2.094395102393,0.,2.094395102393,4.188790204786,
6.28318530718,8.377580409573),.UNSPECIFIED.) CURVE() 
GEOMETRIC_REPRESENTATION_ITEM() RATIONAL_B_SPLINE_CURVE((1.,0.5,1.,0.5,
1.,0.5,1.)) REPRESENTATION_ITEM('') );
#9695 = CARTESIAN_POINT('',(1.,22.));
#9696 = CARTESIAN_POINT('',(-0.732050807569,22.));
#9697 = CARTESIAN_POINT('',(0.133974596216,23.5));
#9698 = CARTESIAN_POINT('',(1.,25.));
#9699 = CARTESIAN_POINT('',(1.866025403784,23.5));
#9700 = CARTESIAN_POINT('',(2.732050807569,22.));
#9701 = CARTESIAN_POINT('',(1.,22.));
#9702 = ( GEOMETRIC_REPRESENTATION_CONTEXT(2) 
PARAMETRIC_REPRESENTATION_CONTEXT() REPRESENTATION_CONTEXT('2D SPACE',''
  ) );
#9703 = PCURVE('',#9499,#9704);
#9704 = DEFINITIONAL_REPRESENTATION('',(#9705),#9709);
#9705 = LINE('',#9706,#9707);
#9706 = CARTESIAN_POINT('',(1.570796326795,22.8));
#9707 = VECTOR('',#9708,1.);
#9708 = DIRECTION('',(-1.,0.));
#9709 = ( GEOMETRIC_REPRESENTATION_CONTEXT(2) 
PARAMETRIC_REPRESENTATION_CONTEXT() REPRESENTATION_CONTEXT('2D SPACE',''
  ) );
#9710 = ADVANCED_FACE('',(#9711),#9445,.T.);
#9711 = FACE_BOUND('',#9712,.T.);
#9712 = EDGE_LOOP('',(#9713,#9737,#9758,#9759));
#9713 = ORIENTED_EDGE('',*,*,#9714,.T.);
#9714 = EDGE_CURVE('',#9430,#9715,#9717,.T.);
#9715 = VERTEX_POINT('',#9716);
#9716 = CARTESIAN_POINT('',(-5.,-12.,-11.4));
#9717 = SURFACE_CURVE('',#9718,(#9723,#9730),.PCURVE_S1.);
#9718 = CIRCLE('',#9719,1.);
#9719 = AXIS2_PLACEMENT_3D('',#9720,#9721,#9722);
#9720 = CARTESIAN_POINT('',(-5.,-11.,-11.4));
#9721 = DIRECTION('',(0.,0.,1.));
#9722 = DIRECTION('',(0.,-1.,0.));
#9723 = PCURVE('',#9445,#9724);
#9724 = DEFINITIONAL_REPRESENTATION('',(#9725),#9729);
#9725 = LINE('',#9726,#9727);
#9726 = CARTESIAN_POINT('',(-4.712388980385,0.));
#9727 = VECTOR('',#9728,1.);
#9728 = DIRECTION('',(1.,0.));
#9729 = ( GEOMETRIC_REPRESENTATION_CONTEXT(2) 
PARAMETRIC_REPRESENTATION_CONTEXT() REPRESENTATION_CONTEXT('2D SPACE',''
  ) );
#9730 = PCURVE('',#9473,#9731);
#9731 = DEFINITIONAL_REPRESENTATION('',(#9732),#9736);
#9732 = CIRCLE('',#9733,1.);
#9733 = AXIS2_PLACEMENT_2D('',#9734,#9735);
#9734 = CARTESIAN_POINT('',(1.,1.));
#9735 = DIRECTION('',(0.,-1.));
#9736 = ( GEOMETRIC_REPRESENTATION_CONTEXT(2) 
PARAMETRIC_REPRESENTATION_CONTEXT() REPRESENTATION_CONTEXT('2D SPACE',''
  ) );
#9737 = ORIENTED_EDGE('',*,*,#9738,.T.);
#9738 = EDGE_CURVE('',#9715,#9516,#9739,.T.);
#9739 = SURFACE_CURVE('',#9740,(#9744,#9751),.PCURVE_S1.);
#9740 = LINE('',#9741,#9742);
#9741 = CARTESIAN_POINT('',(-5.,-12.,-11.4));
#9742 = VECTOR('',#9743,1.);
#9743 = DIRECTION('',(0.,0.,1.));
#9744 = PCURVE('',#9445,#9745);
#9745 = DEFINITIONAL_REPRESENTATION('',(#9746),#9750);
#9746 = LINE('',#9747,#9748);
#9747 = CARTESIAN_POINT('',(1.570796326795,0.));
#9748 = VECTOR('',#9749,1.);
#9749 = DIRECTION('',(0.,1.));
#9750 = ( GEOMETRIC_REPRESENTATION_CONTEXT(2) 
PARAMETRIC_REPRESENTATION_CONTEXT() REPRESENTATION_CONTEXT('2D SPACE',''
  ) );
#9751 = PCURVE('',#9555,#9752);
#9752 = DEFINITIONAL_REPRESENTATION('',(#9753),#9757);
#9753 = LINE('',#9754,#9755);
#9754 = CARTESIAN_POINT('',(0.,1.));
#9755 = VECTOR('',#9756,1.);
#9756 = DIRECTION('',(1.,0.));
#9757 = ( GEOMETRIC_REPRESENTATION_CONTEXT(2) 
PARAMETRIC_REPRESENTATION_CONTEXT() REPRESENTATION_CONTEXT('2D SPACE',''
  ) );
#9758 = ORIENTED_EDGE('',*,*,#9515,.F.);
#9759 = ORIENTED_EDGE('',*,*,#9429,.F.);
#9760 = ADVANCED_FACE('',(#9761),#9499,.T.);
#9761 = FACE_BOUND('',#9762,.F.);
#9762 = EDGE_LOOP('',(#9763,#9791,#9812,#9813));
#9763 = ORIENTED_EDGE('',*,*,#9764,.T.);
#9764 = EDGE_CURVE('',#9458,#9765,#9767,.T.);
#9765 = VERTEX_POINT('',#9766);
#9766 = CARTESIAN_POINT('',(-5.,12.,-11.4));
#9767 = SURFACE_CURVE('',#9768,(#9773,#9780),.PCURVE_S1.);
#9768 = CIRCLE('',#9769,1.);
#9769 = AXIS2_PLACEMENT_3D('',#9770,#9771,#9772);
#9770 = CARTESIAN_POINT('',(-5.,11.,-11.4));
#9771 = DIRECTION('',(-0.,-0.,-1.));
#9772 = DIRECTION('',(0.,-1.,0.));
#9773 = PCURVE('',#9499,#9774);
#9774 = DEFINITIONAL_REPRESENTATION('',(#9775),#9779);
#9775 = LINE('',#9776,#9777);
#9776 = CARTESIAN_POINT('',(1.570796326795,-0.));
#9777 = VECTOR('',#9778,1.);
#9778 = DIRECTION('',(-1.,0.));
#9779 = ( GEOMETRIC_REPRESENTATION_CONTEXT(2) 
PARAMETRIC_REPRESENTATION_CONTEXT() REPRESENTATION_CONTEXT('2D SPACE',''
  ) );
#9780 = PCURVE('',#9473,#9781);
#9781 = DEFINITIONAL_REPRESENTATION('',(#9782),#9790);
#9782 = ( BOUNDED_CURVE() B_SPLINE_CURVE(2,(#9783,#9784,#9785,#9786,
#9787,#9788,#9789),.UNSPECIFIED.,.T.,.F.) B_SPLINE_CURVE_WITH_KNOTS((1,2
    ,2,2,2,1),(-2.094395102393,0.,2.094395102393,4.188790204786,
6.28318530718,8.377580409573),.UNSPECIFIED.) CURVE() 
GEOMETRIC_REPRESENTATION_ITEM() RATIONAL_B_SPLINE_CURVE((1.,0.5,1.,0.5,
1.,0.5,1.)) REPRESENTATION_ITEM('') );
#9783 = CARTESIAN_POINT('',(1.,22.));
#9784 = CARTESIAN_POINT('',(-0.732050807569,22.));
#9785 = CARTESIAN_POINT('',(0.133974596216,23.5));
#9786 = CARTESIAN_POINT('',(1.,25.));
#9787 = CARTESIAN_POINT('',(1.866025403784,23.5));
#9788 = CARTESIAN_POINT('',(2.732050807569,22.));
#9789 = CARTESIAN_POINT('',(1.,22.));
#9790 = ( GEOMETRIC_REPRESENTATION_CONTEXT(2) 
PARAMETRIC_REPRESENTATION_CONTEXT() REPRESENTATION_CONTEXT('2D SPACE',''
  ) );
#9791 = ORIENTED_EDGE('',*,*,#9792,.T.);
#9792 = EDGE_CURVE('',#9765,#9658,#9793,.T.);
#9793 = SURFACE_CURVE('',#9794,(#9798,#9805),.PCURVE_S1.);
#9794 = LINE('',#9795,#9796);
#9795 = CARTESIAN_POINT('',(-5.,12.,-11.4));
#9796 = VECTOR('',#9797,1.);
#9797 = DIRECTION('',(0.,0.,1.));
#9798 = PCURVE('',#9499,#9799);
#9799 = DEFINITIONAL_REPRESENTATION('',(#9800),#9804);
#9800 = LINE('',#9801,#9802);
#9801 = CARTESIAN_POINT('',(-1.570796326795,0.));
#9802 = VECTOR('',#9803,1.);
#9803 = DIRECTION('',(-0.,1.));
#9804 = ( GEOMETRIC_REPRESENTATION_CONTEXT(2) 
PARAMETRIC_REPRESENTATION_CONTEXT() REPRESENTATION_CONTEXT('2D SPACE',''
  ) );
#9805 = PCURVE('',#9673,#9806);
#9806 = DEFINITIONAL_REPRESENTATION('',(#9807),#9811);
#9807 = LINE('',#9808,#9809);
#9808 = CARTESIAN_POINT('',(0.,1.));
#9809 = VECTOR('',#9810,1.);
#9810 = DIRECTION('',(1.,0.));
#9811 = ( GEOMETRIC_REPRESENTATION_CONTEXT(2) 
PARAMETRIC_REPRESENTATION_CONTEXT() REPRESENTATION_CONTEXT('2D SPACE',''
  ) );
#9812 = ORIENTED_EDGE('',*,*,#9685,.F.);
#9813 = ORIENTED_EDGE('',*,*,#9485,.F.);
#9814 = ADVANCED_FACE('',(#9815),#9473,.F.);
#9815 = FACE_BOUND('',#9816,.F.);
#9816 = EDGE_LOOP('',(#9817,#9818,#9819,#9842,#9870,#9893,#9917,#9938));
#9817 = ORIENTED_EDGE('',*,*,#9457,.F.);
#9818 = ORIENTED_EDGE('',*,*,#9714,.T.);
#9819 = ORIENTED_EDGE('',*,*,#9820,.T.);
#9820 = EDGE_CURVE('',#9715,#9821,#9823,.T.);
#9821 = VERTEX_POINT('',#9822);
#9822 = CARTESIAN_POINT('',(5.,-12.,-11.4));
#9823 = SURFACE_CURVE('',#9824,(#9828,#9835),.PCURVE_S1.);
#9824 = LINE('',#9825,#9826);
#9825 = CARTESIAN_POINT('',(-6.,-12.,-11.4));
#9826 = VECTOR('',#9827,1.);
#9827 = DIRECTION('',(1.,0.,0.));
#9828 = PCURVE('',#9473,#9829);
#9829 = DEFINITIONAL_REPRESENTATION('',(#9830),#9834);
#9830 = LINE('',#9831,#9832);
#9831 = CARTESIAN_POINT('',(0.,0.));
#9832 = VECTOR('',#9833,1.);
#9833 = DIRECTION('',(1.,0.));
#9834 = ( GEOMETRIC_REPRESENTATION_CONTEXT(2) 
PARAMETRIC_REPRESENTATION_CONTEXT() REPRESENTATION_CONTEXT('2D SPACE',''
  ) );
#9835 = PCURVE('',#9555,#9836);
#9836 = DEFINITIONAL_REPRESENTATION('',(#9837),#9841);
#9837 = LINE('',#9838,#9839);
#9838 = CARTESIAN_POINT('',(0.,0.));
#9839 = VECTOR('',#9840,1.);
#9840 = DIRECTION('',(0.,1.));
#9841 = ( GEOMETRIC_REPRESENTATION_CONTEXT(2) 
PARAMETRIC_REPRESENTATION_CONTEXT() REPRESENTATION_CONTEXT('2D SPACE',''
  ) );
#9842 = ORIENTED_EDGE('',*,*,#9843,.F.);
#9843 = EDGE_CURVE('',#9844,#9821,#9846,.T.);
#9844 = VERTEX_POINT('',#9845);
#9845 = CARTESIAN_POINT('',(6.,-11.,-11.4));
#9846 = SURFACE_CURVE('',#9847,(#9852,#9863),.PCURVE_S1.);
#9847 = CIRCLE('',#9848,1.);
#9848 = AXIS2_PLACEMENT_3D('',#9849,#9850,#9851);
#9849 = CARTESIAN_POINT('',(5.,-11.,-11.4));
#9850 = DIRECTION('',(-0.,-0.,-1.));
#9851 = DIRECTION('',(0.,-1.,0.));
#9852 = PCURVE('',#9473,#9853);
#9853 = DEFINITIONAL_REPRESENTATION('',(#9854),#9862);
#9854 = ( BOUNDED_CURVE() B_SPLINE_CURVE(2,(#9855,#9856,#9857,#9858,
#9859,#9860,#9861),.UNSPECIFIED.,.T.,.F.) B_SPLINE_CURVE_WITH_KNOTS((1,2
    ,2,2,2,1),(-2.094395102393,0.,2.094395102393,4.188790204786,
6.28318530718,8.377580409573),.UNSPECIFIED.) CURVE() 
GEOMETRIC_REPRESENTATION_ITEM() RATIONAL_B_SPLINE_CURVE((1.,0.5,1.,0.5,
1.,0.5,1.)) REPRESENTATION_ITEM('') );
#9855 = CARTESIAN_POINT('',(11.,0.));
#9856 = CARTESIAN_POINT('',(9.267949192431,0.));
#9857 = CARTESIAN_POINT('',(10.133974596216,1.5));
#9858 = CARTESIAN_POINT('',(11.,3.));
#9859 = CARTESIAN_POINT('',(11.866025403784,1.5));
#9860 = CARTESIAN_POINT('',(12.732050807569,1.554312234475E-15));
#9861 = CARTESIAN_POINT('',(11.,0.));
#9862 = ( GEOMETRIC_REPRESENTATION_CONTEXT(2) 
PARAMETRIC_REPRESENTATION_CONTEXT() REPRESENTATION_CONTEXT('2D SPACE',''
  ) );
#9863 = PCURVE('',#9588,#9864);
#9864 = DEFINITIONAL_REPRESENTATION('',(#9865),#9869);
#9865 = LINE('',#9866,#9867);
#9866 = CARTESIAN_POINT('',(4.712388980385,-0.));
#9867 = VECTOR('',#9868,1.);
#9868 = DIRECTION('',(-1.,0.));
#9869 = ( GEOMETRIC_REPRESENTATION_CONTEXT(2) 
PARAMETRIC_REPRESENTATION_CONTEXT() REPRESENTATION_CONTEXT('2D SPACE',''
  ) );
#9870 = ORIENTED_EDGE('',*,*,#9871,.T.);
#9871 = EDGE_CURVE('',#9844,#9872,#9874,.T.);
#9872 = VERTEX_POINT('',#9873);
#9873 = CARTESIAN_POINT('',(6.,11.,-11.4));
#9874 = SURFACE_CURVE('',#9875,(#9879,#9886),.PCURVE_S1.);
#9875 = LINE('',#9876,#9877);
#9876 = CARTESIAN_POINT('',(6.,-12.,-11.4));
#9877 = VECTOR('',#9878,1.);
#9878 = DIRECTION('',(0.,1.,0.));
#9879 = PCURVE('',#9473,#9880);
#9880 = DEFINITIONAL_REPRESENTATION('',(#9881),#9885);
#9881 = LINE('',#9882,#9883);
#9882 = CARTESIAN_POINT('',(12.,0.));
#9883 = VECTOR('',#9884,1.);
#9884 = DIRECTION('',(0.,1.));
#9885 = ( GEOMETRIC_REPRESENTATION_CONTEXT(2) 
PARAMETRIC_REPRESENTATION_CONTEXT() REPRESENTATION_CONTEXT('2D SPACE',''
  ) );
#9886 = PCURVE('',#9616,#9887);
#9887 = DEFINITIONAL_REPRESENTATION('',(#9888),#9892);
#9888 = LINE('',#9889,#9890);
#9889 = CARTESIAN_POINT('',(0.,0.));
#9890 = VECTOR('',#9891,1.);
#9891 = DIRECTION('',(0.,-1.));
#9892 = ( GEOMETRIC_REPRESENTATION_CONTEXT(2) 
PARAMETRIC_REPRESENTATION_CONTEXT() REPRESENTATION_CONTEXT('2D SPACE',''
  ) );
#9893 = ORIENTED_EDGE('',*,*,#9894,.T.);
#9894 = EDGE_CURVE('',#9872,#9895,#9897,.T.);
#9895 = VERTEX_POINT('',#9896);
#9896 = CARTESIAN_POINT('',(5.,12.,-11.4));
#9897 = SURFACE_CURVE('',#9898,(#9903,#9910),.PCURVE_S1.);
#9898 = CIRCLE('',#9899,1.);
#9899 = AXIS2_PLACEMENT_3D('',#9900,#9901,#9902);
#9900 = CARTESIAN_POINT('',(5.,11.,-11.4));
#9901 = DIRECTION('',(0.,0.,1.));
#9902 = DIRECTION('',(0.,-1.,0.));
#9903 = PCURVE('',#9473,#9904);
#9904 = DEFINITIONAL_REPRESENTATION('',(#9905),#9909);
#9905 = CIRCLE('',#9906,1.);
#9906 = AXIS2_PLACEMENT_2D('',#9907,#9908);
#9907 = CARTESIAN_POINT('',(11.,23.));
#9908 = DIRECTION('',(0.,-1.));
#9909 = ( GEOMETRIC_REPRESENTATION_CONTEXT(2) 
PARAMETRIC_REPRESENTATION_CONTEXT() REPRESENTATION_CONTEXT('2D SPACE',''
  ) );
#9910 = PCURVE('',#9645,#9911);
#9911 = DEFINITIONAL_REPRESENTATION('',(#9912),#9916);
#9912 = LINE('',#9913,#9914);
#9913 = CARTESIAN_POINT('',(-1.570796326795,0.));
#9914 = VECTOR('',#9915,1.);
#9915 = DIRECTION('',(1.,0.));
#9916 = ( GEOMETRIC_REPRESENTATION_CONTEXT(2) 
PARAMETRIC_REPRESENTATION_CONTEXT() REPRESENTATION_CONTEXT('2D SPACE',''
  ) );
#9917 = ORIENTED_EDGE('',*,*,#9918,.F.);
#9918 = EDGE_CURVE('',#9765,#9895,#9919,.T.);
#9919 = SURFACE_CURVE('',#9920,(#9924,#9931),.PCURVE_S1.);
#9920 = LINE('',#9921,#9922);
#9921 = CARTESIAN_POINT('',(-6.,12.,-11.4));
#9922 = VECTOR('',#9923,1.);
#9923 = DIRECTION('',(1.,0.,0.));
#9924 = PCURVE('',#9473,#9925);
#9925 = DEFINITIONAL_REPRESENTATION('',(#9926),#9930);
#9926 = LINE('',#9927,#9928);
#9927 = CARTESIAN_POINT('',(0.,24.));
#9928 = VECTOR('',#9929,1.);
#9929 = DIRECTION('',(1.,0.));
#9930 = ( GEOMETRIC_REPRESENTATION_CONTEXT(2) 
PARAMETRIC_REPRESENTATION_CONTEXT() REPRESENTATION_CONTEXT('2D SPACE',''
  ) );
#9931 = PCURVE('',#9673,#9932);
#9932 = DEFINITIONAL_REPRESENTATION('',(#9933),#9937);
#9933 = LINE('',#9934,#9935);
#9934 = CARTESIAN_POINT('',(0.,0.));
#9935 = VECTOR('',#9936,1.);
#9936 = DIRECTION('',(0.,1.));
#9937 = ( GEOMETRIC_REPRESENTATION_CONTEXT(2) 
PARAMETRIC_REPRESENTATION_CONTEXT() REPRESENTATION_CONTEXT('2D SPACE',''
  ) );
#9938 = ORIENTED_EDGE('',*,*,#9764,.F.);
#9939 = ADVANCED_FACE('',(#9940),#9555,.F.);
#9940 = FACE_BOUND('',#9941,.F.);
#9941 = EDGE_LOOP('',(#9942,#9943,#9944,#9945));
#9942 = ORIENTED_EDGE('',*,*,#9820,.F.);
#9943 = ORIENTED_EDGE('',*,*,#9738,.T.);
#9944 = ORIENTED_EDGE('',*,*,#9539,.T.);
#9945 = ORIENTED_EDGE('',*,*,#9946,.F.);
#9946 = EDGE_CURVE('',#9821,#9540,#9947,.T.);
#9947 = SURFACE_CURVE('',#9948,(#9952,#9959),.PCURVE_S1.);
#9948 = LINE('',#9949,#9950);
#9949 = CARTESIAN_POINT('',(5.,-12.,-11.4));
#9950 = VECTOR('',#9951,1.);
#9951 = DIRECTION('',(0.,0.,1.));
#9952 = PCURVE('',#9555,#9953);
#9953 = DEFINITIONAL_REPRESENTATION('',(#9954),#9958);
#9954 = LINE('',#9955,#9956);
#9955 = CARTESIAN_POINT('',(0.,11.));
#9956 = VECTOR('',#9957,1.);
#9957 = DIRECTION('',(1.,0.));
#9958 = ( GEOMETRIC_REPRESENTATION_CONTEXT(2) 
PARAMETRIC_REPRESENTATION_CONTEXT() REPRESENTATION_CONTEXT('2D SPACE',''
  ) );
#9959 = PCURVE('',#9588,#9960);
#9960 = DEFINITIONAL_REPRESENTATION('',(#9961),#9965);
#9961 = LINE('',#9962,#9963);
#9962 = CARTESIAN_POINT('',(-1.570796326795,0.));
#9963 = VECTOR('',#9964,1.);
#9964 = DIRECTION('',(-0.,1.));
#9965 = ( GEOMETRIC_REPRESENTATION_CONTEXT(2) 
PARAMETRIC_REPRESENTATION_CONTEXT() REPRESENTATION_CONTEXT('2D SPACE',''
  ) );
#9966 = ADVANCED_FACE('',(#9967),#9673,.T.);
#9967 = FACE_BOUND('',#9968,.T.);
#9968 = EDGE_LOOP('',(#9969,#9970,#9971,#9972));
#9969 = ORIENTED_EDGE('',*,*,#9918,.F.);
#9970 = ORIENTED_EDGE('',*,*,#9792,.T.);
#9971 = ORIENTED_EDGE('',*,*,#9657,.T.);
#9972 = ORIENTED_EDGE('',*,*,#9973,.F.);
#9973 = EDGE_CURVE('',#9895,#9629,#9974,.T.);
#9974 = SURFACE_CURVE('',#9975,(#9979,#9986),.PCURVE_S1.);
#9975 = LINE('',#9976,#9977);
#9976 = CARTESIAN_POINT('',(5.,12.,-11.4));
#9977 = VECTOR('',#9978,1.);
#9978 = DIRECTION('',(0.,0.,1.));
#9979 = PCURVE('',#9673,#9980);
#9980 = DEFINITIONAL_REPRESENTATION('',(#9981),#9985);
#9981 = LINE('',#9982,#9983);
#9982 = CARTESIAN_POINT('',(0.,11.));
#9983 = VECTOR('',#9984,1.);
#9984 = DIRECTION('',(1.,0.));
#9985 = ( GEOMETRIC_REPRESENTATION_CONTEXT(2) 
PARAMETRIC_REPRESENTATION_CONTEXT() REPRESENTATION_CONTEXT('2D SPACE',''
  ) );
#9986 = PCURVE('',#9645,#9987);
#9987 = DEFINITIONAL_REPRESENTATION('',(#9988),#9992);
#9988 = LINE('',#9989,#9990);
#9989 = CARTESIAN_POINT('',(1.570796326795,0.));
#9990 = VECTOR('',#9991,1.);
#9991 = DIRECTION('',(0.,1.));
#9992 = ( GEOMETRIC_REPRESENTATION_CONTEXT(2) 
PARAMETRIC_REPRESENTATION_CONTEXT() REPRESENTATION_CONTEXT('2D SPACE',''
  ) );
#9993 = ADVANCED_FACE('',(#9994),#9588,.T.);
#9994 = FACE_BOUND('',#9995,.F.);
#9995 = EDGE_LOOP('',(#9996,#9997,#9998,#9999));
#9996 = ORIENTED_EDGE('',*,*,#9843,.T.);
#9997 = ORIENTED_EDGE('',*,*,#9946,.T.);
#9998 = ORIENTED_EDGE('',*,*,#9567,.F.);
#9999 = ORIENTED_EDGE('',*,*,#10000,.F.);
#10000 = EDGE_CURVE('',#9844,#9568,#10001,.T.);
#10001 = SURFACE_CURVE('',#10002,(#10006,#10013),.PCURVE_S1.);
#10002 = LINE('',#10003,#10004);
#10003 = CARTESIAN_POINT('',(6.,-11.,-11.4));
#10004 = VECTOR('',#10005,1.);
#10005 = DIRECTION('',(0.,0.,1.));
#10006 = PCURVE('',#9588,#10007);
#10007 = DEFINITIONAL_REPRESENTATION('',(#10008),#10012);
#10008 = LINE('',#10009,#10010);
#10009 = CARTESIAN_POINT('',(-0.,0.));
#10010 = VECTOR('',#10011,1.);
#10011 = DIRECTION('',(-0.,1.));
#10012 = ( GEOMETRIC_REPRESENTATION_CONTEXT(2) 
PARAMETRIC_REPRESENTATION_CONTEXT() REPRESENTATION_CONTEXT('2D SPACE',''
  ) );
#10013 = PCURVE('',#9616,#10014);
#10014 = DEFINITIONAL_REPRESENTATION('',(#10015),#10019);
#10015 = LINE('',#10016,#10017);
#10016 = CARTESIAN_POINT('',(0.,-1.));
#10017 = VECTOR('',#10018,1.);
#10018 = DIRECTION('',(1.,0.));
#10019 = ( GEOMETRIC_REPRESENTATION_CONTEXT(2) 
PARAMETRIC_REPRESENTATION_CONTEXT() REPRESENTATION_CONTEXT('2D SPACE',''
  ) );
#10020 = ADVANCED_FACE('',(#10021),#9645,.T.);
#10021 = FACE_BOUND('',#10022,.T.);
#10022 = EDGE_LOOP('',(#10023,#10024,#10025,#10026));
#10023 = ORIENTED_EDGE('',*,*,#9894,.T.);
#10024 = ORIENTED_EDGE('',*,*,#9973,.T.);
#10025 = ORIENTED_EDGE('',*,*,#9628,.F.);
#10026 = ORIENTED_EDGE('',*,*,#10027,.F.);
#10027 = EDGE_CURVE('',#9872,#9601,#10028,.T.);
#10028 = SURFACE_CURVE('',#10029,(#10033,#10040),.PCURVE_S1.);
#10029 = LINE('',#10030,#10031);
#10030 = CARTESIAN_POINT('',(6.,11.,-11.4));
#10031 = VECTOR('',#10032,1.);
#10032 = DIRECTION('',(0.,0.,1.));
#10033 = PCURVE('',#9645,#10034);
#10034 = DEFINITIONAL_REPRESENTATION('',(#10035),#10039);
#10035 = LINE('',#10036,#10037);
#10036 = CARTESIAN_POINT('',(0.,0.));
#10037 = VECTOR('',#10038,1.);
#10038 = DIRECTION('',(0.,1.));
#10039 = ( GEOMETRIC_REPRESENTATION_CONTEXT(2) 
PARAMETRIC_REPRESENTATION_CONTEXT() REPRESENTATION_CONTEXT('2D SPACE',''
  ) );
#10040 = PCURVE('',#9616,#10041);
#10041 = DEFINITIONAL_REPRESENTATION('',(#10042),#10046);
#10042 = LINE('',#10043,#10044);
#10043 = CARTESIAN_POINT('',(0.,-23.));
#10044 = VECTOR('',#10045,1.);
#10045 = DIRECTION('',(1.,0.));
#10046 = ( GEOMETRIC_REPRESENTATION_CONTEXT(2) 
PARAMETRIC_REPRESENTATION_CONTEXT() REPRESENTATION_CONTEXT('2D SPACE',''
  ) );
#10047 = ADVANCED_FACE('',(#10048),#9616,.T.);
#10048 = FACE_BOUND('',#10049,.T.);
#10049 = EDGE_LOOP('',(#10050,#10051,#10052,#10053));
#10050 = ORIENTED_EDGE('',*,*,#9600,.F.);
#10051 = ORIENTED_EDGE('',*,*,#10000,.F.);
#10052 = ORIENTED_EDGE('',*,*,#9871,.T.);
#10053 = ORIENTED_EDGE('',*,*,#10027,.T.);
#10054 = ( GEOMETRIC_REPRESENTATION_CONTEXT(3) 
GLOBAL_UNCERTAINTY_ASSIGNED_CONTEXT((#10058)) 
GLOBAL_UNIT_ASSIGNED_CONTEXT((#10055,#10056,#10057)) 
REPRESENTATION_CONTEXT('Context #1',
  '3D Context with UNIT and UNCERTAINTY') );
#10055 = ( LENGTH_UNIT() NAMED_UNIT(*) SI_UNIT(.MILLI.,.METRE.) );
#10056 = ( NAMED_UNIT(*) PLANE_ANGLE_UNIT() SI_UNIT($,.RADIAN.) );
#10057 = ( NAMED_UNIT(*) SI_UNIT($,.STERADIAN.) SOLID_ANGLE_UNIT() );
#10058 = UNCERTAINTY_MEASURE_WITH_UNIT(LENGTH_MEASURE(1.E-07),#10055,
  'distance_accuracy_value','confusion accuracy');
#10059 = CONTEXT_DEPENDENT_SHAPE_REPRESENTATION(#10060,#10062);
#10060 = ( REPRESENTATION_RELATIONSHIP('','',#9387,#10) 
REPRESENTATION_RELATIONSHIP_WITH_TRANSFORMATION(#10061) 
SHAPE_REPRESENTATION_RELATIONSHIP() );
#10061 = ITEM_DEFINED_TRANSFORMATION('','',#11,#59);
#10062 = PRODUCT_DEFINITION_SHAPE('Placement','Placement of an item',
  #10063);
#10063 = NEXT_ASSEMBLY_USAGE_OCCURRENCE('12','SY3_Blanking_2','',#5,
  #9382,$);
#10064 = PRODUCT_RELATED_PRODUCT_CATEGORY('part',$,(#9384));
ENDSEC;
END-ISO-10303-21;
