ISO-10303-21;
HEADER;
FILE_DESCRIPTION (( 'STEP AP214' ),
    '1' );
FILE_NAME ('SY5000-26-20A.STEP',
    '2026-05-04T05:59:54',
    ( '' ),
    ( '' ),
    'SwSTEP 2.0',
    'SolidWorks 2020',
    '' );
FILE_SCHEMA (( 'AUTOMOTIVE_DESIGN' ));
ENDSEC;

DATA;
#1 = CARTESIAN_POINT ( 'NONE',  ( 4.959893084784219752, 8.879298767271158965, -16.25575945691954871 ) ) ;
#2 = DIRECTION ( 'NONE',  ( 0.000000000000000000, 1.000000000000000000, 0.000000000000000000 ) ) ;
#3 = SURFACE_STYLE_FILL_AREA ( #2829 ) ;
#4 = PRESENTATION_STYLE_ASSIGNMENT (( #2105 ) ) ;
#5 = CARTESIAN_POINT ( 'NONE',  ( -4.201581355244354832, 8.881928392437840714, 16.90259498081740119 ) ) ;
#6 = EDGE_CURVE ( 'NONE', #705, #1094, #3179, .T. ) ;
#7 = AXIS2_PLACEMENT_3D ( 'NONE', #4269, #3612, #114 ) ;
#8 = CARTESIAN_POINT ( 'NONE',  ( 7.000000000000000000, 0.000000000000000000, 20.89999999999999858 ) ) ;
#9 = CARTESIAN_POINT ( 'NONE',  ( 8.300000000000000711, 0.000000000000000000, -20.10000000000000142 ) ) ;
#10 = CARTESIAN_POINT ( 'NONE',  ( -6.557220761524800601, 9.125160222824069578, 18.78353557285635134 ) ) ;
#11 = VERTEX_POINT ( 'NONE', #3944 ) ;
#12 = ADVANCED_FACE ( 'NONE', ( #2461 ), #3859, .T. ) ;
#13 =( GEOMETRIC_REPRESENTATION_CONTEXT ( 3 ) GLOBAL_UNCERTAINTY_ASSIGNED_CONTEXT ( ( #3593 ) ) GLOBAL_UNIT_ASSIGNED_CONTEXT ( ( #4234, #393, #3220 ) ) REPRESENTATION_CONTEXT ( 'NONE', 'WORKASPACE' ) );
#14 = SURFACE_STYLE_FILL_AREA ( #2110 ) ;
#15 = CARTESIAN_POINT ( 'NONE',  ( -8.071671243412088970, 8.693245117770439734, 19.43626253844660212 ) ) ;
#16 = ORIENTED_EDGE ( 'NONE', *, *, #6, .T. ) ;
#17 = DIRECTION ( 'NONE',  ( -0.7071067811865470176, 0.000000000000000000, -0.7071067811865480168 ) ) ;
#18 = SURFACE_STYLE_USAGE ( .BOTH. , #80 ) ;
#19 = UNCERTAINTY_MEASURE_WITH_UNIT (LENGTH_MEASURE( 1.000000000000000082E-05 ), #1062, 'distance_accuracy_value', 'NONE');
#20 = SURFACE_STYLE_USAGE ( .BOTH. , #1782 ) ;
#21 = SURFACE_STYLE_FILL_AREA ( #3525 ) ;
#22 = CARTESIAN_POINT ( 'NONE',  ( 3.871058120196835262, 8.884086584194321290, -18.17373672226645098 ) ) ;
#23 = FILL_AREA_STYLE ('',( #3208 ) ) ;
#24 = LINE ( 'NONE', #1120, #3651 ) ;
#25 = CARTESIAN_POINT ( 'NONE',  ( 6.400000000000000355, 8.000000000000000000, -17.39999999999999858 ) ) ;
#26 =( GEOMETRIC_REPRESENTATION_CONTEXT ( 3 ) GLOBAL_UNCERTAINTY_ASSIGNED_CONTEXT ( ( #932 ) ) GLOBAL_UNIT_ASSIGNED_CONTEXT ( ( #1944, #587, #3050 ) ) REPRESENTATION_CONTEXT ( 'NONE', 'WORKASPACE' ) );
#27 = SURFACE_SIDE_STYLE ('',( #4271 ) ) ;
#28 =( LENGTH_UNIT ( ) NAMED_UNIT ( * ) SI_UNIT ( .MILLI., .METRE. ) );
#29 = EDGE_LOOP ( 'NONE', ( #1215, #1958, #3046, #1270, #3900, #2155, #4186, #3967, #2387 ) ) ;
#30 = PRESENTATION_LAYER_ASSIGNMENT (  '', '', ( #3849 ) ) ;
#31 =( LENGTH_UNIT ( ) NAMED_UNIT ( * ) SI_UNIT ( .MILLI., .METRE. ) );
#32 = CARTESIAN_POINT ( 'NONE',  ( -3.095628601972594929, 8.533543737936939877, 19.87141384884020212 ) ) ;
#33 = ORIENTED_EDGE ( 'NONE', *, *, #1774, .F. ) ;
#34 = FILL_AREA_STYLE_COLOUR ( '', #1042 ) ;
#35 = CARTESIAN_POINT ( 'NONE',  ( 5.499999999999987566, 8.722307676875086457, -20.29278506057704234 ) ) ;
#36 = EDGE_CURVE ( 'NONE', #1672, #1249, #682, .T. ) ;
#37 = DIRECTION ( 'NONE',  ( 0.000000000000000000, -1.000000000000000000, 0.000000000000000000 ) ) ;
#38 = DIRECTION ( 'NONE',  ( 0.000000000000000000, 1.000000000000000000, 0.000000000000000000 ) ) ;
#39 = CARTESIAN_POINT ( 'NONE',  ( -7.000000000000000000, 0.000000000000000000, -20.89999999999999858 ) ) ;
#40 = VERTEX_POINT ( 'NONE', #1948 ) ;
#41 = VERTEX_POINT ( 'NONE', #494 ) ;
#42 = CARTESIAN_POINT ( 'NONE',  ( 5.461735065299032854, 8.705965584619587361, -15.39830310881798781 ) ) ;
#43 = B_SPLINE_CURVE_WITH_KNOTS ( 'NONE', 5,
 ( #942, #3447, #3490, #991, #260, #3845 ),
 .UNSPECIFIED., .F., .F.,
 ( 6, 6 ),
 ( 3.469446951953614959E-18, 0.0006000012322175169886 ),
 .UNSPECIFIED. ) ;
#44 = PLANE ( 'NONE',  #933 ) ;
#45 = LINE ( 'NONE', #2464, #1976 ) ;
#46 = CARTESIAN_POINT ( 'NONE',  ( -4.393723649876119630, 8.705426590588560387, 15.75814525331990090 ) ) ;
#47 = APPLICATION_CONTEXT ( 'automotive_design' ) ;
#48 = CARTESIAN_POINT ( 'NONE',  ( 5.200000000000000178, 9.151281936519499283, -18.30000000000000071 ) ) ;
#49 = CARTESIAN_POINT ( 'NONE',  ( 5.799999999999999822, 7.200000000000000178, -20.75000000000000000 ) ) ;
#50 = CARTESIAN_POINT ( 'NONE',  ( -5.691820486160660053, 8.669641680067639911, 20.74171646962724935 ) ) ;
#51 = ORIENTED_EDGE ( 'NONE', *, *, #3082, .T. ) ;
#52 = UNCERTAINTY_MEASURE_WITH_UNIT (LENGTH_MEASURE( 1.000000000000000082E-05 ), #2864, 'distance_accuracy_value', 'NONE');
#53 = CARTESIAN_POINT ( 'NONE',  ( 7.500000000000000000, 0.000000000000000000, 14.59999999999999964 ) ) ;
#54 = FILL_AREA_STYLE_COLOUR ( '', #1154 ) ;
#55 = VECTOR ( 'NONE', #2274, 1000.000000000000000 ) ;
#56 = VERTEX_POINT ( 'NONE', #3294 ) ;
#57 =( GEOMETRIC_REPRESENTATION_CONTEXT ( 3 ) GLOBAL_UNCERTAINTY_ASSIGNED_CONTEXT ( ( #1763 ) ) GLOBAL_UNIT_ASSIGNED_CONTEXT ( ( #1589, #2630, #4386 ) ) REPRESENTATION_CONTEXT ( 'NONE', 'WORKASPACE' ) );
#58 = LINE ( 'NONE', #3174, #536 ) ;
#59 = ADVANCED_FACE ( 'NONE', ( #3340 ), #182, .T. ) ;
#60 = COLOUR_RGB ( '',0.7529411764705882248, 0.7529411764705882248, 0.7529411764705882248 ) ;
#61 =( NAMED_UNIT ( * ) PLANE_ANGLE_UNIT ( ) SI_UNIT ( $, .RADIAN. ) );
#62 = LINE ( 'NONE', #1783, #2772 ) ;
#63 = CARTESIAN_POINT ( 'NONE',  ( 5.691829445080579752, 9.212319621132198932, -17.86919139267099865 ) ) ;
#64 = VECTOR ( 'NONE', #3789, 1000.000000000000000 ) ;
#65 = ORIENTED_EDGE ( 'NONE', *, *, #452, .F. ) ;
#66 = ORIENTED_EDGE ( 'NONE', *, *, #2117, .T. ) ;
#67 = CARTESIAN_POINT ( 'NONE',  ( 3.890868623712185226, 8.883239820853949809, -17.67624977027584876 ) ) ;
#68 = EDGE_CURVE ( 'NONE', #11, #4240, #2976, .T. ) ;
#69 = SURFACE_SIDE_STYLE ('',( #3584 ) ) ;
#70 = CARTESIAN_POINT ( 'NONE',  ( -7.419467499536925637, 8.881835607679670730, 16.91631098949466150 ) ) ;
#71 = SURFACE_SIDE_STYLE ('',( #3 ) ) ;
#72 = FILL_AREA_STYLE_COLOUR ( '', #3231 ) ;
#73 = FILL_AREA_STYLE_COLOUR ( '', #298 ) ;
#74 = CARTESIAN_POINT ( 'NONE',  ( -7.638971105730020028, 8.532553369087510831, 20.74171646962724935 ) ) ;
#75 = CARTESIAN_POINT ( 'NONE',  ( 6.100000000000000533, 10.00000000000000000, -15.25000000000000000 ) ) ;
#76 = DIRECTION ( 'NONE',  ( 0.000000000000000000, -1.000000000000000000, 0.000000000000000000 ) ) ;
#77 = VERTEX_POINT ( 'NONE', #1202 ) ;
#78 = MECHANICAL_DESIGN_GEOMETRIC_PRESENTATION_REPRESENTATION (  '', ( #960 ), #4480 ) ;
#79 = DIRECTION ( 'NONE',  ( 0.000000000000000000, 1.000000000000000000, 0.000000000000000000 ) ) ;
#80 = SURFACE_SIDE_STYLE ('',( #3500 ) ) ;
#81 =( GEOMETRIC_REPRESENTATION_CONTEXT ( 3 ) GLOBAL_UNCERTAINTY_ASSIGNED_CONTEXT ( ( #97 ) ) GLOBAL_UNIT_ASSIGNED_CONTEXT ( ( #127, #600, #2007 ) ) REPRESENTATION_CONTEXT ( 'NONE', 'WORKASPACE' ) );
#82 = FILL_AREA_STYLE_COLOUR ( '', #3519 ) ;
#83 = CARTESIAN_POINT ( 'NONE',  ( -7.500000000000000000, 6.500000000000000000, -14.59999999999999964 ) ) ;
#84 = CARTESIAN_POINT ( 'NONE',  ( 5.691829445080560212, 9.175903361568389371, -18.73432680013230112 ) ) ;
#85 = ORIENTED_EDGE ( 'NONE', *, *, #4439, .F. ) ;
#86 = CARTESIAN_POINT ( 'NONE',  ( 3.947536963406190313, 8.882141988850129621, -17.43541923882330025 ) ) ;
#87 = DIRECTION ( 'NONE',  ( 0.000000000000000000, 0.000000000000000000, 1.000000000000000000 ) ) ;
#88 = CARTESIAN_POINT ( 'NONE',  ( 5.799999999999999822, 7.200000000000000178, -18.00000000000000000 ) ) ;
#89 = SURFACE_STYLE_USAGE ( .BOTH. , #3676 ) ;
#90 = CARTESIAN_POINT ( 'NONE',  ( -8.071671243412039232, 8.556513994575290383, 15.75814525331985294 ) ) ;
#91 = LINE ( 'NONE', #4224, #2937 ) ;
#92 = EDGE_CURVE ( 'NONE', #2315, #1732, #368, .T. ) ;
#93 = CARTESIAN_POINT ( 'NONE',  ( -7.318065896914640156, 8.878714584507720886, 19.22163102268860158 ) ) ;
#94 = DIRECTION ( 'NONE',  ( 0.000000000000000000, 0.000000000000000000, 1.000000000000000000 ) ) ;
#95 = SURFACE_STYLE_FILL_AREA ( #3697 ) ;
#96 = ORIENTED_EDGE ( 'NONE', *, *, #389, .T. ) ;
#97 = UNCERTAINTY_MEASURE_WITH_UNIT (LENGTH_MEASURE( 1.000000000000000082E-05 ), #127, 'distance_accuracy_value', 'NONE');
#98 = SURFACE_SIDE_STYLE ('',( #3894 ) ) ;
#99 = CARTESIAN_POINT ( 'NONE',  ( -8.391355928894556726, 8.000936221745542198, 18.70392297613834032 ) ) ;
#100 = LINE ( 'NONE', #2903, #3876 ) ;
#101 = ORIENTED_EDGE ( 'NONE', *, *, #791, .T. ) ;
#102 = SURFACE_STYLE_USAGE ( .BOTH. , #3264 ) ;
#103 = CARTESIAN_POINT ( 'NONE',  ( -6.243244315982812154, 9.165010520995620524, 18.33242780351293177 ) ) ;
#104 = COLOUR_RGB ( '',0.7529411764705882248, 0.7529411764705882248, 0.7529411764705882248 ) ;
#105 = PRESENTATION_STYLE_ASSIGNMENT (( #1806 ) ) ;
#106 = CARTESIAN_POINT ( 'NONE',  ( 4.393729031992830159, 8.897341416352150034, -19.38188655240215397 ) ) ;
#107 = ORIENTED_EDGE ( 'NONE', *, *, #1016, .T. ) ;
#108 = SURFACE_STYLE_USAGE ( .BOTH. , #2826 ) ;
#109 = CARTESIAN_POINT ( 'NONE',  ( 5.042779238536668984, 8.669035930511219235, -20.67183884363739921 ) ) ;
#110 = CARTESIAN_POINT ( 'NONE',  ( 5.500000000000000000, 10.00000000000000000, -18.59999999999999787 ) ) ;
#111 = CARTESIAN_POINT ( 'NONE',  ( 4.655775300589864329, 8.878427372248832938, -16.42574409611160391 ) ) ;
#112 = LINE ( 'NONE', #2914, #2984 ) ;
#113 = CARTESIAN_POINT ( 'NONE',  ( -7.206270968047911119, 9.027691825113549839, 18.13080860726600108 ) ) ;
#114 = DIRECTION ( 'NONE',  ( 0.000000000000000000, 0.000000000000000000, -1.000000000000000000 ) ) ;
#115 = SURFACE_STYLE_USAGE ( .BOTH. , #2256 ) ;
#116 = CARTESIAN_POINT ( 'NONE',  ( -4.484295935503435082, 7.997388905033009365, 20.34129130804100072 ) ) ;
#117 = FILL_AREA_STYLE ('',( #1515 ) ) ;
#118 = CARTESIAN_POINT ( 'NONE',  ( -5.500000000000000000, 8.881071743737459556, 19.90759477341049788 ) ) ;
#119 = CARTESIAN_POINT ( 'NONE',  ( -5.691820486160639625, 9.017153646704560543, 19.43626253844665186 ) ) ;
#120 = ORIENTED_EDGE ( 'NONE', *, *, #3038, .F. ) ;
#121 = COLOUR_RGB ( '',0.7529411764705882248, 0.7529411764705882248, 0.7529411764705882248 ) ;
#122 = CARTESIAN_POINT ( 'NONE',  ( 8.504371398199550569, 8.591597150084210099, -16.56373746152244664 ) ) ;
#123 = EDGE_CURVE ( 'NONE', #3914, #806, #4315, .T. ) ;
#124 = CARTESIAN_POINT ( 'NONE',  ( -6.948377356022780837, 7.998713632383982919, 20.42753240822384342 ) ) ;
#125 =( NAMED_UNIT ( * ) SI_UNIT ( $, .STERADIAN. ) SOLID_ANGLE_UNIT ( ) );
#126 = ORIENTED_EDGE ( 'NONE', *, *, #1520, .F. ) ;
#127 =( LENGTH_UNIT ( ) NAMED_UNIT ( * ) SI_UNIT ( .MILLI., .METRE. ) );
#128 =( LENGTH_UNIT ( ) NAMED_UNIT ( * ) SI_UNIT ( .MILLI., .METRE. ) );
#129 = VECTOR ( 'NONE', #3300, 1000.000000000000000 ) ;
#130 =( GEOMETRIC_REPRESENTATION_CONTEXT ( 3 ) GLOBAL_UNCERTAINTY_ASSIGNED_CONTEXT ( ( #2821 ) ) GLOBAL_UNIT_ASSIGNED_CONTEXT ( ( #4202, #403, #1772 ) ) REPRESENTATION_CONTEXT ( 'NONE', 'WORKASPACE' ) );
#131 = SURFACE_SIDE_STYLE ('',( #3290 ) ) ;
#132 = CIRCLE ( 'NONE', #2334, 0.3000000000000016542 ) ;
#133 = FILL_AREA_STYLE_COLOUR ( '', #1957 ) ;
#134 = CARTESIAN_POINT ( 'NONE',  ( 3.095628618905124974, 8.662542298126759022, -18.73432680013224783 ) ) ;
#135 = EDGE_LOOP ( 'NONE', ( #2196, #1413, #3328, #3692, #294, #3911, #4233, #3428 ) ) ;
#136 = FILL_AREA_STYLE_COLOUR ( '', #453 ) ;
#137 = CARTESIAN_POINT ( 'NONE',  ( 5.405552394939500793, 8.886142557203351444, -19.91001831686724799 ) ) ;
#138 = CARTESIAN_POINT ( 'NONE',  ( 8.300000000000000711, 6.500000000000000000, -20.10000000000000142 ) ) ;
#139 = LINE ( 'NONE', #1931, #214 ) ;
#140 = FILL_AREA_STYLE ('',( #4291 ) ) ;
#141 = CARTESIAN_POINT ( 'NONE',  ( -8.504371381094150806, 8.679180657438090307, 18.13080860726600108 ) ) ;
#142 = LINE ( 'NONE', #3010, #3749 ) ;
#143 = CARTESIAN_POINT ( 'NONE',  ( -3.947532183070110445, 8.882142092567431035, 18.56456157915284777 ) ) ;
#144 = FILL_AREA_STYLE_COLOUR ( '', #2027 ) ;
#145 = LINE ( 'NONE', #1890, #4383 ) ;
#146 = ORIENTED_EDGE ( 'NONE', *, *, #147, .T. ) ;
#147 = EDGE_CURVE ( 'NONE', #1876, #3848, #517, .T. ) ;
#148 = CARTESIAN_POINT ( 'NONE',  ( 3.095628618905150287, 8.659264499995281028, -17.21646442709664981 ) ) ;
#149 =( NAMED_UNIT ( * ) SI_UNIT ( $, .STERADIAN. ) SOLID_ANGLE_UNIT ( ) );
#150 = CARTESIAN_POINT ( 'NONE',  ( -7.531923570616736896, 7.997422150083782988, 20.04627246351814662 ) ) ;
#151 = ORIENTED_EDGE ( 'NONE', *, *, #1204, .F. ) ;
#152 = EDGE_CURVE ( 'NONE', #885, #4279, #1695, .T. ) ;
#153 = AXIS2_PLACEMENT_3D ( 'NONE', #3360, #538, #2668 ) ;
#154 = SURFACE_SIDE_STYLE ('',( #3315 ) ) ;
#155 = CARTESIAN_POINT ( 'NONE',  ( 3.528328756601019744, 8.701760645632710123, -19.38188655240210068 ) ) ;
#156 = EDGE_LOOP ( 'NONE', ( #4077, #3560, #1860, #4343 ) ) ;
#157 = SURFACE_STYLE_USAGE ( .BOTH. , #887 ) ;
#158 = VECTOR ( 'NONE', #2404, 1000.000000000000000 ) ;
#159 = FILL_AREA_STYLE ('',( #2889 ) ) ;
#160 = CARTESIAN_POINT ( 'NONE',  ( 8.420302638815369889, 8.002545845509285272, -18.56782033175531765 ) ) ;
#161 = CARTESIAN_POINT ( 'NONE',  ( -5.042772068018389398, 9.168720886540519643, 18.13080860726604726 ) ) ;
#162 = CARTESIAN_POINT ( 'NONE',  ( -5.200000000000000178, 9.151281934822540265, 17.69999999999999929 ) ) ;
#163 = B_SPLINE_CURVE_WITH_KNOTS ( 'NONE', 3,
 ( #2523, #1129, #2927, #2588, #3913, #832 ),
 .UNSPECIFIED., .F., .F.,
 ( 4, 2, 4 ),
 ( 0.000000000000000000, 0.5000000000000000000, 1.000000000000000000 ),
 .UNSPECIFIED. ) ;
#164 = PRESENTATION_STYLE_ASSIGNMENT (( #4064 ) ) ;
#165 = CARTESIAN_POINT ( 'NONE',  ( -7.365250418383652686, 8.702550994726436784, 20.10577551115827433 ) ) ;
#166 = DIRECTION ( 'NONE',  ( 0.000000000000000000, 1.000000000000000000, 0.000000000000000000 ) ) ;
#167 = DIRECTION ( 'NONE',  ( 0.7071067811865460184, 0.000000000000000000, -0.7071067811865489050 ) ) ;
#168 = ORIENTED_EDGE ( 'NONE', *, *, #1887, .T. ) ;
#169 = CARTESIAN_POINT ( 'NONE',  ( 7.638974699569529569, 8.621967225278931224, -15.69343484075665174 ) ) ;
#170 = CARTESIAN_POINT ( 'NONE',  ( -7.977015597360415100, 8.001685853875356358, 16.43665492877754275 ) ) ;
#171 = DIRECTION ( 'NONE',  ( 0.000000000000000000, -1.000000000000000000, 0.000000000000000000 ) ) ;
#172 = ORIENTED_EDGE ( 'NONE', *, *, #394, .F. ) ;
#173 = PLANE ( 'NONE',  #1824 ) ;
#174 = UNCERTAINTY_MEASURE_WITH_UNIT (LENGTH_MEASURE( 1.000000000000000082E-05 ), #1852, 'distance_accuracy_value', 'NONE');
#175 = PRESENTATION_LAYER_ASSIGNMENT (  '', '', ( #977 ) ) ;
#176 = CARTESIAN_POINT ( 'NONE',  ( 6.400000000000000355, 10.00000000000000000, -18.59999999999999787 ) ) ;
#177 = PLANE ( 'NONE',  #1397 ) ;
#178 = CARTESIAN_POINT ( 'NONE',  ( -5.200000000000000178, 9.151281934822540265, 17.69999999999999929 ) ) ;
#179 = ADVANCED_FACE ( 'NONE', ( #3786 ), #3764, .T. ) ;
#180 = EDGE_LOOP ( 'NONE', ( #4393, #3802, #2092, #1455 ) ) ;
#181 = VECTOR ( 'NONE', #3337, 1000.000000000000000 ) ;
#182 = PLANE ( 'NONE',  #1111 ) ;
#183 = CARTESIAN_POINT ( 'NONE',  ( 8.504371398199479515, 8.400507777975290580, -20.67183884363745250 ) ) ;
#184 = UNCERTAINTY_MEASURE_WITH_UNIT (LENGTH_MEASURE( 1.000000000000000082E-05 ), #222, 'distance_accuracy_value', 'NONE');
#185 = CIRCLE ( 'NONE', #764, 2.749999999999999112 ) ;
#186 = CARTESIAN_POINT ( 'NONE',  ( -3.251043576719137906, 8.002198140738540744, 17.17273176592436812 ) ) ;
#187 = CARTESIAN_POINT ( 'NONE',  ( 4.065739464845871787, 8.882355899204894101, -18.88759187949511187 ) ) ;
#188 =( NAMED_UNIT ( * ) SI_UNIT ( $, .STERADIAN. ) SOLID_ANGLE_UNIT ( ) );
#189 = CARTESIAN_POINT ( 'NONE',  ( -4.234708396777130623, 8.702550866014865605, 20.10574551062029869 ) ) ;
#190 = CARTESIAN_POINT ( 'NONE',  ( -7.500000000000000000, 0.000000000000000000, 15.10000000000000142 ) ) ;
#191 = VERTEX_POINT ( 'NONE', #3738 ) ;
#192 = CARTESIAN_POINT ( 'NONE',  ( 4.393729031992859468, 9.027691825134608550, -17.86919139267095247 ) ) ;
#193 = CARTESIAN_POINT ( 'NONE',  ( -5.799999999999999822, 6.500000000000000000, 15.25000000000000000 ) ) ;
#194 = CARTESIAN_POINT ( 'NONE',  ( -7.174874487571030635, 8.002489961599881241, 15.69956539841111542 ) ) ;
#195 = LINE ( 'NONE', #2946, #864 ) ;
#196 = ORIENTED_EDGE ( 'NONE', *, *, #3038, .T. ) ;
#197 = COLOUR_RGB ( '',0.7529411764705882248, 0.7529411764705882248, 0.7529411764705882248 ) ;
#198 = STYLED_ITEM ( 'NONE', ( #3298 ), #3746 ) ;
#199 = CARTESIAN_POINT ( 'NONE',  ( 7.206276350254489316, 8.881518144468659059, -16.56373746152240045 ) ) ;
#200 = VERTEX_POINT ( 'NONE', #1342 ) ;
#201 = PRESENTATION_LAYER_ASSIGNMENT (  '', '', ( #1813 ) ) ;
#202 = CARTESIAN_POINT ( 'NONE',  ( 7.500000000000000000, -5.854912467321780944, -20.89999999999999858 ) ) ;
#203 = ADVANCED_FACE ( 'NONE', ( #2073 ), #309, .T. ) ;
#204 = PRESENTATION_LAYER_ASSIGNMENT (  '', '', ( #2704 ) ) ;
#205 = CARTESIAN_POINT ( 'NONE',  ( -3.121067146617908072, 8.002733480167449898, 17.83936536010844165 ) ) ;
#206 = CARTESIAN_POINT ( 'NONE',  ( 7.848150990047590980, 8.001129354186360843, -19.72829350124642289 ) ) ;
#207 = SURFACE_STYLE_FILL_AREA ( #549 ) ;
#208 = VECTOR ( 'NONE', #1706, 1000.000000000000000 ) ;
#209 = EDGE_CURVE ( 'NONE', #4320, #640, #3553, .T. ) ;
#210 = DIRECTION ( 'NONE',  ( 0.000000000000000000, 1.000000000000000000, 0.000000000000000000 ) ) ;
#211 = DIRECTION ( 'NONE',  ( 0.000000000000000000, 0.000000000000000000, 1.000000000000000000 ) ) ;
#212 = DIRECTION ( 'NONE',  ( 1.495451272393800035E-16, 0.000000000000000000, 1.000000000000000000 ) ) ;
#213 = ORIENTED_EDGE ( 'NONE', *, *, #92, .F. ) ;
#214 = VECTOR ( 'NONE', #1584, 1000.000000000000000 ) ;
#215 = CARTESIAN_POINT ( 'NONE',  ( 4.393729031992854139, 9.029077348498390165, -18.08676704786240208 ) ) ;
#216 = DIRECTION ( 'NONE',  ( 1.000000000000000000, 0.000000000000000000, 0.000000000000000000 ) ) ;
#217 = CARTESIAN_POINT ( 'NONE',  ( -6.100000000000308731, 8.834633427744810419, 15.88783707057375061 ) ) ;
#218 = CARTESIAN_POINT ( 'NONE',  ( 6.099997240466239923, 8.000000000000000000, -15.33688421044515060 ) ) ;
#219 = VERTEX_POINT ( 'NONE', #1322 ) ;
#220 = SURFACE_STYLE_FILL_AREA ( #1685 ) ;
#221 =( NAMED_UNIT ( * ) SI_UNIT ( $, .STERADIAN. ) SOLID_ANGLE_UNIT ( ) );
#222 =( LENGTH_UNIT ( ) NAMED_UNIT ( * ) SI_UNIT ( .MILLI., .METRE. ) );
#223 = CARTESIAN_POINT ( 'NONE',  ( 8.071673048884548507, 8.472298065110098975, -15.25828353037380047 ) ) ;
#224 = ORIENTED_EDGE ( 'NONE', *, *, #2978, .T. ) ;
#225 = SURFACE_STYLE_FILL_AREA ( #952 ) ;
#226 = CARTESIAN_POINT ( 'NONE',  ( 5.691829445080560212, 9.175903361568389371, -18.73432680013230112 ) ) ;
#227 = AXIS2_PLACEMENT_3D ( 'NONE', #3051, #1601, #3002 ) ;
#228 = CARTESIAN_POINT ( 'NONE',  ( -4.829405765928509453, 7.998157234357847756, 20.49828579748828616 ) ) ;
#229 = CARTESIAN_POINT ( 'NONE',  ( 7.119753648173582583, 7.997388200527547397, -15.66512972196886011 ) ) ;
#230 = DIRECTION ( 'NONE',  ( -1.000000000000000000, 0.000000000000000000, 0.000000000000000000 ) ) ;
#231 = LINE ( 'NONE', #1561, #55 ) ;
#232 = STYLED_ITEM ( 'NONE', ( #1092 ), #4494 ) ;
#233 = CARTESIAN_POINT ( 'NONE',  ( 3.382708069935694173, 7.999260147299715129, -16.84252036629752070 ) ) ;
#234 = CARTESIAN_POINT ( 'NONE',  ( -8.412891323739456695, 8.707750773801961941, 17.76463826784972611 ) ) ;
#235 = CARTESIAN_POINT ( 'NONE',  ( 5.500000000000000000, 8.001860072535919244, -20.66300138448244894 ) ) ;
#236 = EDGE_CURVE ( 'NONE', #4240, #3214, #619, .T. ) ;
#237 =( NAMED_UNIT ( * ) SI_UNIT ( $, .STERADIAN. ) SOLID_ANGLE_UNIT ( ) );
#238 = MECHANICAL_DESIGN_GEOMETRIC_PRESENTATION_REPRESENTATION (  '', ( #3479 ), #2515 ) ;
#239 = CARTESIAN_POINT ( 'NONE',  ( 7.638974699569529569, 8.532552736890689715, -15.25828353037380047 ) ) ;
#240 = DIRECTION ( 'NONE',  ( 0.000000000000000000, 0.000000000000000000, -1.000000000000000000 ) ) ;
#241 = CARTESIAN_POINT ( 'NONE',  ( -6.557220761524749975, 8.788634851117809177, 15.75814525331990090 ) ) ;
#242 = PRESENTATION_STYLE_ASSIGNMENT (( #3781 ) ) ;
#243 = FILL_AREA_STYLE_COLOUR ( '', #541 ) ;
#244 = CARTESIAN_POINT ( 'NONE',  ( 3.528328756601075256, 8.623151406296900134, -16.12858615113944794 ) ) ;
#245 = CARTESIAN_POINT ( 'NONE',  ( -5.691820486160599657, 8.927396014918800304, 16.18812935040885037 ) ) ;
#246 = EDGE_LOOP ( 'NONE', ( #1336, #4274, #3929, #753 ) ) ;
#247 = FILL_AREA_STYLE_COLOUR ( '', #3615 ) ;
#248 = CARTESIAN_POINT ( 'NONE',  ( 7.206276350254449348, 9.002524505820389322, -18.73432680013230112 ) ) ;
#249 = UNCERTAINTY_MEASURE_WITH_UNIT (LENGTH_MEASURE( 1.000000000000000082E-05 ), #3607, 'distance_accuracy_value', 'NONE');
#250 = CARTESIAN_POINT ( 'NONE',  ( -3.818122614456305630, 7.997794430948805378, 19.80614588009562382 ) ) ;
#251 = SURFACE_STYLE_USAGE ( .BOTH. , #3481 ) ;
#252 = CARTESIAN_POINT ( 'NONE',  ( 8.378991563501049455, 8.002338641078109660, -18.74781692481534989 ) ) ;
#253 = CARTESIAN_POINT ( 'NONE',  ( 4.506186253772596295, 8.002758062682783446, -20.34700571640911093 ) ) ;
#254 = CARTESIAN_POINT ( 'NONE',  ( -7.735919285253069155, 8.884075889205549359, 17.94996074968279842 ) ) ;
#255 = CARTESIAN_POINT ( 'NONE',  ( -6.100000000000000533, 9.016385230648291227, 16.61328443989135195 ) ) ;
#256 = CARTESIAN_POINT ( 'NONE',  ( -3.939716128168170073, 8.883406830212438265, 17.45811284082375181 ) ) ;
#257 = EDGE_CURVE ( 'NONE', #2017, #4206, #4421, .T. ) ;
#258 = ADVANCED_FACE ( 'NONE', ( #3247 ), #1781, .T. ) ;
#259 = CARTESIAN_POINT ( 'NONE',  ( -4.299999999999999822, 8.989445857657809569, 17.82000000000000028 ) ) ;
#260 = CARTESIAN_POINT ( 'NONE',  ( -7.299999999999999822, 8.989445868883681356, 17.82000000000000028 ) ) ;
#261 = CARTESIAN_POINT ( 'NONE',  ( -8.474456203574431967, 8.002387796079061033, 18.16934511354447324 ) ) ;
#262 = CARTESIAN_POINT ( 'NONE',  ( -5.042772068018379628, 9.137386220635301370, 17.26567319978354931 ) ) ;
#263 = ORIENTED_EDGE ( 'NONE', *, *, #2044, .F. ) ;
#264 = CARTESIAN_POINT ( 'NONE',  ( 4.299999999999999822, 10.00000000000000000, -18.30000000000000071 ) ) ;
#265 = ADVANCED_FACE ( 'NONE', ( #1391 ), #4131, .T. ) ;
#266 = CARTESIAN_POINT ( 'NONE',  ( -4.659999999999680398, 9.062864290655019417, 18.30000000000000071 ) ) ;
#267 = CARTESIAN_POINT ( 'NONE',  ( 7.206276350254509744, 8.689516219499459737, -15.69343484075665174 ) ) ;
#268 = CARTESIAN_POINT ( 'NONE',  ( -4.393723649876139170, 9.002524505845569180, 17.26567319978354931 ) ) ;
#269 = ORIENTED_EDGE ( 'NONE', *, *, #3049, .T. ) ;
#270 = CARTESIAN_POINT ( 'NONE',  ( 5.691829445080539784, 8.927396163818139385, -19.81187064948054655 ) ) ;
#271 =( GEOMETRIC_REPRESENTATION_CONTEXT ( 3 ) GLOBAL_UNCERTAINTY_ASSIGNED_CONTEXT ( ( #2286 ) ) GLOBAL_UNIT_ASSIGNED_CONTEXT ( ( #2739, #2368, #3060 ) ) REPRESENTATION_CONTEXT ( 'NONE', 'WORKASPACE' ) );
#272 = CARTESIAN_POINT ( 'NONE',  ( -3.121856337194798048, 8.002463478300789745, 18.12391981790201356 ) ) ;
#273 = CARTESIAN_POINT ( 'NONE',  ( 7.022903136924709244, 7.997588428712055553, -15.61190445186896980 ) ) ;
#274 = CARTESIAN_POINT ( 'NONE',  ( 8.412888637853926710, 8.707750754757354272, -18.23537841167888729 ) ) ;
#275 = CARTESIAN_POINT ( 'NONE',  ( 5.500000000000000000, 8.005580217558129874, -20.66267385487060082 ) ) ;
#276 = CARTESIAN_POINT ( 'NONE',  ( -7.577124857924480317, 8.882701810075850801, 17.22635015000560088 ) ) ;
#277 = STYLED_ITEM ( 'NONE', ( #4310 ), #1699 ) ;
#278 = DIRECTION ( 'NONE',  ( -1.495451272393800035E-16, 0.000000000000000000, -1.000000000000000000 ) ) ;
#279 =( GEOMETRIC_REPRESENTATION_CONTEXT ( 3 ) GLOBAL_UNCERTAINTY_ASSIGNED_CONTEXT ( ( #249 ) ) GLOBAL_UNIT_ASSIGNED_CONTEXT ( ( #3607, #2935, #3273 ) ) REPRESENTATION_CONTEXT ( 'NONE', 'WORKASPACE' ) );
#280 = VECTOR ( 'NONE', #212, 1000.000000000000000 ) ;
#281 = CARTESIAN_POINT ( 'NONE',  ( 6.580000000000119975, 9.127044126244641120, -17.69999999999999929 ) ) ;
#282 = EDGE_CURVE ( 'NONE', #640, #2496, #353, .T. ) ;
#283 = CARTESIAN_POINT ( 'NONE',  ( 6.100000000000000533, 8.005580216446061215, -20.66267385496850295 ) ) ;
#284 = CARTESIAN_POINT ( 'NONE',  ( -5.042772068018389398, 9.170465836303039353, 17.91323295206925081 ) ) ;
#285 = EDGE_LOOP ( 'NONE', ( #1853, #3919, #2589, #4416 ) ) ;
#286 = DIRECTION ( 'NONE',  ( -0.7071067811865480168, 0.000000000000000000, 0.7071067811865470176 ) ) ;
#287 = CARTESIAN_POINT ( 'NONE',  ( -7.638971105730010258, 8.706006041411420426, 19.87141384884015238 ) ) ;
#288 = ORIENTED_EDGE ( 'NONE', *, *, #3547, .F. ) ;
#289 = EDGE_CURVE ( 'NONE', #1340, #3334, #58, .T. ) ;
#290 = CARTESIAN_POINT ( 'NONE',  ( 8.504371398199509713, 8.662542312450620230, -18.73432680013234730 ) ) ;
#291 = CARTESIAN_POINT ( 'NONE',  ( 6.100000000000000533, 8.000000000000000000, -18.30000000000000071 ) ) ;
#292 = CARTESIAN_POINT ( 'NONE',  ( 0.000000000000000000, 0.000000000000000000, 0.000000000000000000 ) ) ;
#293 = PLANE ( 'NONE',  #338 ) ;
#294 = ORIENTED_EDGE ( 'NONE', *, *, #506, .T. ) ;
#295 = CARTESIAN_POINT ( 'NONE',  ( 8.190760470168941154, 8.001501681543169653, -19.22297145502065163 ) ) ;
#296 = CARTESIAN_POINT ( 'NONE',  ( 3.659161073326191893, 7.997578570290410305, -16.38520718533246523 ) ) ;
#297 = CARTESIAN_POINT ( 'NONE',  ( -7.963358085640441786, 8.704551756446550215, 16.51544953493956669 ) ) ;
#298 = COLOUR_RGB ( '',0.7529411764705882248, 0.7529411764705882248, 0.7529411764705882248 ) ;
#299 = CARTESIAN_POINT ( 'NONE',  ( 7.534506291822788526, 8.880350936416197882, -17.11644810936461880 ) ) ;
#300 = CARTESIAN_POINT ( 'NONE',  ( -3.393895781843743187, 8.705614017279662775, 16.95415088402785386 ) ) ;
#301 = VECTOR ( 'NONE', #1448, 1000.000000000000114 ) ;
#302 = DIRECTION ( 'NONE',  ( 0.000000000000000000, 1.000000000000000000, 0.000000000000000000 ) ) ;
#303 = CARTESIAN_POINT ( 'NONE',  ( -8.504371381094150806, 8.679180657438090307, 18.13080860726600108 ) ) ;
#304 = ORIENTED_EDGE ( 'NONE', *, *, #2708, .F. ) ;
#305 = CARTESIAN_POINT ( 'NONE',  ( -5.200000000000000178, 9.149407376341738285, 18.30000000000000071 ) ) ;
#306 = CARTESIAN_POINT ( 'NONE',  ( -3.095628601972600258, 8.472156660063369316, 20.30656515923374883 ) ) ;
#307 = EDGE_LOOP ( 'NONE', ( #1174, #146, #4010, #565, #2551 ) ) ;
#308 = DIRECTION ( 'NONE',  ( 0.000000000000000000, 0.000000000000000000, 1.000000000000000000 ) ) ;
#309 = PLANE ( 'NONE',  #2381 ) ;
#310 = PRODUCT_RELATED_PRODUCT_CATEGORY ( 'part', '', ( #1719 ) ) ;
#311 = SURFACE_STYLE_FILL_AREA ( #3480 ) ;
#312 = CARTESIAN_POINT ( 'NONE',  ( 8.044582966493239340, 7.999172795965641569, -16.50034285760409958 ) ) ;
#313 = CARTESIAN_POINT ( 'NONE',  ( 5.908179513928479842, 8.688148266552190080, -20.67183884363739921 ) ) ;
#314 = ORIENTED_EDGE ( 'NONE', *, *, #1555, .T. ) ;
#315 = CARTESIAN_POINT ( 'NONE',  ( 8.448402086792059507, 8.001842335238189108, -17.55654562637464977 ) ) ;
#316 = PRODUCT_CONTEXT ( 'NONE', #4039, 'mechanical' ) ;
#317 = CARTESIAN_POINT ( 'NONE',  ( 3.706074063800949947, 8.001339167832624000, -19.67274521111567154 ) ) ;
#318 = VECTOR ( 'NONE', #880, 1000.000000000000000 ) ;
#319 = CARTESIAN_POINT ( 'NONE',  ( -8.300000000000000711, 6.500000000000000000, 20.10000000000000142 ) ) ;
#320 =( NAMED_UNIT ( * ) SI_UNIT ( $, .STERADIAN. ) SOLID_ANGLE_UNIT ( ) );
#321 = MECHANICAL_DESIGN_GEOMETRIC_PRESENTATION_REPRESENTATION (  '', ( #1789 ), #3037 ) ;
#322 = AXIS2_PLACEMENT_3D ( 'NONE', #2324, #3305, #1539 ) ;
#323 = CARTESIAN_POINT ( 'NONE',  ( -5.500000000000000000, 10.00000000000000000, 17.39999999999999858 ) ) ;
#324 = CARTESIAN_POINT ( 'NONE',  ( -4.299999999999999822, 8.982659249172709082, 18.30000000000000071 ) ) ;
#325 = CARTESIAN_POINT ( 'NONE',  ( -3.095628601972580274, 8.659264550386799542, 18.78353557285635134 ) ) ;
#326 = ORIENTED_EDGE ( 'NONE', *, *, #2742, .T. ) ;
#327 = PLANE ( 'NONE',  #980 ) ;
#328 = CARTESIAN_POINT ( 'NONE',  ( -7.299999999999999822, 8.983875264068849731, 17.69999999999999929 ) ) ;
#329 = CARTESIAN_POINT ( 'NONE',  ( -5.042772068018419596, 8.652163629358229358, 20.74171646962724935 ) ) ;
#330 = EDGE_LOOP ( 'NONE', ( #3809, #1108, #493, #3899 ) ) ;
#331 = UNCERTAINTY_MEASURE_WITH_UNIT (LENGTH_MEASURE( 1.000000000000000082E-05 ), #851, 'distance_accuracy_value', 'NONE');
#332 = CARTESIAN_POINT ( 'NONE',  ( -5.500000000000000000, 9.148469102486510351, 18.59999999999999787 ) ) ;
#333 = DIRECTION ( 'NONE',  ( 0.000000000000000000, 0.000000000000000000, 1.000000000000000000 ) ) ;
#334 = EDGE_CURVE ( 'NONE', #752, #3644, #3093, .T. ) ;
#335 = VERTEX_POINT ( 'NONE', #2178 ) ;
#336 = CARTESIAN_POINT ( 'NONE',  ( 5.971822467619880115, 7.999533011624881063, -15.31995015101045077 ) ) ;
#337 = VECTOR ( 'NONE', #38, 1000.000000000000000 ) ;
#338 = AXIS2_PLACEMENT_3D ( 'NONE', #2099, #333, #2762 ) ;
#339 = SURFACE_STYLE_USAGE ( .BOTH. , #3818 ) ;
#340 = CARTESIAN_POINT ( 'NONE',  ( -6.099999999999821121, 8.881071736857711230, 19.90759478721679798 ) ) ;
#341 = FILL_AREA_STYLE_COLOUR ( '', #1366 ) ;
#342 =( LENGTH_UNIT ( ) NAMED_UNIT ( * ) SI_UNIT ( .MILLI., .METRE. ) );
#343 = ADVANCED_FACE ( 'NONE', ( #1435 ), #1804, .T. ) ;
#344 = MECHANICAL_DESIGN_GEOMETRIC_PRESENTATION_REPRESENTATION (  '', ( #277 ), #2917 ) ;
#345 = VECTOR ( 'NONE', #2693, 1000.000000000000000 ) ;
#346 = DIRECTION ( 'NONE',  ( 0.000000000000000000, 0.000000000000000000, -1.000000000000000000 ) ) ;
#347 = CARTESIAN_POINT ( 'NONE',  ( -6.557220761524781061, 9.137387565753760654, 17.26567319978354931 ) ) ;
#348 = ORIENTED_EDGE ( 'NONE', *, *, #4242, .F. ) ;
#349 = PLANE ( 'NONE',  #2232 ) ;
#350 = CARTESIAN_POINT ( 'NONE',  ( -8.504371381094159688, 8.659264500002519682, 18.78353557285629805 ) ) ;
#351 = ORIENTED_EDGE ( 'NONE', *, *, #1636, .F. ) ;
#352 = CARTESIAN_POINT ( 'NONE',  ( 5.500000000000000000, 8.000000000000000000, -18.30000000000000071 ) ) ;
#353 = LINE ( 'NONE', #1737, #2532 ) ;
#354 = SURFACE_SIDE_STYLE ('',( #311 ) ) ;
#355 = CARTESIAN_POINT ( 'NONE',  ( 6.132321783288358752, 9.167506028526574369, -18.44345557634835586 ) ) ;
#356 = ORIENTED_EDGE ( 'NONE', *, *, #1831, .T. ) ;
#357 = CARTESIAN_POINT ( 'NONE',  ( 4.281934103089769295, 8.878714584509600272, -16.77836897730220045 ) ) ;
#358 = DIRECTION ( 'NONE',  ( 0.000000000000000000, 0.000000000000000000, 1.000000000000000000 ) ) ;
#359 = SURFACE_STYLE_USAGE ( .BOTH. , #2124 ) ;
#360 = DIRECTION ( 'NONE',  ( 0.000000000000000000, 0.000000000000000000, 1.000000000000000000 ) ) ;
#361 = VECTOR ( 'NONE', #3712, 1000.000000000000000 ) ;
#362 = PRESENTATION_LAYER_ASSIGNMENT (  '', '', ( #1769 ) ) ;
#363 = EDGE_CURVE ( 'NONE', #1094, #2315, #1210, .T. ) ;
#364 = LINE ( 'NONE', #1123, #1278 ) ;
#365 = SURFACE_STYLE_USAGE ( .BOTH. , #2795 ) ;
#366 = EDGE_LOOP ( 'NONE', ( #1565, #2309, #2362, #1684, #4164 ) ) ;
#367 = PRESENTATION_LAYER_ASSIGNMENT (  '', '', ( #2284 ) ) ;
#368 = B_SPLINE_CURVE_WITH_KNOTS ( 'NONE', 5,
 ( #1554, #1605, #4371, #1972, #1255, #2619 ),
 .UNSPECIFIED., .F., .F.,
 ( 6, 6 ),
 ( 0.0003007278929816620131, 0.001215830171806289890 ),
 .UNSPECIFIED. ) ;
#369 = FILL_AREA_STYLE_COLOUR ( '', #1275 ) ;
#370 = CARTESIAN_POINT ( 'NONE',  ( -3.528326951273790257, 8.623150856085709748, 19.87141384884020212 ) ) ;
#371 = ORIENTED_EDGE ( 'NONE', *, *, #2627, .T. ) ;
#372 = CARTESIAN_POINT ( 'NONE',  ( 5.500000000000000000, 8.005580217558129874, -20.66267385487060082 ) ) ;
#373 = B_SPLINE_CURVE_WITH_KNOTS ( 'NONE', 3,
 ( #2945, #4341, #440, #124, #3980, #3895, #1523, #3934, #150, #2175, #485, #2566, #1851, #3569, #2881, #4277, #1128, #2544, #3618, #3262, #831, #744, #1453, #2239, #3218, #3638, #1545, #99, #2153, #3551, #2860, #4253, #3686, #610, #261, #4027, #3707, #1917, #4414, #558, #2662, #3332, #3381, #3730, #4050, #170, #2996, #1963, #1570, #2968, #3044, #1642, #532, #3401, #1268, #2682, #3354, #1194, #1940, #4392, #194, #4362, #1595, #1246, #4436, #1218, #2015, #899 ),
 .UNSPECIFIED., .F., .F.,
 ( 4, 2, 2, 2, 1, 1, 1, 1, 2, 2, 2, 2, 2, 1, 2, 2, 2, 2, 2, 1, 1, 1, 2, 2, 2, 2, 2, 1, 1, 1, 1, 2, 2, 2, 2, 2, 2, 2, 2, 4 ),
 ( 0.000000000000000000, 0.1250000000000277833, 0.1875000000000418554, 0.2187500000000489886, 0.2343750000000526801, 0.2421875000000544009, 0.2460937500000555944, 0.2480468750000561773, 0.2490234375000560385, 0.2500000000000558997, 0.3125000000000237033, 0.3437500000000079936, 0.3593749999999998890, 0.3671874999999957812, 0.3710937499999937828, 0.3749999999999917288, 0.4374999999999580891, 0.4687499999999411582, 0.4843749999999326650, 0.4921874999999274469, 0.4960937499999258371, 0.4980468749999251155, 0.4990234374999247269, 0.4999999999999243383, 0.6249999999998816502, 0.6874999999998603339, 0.7187499999998491207, 0.7343749999998440137, 0.7421874999998413491, 0.7460937499998404610, 0.7480468749998397948, 0.7490234374998394618, 0.7499999999998390177, 0.8124999999998764322, 0.8437499999998951949, 0.8593749999999049649, 0.8671874999999101830, 0.8749999999999154010, 0.9374999999999577005, 1.000000000000000000 ),
 .UNSPECIFIED. ) ;
#374 = PLANE ( 'NONE',  #719 ) ;
#375 = CARTESIAN_POINT ( 'NONE',  ( 7.000000000000000000, 0.000000000000000000, 15.10000000000000142 ) ) ;
#376 =( NAMED_UNIT ( * ) SI_UNIT ( $, .STERADIAN. ) SOLID_ANGLE_UNIT ( ) );
#377 = ORIENTED_EDGE ( 'NONE', *, *, #3550, .F. ) ;
#378 = CARTESIAN_POINT ( 'NONE',  ( 3.342812336243550231, 8.705232258247662003, -17.08025400821400552 ) ) ;
#379 = CARTESIAN_POINT ( 'NONE',  ( 5.042779238536759578, 8.652164194515020057, -15.25828353037374896 ) ) ;
#380 = PRESENTATION_STYLE_ASSIGNMENT (( #2425 ) ) ;
#381 = CARTESIAN_POINT ( 'NONE',  ( -5.799999999999999822, 7.200000000000000178, 18.00000000000000000 ) ) ;
#382 = DIRECTION ( 'NONE',  ( 0.000000000000000000, 1.000000000000000000, 0.000000000000000000 ) ) ;
#383 = CARTESIAN_POINT ( 'NONE',  ( -8.300000000000000711, 0.000000000000000000, 20.10000000000000142 ) ) ;
#384 = CARTESIAN_POINT ( 'NONE',  ( -5.500000000000000000, 9.009630424430110196, 19.38455686404629930 ) ) ;
#385 = B_SPLINE_CURVE_WITH_KNOTS ( 'NONE', 3,
 ( #4476, #1330, #3233, #2488, #2103, #70, #3504, #1748, #3863, #3564, #1770, #1465, #2509, #3253, #776, #1399, #3905, #340 ),
 .UNSPECIFIED., .F., .F.,
 ( 4, 2, 2, 2, 2, 2, 2, 2, 4 ),
 ( 0.000000000000000000, 0.1250000000000000000, 0.2500000000000000000, 0.3750000000000000000, 0.5000000000000000000, 0.6250000000000000000, 0.7500000000000000000, 0.8750000000000000000, 1.000000000000000000 ),
 .UNSPECIFIED. ) ;
#386 = CARTESIAN_POINT ( 'NONE',  ( -8.071671243412099628, 8.550331376699110919, 20.30656515923370264 ) ) ;
#387 = ORIENTED_EDGE ( 'NONE', *, *, #740, .F. ) ;
#388 = EDGE_CURVE ( 'NONE', #3981, #3086, #1943, .T. ) ;
#389 = EDGE_CURVE ( 'NONE', #2530, #2797, #4326, .T. ) ;
#390 = CARTESIAN_POINT ( 'NONE',  ( -5.500000000000000000, 10.00000000000000000, 15.25000000000000000 ) ) ;
#391 = CARTESIAN_POINT ( 'NONE',  ( 0.000000000000000000, 8.000000000000000000, 0.000000000000000000 ) ) ;
#392 = VERTEX_POINT ( 'NONE', #464 ) ;
#393 =( NAMED_UNIT ( * ) PLANE_ANGLE_UNIT ( ) SI_UNIT ( $, .RADIAN. ) );
#394 = EDGE_CURVE ( 'NONE', #4141, #4420, #2905, .T. ) ;
#395 = CARTESIAN_POINT ( 'NONE',  ( 4.299999999999999822, 8.983875264080209533, -18.30000000000000071 ) ) ;
#396 = CARTESIAN_POINT ( 'NONE',  ( 6.099999999999996980, 9.161831029471278143, -18.52126107431289270 ) ) ;
#397 =( NAMED_UNIT ( * ) PLANE_ANGLE_UNIT ( ) SI_UNIT ( $, .RADIAN. ) );
#398 = VERTEX_POINT ( 'NONE', #1155 ) ;
#399 = CARTESIAN_POINT ( 'NONE',  ( 3.221008605754514864, 8.002338645987050469, -18.74781352291820014 ) ) ;
#400 = DIRECTION ( 'NONE',  ( 0.000000000000000000, -1.000000000000000000, 0.000000000000000000 ) ) ;
#401 = SURFACE_STYLE_FILL_AREA ( #23 ) ;
#402 = PLANE ( 'NONE',  #4370 ) ;
#403 =( NAMED_UNIT ( * ) PLANE_ANGLE_UNIT ( ) SI_UNIT ( $, .RADIAN. ) );
#404 =( NAMED_UNIT ( * ) PLANE_ANGLE_UNIT ( ) SI_UNIT ( $, .RADIAN. ) );
#405 = AXIS2_PLACEMENT_3D ( 'NONE', #4471, #912, #3030 ) ;
#406 = AXIS2_PLACEMENT_3D ( 'NONE', #3234, #1792, #3209 ) ;
#407 = CARTESIAN_POINT ( 'NONE',  ( -5.500000000000000000, 8.946897084919420706, 19.64607581872839859 ) ) ;
#408 = CARTESIAN_POINT ( 'NONE',  ( 5.200000000000000178, 8.000000000000000000, -17.69999999999999929 ) ) ;
#409 = ORIENTED_EDGE ( 'NONE', *, *, #1464, .T. ) ;
#410 = VECTOR ( 'NONE', #3153, 1000.000000000000000 ) ;
#411 = ADVANCED_FACE ( 'NONE', ( #2569 ), #173, .T. ) ;
#412 = UNCERTAINTY_MEASURE_WITH_UNIT (LENGTH_MEASURE( 1.000000000000000082E-05 ), #996, 'distance_accuracy_value', 'NONE');
#413 = PLANE ( 'NONE',  #1350 ) ;
#414 = PLANE ( 'NONE',  #3752 ) ;
#415 = CARTESIAN_POINT ( 'NONE',  ( 5.799999999999999822, 7.200000000000000178, -18.00000000000000000 ) ) ;
#416 = EDGE_LOOP ( 'NONE', ( #449, #2549, #4005, #528 ) ) ;
#417 = STYLED_ITEM ( 'NONE', ( #639 ), #3190 ) ;
#418 =( NAMED_UNIT ( * ) SI_UNIT ( $, .STERADIAN. ) SOLID_ANGLE_UNIT ( ) );
#419 = B_SPLINE_CURVE_WITH_KNOTS ( 'NONE', 5,
 ( #4112, #4481, #2747, #4503, #281, #1661 ),
 .UNSPECIFIED., .F., .F.,
 ( 6, 6 ),
 ( 1.734723475976804976E-18, 0.0009151022801603649537 ),
 .UNSPECIFIED. ) ;
#420 = VECTOR ( 'NONE', #3182, 1000.000000000000000 ) ;
#421 = PRESENTATION_LAYER_ASSIGNMENT (  '', '', ( #1608 ) ) ;
#422 = PRESENTATION_LAYER_ASSIGNMENT (  '', '', ( #2422 ) ) ;
#423 = DIRECTION ( 'NONE',  ( -0.7071067811865470176, 0.000000000000000000, 0.7071067811865480168 ) ) ;
#424 = CARTESIAN_POINT ( 'NONE',  ( 7.638974699569499371, 8.885914386945358956, -17.21646442709670310 ) ) ;
#425 = EDGE_CURVE ( 'NONE', #1785, #4240, #511, .T. ) ;
#426 = STYLED_ITEM ( 'NONE', ( #1720 ), #928 ) ;
#427 = ORIENTED_EDGE ( 'NONE', *, *, #988, .T. ) ;
#428 = CARTESIAN_POINT ( 'NONE',  ( 5.968502262331022656, 8.706188504741060541, -15.38177449412605569 ) ) ;
#429 =( NAMED_UNIT ( * ) PLANE_ANGLE_UNIT ( ) SI_UNIT ( $, .RADIAN. ) );
#430 =( NAMED_UNIT ( * ) PLANE_ANGLE_UNIT ( ) SI_UNIT ( $, .RADIAN. ) );
#431 = SURFACE_SIDE_STYLE ('',( #2206 ) ) ;
#432 = CARTESIAN_POINT ( 'NONE',  ( -5.042772068018349430, 8.669035276478439300, 15.32816115623094966 ) ) ;
#433 = FACE_OUTER_BOUND ( 'NONE', #285, .T. ) ;
#434 = CARTESIAN_POINT ( 'NONE',  ( -4.956178405057579894, 7.998449881279659834, 20.54960790274405014 ) ) ;
#435 = CARTESIAN_POINT ( 'NONE',  ( 7.000000000000000000, -4.999999999970310041E-05, 20.89999999999999858 ) ) ;
#436 = CARTESIAN_POINT ( 'NONE',  ( -8.504371381094170346, 8.591597018554500309, 19.43626253844660212 ) ) ;
#437 = ORIENTED_EDGE ( 'NONE', *, *, #3990, .T. ) ;
#438 = VECTOR ( 'NONE', #3529, 1000.000000000000000 ) ;
#439 = PRESENTATION_STYLE_ASSIGNMENT (( #2521 ) ) ;
#440 = CARTESIAN_POINT ( 'NONE',  ( -6.476714540464665326, 7.999328166712704302, 20.61521514582958758 ) ) ;
#441 =( LENGTH_UNIT ( ) NAMED_UNIT ( * ) SI_UNIT ( .MILLI., .METRE. ) );
#442 = ORIENTED_EDGE ( 'NONE', *, *, #1464, .F. ) ;
#443 = STYLED_ITEM ( 'NONE', ( #1427 ), #4380 ) ;
#444 = VECTOR ( 'NONE', #1327, 1000.000000000000000 ) ;
#445 = CYLINDRICAL_SURFACE ( 'NONE', #1190, 0.3000000000000016542 ) ;
#446 = FILL_AREA_STYLE ('',( #1133 ) ) ;
#447 = CARTESIAN_POINT ( 'NONE',  ( 7.206276350254469776, 9.027690393399199209, -17.86919139267105194 ) ) ;
#448 = VERTEX_POINT ( 'NONE', #1921 ) ;
#449 = ORIENTED_EDGE ( 'NONE', *, *, #740, .T. ) ;
#450 = CARTESIAN_POINT ( 'NONE',  ( 4.314621695041420679, 8.002128024562480846, -20.23712502069579955 ) ) ;
#451 = ADVANCED_FACE ( 'NONE', ( #2640 ), #2285, .T. ) ;
#452 = EDGE_CURVE ( 'NONE', #2928, #3960, #946, .T. ) ;
#453 = COLOUR_RGB ( '',0.7529411764705882248, 0.7529411764705882248, 0.7529411764705882248 ) ;
#454 = CARTESIAN_POINT ( 'NONE',  ( 7.848640622579054593, 8.001126908372786062, -19.72772022426777028 ) ) ;
#455 = CARTESIAN_POINT ( 'NONE',  ( -3.961025300574959829, 8.915542561639940189, 18.13080860726604726 ) ) ;
#456 = CARTESIAN_POINT ( 'NONE',  ( -5.455060391809629650, 7.999378890780031170, 20.66326270440690038 ) ) ;
#457 = SURFACE_STYLE_FILL_AREA ( #3258 ) ;
#458 =( LENGTH_UNIT ( ) NAMED_UNIT ( * ) SI_UNIT ( .MILLI., .METRE. ) );
#459 = CARTESIAN_POINT ( 'NONE',  ( -5.691820486160650283, 8.903613667916360441, 19.87141384884020212 ) ) ;
#460 = ORIENTED_EDGE ( 'NONE', *, *, #2591, .T. ) ;
#461 =( NAMED_UNIT ( * ) PLANE_ANGLE_UNIT ( ) SI_UNIT ( $, .RADIAN. ) );
#462 = ORIENTED_EDGE ( 'NONE', *, *, #1778, .T. ) ;
#463 = AXIS2_PLACEMENT_3D ( 'NONE', #4215, #2525, #3197 ) ;
#464 = CARTESIAN_POINT ( 'NONE',  ( 6.100000000000000533, 8.005580216446061215, -20.66267385496850295 ) ) ;
#465 = PRESENTATION_LAYER_ASSIGNMENT (  '', '', ( #2888 ) ) ;
#466 = PRESENTATION_LAYER_ASSIGNMENT (  '', '', ( #629 ) ) ;
#467 = CARTESIAN_POINT ( 'NONE',  ( -6.099999999991240429, 8.000000000000000000, 20.66316495683129872 ) ) ;
#468 = CARTESIAN_POINT ( 'NONE',  ( 5.908179513928519810, 9.214388450802399433, -18.08676704786245182 ) ) ;
#469 = EDGE_LOOP ( 'NONE', ( #3204, #1990, #85, #33 ) ) ;
#470 = CARTESIAN_POINT ( 'NONE',  ( 3.393881949552563615, 8.705614102120428299, -19.04581455742064477 ) ) ;
#471 = ADVANCED_FACE ( 'NONE', ( #1271 ), #637, .F. ) ;
#472 = LINE ( 'NONE', #138, #4526 ) ;
#473 = CARTESIAN_POINT ( 'NONE',  ( -6.100000000000000533, 8.000000000000000000, 15.33683485099344956 ) ) ;
#474 = SURFACE_STYLE_USAGE ( .BOTH. , #431 ) ;
#475 = CARTESIAN_POINT ( 'NONE',  ( -3.528326951273755174, 8.780991127784609773, 17.26567319978354931 ) ) ;
#476 = CYLINDRICAL_SURFACE ( 'NONE', #2416, 0.3000000000000016542 ) ;
#477 = CARTESIAN_POINT ( 'NONE',  ( -5.188604447359540295, 8.880130104000469871, 19.83646567063314947 ) ) ;
#478 = CARTESIAN_POINT ( 'NONE',  ( -7.500000000000000000, 6.500000000000000000, 24.00000000000000000 ) ) ;
#479 = EDGE_CURVE ( 'NONE', #1828, #3334, #613, .T. ) ;
#480 = CARTESIAN_POINT ( 'NONE',  ( -5.057387371467633841, 8.884264764898176736, 16.19812788736813403 ) ) ;
#481 = ORIENTED_EDGE ( 'NONE', *, *, #1347, .T. ) ;
#482 = MECHANICAL_DESIGN_GEOMETRIC_PRESENTATION_REPRESENTATION (  '', ( #1291 ), #3216 ) ;
#483 = CARTESIAN_POINT ( 'NONE',  ( 3.528328756601075256, 8.623151406296900134, -16.12858615113944794 ) ) ;
#484 = DIRECTION ( 'NONE',  ( 0.000000000000000000, 1.000000000000000000, 0.000000000000000000 ) ) ;
#485 = CARTESIAN_POINT ( 'NONE',  ( -7.614837374298261352, 7.997163793610628346, 19.97239441907687407 ) ) ;
#486 = ORIENTED_EDGE ( 'NONE', *, *, #3661, .F. ) ;
#487 = DIRECTION ( 'NONE',  ( 1.000000000000000000, 0.000000000000000000, 0.000000000000000000 ) ) ;
#488 = PRESENTATION_LAYER_ASSIGNMENT (  '', '', ( #2483 ) ) ;
#489 = CARTESIAN_POINT ( 'NONE',  ( -5.899998152997170564, 8.000000000000000000, 20.68561880054853575 ) ) ;
#490 = AXIS2_PLACEMENT_3D ( 'NONE', #4148, #2391, #1002 ) ;
#491 = PLANE ( 'NONE',  #3931 ) ;
#492 = CARTESIAN_POINT ( 'NONE',  ( 7.638974699569459403, 8.800681291537978623, -19.38188655240220015 ) ) ;
#493 = ORIENTED_EDGE ( 'NONE', *, *, #2507, .F. ) ;
#494 = CARTESIAN_POINT ( 'NONE',  ( 7.500000000000000000, 6.500000000000000000, 21.39999999999999858 ) ) ;
#495 = CARTESIAN_POINT ( 'NONE',  ( 4.828244931093660597, 8.883201880516699234, -19.67827916246740116 ) ) ;
#496 = VECTOR ( 'NONE', #211, 1000.000000000000000 ) ;
#497 = CARTESIAN_POINT ( 'NONE',  ( 4.299999999999999822, 8.982659261387610172, -17.69999999999999929 ) ) ;
#498 = CARTESIAN_POINT ( 'NONE',  ( 5.500000000000190070, 8.881071736852350185, -16.09240521278709934 ) ) ;
#499 = CARTESIAN_POINT ( 'NONE',  ( -3.095628601972570504, 8.679672221593040859, 17.91323295206930055 ) ) ;
#500 = CARTESIAN_POINT ( 'NONE',  ( 6.194428901075809790, 8.886142559597629997, -19.91001848690284959 ) ) ;
#501 = FACE_OUTER_BOUND ( 'NONE', #2192, .T. ) ;
#502 = CARTESIAN_POINT ( 'NONE',  ( -6.961630498339639317, 7.997716401713830692, 20.42146576218484810 ) ) ;
#503 = SURFACE_STYLE_USAGE ( .BOTH. , #825 ) ;
#504 = CARTESIAN_POINT ( 'NONE',  ( -5.499999999999996447, 8.718189648815677373, 20.29095384349210107 ) ) ;
#505 = ORIENTED_EDGE ( 'NONE', *, *, #954, .F. ) ;
#506 = EDGE_CURVE ( 'NONE', #3832, #3848, #3903, .T. ) ;
#507 = CARTESIAN_POINT ( 'NONE',  ( 3.095628618905170271, 8.533543838926540559, -16.12858615113944794 ) ) ;
#508 = CARTESIAN_POINT ( 'NONE',  ( 5.500000000000000000, 9.152261391123959200, -18.59999999999999787 ) ) ;
#509 = CARTESIAN_POINT ( 'NONE',  ( -3.095628601972545191, 8.537723910926580118, 16.18812935040890011 ) ) ;
#510 = ORIENTED_EDGE ( 'NONE', *, *, #1805, .F. ) ;
#511 = LINE ( 'NONE', #2948, #3000 ) ;
#512 =( GEOMETRIC_REPRESENTATION_CONTEXT ( 3 ) GLOBAL_UNCERTAINTY_ASSIGNED_CONTEXT ( ( #3741 ) ) GLOBAL_UNIT_ASSIGNED_CONTEXT ( ( #3907, #404, #3236 ) ) REPRESENTATION_CONTEXT ( 'NONE', 'WORKASPACE' ) );
#513 = CARTESIAN_POINT ( 'NONE',  ( -7.500000000000000000, 0.000000000000000000, -21.39999999999999858 ) ) ;
#514 =( LENGTH_UNIT ( ) NAMED_UNIT ( * ) SI_UNIT ( .MILLI., .METRE. ) );
#515 = CARTESIAN_POINT ( 'NONE',  ( 3.095628618905185370, 8.405618877060907934, -15.25828353037369922 ) ) ;
#516 = ORIENTED_EDGE ( 'NONE', *, *, #2686, .T. ) ;
#517 = LINE ( 'NONE', #1927, #3684 ) ;
#518 = CARTESIAN_POINT ( 'NONE',  ( 3.735915324387871106, 8.704388949533864661, -19.61956318848682201 ) ) ;
#519 = MECHANICAL_DESIGN_GEOMETRIC_PRESENTATION_REPRESENTATION (  '', ( #2183 ), #742 ) ;
#520 = CARTESIAN_POINT ( 'NONE',  ( -3.390102790166058977, 8.000109382934093460, 19.21616665717299810 ) ) ;
#521 = CARTESIAN_POINT ( 'NONE',  ( 6.734376473518752348, 8.004596267873477444, -20.53205065617753178 ) ) ;
#522 = PRESENTATION_STYLE_ASSIGNMENT (( #89 ) ) ;
#523 = CARTESIAN_POINT ( 'NONE',  ( -5.467678216799857438, 9.167506028529176731, 17.55654442359069378 ) ) ;
#524 = CARTESIAN_POINT ( 'NONE',  ( 5.500000000000000000, 9.152261391123959200, -18.59999999999999787 ) ) ;
#525 = CARTESIAN_POINT ( 'NONE',  ( -6.466939379683813272, 8.705164096493531289, 20.53748015145440320 ) ) ;
#526 = PRESENTATION_STYLE_ASSIGNMENT (( #503 ) ) ;
#527 = CARTESIAN_POINT ( 'NONE',  ( -5.500000000000000000, 8.881071743737459556, 19.90759477341049788 ) ) ;
#528 = ORIENTED_EDGE ( 'NONE', *, *, #2517, .F. ) ;
#529 = CARTESIAN_POINT ( 'NONE',  ( 6.557227932091510780, 9.125158899724599593, -17.21646442709670310 ) ) ;
#530 = EDGE_CURVE ( 'NONE', #1249, #448, #3157, .T. ) ;
#531 = CARTESIAN_POINT ( 'NONE',  ( 5.356483563772587608, 9.167135182696197759, -18.33228352651555682 ) ) ;
#532 = CARTESIAN_POINT ( 'NONE',  ( -7.847604346606298797, 8.001138595815261212, 16.27106031342718850 ) ) ;
#533 = SURFACE_STYLE_USAGE ( .BOTH. , #1596 ) ;
#534 = ORIENTED_EDGE ( 'NONE', *, *, #2842, .T. ) ;
#535 = UNCERTAINTY_MEASURE_WITH_UNIT (LENGTH_MEASURE( 1.000000000000000082E-05 ), #1346, 'distance_accuracy_value', 'NONE');
#536 = VECTOR ( 'NONE', #1072, 1000.000000000000000 ) ;
#537 = SURFACE_STYLE_USAGE ( .BOTH. , #614 ) ;
#538 = DIRECTION ( 'NONE',  ( 0.000000000000000000, -1.000000000000000000, 0.000000000000000000 ) ) ;
#539 = CARTESIAN_POINT ( 'NONE',  ( 6.557227932091519662, 8.987440422420871045, -16.56373746152240045 ) ) ;
#540 = ORIENTED_EDGE ( 'NONE', *, *, #1079, .F. ) ;
#541 = COLOUR_RGB ( '',0.7529411764705882248, 0.7529411764705882248, 0.7529411764705882248 ) ;
#542 = EDGE_CURVE ( 'NONE', #3501, #2217, #142, .T. ) ;
#543 = UNCERTAINTY_MEASURE_WITH_UNIT (LENGTH_MEASURE( 1.000000000000000082E-05 ), #3357, 'distance_accuracy_value', 'NONE');
#544 = PRESENTATION_LAYER_ASSIGNMENT (  '', '', ( #3199 ) ) ;
#545 = CARTESIAN_POINT ( 'NONE',  ( -3.938526504523059302, 7.997174885746346717, 19.92841690466304527 ) ) ;
#546 = CARTESIAN_POINT ( 'NONE',  ( -5.799999999999999822, 8.000000000000000000, 18.00000000000000000 ) ) ;
#547 = SURFACE_STYLE_FILL_AREA ( #3790 ) ;
#548 = CARTESIAN_POINT ( 'NONE',  ( -5.500000000000000000, 9.115190660022339131, 18.86151895468215045 ) ) ;
#549 = FILL_AREA_STYLE ('',( #3345 ) ) ;
#550 =( NAMED_UNIT ( * ) PLANE_ANGLE_UNIT ( ) SI_UNIT ( $, .RADIAN. ) );
#551 = CARTESIAN_POINT ( 'NONE',  ( 4.286386013602706768, 7.997996675664703403, -15.78651423901497175 ) ) ;
#552 = CARTESIAN_POINT ( 'NONE',  ( -8.263468790724859403, 8.001782618341492181, 16.93135416516994951 ) ) ;
#553 =( NAMED_UNIT ( * ) PLANE_ANGLE_UNIT ( ) SI_UNIT ( $, .RADIAN. ) );
#554 = SURFACE_STYLE_FILL_AREA ( #2300 ) ;
#555 = ORIENTED_EDGE ( 'NONE', *, *, #1023, .F. ) ;
#556 = CARTESIAN_POINT ( 'NONE',  ( 6.557227932091540090, 8.767309405040878190, -15.69343484075665174 ) ) ;
#557 = SURFACE_STYLE_USAGE ( .BOTH. , #2306 ) ;
#558 = CARTESIAN_POINT ( 'NONE',  ( -8.494373026427867401, 8.002947894775955362, 17.81089292371219557 ) ) ;
#559 = CARTESIAN_POINT ( 'NONE',  ( -6.557220761524749975, 8.669035930470128548, 15.32816115623094966 ) ) ;
#560 = ORIENTED_EDGE ( 'NONE', *, *, #1095, .F. ) ;
#561 = FILL_AREA_STYLE_COLOUR ( '', #1231 ) ;
#562 =( GEOMETRIC_REPRESENTATION_CONTEXT ( 3 ) GLOBAL_UNCERTAINTY_ASSIGNED_CONTEXT ( ( #4036 ) ) GLOBAL_UNIT_ASSIGNED_CONTEXT ( ( #514, #2244, #1478 ) ) REPRESENTATION_CONTEXT ( 'NONE', 'WORKASPACE' ) );
#563 = COLOUR_RGB ( '',0.7529411764705882248, 0.7529411764705882248, 0.7529411764705882248 ) ;
#564 = CARTESIAN_POINT ( 'NONE',  ( 3.528328756601089911, 8.472298573039410030, -15.25828353037369922 ) ) ;
#565 = ORIENTED_EDGE ( 'NONE', *, *, #2564, .F. ) ;
#566 =( GEOMETRIC_REPRESENTATION_CONTEXT ( 3 ) GLOBAL_UNCERTAINTY_ASSIGNED_CONTEXT ( ( #4394 ) ) GLOBAL_UNIT_ASSIGNED_CONTEXT ( ( #3609, #4312, #3275 ) ) REPRESENTATION_CONTEXT ( 'NONE', 'WORKASPACE' ) );
#567 = DIRECTION ( 'NONE',  ( 0.7071067811865470176, 0.000000000000000000, -0.7071067811865480168 ) ) ;
#568 = CARTESIAN_POINT ( 'NONE',  ( 3.528328756601004645, 8.556513994588350158, -20.24185474655894978 ) ) ;
#569 = UNCERTAINTY_MEASURE_WITH_UNIT (LENGTH_MEASURE( 1.000000000000000082E-05 ), #3342, 'distance_accuracy_value', 'NONE');
#570 = MECHANICAL_DESIGN_GEOMETRIC_PRESENTATION_REPRESENTATION (  '', ( #2704 ), #1372 ) ;
#571 = ADVANCED_FACE ( 'NONE', ( #501 ), #1239, .F. ) ;
#572 = CARTESIAN_POINT ( 'NONE',  ( -4.949715559926604946, 7.998423504757854907, 20.54216233835720118 ) ) ;
#573 = CARTESIAN_POINT ( 'NONE',  ( 6.855325878491383307, 7.997962478520816099, -15.53611771602457381 ) ) ;
#574 = DIRECTION ( 'NONE',  ( -0.7071067811865490160, 0.000000000000000000, -0.7071067811865461294 ) ) ;
#575 = DIRECTION ( 'NONE',  ( 0.000000000000000000, -1.000000000000000000, 0.000000000000000000 ) ) ;
#576 = AXIS2_PLACEMENT_3D ( 'NONE', #1659, #2720, #3771 ) ;
#577 = CARTESIAN_POINT ( 'NONE',  ( 4.068696771561777226, 8.001400245475739581, -20.04732125751238314 ) ) ;
#578 = CARTESIAN_POINT ( 'NONE',  ( -7.652463036591389489, 8.882141988844310276, 18.56458076116955169 ) ) ;
#579 = AXIS2_PLACEMENT_3D ( 'NONE', #2355, #3758, #2018 ) ;
#580 = CARTESIAN_POINT ( 'NONE',  ( -5.200000000000000178, 10.00000000000000000, 17.69999999999999929 ) ) ;
#581 = CARTESIAN_POINT ( 'NONE',  ( 3.528328756601079697, 8.550331376698409258, -15.69343484075659845 ) ) ;
#582 = CARTESIAN_POINT ( 'NONE',  ( -7.000000000000000000, 6.500000000000000000, -15.10000000000000142 ) ) ;
#583 = CARTESIAN_POINT ( 'NONE',  ( -4.299999999999999822, 8.000000000000000000, 17.69999999999999929 ) ) ;
#584 = PRESENTATION_STYLE_ASSIGNMENT (( #533 ) ) ;
#585 = ORIENTED_EDGE ( 'NONE', *, *, #4412, .F. ) ;
#586 = CARTESIAN_POINT ( 'NONE',  ( -7.500000000000000000, 0.000000000000000000, 20.89999999999999858 ) ) ;
#587 =( NAMED_UNIT ( * ) PLANE_ANGLE_UNIT ( ) SI_UNIT ( $, .RADIAN. ) );
#588 = CARTESIAN_POINT ( 'NONE',  ( 5.799999999999999822, 6.500000000000000000, -15.25000000000000000 ) ) ;
#589 = CARTESIAN_POINT ( 'NONE',  ( 5.908179513928559778, 8.788734555731428699, -15.69343484075665174 ) ) ;
#590 = B_SPLINE_CURVE_WITH_KNOTS ( 'NONE', 5,
 ( #1312, #259, #3423, #4090, #2401, #965 ),
 .UNSPECIFIED., .F., .F.,
 ( 6, 6 ),
 ( 0.000000000000000000, 0.0006000012322204110495 ),
 .UNSPECIFIED. ) ;
#591 = CARTESIAN_POINT ( 'NONE',  ( -7.206270968047880032, 8.803374973118788915, 16.18812935040885037 ) ) ;
#592 = ORIENTED_EDGE ( 'NONE', *, *, #3503, .T. ) ;
#593 = CARTESIAN_POINT ( 'NONE',  ( 6.557227932091500122, 9.170465836281771033, -18.08676704786245182 ) ) ;
#594 = COLOUR_RGB ( '',0.7529411764705882248, 0.7529411764705882248, 0.7529411764705882248 ) ;
#595 = CARTESIAN_POINT ( 'NONE',  ( -3.545150794281730189, 8.001197347632389878, 16.54555290232066511 ) ) ;
#596 = CARTESIAN_POINT ( 'NONE',  ( -4.299999999999999822, 8.000000000000000000, 17.69999999999999929 ) ) ;
#597 = ADVANCED_FACE ( 'NONE', ( #4407 ), #476, .T. ) ;
#598 = CARTESIAN_POINT ( 'NONE',  ( 7.864056273905045913, 8.704388913960489305, -19.61959963518681604 ) ) ;
#599 = PRESENTATION_LAYER_ASSIGNMENT (  '', '', ( #1920 ) ) ;
#600 =( NAMED_UNIT ( * ) PLANE_ANGLE_UNIT ( ) SI_UNIT ( $, .RADIAN. ) );
#601 = PRESENTATION_LAYER_ASSIGNMENT (  '', '', ( #3972 ) ) ;
#602 = CARTESIAN_POINT ( 'NONE',  ( 3.741243683688891153, 8.001187260941611257, -19.71565239853093487 ) ) ;
#603 = CARTESIAN_POINT ( 'NONE',  ( -8.014628712693351531, 8.001152055080931191, 16.48112513982140115 ) ) ;
#604 = CARTESIAN_POINT ( 'NONE',  ( -5.499999999999998224, 8.212273329086583473, 15.35558285406951917 ) ) ;
#605 = CARTESIAN_POINT ( 'NONE',  ( -4.079740727959865865, 8.704502710122291376, 16.01891688358714561 ) ) ;
#606 = EDGE_CURVE ( 'NONE', #4279, #3477, #2275, .T. ) ;
#607 = B_SPLINE_CURVE_WITH_KNOTS ( 'NONE', 5,
 ( #4531, #1411, #2816, #2799, #3123, #1048 ),
 .UNSPECIFIED., .F., .F.,
 ( 6, 6 ),
 ( 0.000000000000000000, 0.0009152207028851590482 ),
 .UNSPECIFIED. ) ;
#608 = DIRECTION ( 'NONE',  ( 0.7071067811865460184, 0.000000000000000000, -0.7071067811865489050 ) ) ;
#609 = CARTESIAN_POINT ( 'NONE',  ( 5.799999999999999822, 7.200000000000000178, -18.00000000000000000 ) ) ;
#610 = CARTESIAN_POINT ( 'NONE',  ( -8.473026793030419057, 8.002348715136941237, 18.19120171355854154 ) ) ;
#611 = CARTESIAN_POINT ( 'NONE',  ( -8.504371381094120608, 8.473108934066980069, 15.75814525331985294 ) ) ;
#612 = VERTEX_POINT ( 'NONE', #524 ) ;
#613 = LINE ( 'NONE', #264, #1380 ) ;
#614 = SURFACE_SIDE_STYLE ('',( #2972 ) ) ;
#615 = DIRECTION ( 'NONE',  ( 0.000000000000000000, 1.000000000000000000, 0.000000000000000000 ) ) ;
#616 = CARTESIAN_POINT ( 'NONE',  ( 8.071673048884539625, 8.623150856055051605, -16.12858615113954741 ) ) ;
#617 = CARTESIAN_POINT ( 'NONE',  ( -5.908170555001659885, 9.212319621132069258, 18.13080860726604726 ) ) ;
#618 = ORIENTED_EDGE ( 'NONE', *, *, #733, .F. ) ;
#619 = LINE ( 'NONE', #2025, #3494 ) ;
#620 = CARTESIAN_POINT ( 'NONE',  ( 8.071673048884468571, 8.631984696641090693, -19.81187064948059984 ) ) ;
#621 = CARTESIAN_POINT ( 'NONE',  ( -7.500000000000000000, 6.500000000000000000, -24.00000000000000000 ) ) ;
#622 = VECTOR ( 'NONE', #4189, 1000.000000000000000 ) ;
#623 = CARTESIAN_POINT ( 'NONE',  ( 5.799999999999999822, 8.000000000000000000, -18.00000000000000000 ) ) ;
#624 = CARTESIAN_POINT ( 'NONE',  ( 7.907878762545349716, 7.997325530009159245, -16.30901200007789953 ) ) ;
#625 = VECTOR ( 'NONE', #876, 1000.000000000000000 ) ;
#626 = EDGE_CURVE ( 'NONE', #2975, #3644, #4178, .T. ) ;
#627 = CARTESIAN_POINT ( 'NONE',  ( 3.484021408308484613, 7.998521229132233401, -16.64980068666990576 ) ) ;
#628 = CARTESIAN_POINT ( 'NONE',  ( -8.409863104681640777, 8.707524094760676903, 18.26698808952515307 ) ) ;
#629 = STYLED_ITEM ( 'NONE', ( #4021 ), #2875 ) ;
#630 = CARTESIAN_POINT ( 'NONE',  ( -6.100000000000000533, 8.953319473176168941, 16.35104591985515299 ) ) ;
#631 = CARTESIAN_POINT ( 'NONE',  ( -5.158402110586549405, 8.884794009136939508, 16.15780964448084944 ) ) ;
#632 =( LENGTH_UNIT ( ) NAMED_UNIT ( * ) SI_UNIT ( .MILLI., .METRE. ) );
#633 = EDGE_CURVE ( 'NONE', #3579, #4127, #385, .T. ) ;
#634 = LINE ( 'NONE', #2086, #4283 ) ;
#635 = CARTESIAN_POINT ( 'NONE',  ( -3.961025300574969599, 8.885914386997050940, 18.78353557285635134 ) ) ;
#636 = ORIENTED_EDGE ( 'NONE', *, *, #2127, .F. ) ;
#637 = PLANE ( 'NONE',  #579 ) ;
#638 = FILL_AREA_STYLE_COLOUR ( '', #2980 ) ;
#639 = PRESENTATION_STYLE_ASSIGNMENT (( #3784 ) ) ;
#640 = VERTEX_POINT ( 'NONE', #2442 ) ;
#641 = CARTESIAN_POINT ( 'NONE',  ( 6.321272146867206843, 9.159188546717947688, -17.69999999999998863 ) ) ;
#642 = CARTESIAN_POINT ( 'NONE',  ( 3.095628618905110319, 8.537723888073410095, -19.81187064948050036 ) ) ;
#643 = AXIS2_PLACEMENT_3D ( 'NONE', #2836, #2069, #3146 ) ;
#644 = PRESENTATION_LAYER_ASSIGNMENT (  '', '', ( #2553 ) ) ;
#645 = PRESENTATION_STYLE_ASSIGNMENT (( #251 ) ) ;
#646 = PRESENTATION_STYLE_ASSIGNMENT (( #1326 ) ) ;
#647 = ORIENTED_EDGE ( 'NONE', *, *, #765, .F. ) ;
#648 = CARTESIAN_POINT ( 'NONE',  ( 8.471558773387640073, 8.002258786397870693, -17.72903882387475250 ) ) ;
#649 = CARTESIAN_POINT ( 'NONE',  ( 3.396905829156152024, 7.999146626598662380, -16.81330247344919471 ) ) ;
#650 = CARTESIAN_POINT ( 'NONE',  ( -8.206118050447329892, 8.705614102116584263, 16.95418544257466209 ) ) ;
#651 = VECTOR ( 'NONE', #2574, 1000.000000000000000 ) ;
#652 = DIRECTION ( 'NONE',  ( 0.000000000000000000, 0.000000000000000000, 1.000000000000000000 ) ) ;
#653 = CARTESIAN_POINT ( 'NONE',  ( -4.437212398187154960, 8.881917600071750130, 16.62051359847975007 ) ) ;
#654 = VECTOR ( 'NONE', #848, 1000.000000000000000 ) ;
#655 = SURFACE_SIDE_STYLE ('',( #4244 ) ) ;
#656 =( GEOMETRIC_REPRESENTATION_CONTEXT ( 3 ) GLOBAL_UNCERTAINTY_ASSIGNED_CONTEXT ( ( #1230 ) ) GLOBAL_UNIT_ASSIGNED_CONTEXT ( ( #911, #3085, #1325 ) ) REPRESENTATION_CONTEXT ( 'NONE', 'WORKASPACE' ) );
#657 = B_SPLINE_CURVE_WITH_KNOTS ( 'NONE', 3,
 ( #659, #2446, #1777, #3095 ),
 .UNSPECIFIED., .F., .F.,
 ( 4, 4 ),
 ( 0.004527170988462450411, 0.004532772790418140678 ),
 .UNSPECIFIED. ) ;
#658 = LINE ( 'NONE', #1043, #2168 ) ;
#659 = CARTESIAN_POINT ( 'NONE',  ( 6.100000000000000533, 8.005580216446061215, -20.66267385496850295 ) ) ;
#660 = CARTESIAN_POINT ( 'NONE',  ( -8.071671243412039232, 8.631985096112300582, 16.18812935040885037 ) ) ;
#661 = VERTEX_POINT ( 'NONE', #2890 ) ;
#662 = EDGE_CURVE ( 'NONE', #3246, #335, #2828, .T. ) ;
#663 = FILL_AREA_STYLE ('',( #1024 ) ) ;
#664 =( NAMED_UNIT ( * ) PLANE_ANGLE_UNIT ( ) SI_UNIT ( $, .RADIAN. ) );
#665 = CARTESIAN_POINT ( 'NONE',  ( 6.400000000000000355, 9.151281934820250541, -18.30000000000000071 ) ) ;
#666 = EDGE_LOOP ( 'NONE', ( #304, #3311, #873, #2845 ) ) ;
#667 = FILL_AREA_STYLE_COLOUR ( '', #1631 ) ;
#668 = CARTESIAN_POINT ( 'NONE',  ( 6.132402880836049341, 9.164654982012828910, -17.55670874743573862 ) ) ;
#669 = FILL_AREA_STYLE ('',( #3059 ) ) ;
#670 = SURFACE_SIDE_STYLE ('',( #3881 ) ) ;
#671 = ORIENTED_EDGE ( 'NONE', *, *, #2653, .F. ) ;
#672 = CARTESIAN_POINT ( 'NONE',  ( 8.409861392501458255, 8.707524076282064485, -17.73298074133781199 ) ) ;
#673 = SHAPE_DEFINITION_REPRESENTATION ( #3158, #1440 ) ;
#674 = CARTESIAN_POINT ( 'NONE',  ( 3.513583291659029051, 7.998337894977084694, -16.60054083235479894 ) ) ;
#675 = AXIS2_PLACEMENT_3D ( 'NONE', #4505, #2749, #2039 ) ;
#676 = CARTESIAN_POINT ( 'NONE',  ( 7.534096161562526817, 8.882351442399739838, -18.88805125083573344 ) ) ;
#677 = CARTESIAN_POINT ( 'NONE',  ( -3.190138607498818502, 8.707524076284556713, 18.26701925866075271 ) ) ;
#678 =( LENGTH_UNIT ( ) NAMED_UNIT ( * ) SI_UNIT ( .MILLI., .METRE. ) );
#679 = CARTESIAN_POINT ( 'NONE',  ( 5.500000000000004441, 9.158484517013226522, -17.47870618936230258 ) ) ;
#680 = CARTESIAN_POINT ( 'NONE',  ( -3.528326951273764944, 8.800327633242309489, 18.13080860726604726 ) ) ;
#681 = EDGE_LOOP ( 'NONE', ( #3568, #2740, #351, #120, #2332 ) ) ;
#682 = CIRCLE ( 'NONE', #818, 2.749999999999999112 ) ;
#683 = EDGE_CURVE ( 'NONE', #3960, #3624, #4221, .T. ) ;
#684 = CARTESIAN_POINT ( 'NONE',  ( -5.500000000000000000, 9.148469102486510351, 18.59999999999999787 ) ) ;
#685 = CARTESIAN_POINT ( 'NONE',  ( -3.528326951273800027, 8.472298065108269327, 20.74171646962729909 ) ) ;
#686 = ORIENTED_EDGE ( 'NONE', *, *, #1482, .F. ) ;
#687 = PRESENTATION_STYLE_ASSIGNMENT (( #3127 ) ) ;
#688 =( NAMED_UNIT ( * ) PLANE_ANGLE_UNIT ( ) SI_UNIT ( $, .RADIAN. ) );
#689 = DIRECTION ( 'NONE',  ( 0.000000000000000000, 0.000000000000000000, -1.000000000000000000 ) ) ;
#690 = EDGE_CURVE ( 'NONE', #3839, #3936, #2165, .T. ) ;
#691 = EDGE_LOOP ( 'NONE', ( #3383, #4496, #1328, #741 ) ) ;
#692 = CARTESIAN_POINT ( 'NONE',  ( 7.072263710300720874, 8.882103574718419381, -19.46361163059814814 ) ) ;
#693 = CARTESIAN_POINT ( 'NONE',  ( -5.200000000000000178, 10.00000000000000000, 18.59999999999999787 ) ) ;
#694 =( GEOMETRIC_REPRESENTATION_CONTEXT ( 3 ) GLOBAL_UNCERTAINTY_ASSIGNED_CONTEXT ( ( #52 ) ) GLOBAL_UNIT_ASSIGNED_CONTEXT ( ( #2864, #4194, #1052 ) ) REPRESENTATION_CONTEXT ( 'NONE', 'WORKASPACE' ) );
#695 = CARTESIAN_POINT ( 'NONE',  ( 5.500000000000000000, 8.000000000000000000, -20.66316514900654866 ) ) ;
#696 = CARTESIAN_POINT ( 'NONE',  ( -3.213045589587089523, 8.707116185823188914, 18.43623602646627901 ) ) ;
#697 = MECHANICAL_DESIGN_GEOMETRIC_PRESENTATION_REPRESENTATION (  '', ( #1795 ), #835 ) ;
#698 = PRESENTATION_LAYER_ASSIGNMENT (  '', '', ( #1198 ) ) ;
#699 = PRESENTATION_STYLE_ASSIGNMENT (( #3425 ) ) ;
#700 = DIRECTION ( 'NONE',  ( 0.000000000000000000, -1.000000000000000000, 0.000000000000000000 ) ) ;
#701 = CARTESIAN_POINT ( 'NONE',  ( -8.071671243412069430, 8.801120746346299484, 17.91323295206925081 ) ) ;
#702 = EDGE_LOOP ( 'NONE', ( #3104, #982, #1429, #356, #773, #2639 ) ) ;
#703 = PLANE ( 'NONE',  #3399 ) ;
#704 = CARTESIAN_POINT ( 'NONE',  ( -3.095628601972590488, 8.591597150120678705, 19.43626253844670160 ) ) ;
#705 = VERTEX_POINT ( 'NONE', #756 ) ;
#706 = B_SPLINE_CURVE_WITH_KNOTS ( 'NONE', 5,
 ( #4258, #1457, #3939, #1832, #4304, #395 ),
 .UNSPECIFIED., .F., .F.,
 ( 6, 6 ),
 ( 3.469446951953614959E-18, 0.0006000012322175280475 ),
 .UNSPECIFIED. ) ;
#707 = UNCERTAINTY_MEASURE_WITH_UNIT (LENGTH_MEASURE( 1.000000000000000082E-05 ), #1495, 'distance_accuracy_value', 'NONE');
#708 = LINE ( 'NONE', #2076, #3877 ) ;
#709 =( NAMED_UNIT ( * ) SI_UNIT ( $, .STERADIAN. ) SOLID_ANGLE_UNIT ( ) );
#710 = CARTESIAN_POINT ( 'NONE',  ( 7.638974699569449633, 8.633095530849830723, -20.24185474655899952 ) ) ;
#711 = FILL_AREA_STYLE_COLOUR ( '', #3185 ) ;
#712 = CARTESIAN_POINT ( 'NONE',  ( 3.864080714740864675, 8.884075889213249866, -18.05003925031355294 ) ) ;
#713 = ADVANCED_FACE ( 'NONE', ( #4266 ), #3160, .T. ) ;
#714 = CARTESIAN_POINT ( 'NONE',  ( -7.500000000000000000, 0.000000000000000000, 24.00000000000000000 ) ) ;
#715 = CARTESIAN_POINT ( 'NONE',  ( -3.961025300574924302, 8.538624224123729789, 15.32816115623094966 ) ) ;
#716 = CARTESIAN_POINT ( 'NONE',  ( -5.799999999999999822, 7.200000000000000178, 18.00000000000000000 ) ) ;
#717 = MECHANICAL_DESIGN_GEOMETRIC_PRESENTATION_REPRESENTATION (  '', ( #2847 ), #1519 ) ;
#718 = AXIS2_PLACEMENT_3D ( 'NONE', #1524, #745, #2154 ) ;
#719 = AXIS2_PLACEMENT_3D ( 'NONE', #1054, #4124, #3462 ) ;
#720 = DIRECTION ( 'NONE',  ( 0.000000000000000000, 1.000000000000000000, 0.000000000000000000 ) ) ;
#721 = DIRECTION ( 'NONE',  ( 1.000000000000000000, 0.000000000000000000, 0.000000000000000000 ) ) ;
#722 = CARTESIAN_POINT ( 'NONE',  ( -4.393723649876139170, 9.002524505845569180, 17.26567319978354931 ) ) ;
#723 = ORIENTED_EDGE ( 'NONE', *, *, #2819, .T. ) ;
#724 = CARTESIAN_POINT ( 'NONE',  ( -7.500000000000000000, 6.500000000000000000, 24.00000000000000000 ) ) ;
#725 = CARTESIAN_POINT ( 'NONE',  ( -8.071671243412099628, 8.472298573035208946, 20.74171646962724935 ) ) ;
#726 = ORIENTED_EDGE ( 'NONE', *, *, #236, .T. ) ;
#727 = DIRECTION ( 'NONE',  ( 0.000000000000000000, 0.000000000000000000, -1.000000000000000000 ) ) ;
#728 = FACE_OUTER_BOUND ( 'NONE', #1811, .T. ) ;
#729 = CARTESIAN_POINT ( 'NONE',  ( 6.100000000000000533, 9.148469102480120796, -17.39999999999999858 ) ) ;
#730 = ORIENTED_EDGE ( 'NONE', *, *, #425, .F. ) ;
#731 = EDGE_LOOP ( 'NONE', ( #2689, #3659, #763, #4098, #3603, #4538 ) ) ;
#732 = CARTESIAN_POINT ( 'NONE',  ( 4.139353527306579572, 8.879603433642840216, -16.98021873955590166 ) ) ;
#733 = EDGE_CURVE ( 'NONE', #2474, #4024, #3952, .T. ) ;
#734 = DIRECTION ( 'NONE',  ( 0.000000000000000000, -1.000000000000000000, 0.000000000000000000 ) ) ;
#735 =( NAMED_UNIT ( * ) SI_UNIT ( $, .STERADIAN. ) SOLID_ANGLE_UNIT ( ) );
#736 = SURFACE_SIDE_STYLE ('',( #777 ) ) ;
#737 = STYLED_ITEM ( 'NONE', ( #4075 ), #1266 ) ;
#738 = FILL_AREA_STYLE ('',( #4270 ) ) ;
#739 = CARTESIAN_POINT ( 'NONE',  ( -5.799999999999999822, 7.200000000000000178, 18.00000000000000000 ) ) ;
#740 = EDGE_CURVE ( 'NONE', #1732, #1370, #45, .T. ) ;
#741 = ORIENTED_EDGE ( 'NONE', *, *, #2952, .F. ) ;
#742 =( GEOMETRIC_REPRESENTATION_CONTEXT ( 3 ) GLOBAL_UNCERTAINTY_ASSIGNED_CONTEXT ( ( #412 ) ) GLOBAL_UNIT_ASSIGNED_CONTEXT ( ( #996, #1688, #3959 ) ) REPRESENTATION_CONTEXT ( 'NONE', 'WORKASPACE' ) );
#743 = UNCERTAINTY_MEASURE_WITH_UNIT (LENGTH_MEASURE( 1.000000000000000082E-05 ), #4078, 'distance_accuracy_value', 'NONE');
#744 = CARTESIAN_POINT ( 'NONE',  ( -8.159838877850512873, 7.998822454708514940, 19.27085582421923959 ) ) ;
#745 = DIRECTION ( 'NONE',  ( 0.000000000000000000, -1.000000000000000000, 0.000000000000000000 ) ) ;
#746 = ORIENTED_EDGE ( 'NONE', *, *, #2449, .T. ) ;
#747 = FILL_AREA_STYLE ('',( #34 ) ) ;
#748 = FILL_AREA_STYLE ('',( #2454 ) ) ;
#749 = AXIS2_PLACEMENT_3D ( 'NONE', #2389, #1000, #1276 ) ;
#750 =( LENGTH_UNIT ( ) NAMED_UNIT ( * ) SI_UNIT ( .MILLI., .METRE. ) );
#751 = CARTESIAN_POINT ( 'NONE',  ( 5.019999999997049933, 9.127044133406609916, -17.69999999999999929 ) ) ;
#752 = VERTEX_POINT ( 'NONE', #3544 ) ;
#753 = ORIENTED_EDGE ( 'NONE', *, *, #4160, .F. ) ;
#754 = CARTESIAN_POINT ( 'NONE',  ( 3.177999269487280287, 8.002596580103279678, -18.57936340180684809 ) ) ;
#755 = DIRECTION ( 'NONE',  ( -1.000000000000000000, 0.000000000000000000, 0.000000000000000000 ) ) ;
#756 = CARTESIAN_POINT ( 'NONE',  ( -6.100000000000000533, 8.000000000000000000, 18.59999999999999787 ) ) ;
#757 = CARTESIAN_POINT ( 'NONE',  ( 5.500000000000002665, 8.717224145897151999, -15.70772255667918493 ) ) ;
#758 = CARTESIAN_POINT ( 'NONE',  ( -6.557220761524749975, 8.669035930470128548, 15.32816115623094966 ) ) ;
#759 = EDGE_CURVE ( 'NONE', #3960, #1649, #2807, .T. ) ;
#760 = MECHANICAL_DESIGN_GEOMETRIC_PRESENTATION_REPRESENTATION (  '', ( #977 ), #905 ) ;
#761 = CARTESIAN_POINT ( 'NONE',  ( 8.300000000000000711, 0.000000000000000000, -20.10000000000000142 ) ) ;
#762 = CARTESIAN_POINT ( 'NONE',  ( -3.961025300574994468, 8.532552736894251311, 20.74171646962729909 ) ) ;
#763 = ORIENTED_EDGE ( 'NONE', *, *, #733, .T. ) ;
#764 = AXIS2_PLACEMENT_3D ( 'NONE', #2064, #3470, #1709 ) ;
#765 = EDGE_CURVE ( 'NONE', #612, #752, #2486, .T. ) ;
#766 =( NAMED_UNIT ( * ) PLANE_ANGLE_UNIT ( ) SI_UNIT ( $, .RADIAN. ) );
#767 = VERTEX_POINT ( 'NONE', #2229 ) ;
#768 = CARTESIAN_POINT ( 'NONE',  ( 5.499999999999679368, 8.834633427746032552, -20.11216292942730988 ) ) ;
#769 = LINE ( 'NONE', #2180, #2121 ) ;
#770 = DIRECTION ( 'NONE',  ( 0.000000000000000000, -1.000000000000000000, 0.000000000000000000 ) ) ;
#771 = CARTESIAN_POINT ( 'NONE',  ( 5.042779238536679642, 8.900459654777629126, -19.81187064948054655 ) ) ;
#772 = ORIENTED_EDGE ( 'NONE', *, *, #1122, .T. ) ;
#773 = ORIENTED_EDGE ( 'NONE', *, *, #2074, .T. ) ;
#774 = CARTESIAN_POINT ( 'NONE',  ( 6.466971983578460481, 8.705164025027455565, -15.46252736325508792 ) ) ;
#775 = LINE ( 'NONE', #2912, #651 ) ;
#776 = CARTESIAN_POINT ( 'NONE',  ( -6.944224699472734130, 8.878427372243766769, 19.57425590388063696 ) ) ;
#777 = SURFACE_STYLE_FILL_AREA ( #2892 ) ;
#778 = FACE_OUTER_BOUND ( 'NONE', #2139, .T. ) ;
#779 = MECHANICAL_DESIGN_GEOMETRIC_PRESENTATION_REPRESENTATION (  '', ( #4298 ), #562 ) ;
#780 =( GEOMETRIC_REPRESENTATION_CONTEXT ( 3 ) GLOBAL_UNCERTAINTY_ASSIGNED_CONTEXT ( ( #1923 ) ) GLOBAL_UNIT_ASSIGNED_CONTEXT ( ( #2956, #4015, #1908 ) ) REPRESENTATION_CONTEXT ( 'NONE', 'WORKASPACE' ) );
#781 = MECHANICAL_DESIGN_GEOMETRIC_PRESENTATION_REPRESENTATION (  '', ( #1813 ), #1960 ) ;
#782 = CARTESIAN_POINT ( 'NONE',  ( 5.500000000000000000, 10.00000000000000000, -18.30000000000000071 ) ) ;
#783 = CARTESIAN_POINT ( 'NONE',  ( -7.638971105730020028, 8.621968007130030642, 20.30656515923370264 ) ) ;
#784 = COLOUR_RGB ( '',0.7529411764705882248, 0.7529411764705882248, 0.7529411764705882248 ) ;
#785 = UNCERTAINTY_MEASURE_WITH_UNIT (LENGTH_MEASURE( 1.000000000000000082E-05 ), #4150, 'distance_accuracy_value', 'NONE');
#786 = EDGE_CURVE ( 'NONE', #3334, #2710, #139, .T. ) ;
#787 = FILL_AREA_STYLE_COLOUR ( '', #2303 ) ;
#788 = SURFACE_SIDE_STYLE ('',( #3619 ) ) ;
#789 = ORIENTED_EDGE ( 'NONE', *, *, #3996, .T. ) ;
#790 = CARTESIAN_POINT ( 'NONE',  ( -7.500000000000000000, 6.500000000000000000, 24.00000000000000000 ) ) ;
#791 = EDGE_CURVE ( 'NONE', #833, #40, #3385, .T. ) ;
#792 = VECTOR ( 'NONE', #3701, 1000.000000000000000 ) ;
#793 = CARTESIAN_POINT ( 'NONE',  ( 7.500000000000000000, 6.500000000000000000, 14.59999999999999964 ) ) ;
#794 = CARTESIAN_POINT ( 'NONE',  ( 7.206276350254449348, 8.897340171601920034, -19.38188655240215397 ) ) ;
#795 = VECTOR ( 'NONE', #358, 1000.000000000000000 ) ;
#796 = ORIENTED_EDGE ( 'NONE', *, *, #1416, .F. ) ;
#797 = ORIENTED_EDGE ( 'NONE', *, *, #1233, .T. ) ;
#798 = CARTESIAN_POINT ( 'NONE',  ( 6.138266778228224752, 8.705965605059146739, -15.39830232740277616 ) ) ;
#799 = CARTESIAN_POINT ( 'NONE',  ( 5.271746598722963917, 8.880587459547305329, -16.12800460512703182 ) ) ;
#800 = CYLINDRICAL_SURFACE ( 'NONE', #4366, 0.3000000000000016542 ) ;
#801 = CARTESIAN_POINT ( 'NONE',  ( -7.206270968047911119, 9.029077348473720122, 17.91323295206925081 ) ) ;
#802 = CARTESIAN_POINT ( 'NONE',  ( -3.342800857341462262, 8.705232414803134589, 18.91971762595330375 ) ) ;
#803 = PLANE ( 'NONE',  #3278 ) ;
#804 = PLANE ( 'NONE',  #2511 ) ;
#805 = CARTESIAN_POINT ( 'NONE',  ( -4.393723649876174697, 8.785704600192598690, 19.87141384884020212 ) ) ;
#806 = VERTEX_POINT ( 'NONE', #3970 ) ;
#807 = FACE_OUTER_BOUND ( 'NONE', #3271, .T. ) ;
#808 = FACE_OUTER_BOUND ( 'NONE', #2869, .T. ) ;
#809 = VERTEX_POINT ( 'NONE', #4290 ) ;
#810 = AXIS2_PLACEMENT_3D ( 'NONE', #2128, #4113, #3531 ) ;
#811 = DIRECTION ( 'NONE',  ( -0.7071067811865480168, 0.000000000000000000, 0.7071067811865470176 ) ) ;
#812 = EDGE_CURVE ( 'NONE', #752, #3914, #4117, .T. ) ;
#813 = VECTOR ( 'NONE', #1390, 1000.000000000000000 ) ;
#814 = FILL_AREA_STYLE ('',( #82 ) ) ;
#815 = CARTESIAN_POINT ( 'NONE',  ( 3.095628618905100549, 8.473108934061690078, -20.24185474655894978 ) ) ;
#816 = ORIENTED_EDGE ( 'NONE', *, *, #3424, .F. ) ;
#817 = CARTESIAN_POINT ( 'NONE',  ( 3.095628618905095220, 8.400507798070778520, -20.67183884363735302 ) ) ;
#818 = AXIS2_PLACEMENT_3D ( 'NONE', #2292, #4057, #3693 ) ;
#819 =( LENGTH_UNIT ( ) NAMED_UNIT ( * ) SI_UNIT ( .MILLI., .METRE. ) );
#820 = CARTESIAN_POINT ( 'NONE',  ( 5.057250978585443590, 8.879559640050741720, -16.20179226025990360 ) ) ;
#821 = DIRECTION ( 'NONE',  ( 0.000000000000000000, 0.000000000000000000, -1.000000000000000000 ) ) ;
#822 = CARTESIAN_POINT ( 'NONE',  ( -8.071671243412069430, 8.800328136297769888, 18.13080860726600108 ) ) ;
#823 = CARTESIAN_POINT ( 'NONE',  ( -4.839999999993769286, 9.099310416623071163, 17.69999999999999929 ) ) ;
#824 = CARTESIAN_POINT ( 'NONE',  ( -6.936908675800885327, 8.703539072104753416, 20.36468486273054879 ) ) ;
#825 = SURFACE_SIDE_STYLE ('',( #2258 ) ) ;
#826 = SURFACE_SIDE_STYLE ('',( #4273 ) ) ;
#827 = ORIENTED_EDGE ( 'NONE', *, *, #388, .F. ) ;
#828 = PRESENTATION_LAYER_ASSIGNMENT (  '', '', ( #3987 ) ) ;
#829 = CARTESIAN_POINT ( 'NONE',  ( 3.528328756601044613, 8.800328136307470572, -17.86919139267095247 ) ) ;
#830 = CARTESIAN_POINT ( 'NONE',  ( 5.799999999999999822, 7.200000000000000178, -20.75000000000000000 ) ) ;
#831 = CARTESIAN_POINT ( 'NONE',  ( -8.115978591603431269, 7.998521229128146892, 19.35019931348380595 ) ) ;
#832 = CARTESIAN_POINT ( 'NONE',  ( -6.100000000000000533, 9.152261391118649669, 17.39999999999999858 ) ) ;
#833 = VERTEX_POINT ( 'NONE', #473 ) ;
#834 =( NAMED_UNIT ( * ) SI_UNIT ( $, .STERADIAN. ) SOLID_ANGLE_UNIT ( ) );
#835 =( GEOMETRIC_REPRESENTATION_CONTEXT ( 3 ) GLOBAL_UNCERTAINTY_ASSIGNED_CONTEXT ( ( #3520 ) ) GLOBAL_UNIT_ASSIGNED_CONTEXT ( ( #678, #3510, #1753 ) ) REPRESENTATION_CONTEXT ( 'NONE', 'WORKASPACE' ) );
#836 = DIRECTION ( 'NONE',  ( 0.000000000000000000, 1.000000000000000000, 0.000000000000000000 ) ) ;
#837 = SURFACE_STYLE_FILL_AREA ( #446 ) ;
#838 = CARTESIAN_POINT ( 'NONE',  ( 3.528328756601039728, 8.801120746358199298, -18.08676704786240208 ) ) ;
#839 = ORIENTED_EDGE ( 'NONE', *, *, #3424, .T. ) ;
#840 = FILL_AREA_STYLE ('',( #4035 ) ) ;
#841 = CARTESIAN_POINT ( 'NONE',  ( 8.336399198388940945, 8.002135049504090603, -18.86498762991702094 ) ) ;
#842 = CARTESIAN_POINT ( 'NONE',  ( -5.908170555001640345, 9.038367536550431680, 16.61811344749779806 ) ) ;
#843 = CARTESIAN_POINT ( 'NONE',  ( -5.499999999999995559, 9.161831029473963994, 17.47873892571252696 ) ) ;
#844 = EDGE_CURVE ( 'NONE', #200, #1196, #4311, .T. ) ;
#845 = DIRECTION ( 'NONE',  ( 0.000000000000000000, 0.000000000000000000, -1.000000000000000000 ) ) ;
#846 = CARTESIAN_POINT ( 'NONE',  ( -4.064574085904794742, 7.996972863782149332, 20.04985066294625184 ) ) ;
#847 = PLANE ( 'NONE',  #2634 ) ;
#848 = DIRECTION ( 'NONE',  ( 0.000000000000000000, -1.000000000000000000, 0.000000000000000000 ) ) ;
#849 = MECHANICAL_DESIGN_GEOMETRIC_PRESENTATION_REPRESENTATION (  '', ( #2407 ), #4525 ) ;
#850 = CARTESIAN_POINT ( 'NONE',  ( 4.393729031992889666, 8.785705671398838845, -16.12858615113950123 ) ) ;
#851 =( LENGTH_UNIT ( ) NAMED_UNIT ( * ) SI_UNIT ( .MILLI., .METRE. ) );
#852 = DIRECTION ( 'NONE',  ( 0.000000000000000000, -1.000000000000000000, 0.000000000000000000 ) ) ;
#853 = CARTESIAN_POINT ( 'NONE',  ( -5.691820486160599657, 8.927396014918800304, 16.18812935040885037 ) ) ;
#854 = ORIENTED_EDGE ( 'NONE', *, *, #1297, .F. ) ;
#855 = CONICAL_SURFACE ( 'NONE', #1744, 2.749999999999999112, 0.08726646259971625186 ) ;
#856 = COLOUR_RGB ( '',0.7529411764705882248, 0.7529411764705882248, 0.7529411764705882248 ) ;
#857 = PLANE ( 'NONE',  #1124 ) ;
#858 =( NAMED_UNIT ( * ) PLANE_ANGLE_UNIT ( ) SI_UNIT ( $, .RADIAN. ) );
#859 = CARTESIAN_POINT ( 'NONE',  ( 8.504371398199488397, 8.537723910911040548, -19.81187064948059984 ) ) ;
#860 = ORIENTED_EDGE ( 'NONE', *, *, #2895, .T. ) ;
#861 = CARTESIAN_POINT ( 'NONE',  ( 5.500000000000000000, 9.115190665394978353, -17.13848104255739813 ) ) ;
#862 = CARTESIAN_POINT ( 'NONE',  ( 8.071673048884457913, 8.472944998546259043, -20.67183884363745250 ) ) ;
#863 = UNCERTAINTY_MEASURE_WITH_UNIT (LENGTH_MEASURE( 1.000000000000000082E-05 ), #1954, 'distance_accuracy_value', 'NONE');
#864 = VECTOR ( 'NONE', #1964, 1000.000000000000000 ) ;
#865 = CARTESIAN_POINT ( 'NONE',  ( -3.119855748966173792, 8.002553986187328050, 18.05837173359141445 ) ) ;
#866 = CARTESIAN_POINT ( 'NONE',  ( 7.937894310349273397, 8.001052313375135228, -19.61735327166170251 ) ) ;
#867 = CARTESIAN_POINT ( 'NONE',  ( -5.042772068018400056, 9.125158899760011266, 18.78353557285635134 ) ) ;
#868 = DIRECTION ( 'NONE',  ( 0.7071067811865480168, 0.000000000000000000, -0.7071067811865470176 ) ) ;
#869 = EDGE_CURVE ( 'NONE', #392, #2975, #994, .T. ) ;
#870 = CARTESIAN_POINT ( 'NONE',  ( -6.144937727121810411, 7.999378882271970248, 20.66326190775630067 ) ) ;
#871 =( LENGTH_UNIT ( ) NAMED_UNIT ( * ) SI_UNIT ( .MILLI., .METRE. ) );
#872 = CARTESIAN_POINT ( 'NONE',  ( -4.065903838433235329, 8.882351442398086050, 17.11194874912082042 ) ) ;
#873 = ORIENTED_EDGE ( 'NONE', *, *, #1095, .T. ) ;
#874 = CARTESIAN_POINT ( 'NONE',  ( 3.095628618905160057, 8.591597018544190334, -16.56373746152229742 ) ) ;
#875 = ADVANCED_FACE ( 'NONE', ( #4402 ), #4083, .T. ) ;
#876 = DIRECTION ( 'NONE',  ( -1.495451272393802008E-16, 0.000000000000000000, -1.000000000000000000 ) ) ;
#877 = CARTESIAN_POINT ( 'NONE',  ( 7.299999999999999822, 8.991916488440200084, -17.94000000000000128 ) ) ;
#878 = CARTESIAN_POINT ( 'NONE',  ( -6.099999999999999645, 8.207312031310575406, 20.64473291960305446 ) ) ;
#879 = EDGE_LOOP ( 'NONE', ( #4029, #2562, #1161, #1525 ) ) ;
#880 = DIRECTION ( 'NONE',  ( 0.000000000000000000, 1.000000000000000000, 0.000000000000000000 ) ) ;
#881 = PRESENTATION_LAYER_ASSIGNMENT (  '', '', ( #443 ) ) ;
#882 = FILL_AREA_STYLE ('',( #1199 ) ) ;
#883 = DIRECTION ( 'NONE',  ( 0.000000000000000000, 0.000000000000000000, -1.000000000000000000 ) ) ;
#884 = CARTESIAN_POINT ( 'NONE',  ( 6.557227932091510780, 9.125158899724599593, -17.21646442709670310 ) ) ;
#885 = VERTEX_POINT ( 'NONE', #2344 ) ;
#886 = CARTESIAN_POINT ( 'NONE',  ( 7.299999999999999822, 10.00000000000000000, -17.69999999999999929 ) ) ;
#887 = SURFACE_SIDE_STYLE ('',( #2248 ) ) ;
#888 = MECHANICAL_DESIGN_GEOMETRIC_PRESENTATION_REPRESENTATION (  '', ( #232 ), #13 ) ;
#889 = CARTESIAN_POINT ( 'NONE',  ( -3.990940407045627136, 7.996945121531847001, 19.97783249233064851 ) ) ;
#890 = CARTESIAN_POINT ( 'NONE',  ( 8.333571198944030201, 8.002121157815038188, -18.87323881618103627 ) ) ;
#891 = PRESENTATION_STYLE_ASSIGNMENT (( #2650 ) ) ;
#892 = PRESENTATION_STYLE_ASSIGNMENT (( #2856 ) ) ;
#893 = DIRECTION ( 'NONE',  ( 0.000000000000000000, 0.000000000000000000, -1.000000000000000000 ) ) ;
#894 = CARTESIAN_POINT ( 'NONE',  ( -6.643785109333889771, 7.998449964824370539, 20.54962046629655248 ) ) ;
#895 = CARTESIAN_POINT ( 'NONE',  ( 11.05000000000000071, 0.000000000000000000, 11.05000000000000071 ) ) ;
#896 = ORIENTED_EDGE ( 'NONE', *, *, #1831, .F. ) ;
#897 = CARTESIAN_POINT ( 'NONE',  ( 8.071673048884539625, 8.623150856055051605, -16.12858615113954741 ) ) ;
#898 = DIRECTION ( 'NONE',  ( 0.000000000000000000, 0.000000000000000000, -1.000000000000000000 ) ) ;
#899 = CARTESIAN_POINT ( 'NONE',  ( -6.100000000000000533, 8.005580217553239564, 15.33732614512894799 ) ) ;
#900 = CARTESIAN_POINT ( 'NONE',  ( -3.095628601972540306, 8.473108934735670061, 15.75814525331994886 ) ) ;
#901 = ORIENTED_EDGE ( 'NONE', *, *, #759, .F. ) ;
#902 = FILL_AREA_STYLE ('',( #1966 ) ) ;
#903 = EDGE_CURVE ( 'NONE', #3241, #1800, #3815, .T. ) ;
#904 = UNCERTAINTY_MEASURE_WITH_UNIT (LENGTH_MEASURE( 1.000000000000000082E-05 ), #1375, 'distance_accuracy_value', 'NONE');
#905 =( GEOMETRIC_REPRESENTATION_CONTEXT ( 3 ) GLOBAL_UNCERTAINTY_ASSIGNED_CONTEXT ( ( #543 ) ) GLOBAL_UNIT_ASSIGNED_CONTEXT ( ( #3357, #3961, #1854 ) ) REPRESENTATION_CONTEXT ( 'NONE', 'WORKASPACE' ) );
#906 = SURFACE_SIDE_STYLE ('',( #4440 ) ) ;
#907 = CARTESIAN_POINT ( 'NONE',  ( 3.095628618905160057, 8.591597018544190334, -16.56373746152229742 ) ) ;
#908 = ORIENTED_EDGE ( 'NONE', *, *, #2924, .T. ) ;
#909 = CARTESIAN_POINT ( 'NONE',  ( 3.336531209274094856, 8.001782618351551690, -19.06864583482475339 ) ) ;
#910 = CARTESIAN_POINT ( 'NONE',  ( -4.865623526018400646, 8.004596267870796922, 15.46794934396268850 ) ) ;
#911 =( LENGTH_UNIT ( ) NAMED_UNIT ( * ) SI_UNIT ( .MILLI., .METRE. ) );
#912 = DIRECTION ( 'NONE',  ( 0.000000000000000000, -1.000000000000000000, 0.000000000000000000 ) ) ;
#913 = SURFACE_SIDE_STYLE ('',( #207 ) ) ;
#914 = CARTESIAN_POINT ( 'NONE',  ( -7.691302977234849791, 8.883760448849219671, 17.58037855562340113 ) ) ;
#915 = DIRECTION ( 'NONE',  ( 1.000000000000000000, 0.000000000000000000, 0.000000000000000000 ) ) ;
#916 = CARTESIAN_POINT ( 'NONE',  ( -4.656055695504414338, 8.882432347564389374, 16.42197150748265244 ) ) ;
#917 = CARTESIAN_POINT ( 'NONE',  ( 3.095628618905140073, 8.679180657435340507, -17.86919139267095247 ) ) ;
#918 = LINE ( 'NONE', #3017, #1574 ) ;
#919 = FACE_OUTER_BOUND ( 'NONE', #3896, .T. ) ;
#920 = CARTESIAN_POINT ( 'NONE',  ( -5.908170555001630575, 8.688148367374500580, 15.32816115623094966 ) ) ;
#921 = ORIENTED_EDGE ( 'NONE', *, *, #3272, .F. ) ;
#922 = SURFACE_SIDE_STYLE ('',( #3451 ) ) ;
#923 = CIRCLE ( 'NONE', #4517, 2.749999999999999112 ) ;
#924 = AXIS2_PLACEMENT_3D ( 'NONE', #3719, #230, #1305 ) ;
#925 = EDGE_CURVE ( 'NONE', #705, #1970, #1697, .T. ) ;
#926 = CARTESIAN_POINT ( 'NONE',  ( -6.099999999999821121, 8.881071736857711230, 19.90759478721679798 ) ) ;
#927 = CARTESIAN_POINT ( 'NONE',  ( 5.908179513928559778, 8.903613667899389128, -16.12858615113950123 ) ) ;
#928 = ADVANCED_FACE ( 'NONE', ( #2002 ), #1654, .T. ) ;
#929 = ORIENTED_EDGE ( 'NONE', *, *, #479, .F. ) ;
#930 = FILL_AREA_STYLE ('',( #3460 ) ) ;
#931 = CARTESIAN_POINT ( 'NONE',  ( 3.961028894296919844, 8.719267620325940271, -19.81187064948054655 ) ) ;
#932 = UNCERTAINTY_MEASURE_WITH_UNIT (LENGTH_MEASURE( 1.000000000000000082E-05 ), #1944, 'distance_accuracy_value', 'NONE');
#933 = AXIS2_PLACEMENT_3D ( 'NONE', #4265, #755, #87 ) ;
#934 = CARTESIAN_POINT ( 'NONE',  ( -3.133832133001232645, 8.002731445000474508, 17.68169065165923115 ) ) ;
#935 = DIRECTION ( 'NONE',  ( 0.000000000000000000, 0.000000000000000000, -1.000000000000000000 ) ) ;
#936 = EDGE_CURVE ( 'NONE', #993, #1936, #1393, .T. ) ;
#937 = CARTESIAN_POINT ( 'NONE',  ( 8.370886558041990000, 8.000777848297840222, -17.22428944797404782 ) ) ;
#938 = CARTESIAN_POINT ( 'NONE',  ( 4.117175753889805279, 7.997561380516672536, -15.91349947337513449 ) ) ;
#939 = CARTESIAN_POINT ( 'NONE',  ( -7.728941879796219716, 8.884086584186562163, 17.82626327773139963 ) ) ;
#940 = CARTESIAN_POINT ( 'NONE',  ( 6.328230243913626651, 8.880587519848100797, -16.12800101758881155 ) ) ;
#941 = CARTESIAN_POINT ( 'NONE',  ( 5.691829445080619720, 8.669641775367070480, -15.25828353037374896 ) ) ;
#942 = CARTESIAN_POINT ( 'NONE',  ( -7.299999999999999822, 8.982659261378559634, 18.30000000000000071 ) ) ;
#943 = FILL_AREA_STYLE_COLOUR ( '', #3015 ) ;
#944 = CARTESIAN_POINT ( 'NONE',  ( -5.908170555001630575, 8.811602903292749644, 15.75814525331990090 ) ) ;
#945 = ORIENTED_EDGE ( 'NONE', *, *, #1922, .T. ) ;
#946 = LINE ( 'NONE', #586, #2788 ) ;
#947 = CARTESIAN_POINT ( 'NONE',  ( -6.100000000000000533, 8.000000000000000000, 15.25000000000000000 ) ) ;
#948 = CARTESIAN_POINT ( 'NONE',  ( 5.499999999990989430, 8.000000000000000000, -15.33683504317409962 ) ) ;
#949 = CARTESIAN_POINT ( 'NONE',  ( 5.691829445080589522, 9.162702263535461356, -17.21646442709670310 ) ) ;
#950 = CARTESIAN_POINT ( 'NONE',  ( -3.528326951273764944, 8.800327633242309489, 18.13080860726604726 ) ) ;
#951 = ORIENTED_EDGE ( 'NONE', *, *, #1122, .F. ) ;
#952 = FILL_AREA_STYLE ('',( #247 ) ) ;
#953 = CARTESIAN_POINT ( 'NONE',  ( 5.691829445080539784, 8.811602903331579029, -20.24185474655899952 ) ) ;
#954 = EDGE_CURVE ( 'NONE', #1847, #885, #4197, .T. ) ;
#955 =( GEOMETRIC_REPRESENTATION_CONTEXT ( 3 ) GLOBAL_UNCERTAINTY_ASSIGNED_CONTEXT ( ( #863 ) ) GLOBAL_UNIT_ASSIGNED_CONTEXT ( ( #1954, #1261, #188 ) ) REPRESENTATION_CONTEXT ( 'NONE', 'WORKASPACE' ) );
#956 = CARTESIAN_POINT ( 'NONE',  ( -4.112375860917317105, 7.996811614991981898, 20.08478686372480126 ) ) ;
#957 = CARTESIAN_POINT ( 'NONE',  ( 6.709778086635814986, 7.998295643938338806, -15.47827491976823566 ) ) ;
#958 = FILL_AREA_STYLE ('',( #1676 ) ) ;
#959 = CARTESIAN_POINT ( 'NONE',  ( 8.206104218157166841, 8.705614017277564898, -19.04584911596789709 ) ) ;
#960 = STYLED_ITEM ( 'NONE', ( #892 ), #4345 ) ;
#961 = EDGE_CURVE ( 'NONE', #4420, #3501, #1740, .T. ) ;
#962 = CARTESIAN_POINT ( 'NONE',  ( 3.965813946992045924, 7.997100417258030447, -16.04562620718434829 ) ) ;
#963 = CARTESIAN_POINT ( 'NONE',  ( -8.484286647538640480, 8.002726954069261822, 17.92912043653959842 ) ) ;
#964 = CARTESIAN_POINT ( 'NONE',  ( 7.119842949798370846, 8.881890295420552306, -19.43410646896106897 ) ) ;
#965 = CARTESIAN_POINT ( 'NONE',  ( -4.299999999999999822, 8.982659249172709082, 18.30000000000000071 ) ) ;
#966 = DIRECTION ( 'NONE',  ( 0.000000000000000000, 1.000000000000000000, 0.000000000000000000 ) ) ;
#967 =( NAMED_UNIT ( * ) PLANE_ANGLE_UNIT ( ) SI_UNIT ( $, .RADIAN. ) );
#968 = CARTESIAN_POINT ( 'NONE',  ( -5.908170555001670543, 9.162702263548279547, 18.78353557285635134 ) ) ;
#969 = VERTEX_POINT ( 'NONE', #375 ) ;
#970 = CARTESIAN_POINT ( 'NONE',  ( 6.100000000000000533, 9.016385228627639137, -19.38671555903119881 ) ) ;
#971 = CARTESIAN_POINT ( 'NONE',  ( -6.100000000000000533, 9.115190665398829495, 18.86151895744340123 ) ) ;
#972 = CARTESIAN_POINT ( 'NONE',  ( 7.638974699569518911, 8.706005148847809849, -16.12858615113954741 ) ) ;
#973 = SURFACE_STYLE_FILL_AREA ( #4532 ) ;
#974 = ORIENTED_EDGE ( 'NONE', *, *, #1211, .T. ) ;
#975 = PRESENTATION_STYLE_ASSIGNMENT (( #1673 ) ) ;
#976 = CARTESIAN_POINT ( 'NONE',  ( 5.691829445080549554, 9.038367536581560557, -19.38188655240215397 ) ) ;
#977 = STYLED_ITEM ( 'NONE', ( #3597 ), #343 ) ;
#978 = LINE ( 'NONE', #2823, #410 ) ;
#979 = CARTESIAN_POINT ( 'NONE',  ( 8.209897211535251316, 8.000109382956859250, -16.78383334626596479 ) ) ;
#980 = AXIS2_PLACEMENT_3D ( 'NONE', #2778, #1733, #3145 ) ;
#981 = B_SPLINE_CURVE_WITH_KNOTS ( 'NONE', 5,
 ( #4501, #3488, #1727, #255, #630, #2034 ),
 .UNSPECIFIED., .F., .F.,
 ( 6, 6 ),
 ( 0.0003000870164837660006, 0.001637798327319969945 ),
 .UNSPECIFIED. ) ;
#982 = ORIENTED_EDGE ( 'NONE', *, *, #4102, .T. ) ;
#983 = CARTESIAN_POINT ( 'NONE',  ( 7.086944067570254191, 8.703099136855996676, -15.71355443636356419 ) ) ;
#984 = VECTOR ( 'NONE', #4138, 1000.000000000000114 ) ;
#985 = CARTESIAN_POINT ( 'NONE',  ( 3.985162625715683582, 7.997163793611010263, -16.02760558091035037 ) ) ;
#986 = CARTESIAN_POINT ( 'NONE',  ( -7.285378304958510576, 8.002128024553510244, 15.76287497930314885 ) ) ;
#987 = FACE_OUTER_BOUND ( 'NONE', #1716, .T. ) ;
#988 = EDGE_CURVE ( 'NONE', #1243, #3339, #1994, .T. ) ;
#989 = CARTESIAN_POINT ( 'NONE',  ( -4.075152876560100168, 8.882365009564070490, 17.11529551092194978 ) ) ;
#990 = CARTESIAN_POINT ( 'NONE',  ( 7.206276350254509744, 8.588400154961318478, -15.25828353037380047 ) ) ;
#991 = CARTESIAN_POINT ( 'NONE',  ( -7.299999999999999822, 8.992169547486879466, 17.94000000000000128 ) ) ;
#992 = CARTESIAN_POINT ( 'NONE',  ( -3.528326951273755174, 8.780991127784609773, 17.26567319978354931 ) ) ;
#993 = VERTEX_POINT ( 'NONE', #3154 ) ;
#994 = B_SPLINE_CURVE_WITH_KNOTS ( 'NONE', 3,
 ( #4374, #3369, #521, #1235, #2205, #3344, #1884, #2575, #454, #206, #1507, #3629, #4354, #1612, #866, #4038, #3297, #2936, #1907, #890, #841, #4334, #1182, #2296, #2251, #3648, #160, #1558, #2955, #2624, #4149, #4125, #1258, #3392, #3743, #979, #312, #3718, #3437, #1003, #2367, #4104, #2077, #1978, #3414, #3108, #2761, #1633, #229, #273, #3029, #573, #3767, #2392, #2029, #957, #2738, #2673, #2052, #1304 ),
 .UNSPECIFIED., .F., .F.,
 ( 4, 2, 2, 1, 2, 2, 1, 2, 2, 2, 2, 2, 2, 1, 1, 2, 2, 2, 2, 2, 2, 2, 2, 2, 1, 2, 2, 2, 2, 2, 1, 2, 4 ),
 ( 0.000000000000000000, 0.1192684984051577968, 0.2385369968103155935, 0.2459912779606376054, 0.2497184185357985975, 0.2515819888233796209, 0.2534455591109606720, 0.2683541214116110241, 0.2981712460129118392, 0.3578054952155146351, 0.3727140575161650982, 0.3745776278037468709, 0.3764411980913286437, 0.3801683386664922448, 0.3876226198168198356, 0.4174397444181331962, 0.4770739936207600285, 0.5068911182220741107, 0.5367082428233882485, 0.5963424920260176343, 0.7156109904312775161, 0.7454281150325927641, 0.7491552556077568648, 0.7528823961829208544, 0.7603366773332482786, 0.7752452396339049034, 0.8348794888365290712, 0.8646966134378409885, 0.8721508945881687458, 0.8758780351633327355, 0.8796051757384966141, 0.8945137380391514625, 0.9541479872417710784 ),
 .UNSPECIFIED. ) ;
#995 = CARTESIAN_POINT ( 'NONE',  ( -5.019999999999869900, 9.127044126251231404, 18.30000000000000071 ) ) ;
#996 =( LENGTH_UNIT ( ) NAMED_UNIT ( * ) SI_UNIT ( .MILLI., .METRE. ) );
#997 = CARTESIAN_POINT ( 'NONE',  ( -5.908170555001680313, 9.017153816355447660, 19.43626253844665186 ) ) ;
#998 = ORIENTED_EDGE ( 'NONE', *, *, #4352, .T. ) ;
#999 = PLANE ( 'NONE',  #1848 ) ;
#1000 = DIRECTION ( 'NONE',  ( 0.000000000000000000, 0.000000000000000000, 1.000000000000000000 ) ) ;
#1001 = CARTESIAN_POINT ( 'NONE',  ( 5.042779238536679642, 8.788634851161788220, -20.24185474655894978 ) ) ;
#1002 = DIRECTION ( 'NONE',  ( 0.000000000000000000, 1.000000000000000000, 0.000000000000000000 ) ) ;
#1003 = CARTESIAN_POINT ( 'NONE',  ( 7.661473498696770079, 7.997174885754878559, -16.07158309844608368 ) ) ;
#1004 = FILL_AREA_STYLE_COLOUR ( '', #4225 ) ;
#1005 = ORIENTED_EDGE ( 'NONE', *, *, #606, .F. ) ;
#1006 = CARTESIAN_POINT ( 'NONE',  ( 7.520259272042508769, 8.704502710121170495, -19.98108311640913470 ) ) ;
#1007 = MECHANICAL_DESIGN_GEOMETRIC_PRESENTATION_REPRESENTATION (  '', ( #3517 ), #279 ) ;
#1008 = APPLICATION_PROTOCOL_DEFINITION ( 'draft international standard', 'automotive_design', 1998, #4039 ) ;
#1009 = CARTESIAN_POINT ( 'NONE',  ( 3.752395653405850684, 8.001138595824443200, -19.72893968658592811 ) ) ;
#1010 = CARTESIAN_POINT ( 'NONE',  ( -6.003190208798860006, 8.005688201751398836, 15.32820375635094834 ) ) ;
#1011 = VECTOR ( 'NONE', #608, 1000.000000000000114 ) ;
#1012 = CARTESIAN_POINT ( 'NONE',  ( 7.120198926272644613, 8.878320352990344944, -16.56977378485536789 ) ) ;
#1013 = PRESENTATION_LAYER_ASSIGNMENT (  '', '', ( #417 ) ) ;
#1014 = CARTESIAN_POINT ( 'NONE',  ( -3.115712258708330129, 8.002726976544549231, 17.92910553634724735 ) ) ;
#1015 = AXIS2_PLACEMENT_3D ( 'NONE', #1888, #1616, #2676 ) ;
#1016 = EDGE_CURVE ( 'NONE', #1450, #1701, #2490, .T. ) ;
#1017 = VECTOR ( 'NONE', #167, 1000.000000000000114 ) ;
#1018 = MECHANICAL_DESIGN_GEOMETRIC_PRESENTATION_REPRESENTATION (  '', ( #2422 ), #2563 ) ;
#1019 = VECTOR ( 'NONE', #4014, 1000.000000000000000 ) ;
#1020 = CYLINDRICAL_SURFACE ( 'NONE', #2388, 2.749999999999999112 ) ;
#1021 =( NAMED_UNIT ( * ) PLANE_ANGLE_UNIT ( ) SI_UNIT ( $, .RADIAN. ) );
#1022 = CARTESIAN_POINT ( 'NONE',  ( -8.071671243412049890, 8.701760645613100920, 16.61811344749779806 ) ) ;
#1023 = EDGE_CURVE ( 'NONE', #3848, #3173, #2060, .T. ) ;
#1024 = FILL_AREA_STYLE_COLOUR ( '', #4282 ) ;
#1025 = CARTESIAN_POINT ( 'NONE',  ( 5.500000000000190070, 8.881071736852350185, -16.09240521278709934 ) ) ;
#1026 = CARTESIAN_POINT ( 'NONE',  ( -7.638971105730020028, 8.532553369087510831, 20.74171646962724935 ) ) ;
#1027 = ORIENTED_EDGE ( 'NONE', *, *, #3966, .F. ) ;
#1028 = FACE_OUTER_BOUND ( 'NONE', #1290, .T. ) ;
#1029 =( LENGTH_UNIT ( ) NAMED_UNIT ( * ) SI_UNIT ( .MILLI., .METRE. ) );
#1030 = B_SPLINE_CURVE_WITH_KNOTS ( 'NONE', 3,
 ( #3637, #3353, #1245, #2280 ),
 .UNSPECIFIED., .F., .F.,
 ( 4, 4 ),
 ( 0.004527170988462409645, 0.004532772790414659955 ),
 .UNSPECIFIED. ) ;
#1031 = DIRECTION ( 'NONE',  ( 0.000000000000000000, 1.000000000000000000, 0.000000000000000000 ) ) ;
#1032 = CARTESIAN_POINT ( 'NONE',  ( 7.500000000000000000, 0.000000000000000000, 24.00000000000000000 ) ) ;
#1033 = CARTESIAN_POINT ( 'NONE',  ( 8.300000000000000711, 0.000000000000000000, -15.90000000000000036 ) ) ;
#1034 = ORIENTED_EDGE ( 'NONE', *, *, #479, .T. ) ;
#1035 = CARTESIAN_POINT ( 'NONE',  ( 7.365291603224249251, 8.702550866010417607, -15.89425448938289342 ) ) ;
#1036 = MECHANICAL_DESIGN_GEOMETRIC_PRESENTATION_REPRESENTATION (  '', ( #1839 ), #4106 ) ;
#1037 = APPLICATION_PROTOCOL_DEFINITION ( 'draft international standard', 'automotive_design', 1998, #47 ) ;
#1038 = CARTESIAN_POINT ( 'NONE',  ( -7.500000000000000000, -5.854912467321780944, 20.89999999999999858 ) ) ;
#1039 =( NAMED_UNIT ( * ) PLANE_ANGLE_UNIT ( ) SI_UNIT ( $, .RADIAN. ) );
#1040 = CARTESIAN_POINT ( 'NONE',  ( 7.732573986180030445, 8.883729825117939072, -17.77129722987180571 ) ) ;
#1041 = PRESENTATION_STYLE_ASSIGNMENT (( #4110 ) ) ;
#1042 = COLOUR_RGB ( '',0.7529411764705882248, 0.7529411764705882248, 0.7529411764705882248 ) ;
#1043 = CARTESIAN_POINT ( 'NONE',  ( -7.500000000000000000, -5.854912467321780944, 15.10000000000000142 ) ) ;
#1044 = CARTESIAN_POINT ( 'NONE',  ( -8.300000000000000711, 6.500000000000000000, 15.90000000000000036 ) ) ;
#1045 = CARTESIAN_POINT ( 'NONE',  ( -3.095628601972550520, 8.596309966008519154, 16.61811344749784780 ) ) ;
#1046 = ORIENTED_EDGE ( 'NONE', *, *, #925, .F. ) ;
#1047 = PRESENTATION_STYLE_ASSIGNMENT (( #3122 ) ) ;
#1048 = CARTESIAN_POINT ( 'NONE',  ( 5.200000000000000178, 9.151281936519499283, -18.30000000000000071 ) ) ;
#1049 = CARTESIAN_POINT ( 'NONE',  ( -6.557220761524800601, 9.125160222824069578, 18.78353557285635134 ) ) ;
#1050 = ORIENTED_EDGE ( 'NONE', *, *, #2259, .F. ) ;
#1051 =( NAMED_UNIT ( * ) PLANE_ANGLE_UNIT ( ) SI_UNIT ( $, .RADIAN. ) );
#1052 =( NAMED_UNIT ( * ) SI_UNIT ( $, .STERADIAN. ) SOLID_ANGLE_UNIT ( ) );
#1053 = EDGE_CURVE ( 'NONE', #2975, #4024, #62, .T. ) ;
#1054 = CARTESIAN_POINT ( 'NONE',  ( -4.299999999999999822, 10.00000000000000000, 18.30000000000000071 ) ) ;
#1055 = CARTESIAN_POINT ( 'NONE',  ( -6.100000000000000533, 9.148469107761261654, 18.59999999999999787 ) ) ;
#1056 = LINE ( 'NONE', #3559, #2841 ) ;
#1057 = ORIENTED_EDGE ( 'NONE', *, *, #2227, .F. ) ;
#1058 = CARTESIAN_POINT ( 'NONE',  ( 3.283387200717034826, 8.000124006633521745, -17.06266218187465000 ) ) ;
#1059 = COLOUR_RGB ( '',0.7529411764705882248, 0.7529411764705882248, 0.7529411764705882248 ) ;
#1060 = CARTESIAN_POINT ( 'NONE',  ( -7.500000000000000000, 6.500000000000000000, 20.89999999999999858 ) ) ;
#1061 = COLOUR_RGB ( '',0.7529411764705882248, 0.7529411764705882248, 0.7529411764705882248 ) ;
#1062 =( LENGTH_UNIT ( ) NAMED_UNIT ( * ) SI_UNIT ( .MILLI., .METRE. ) );
#1063 = CARTESIAN_POINT ( 'NONE',  ( 5.200000000000000178, 8.000000000000000000, -18.30000000000000071 ) ) ;
#1064 = COLOUR_RGB ( '',0.7529411764705882248, 0.7529411764705882248, 0.7529411764705882248 ) ;
#1065 =( GEOMETRIC_REPRESENTATION_CONTEXT ( 3 ) GLOBAL_UNCERTAINTY_ASSIGNED_CONTEXT ( ( #3151 ) ) GLOBAL_UNIT_ASSIGNED_CONTEXT ( ( #3616, #1819, #1447 ) ) REPRESENTATION_CONTEXT ( 'NONE', 'WORKASPACE' ) );
#1066 = CARTESIAN_POINT ( 'NONE',  ( 7.500000000000000000, 6.500000000000000000, -24.00000000000000000 ) ) ;
#1067 = CARTESIAN_POINT ( 'NONE',  ( -8.504371381094140148, 8.662542298124169093, 17.26567319978349957 ) ) ;
#1068 = ORIENTED_EDGE ( 'NONE', *, *, #2507, .T. ) ;
#1069 = DIRECTION ( 'NONE',  ( 0.000000000000000000, 0.000000000000000000, -1.000000000000000000 ) ) ;
#1070 = CARTESIAN_POINT ( 'NONE',  ( -7.206270968047930658, 8.689517064796319801, 20.30656515923370264 ) ) ;
#1071 = VERTEX_POINT ( 'NONE', #1458 ) ;
#1072 = DIRECTION ( 'NONE',  ( -1.000000000000000000, 0.000000000000000000, 0.000000000000000000 ) ) ;
#1073 = EDGE_CURVE ( 'NONE', #4279, #4359, #3032, .T. ) ;
#1074 = UNCERTAINTY_MEASURE_WITH_UNIT (LENGTH_MEASURE( 1.000000000000000082E-05 ), #3806, 'distance_accuracy_value', 'NONE');
#1075 = LINE ( 'NONE', #291, #3575 ) ;
#1076 = CARTESIAN_POINT ( 'NONE',  ( 6.243290595107707119, 9.167148349213517733, -18.33240394382285032 ) ) ;
#1077 = ORIENTED_EDGE ( 'NONE', *, *, #2063, .T. ) ;
#1078 = CARTESIAN_POINT ( 'NONE',  ( 5.133060620321546530, 8.705164096490337400, -15.46251984854418104 ) ) ;
#1079 = EDGE_CURVE ( 'NONE', #4024, #2474, #923, .T. ) ;
#1080 = PLANE ( 'NONE',  #1147 ) ;
#1081 = PRESENTATION_STYLE_ASSIGNMENT (( #359 ) ) ;
#1082 =( NAMED_UNIT ( * ) SI_UNIT ( $, .STERADIAN. ) SOLID_ANGLE_UNIT ( ) );
#1083 = CARTESIAN_POINT ( 'NONE',  ( -7.500000000000000000, 6.500000000000000000, 20.89999999999999858 ) ) ;
#1084 = COLOUR_RGB ( '',0.7529411764705882248, 0.7529411764705882248, 0.7529411764705882248 ) ;
#1085 = STYLED_ITEM ( 'NONE', ( #526 ), #2897 ) ;
#1086 = VECTOR ( 'NONE', #400, 1000.000000000000000 ) ;
#1087 = FILL_AREA_STYLE_COLOUR ( '', #3048 ) ;
#1088 = CARTESIAN_POINT ( 'NONE',  ( -8.504371381094170346, 8.472156873080871620, 20.30656515923370264 ) ) ;
#1089 = ORIENTED_EDGE ( 'NONE', *, *, #3272, .T. ) ;
#1090 = LINE ( 'NONE', #2132, #1810 ) ;
#1091 = ORIENTED_EDGE ( 'NONE', *, *, #1981, .T. ) ;
#1092 = PRESENTATION_STYLE_ASSIGNMENT (( #2839 ) ) ;
#1093 = DIRECTION ( 'NONE',  ( 0.000000000000000000, 0.000000000000000000, -1.000000000000000000 ) ) ;
#1094 = VERTEX_POINT ( 'NONE', #1055 ) ;
#1095 = EDGE_CURVE ( 'NONE', #2301, #767, #2785, .T. ) ;
#1096 = VERTEX_POINT ( 'NONE', #3837 ) ;
#1097 = CARTESIAN_POINT ( 'NONE',  ( 4.644530253221510030, 8.878510136654108820, -16.44614836531039970 ) ) ;
#1098 = FILL_AREA_STYLE ('',( #1790 ) ) ;
#1099 = CARTESIAN_POINT ( 'NONE',  ( -5.200000000000000178, 9.149407376341738285, 18.30000000000000071 ) ) ;
#1100 = EDGE_CURVE ( 'NONE', #3173, #2503, #2658, .T. ) ;
#1101 = LINE ( 'NONE', #383, #3782 ) ;
#1102 = CARTESIAN_POINT ( 'NONE',  ( -7.638971105730010258, 8.788473963381889575, 19.43626253844660212 ) ) ;
#1103 = VERTEX_POINT ( 'NONE', #2950 ) ;
#1104 = AXIS2_PLACEMENT_3D ( 'NONE', #4184, #700, #3825 ) ;
#1105 = UNCERTAINTY_MEASURE_WITH_UNIT (LENGTH_MEASURE( 1.000000000000000082E-05 ), #2596, 'distance_accuracy_value', 'NONE');
#1106 = FACE_OUTER_BOUND ( 'NONE', #681, .T. ) ;
#1107 = CARTESIAN_POINT ( 'NONE',  ( -8.300000000000000711, 6.500000000000000000, 16.85435607626105181 ) ) ;
#1108 = ORIENTED_EDGE ( 'NONE', *, *, #4498, .F. ) ;
#1109 = PLANE ( 'NONE',  #2665 ) ;
#1110 =( NAMED_UNIT ( * ) PLANE_ANGLE_UNIT ( ) SI_UNIT ( $, .RADIAN. ) );
#1111 = AXIS2_PLACEMENT_3D ( 'NONE', #202, #567, #3646 ) ;
#1112 = CARTESIAN_POINT ( 'NONE',  ( 6.100000000000000533, 8.946897084910439446, -16.35392418127579717 ) ) ;
#1113 = CARTESIAN_POINT ( 'NONE',  ( 3.095628618905140073, 8.679180657435340507, -17.86919139267095247 ) ) ;
#1114 = ORIENTED_EDGE ( 'NONE', *, *, #4472, .T. ) ;
#1115 = ORIENTED_EDGE ( 'NONE', *, *, #3798, .T. ) ;
#1116 = CARTESIAN_POINT ( 'NONE',  ( 3.908697022758865103, 8.883760448857488612, -18.41962144437564675 ) ) ;
#1117 = PRESENTATION_STYLE_ASSIGNMENT (( #4289 ) ) ;
#1118 = PRESENTATION_STYLE_ASSIGNMENT (( #3585 ) ) ;
#1119 = CARTESIAN_POINT ( 'NONE',  ( -7.638971105729950750, 8.538624804138999380, 15.32816115623094966 ) ) ;
#1120 = CARTESIAN_POINT ( 'NONE',  ( 8.300000000000000711, 6.500000000000000000, -20.10000000000000142 ) ) ;
#1121 =( GEOMETRIC_REPRESENTATION_CONTEXT ( 3 ) GLOBAL_UNCERTAINTY_ASSIGNED_CONTEXT ( ( #1801 ) ) GLOBAL_UNIT_ASSIGNED_CONTEXT ( ( #3937, #1110, #418 ) ) REPRESENTATION_CONTEXT ( 'NONE', 'WORKASPACE' ) );
#1122 = EDGE_CURVE ( 'NONE', #3624, #3981, #3964, .T. ) ;
#1123 = CARTESIAN_POINT ( 'NONE',  ( 5.500000000000000000, 8.000000000000000000, -15.25000000000000000 ) ) ;
#1124 = AXIS2_PLACEMENT_3D ( 'NONE', #513, #3733, #2045 ) ;
#1125 = CARTESIAN_POINT ( 'NONE',  ( 5.799999999999999822, 7.200000000000000178, -18.00000000000000000 ) ) ;
#1126 = AXIS2_PLACEMENT_3D ( 'NONE', #2612, #1641, #484 ) ;
#1127 = DIRECTION ( 'NONE',  ( 0.000000000000000000, 0.000000000000000000, 1.000000000000000000 ) ) ;
#1128 = CARTESIAN_POINT ( 'NONE',  ( -7.781659955493505088, 7.997003052321878691, 19.81260304991864274 ) ) ;
#1129 = CARTESIAN_POINT ( 'NONE',  ( -6.321283454068309382, 9.161097554688231170, 17.69999999999999218 ) ) ;
#1130 = EDGE_LOOP ( 'NONE', ( #3228, #2953, #107, #1077, #3816, #3571, #4229, #2439 ) ) ;
#1131 = PRESENTATION_STYLE_ASSIGNMENT (( #18 ) ) ;
#1132 = FILL_AREA_STYLE ('',( #2157 ) ) ;
#1133 = FILL_AREA_STYLE_COLOUR ( '', #197 ) ;
#1134 = CARTESIAN_POINT ( 'NONE',  ( 3.961028894296935388, 8.893327385855318568, -18.73432680013224783 ) ) ;
#1135 = ORIENTED_EDGE ( 'NONE', *, *, #2259, .T. ) ;
#1136 = CARTESIAN_POINT ( 'NONE',  ( 5.631500063767384212, 8.706188500809128428, -15.38177434412623512 ) ) ;
#1137 = CARTESIAN_POINT ( 'NONE',  ( 5.500000000000000000, 8.953319473181689858, -19.64895408014714917 ) ) ;
#1138 = PRESENTATION_STYLE_ASSIGNMENT (( #2854 ) ) ;
#1139 = PRESENTATION_LAYER_ASSIGNMENT (  '', '', ( #4447 ) ) ;
#1140 = CARTESIAN_POINT ( 'NONE',  ( -3.987032457094945137, 8.881460035152210608, 18.68128493215809982 ) ) ;
#1141 = COLOUR_RGB ( '',0.7529411764705882248, 0.7529411764705882248, 0.7529411764705882248 ) ;
#1142 = DIRECTION ( 'NONE',  ( 1.000000000000000000, 0.000000000000000000, 0.000000000000000000 ) ) ;
#1143 = CARTESIAN_POINT ( 'NONE',  ( -5.500000000000000000, 9.067108353001840371, 19.12303790936424974 ) ) ;
#1144 = CARTESIAN_POINT ( 'NONE',  ( -3.095628601972590488, 8.591597150120678705, 19.43626253844670160 ) ) ;
#1145 = ORIENTED_EDGE ( 'NONE', *, *, #4405, .F. ) ;
#1146 = ADVANCED_FACE ( 'NONE', ( #2973 ), #491, .T. ) ;
#1147 = AXIS2_PLACEMENT_3D ( 'NONE', #2487, #3885, #734 ) ;
#1148 = COLOUR_RGB ( '',0.7529411764705882248, 0.7529411764705882248, 0.7529411764705882248 ) ;
#1149 = UNCERTAINTY_MEASURE_WITH_UNIT (LENGTH_MEASURE( 1.000000000000000082E-05 ), #4483, 'distance_accuracy_value', 'NONE');
#1150 = DIRECTION ( 'NONE',  ( -1.000000000000000000, 0.000000000000000000, 0.000000000000000000 ) ) ;
#1151 =( NAMED_UNIT ( * ) SI_UNIT ( $, .STERADIAN. ) SOLID_ANGLE_UNIT ( ) );
#1152 = DIRECTION ( 'NONE',  ( -1.000000000000000000, 0.000000000000000000, 0.000000000000000000 ) ) ;
#1153 = VERTEX_POINT ( 'NONE', #83 ) ;
#1154 = COLOUR_RGB ( '',0.7529411764705882248, 0.7529411764705882248, 0.7529411764705882248 ) ;
#1155 = CARTESIAN_POINT ( 'NONE',  ( -6.100000000000000533, 9.152261391118649669, 17.39999999999999858 ) ) ;
#1156 = MECHANICAL_DESIGN_GEOMETRIC_PRESENTATION_REPRESENTATION (  '', ( #4381 ), #1379 ) ;
#1157 = ADVANCED_FACE ( 'NONE', ( #2221 ), #177, .T. ) ;
#1158 = SURFACE_STYLE_USAGE ( .BOTH. , #3642 ) ;
#1159 = PRESENTATION_STYLE_ASSIGNMENT (( #4367 ) ) ;
#1160 = CARTESIAN_POINT ( 'NONE',  ( 5.691829445080569094, 9.214388716262529755, -18.08676704786245182 ) ) ;
#1161 = ORIENTED_EDGE ( 'NONE', *, *, #3132, .F. ) ;
#1162 = SURFACE_SIDE_STYLE ('',( #4331 ) ) ;
#1163 = CARTESIAN_POINT ( 'NONE',  ( 4.201569077368175087, 8.881928417291071298, -19.09738769764529920 ) ) ;
#1164 = CARTESIAN_POINT ( 'NONE',  ( 5.057699587979840317, 8.884269224948864618, -19.80204537198052961 ) ) ;
#1165 = CARTESIAN_POINT ( 'NONE',  ( -3.528326951273764944, 8.801120240946399775, 17.91323295206930055 ) ) ;
#1166 = DIRECTION ( 'NONE',  ( 0.000000000000000000, 1.000000000000000000, 0.000000000000000000 ) ) ;
#1167 = CARTESIAN_POINT ( 'NONE',  ( 5.799999999999999822, 6.500000000000000000, -18.00000000000000000 ) ) ;
#1168 = CARTESIAN_POINT ( 'NONE',  ( -4.513055932430579453, 8.703099136859702156, 20.28644556363373397 ) ) ;
#1169 = CARTESIAN_POINT ( 'NONE',  ( -7.500000000000000000, 0.000000000000000000, 24.00000000000000000 ) ) ;
#1170 = CARTESIAN_POINT ( 'NONE',  ( -8.071671243412099628, 8.472298573035208946, 20.74171646962724935 ) ) ;
#1171 = ORIENTED_EDGE ( 'NONE', *, *, #683, .T. ) ;
#1172 = CARTESIAN_POINT ( 'NONE',  ( 5.042779238536740039, 8.987441454322629752, -16.56373746152235071 ) ) ;
#1173 =( LENGTH_UNIT ( ) NAMED_UNIT ( * ) SI_UNIT ( .MILLI., .METRE. ) );
#1174 = ORIENTED_EDGE ( 'NONE', *, *, #1867, .F. ) ;
#1175 = PRESENTATION_LAYER_ASSIGNMENT (  '', '', ( #232 ) ) ;
#1176 = CARTESIAN_POINT ( 'NONE',  ( 6.100000000000000533, 8.000000000000000000, -15.25000000000000000 ) ) ;
#1177 = CARTESIAN_POINT ( 'NONE',  ( 7.638974699569459403, 8.719266868596369235, -19.81187064948059984 ) ) ;
#1178 = ADVANCED_FACE ( 'NONE', ( #3983 ), #1833, .F. ) ;
#1179 = ORIENTED_EDGE ( 'NONE', *, *, #3330, .T. ) ;
#1180 = CARTESIAN_POINT ( 'NONE',  ( 3.585371287305009869, 8.001152055090839710, -19.51887486017430362 ) ) ;
#1181 =( NAMED_UNIT ( * ) SI_UNIT ( $, .STERADIAN. ) SOLID_ANGLE_UNIT ( ) );
#1182 = CARTESIAN_POINT ( 'NONE',  ( 8.343532768417839307, 8.002170853152851038, -18.84374470873166629 ) ) ;
#1183 = CARTESIAN_POINT ( 'NONE',  ( -7.638971105729980060, 8.893327385827140219, 17.26567319978349957 ) ) ;
#1184 = FACE_OUTER_BOUND ( 'NONE', #29, .T. ) ;
#1185 = CARTESIAN_POINT ( 'NONE',  ( -6.050234352894009682, 8.881216607325979950, 19.91866541543380009 ) ) ;
#1186 = DIRECTION ( 'NONE',  ( 0.000000000000000000, 0.000000000000000000, 1.000000000000000000 ) ) ;
#1187 = CARTESIAN_POINT ( 'NONE',  ( -3.907023077071295258, 8.883670595487602739, 17.54406407764961884 ) ) ;
#1188 = ORIENTED_EDGE ( 'NONE', *, *, #786, .T. ) ;
#1189 = MECHANICAL_DESIGN_GEOMETRIC_PRESENTATION_REPRESENTATION (  '', ( #4429 ), #3384 ) ;
#1190 = AXIS2_PLACEMENT_3D ( 'NONE', #176, #1292, #2312 ) ;
#1191 = CARTESIAN_POINT ( 'NONE',  ( 3.961028894296950043, 8.916610175512500902, -18.08676704786240208 ) ) ;
#1192 = B_SPLINE_CURVE_WITH_KNOTS ( 'NONE', 3,
 ( #2861, #1454, #3570, #3287, #3935, #1898 ),
 .UNSPECIFIED., .F., .F.,
 ( 4, 2, 4 ),
 ( 0.000000000000000000, 0.0006155230487371569784, 0.001231046097474313957 ),
 .UNSPECIFIED. ) ;
#1193 = FACE_OUTER_BOUND ( 'NONE', #2801, .T. ) ;
#1194 = CARTESIAN_POINT ( 'NONE',  ( -7.325059723232338449, 8.002007379254909125, 15.79576774070271306 ) ) ;
#1195 = CARTESIAN_POINT ( 'NONE',  ( -3.961025300574934516, 8.719266868604030662, 16.18812935040890011 ) ) ;
#1196 = VERTEX_POINT ( 'NONE', #1992 ) ;
#1197 = DIRECTION ( 'NONE',  ( 0.000000000000000000, 1.000000000000000000, 0.000000000000000000 ) ) ;
#1198 = STYLED_ITEM ( 'NONE', ( #2876 ), #2715 ) ;
#1199 = FILL_AREA_STYLE_COLOUR ( '', #3625 ) ;
#1200 = CARTESIAN_POINT ( 'NONE',  ( 6.557227932091500122, 9.168720886514929447, -17.86919139267099865 ) ) ;
#1201 = ORIENTED_EDGE ( 'NONE', *, *, #3336, .T. ) ;
#1202 = CARTESIAN_POINT ( 'NONE',  ( -5.500000000000000000, 9.152261388883589532, 17.39999999999999858 ) ) ;
#1203 =( NAMED_UNIT ( * ) PLANE_ANGLE_UNIT ( ) SI_UNIT ( $, .RADIAN. ) );
#1204 = EDGE_CURVE ( 'NONE', #4127, #1094, #1830, .T. ) ;
#1205 = LINE ( 'NONE', #1506, #2188 ) ;
#1206 = CARTESIAN_POINT ( 'NONE',  ( 4.180296119093356744, 8.879278473743003275, -16.92021317945769354 ) ) ;
#1207 = DIRECTION ( 'NONE',  ( 0.000000000000000000, 1.000000000000000000, 0.000000000000000000 ) ) ;
#1208 = CARTESIAN_POINT ( 'NONE',  ( -4.393723649876130288, 8.803373900958128218, 16.18812935040885037 ) ) ;
#1209 =( NAMED_UNIT ( * ) SI_UNIT ( $, .STERADIAN. ) SOLID_ANGLE_UNIT ( ) );
#1210 = B_SPLINE_CURVE_WITH_KNOTS ( 'NONE', 3,
 ( #4365, #3641, #1250, #103, #1499, #4301 ),
 .UNSPECIFIED., .F., .F.,
 ( 4, 2, 4 ),
 ( 0.000000000000000000, 0.5000000000000000000, 1.000000000000000000 ),
 .UNSPECIFIED. ) ;
#1211 = EDGE_CURVE ( 'NONE', #2530, #1385, #2730, .T. ) ;
#1212 = CARTESIAN_POINT ( 'NONE',  ( -7.535383682547119655, 7.996972906922120927, 20.04988656505420153 ) ) ;
#1213 = CARTESIAN_POINT ( 'NONE',  ( 4.299999999999999822, 10.00000000000000000, -17.69999999999999929 ) ) ;
#1214 = CARTESIAN_POINT ( 'NONE',  ( -4.479801073719516857, 8.878320352998548159, 19.43022621513841486 ) ) ;
#1215 = ORIENTED_EDGE ( 'NONE', *, *, #869, .F. ) ;
#1216 = CARTESIAN_POINT ( 'NONE',  ( 5.691829445080609950, 8.903613804728740533, -16.12858615113950123 ) ) ;
#1217 = DIRECTION ( 'NONE',  ( -1.495451272393800035E-16, 0.000000000000000000, -1.000000000000000000 ) ) ;
#1218 = CARTESIAN_POINT ( 'NONE',  ( -6.269396271575332413, 8.005241111356385275, 15.35647345769589300 ) ) ;
#1219 = CARTESIAN_POINT ( 'NONE',  ( -6.100000000000001421, 8.830269160012123919, 20.10938437088180919 ) ) ;
#1220 = ORIENTED_EDGE ( 'NONE', *, *, #3856, .F. ) ;
#1221 = SURFACE_STYLE_USAGE ( .BOTH. , #3289 ) ;
#1222 = UNCERTAINTY_MEASURE_WITH_UNIT (LENGTH_MEASURE( 1.000000000000000082E-05 ), #28, 'distance_accuracy_value', 'NONE');
#1223 = MECHANICAL_DESIGN_GEOMETRIC_PRESENTATION_REPRESENTATION (  '', ( #3946 ), #130 ) ;
#1224 = CARTESIAN_POINT ( 'NONE',  ( -5.500000000000000000, 10.00000000000000000, 18.30000000000000071 ) ) ;
#1225 = CARTESIAN_POINT ( 'NONE',  ( 4.299999999999999822, 10.00000000000000000, -17.69999999999999929 ) ) ;
#1226 = CARTESIAN_POINT ( 'NONE',  ( 7.206276350254479546, 8.993199035820250486, -17.21646442709670310 ) ) ;
#1227 = ORIENTED_EDGE ( 'NONE', *, *, #542, .F. ) ;
#1228 = VECTOR ( 'NONE', #2, 1000.000000000000000 ) ;
#1229 = CARTESIAN_POINT ( 'NONE',  ( 4.437185765550715644, 8.881917576276171289, -19.37945989109990208 ) ) ;
#1230 = UNCERTAINTY_MEASURE_WITH_UNIT (LENGTH_MEASURE( 1.000000000000000082E-05 ), #911, 'distance_accuracy_value', 'NONE');
#1231 = COLOUR_RGB ( '',0.7529411764705882248, 0.7529411764705882248, 0.7529411764705882248 ) ;
#1232 = AXIS2_PLACEMENT_3D ( 'NONE', #693, #2535, #2144 ) ;
#1233 = EDGE_CURVE ( 'NONE', #191, #2615, #3405, .T. ) ;
#1234 = CARTESIAN_POINT ( 'NONE',  ( -4.031129038179437352, 8.002379932307961852, 15.96125245800874026 ) ) ;
#1235 = CARTESIAN_POINT ( 'NONE',  ( 7.308632211632544617, 8.003208457825911282, -20.23808388752935983 ) ) ;
#1236 = SURFACE_SIDE_STYLE ('',( #1259 ) ) ;
#1237 = FACE_OUTER_BOUND ( 'NONE', #366, .T. ) ;
#1238 = CARTESIAN_POINT ( 'NONE',  ( -5.356709404804211871, 9.167148349212331127, 17.66759605623798990 ) ) ;
#1239 = PLANE ( 'NONE',  #1015 ) ;
#1240 = CARTESIAN_POINT ( 'NONE',  ( -7.051197508802950153, 8.878437556991650936, 19.47809607024520062 ) ) ;
#1241 = EDGE_CURVE ( 'NONE', #3086, #41, #3386, .T. ) ;
#1242 = CARTESIAN_POINT ( 'NONE',  ( -7.500000000000000000, 6.500000000000000000, -24.00000000000000000 ) ) ;
#1243 = VERTEX_POINT ( 'NONE', #948 ) ;
#1244 = CARTESIAN_POINT ( 'NONE',  ( 7.638974699569499371, 8.885914386945358956, -17.21646442709670310 ) ) ;
#1245 = CARTESIAN_POINT ( 'NONE',  ( -5.500000000000000000, 8.001860072164079796, 15.33699861548485011 ) ) ;
#1246 = CARTESIAN_POINT ( 'NONE',  ( -6.814864292946507085, 8.003692978490901666, 15.50404766286705005 ) ) ;
#1247 = CARTESIAN_POINT ( 'NONE',  ( -4.393723649876114301, 8.599489451257559480, 15.32816115623094966 ) ) ;
#1248 =( GEOMETRIC_REPRESENTATION_CONTEXT ( 3 ) GLOBAL_UNCERTAINTY_ASSIGNED_CONTEXT ( ( #2979 ) ) GLOBAL_UNIT_ASSIGNED_CONTEXT ( ( #3456, #3077, #4488 ) ) REPRESENTATION_CONTEXT ( 'NONE', 'WORKASPACE' ) );
#1249 = VERTEX_POINT ( 'NONE', #588 ) ;
#1250 = CARTESIAN_POINT ( 'NONE',  ( -6.132282315127217664, 9.164641514347238171, 18.44351753125718218 ) ) ;
#1251 = LINE ( 'NONE', #3759, #181 ) ;
#1252 = CARTESIAN_POINT ( 'NONE',  ( 7.500000000000000000, 6.500000000000000000, 24.00000000000000000 ) ) ;
#1253 = CARTESIAN_POINT ( 'NONE',  ( 5.691829445080600181, 9.017153816339138928, -16.56373746152240045 ) ) ;
#1254 = ORIENTED_EDGE ( 'NONE', *, *, #2819, .F. ) ;
#1255 = CARTESIAN_POINT ( 'NONE',  ( -7.120000000011719621, 9.024191781517659550, 18.30000000000000071 ) ) ;
#1256 = AXIS2_PLACEMENT_3D ( 'NONE', #3548, #1798, #3239 ) ;
#1257 = CARTESIAN_POINT ( 'NONE',  ( -4.789033882462628178, 7.998064098827952328, 20.48224899973981650 ) ) ;
#1258 = CARTESIAN_POINT ( 'NONE',  ( 8.456067437603019599, 8.002062103388681180, -17.63489213432871594 ) ) ;
#1259 = SURFACE_STYLE_FILL_AREA ( #1698 ) ;
#1260 = CARTESIAN_POINT ( 'NONE',  ( -4.299999999999999822, 8.983875253289349772, 17.69999999999999929 ) ) ;
#1261 =( NAMED_UNIT ( * ) PLANE_ANGLE_UNIT ( ) SI_UNIT ( $, .RADIAN. ) );
#1262 = CARTESIAN_POINT ( 'NONE',  ( -8.310558951793314719, 8.705966876605263138, 18.76175263270015137 ) ) ;
#1263 =( NAMED_UNIT ( * ) SI_UNIT ( $, .STERADIAN. ) SOLID_ANGLE_UNIT ( ) );
#1264 = CARTESIAN_POINT ( 'NONE',  ( 7.500000000000000000, -5.854912467321780944, -20.89999999999999858 ) ) ;
#1265 = EDGE_CURVE ( 'NONE', #2900, #2530, #1694, .T. ) ;
#1266 = ADVANCED_FACE ( 'NONE', ( #3760 ), #2046, .F. ) ;
#1267 = CARTESIAN_POINT ( 'NONE',  ( 5.908179513928540239, 9.162702056682320517, -17.21646442709670310 ) ) ;
#1268 = CARTESIAN_POINT ( 'NONE',  ( -7.719678655930874989, 8.000968599896614464, 16.12239485339757650 ) ) ;
#1269 = CARTESIAN_POINT ( 'NONE',  ( -7.638971105729950750, 8.538624804138999380, 15.32816115623094966 ) ) ;
#1270 = ORIENTED_EDGE ( 'NONE', *, *, #3191, .T. ) ;
#1271 = FACE_OUTER_BOUND ( 'NONE', #3592, .T. ) ;
#1272 = LINE ( 'NONE', #2336, #4400 ) ;
#1273 = CARTESIAN_POINT ( 'NONE',  ( 6.557227932091540090, 8.652163629354610919, -15.25828353037374896 ) ) ;
#1274 = EDGE_LOOP ( 'NONE', ( #4300, #2161, #3891, #1809, #3883, #789, #998, #2786 ) ) ;
#1275 = COLOUR_RGB ( '',0.7529411764705882248, 0.7529411764705882248, 0.7529411764705882248 ) ;
#1276 = DIRECTION ( 'NONE',  ( 1.000000000000000000, 0.000000000000000000, 0.000000000000000000 ) ) ;
#1277 = CARTESIAN_POINT ( 'NONE',  ( 6.557227932091470812, 9.007499219512519417, -19.38188655240215397 ) ) ;
#1278 = VECTOR ( 'NONE', #3211, 1000.000000000000000 ) ;
#1279 = LINE ( 'NONE', #621, #345 ) ;
#1280 = CARTESIAN_POINT ( 'NONE',  ( 8.386954410414084293, 8.707116185819097964, -17.56376397353349361 ) ) ;
#1281 = CARTESIAN_POINT ( 'NONE',  ( 3.157745588146283477, 8.001697464267405024, -17.54469776403418280 ) ) ;
#1282 = CARTESIAN_POINT ( 'NONE',  ( -7.643272253244751013, 8.704365185842329211, 16.13297415027461312 ) ) ;
#1283 = LINE ( 'NONE', #4181, #1675 ) ;
#1284 = CARTESIAN_POINT ( 'NONE',  ( -5.500002759533759722, 8.000000000000000000, 20.66311578955480144 ) ) ;
#1285 = CARTESIAN_POINT ( 'NONE',  ( -5.500000000000000000, 9.073399659795700956, 16.87552296064645319 ) ) ;
#1286 = EDGE_CURVE ( 'NONE', #1760, #2379, #1272, .T. ) ;
#1287 = CARTESIAN_POINT ( 'NONE',  ( -5.500000000000000000, 8.005580216442629293, 15.33732614503115066 ) ) ;
#1288 = CARTESIAN_POINT ( 'NONE',  ( -5.799999999999999822, 8.000000000000000000, 18.00000000000000000 ) ) ;
#1289 = FACE_OUTER_BOUND ( 'NONE', #1677, .T. ) ;
#1290 = EDGE_LOOP ( 'NONE', ( #3513, #3203, #4485, #3219, #3189, #796 ) ) ;
#1291 = STYLED_ITEM ( 'NONE', ( #891 ), #3834 ) ;
#1292 = DIRECTION ( 'NONE',  ( 0.000000000000000000, -1.000000000000000000, 0.000000000000000000 ) ) ;
#1293 = CARTESIAN_POINT ( 'NONE',  ( 7.638974699569529569, 8.532552736890689715, -15.25828353037380047 ) ) ;
#1294 = CARTESIAN_POINT ( 'NONE',  ( -5.691820486160620085, 9.214388450803859598, 17.91323295206925081 ) ) ;
#1295 = VERTEX_POINT ( 'NONE', #4463 ) ;
#1296 =( NAMED_UNIT ( * ) PLANE_ANGLE_UNIT ( ) SI_UNIT ( $, .RADIAN. ) );
#1297 = EDGE_CURVE ( 'NONE', #2928, #2965, #91, .T. ) ;
#1298 = CARTESIAN_POINT ( 'NONE',  ( 7.638974699569489601, 8.916609220448460604, -18.08676704786245182 ) ) ;
#1299 = UNCERTAINTY_MEASURE_WITH_UNIT (LENGTH_MEASURE( 1.000000000000000082E-05 ), #819, 'distance_accuracy_value', 'NONE');
#1300 = STYLED_ITEM ( 'NONE', ( #2579 ), #1575 ) ;
#1301 = VECTOR ( 'NONE', #3639, 1000.000000000000114 ) ;
#1302 = COLOUR_RGB ( '',0.7529411764705882248, 0.7529411764705882248, 0.7529411764705882248 ) ;
#1303 = CARTESIAN_POINT ( 'NONE',  ( -3.741797374638530016, 8.001089989389882362, 16.28364152374722096 ) ) ;
#1304 = CARTESIAN_POINT ( 'NONE',  ( 6.100005782598433512, 7.999341431631647126, -15.33677752070855504 ) ) ;
#1305 = DIRECTION ( 'NONE',  ( 0.000000000000000000, 0.000000000000000000, 1.000000000000000000 ) ) ;
#1306 = CARTESIAN_POINT ( 'NONE',  ( 7.660283871830940505, 8.883406830208437910, -18.54188715917344865 ) ) ;
#1307 =( GEOMETRIC_REPRESENTATION_CONTEXT ( 3 ) GLOBAL_UNCERTAINTY_ASSIGNED_CONTEXT ( ( #2666 ) ) GLOBAL_UNIT_ASSIGNED_CONTEXT ( ( #342, #3092, #320 ) ) REPRESENTATION_CONTEXT ( 'NONE', 'WORKASPACE' ) );
#1308 = CARTESIAN_POINT ( 'NONE',  ( 5.002094362553703100, 8.004335019594746470, -20.56365693304867293 ) ) ;
#1309 = CARTESIAN_POINT ( 'NONE',  ( -7.864084675613139730, 8.704388949529523245, 16.38043681151514619 ) ) ;
#1310 = LINE ( 'NONE', #3796, #3521 ) ;
#1311 = CARTESIAN_POINT ( 'NONE',  ( -3.956763923296125807, 8.704365192470223889, 16.13293822276433787 ) ) ;
#1312 = CARTESIAN_POINT ( 'NONE',  ( -4.299999999999999822, 8.983875253289349772, 17.69999999999999929 ) ) ;
#1313 = DIRECTION ( 'NONE',  ( 0.000000000000000000, 0.000000000000000000, -1.000000000000000000 ) ) ;
#1314 = FILL_AREA_STYLE_COLOUR ( '', #2075 ) ;
#1315 = CARTESIAN_POINT ( 'NONE',  ( -7.638971105729990718, 8.915543512414270566, 18.13080860726600108 ) ) ;
#1316 = ORIENTED_EDGE ( 'NONE', *, *, #3938, .T. ) ;
#1317 = STYLED_ITEM ( 'NONE', ( #2506 ), #1440 ) ;
#1318 = CARTESIAN_POINT ( 'NONE',  ( 8.300000000000000711, 0.000000000000000000, -15.90000000000000036 ) ) ;
#1319 = CARTESIAN_POINT ( 'NONE',  ( 5.691829445080619720, 8.669641775367070480, -15.25828353037374896 ) ) ;
#1320 = CARTESIAN_POINT ( 'NONE',  ( -4.393723649876149828, 9.029075913297589295, 17.91323295206925081 ) ) ;
#1321 = EDGE_LOOP ( 'NONE', ( #263, #1135, #2546, #1419 ) ) ;
#1322 = CARTESIAN_POINT ( 'NONE',  ( 8.300000000000000711, 6.500000000000000000, -19.14564392373895174 ) ) ;
#1323 = CARTESIAN_POINT ( 'NONE',  ( 5.908179513928500270, 9.038367359480369956, -19.38188655240215397 ) ) ;
#1324 = EDGE_CURVE ( 'NONE', #4261, #2797, #2513, .T. ) ;
#1325 =( NAMED_UNIT ( * ) SI_UNIT ( $, .STERADIAN. ) SOLID_ANGLE_UNIT ( ) );
#1326 = SURFACE_STYLE_USAGE ( .BOTH. , #4403 ) ;
#1327 = DIRECTION ( 'NONE',  ( 1.000000000000000000, 0.000000000000000000, 0.000000000000000000 ) ) ;
#1328 = ORIENTED_EDGE ( 'NONE', *, *, #3308, .F. ) ;
#1329 = CARTESIAN_POINT ( 'NONE',  ( 6.955500105141959821, 8.878510044468049145, -16.44617040610850012 ) ) ;
#1330 = CARTESIAN_POINT ( 'NONE',  ( -6.328184305459301662, 8.885550562790083262, 16.12438011729599907 ) ) ;
#1331 = CARTESIAN_POINT ( 'NONE',  ( -7.162814234446629236, 8.881917576268799408, 16.62054010890459921 ) ) ;
#1332 = CARTESIAN_POINT ( 'NONE',  ( 6.100000000000000533, 8.886167924090280223, -19.91119259838535172 ) ) ;
#1333 = CARTESIAN_POINT ( 'NONE',  ( -4.527736289702179562, 8.882103574719039329, 16.53638836939880363 ) ) ;
#1334 = CARTESIAN_POINT ( 'NONE',  ( 7.000000000000000000, 6.500000000000000000, 20.89999999999999858 ) ) ;
#1335 = CARTESIAN_POINT ( 'NONE',  ( -7.638971105729990718, 8.916610175492071022, 17.91323295206925081 ) ) ;
#1336 = ORIENTED_EDGE ( 'NONE', *, *, #4272, .F. ) ;
#1337 = SURFACE_STYLE_USAGE ( .BOTH. , #3047 ) ;
#1338 = SURFACE_SIDE_STYLE ('',( #3455 ) ) ;
#1339 = CARTESIAN_POINT ( 'NONE',  ( -5.691820486160660053, 8.669641680067639911, 20.74171646962724935 ) ) ;
#1340 = VERTEX_POINT ( 'NONE', #1063 ) ;
#1341 = CARTESIAN_POINT ( 'NONE',  ( -7.500000000000000000, 0.000000000000000000, -21.39999999999999858 ) ) ;
#1342 = CARTESIAN_POINT ( 'NONE',  ( -7.299999999999999822, 8.983875264068849731, 17.69999999999999929 ) ) ;
#1343 = CARTESIAN_POINT ( 'NONE',  ( 3.095628618905115204, 8.596309893736091112, -19.38188655240210068 ) ) ;
#1344 = B_SPLINE_SURFACE_WITH_KNOTS ( 'NONE', 5, 5, ( 
 ( #1988, #2016, #2638, #1247, #3382, #2663, #920, #559, #4051, #1269, #2683, #3045 ),
 ( #900, #2308, #4072, #3708, #4028, #3664, #944, #241, #1643, #2266, #4437, #611 ),
 ( #509, #2353, #1195, #2614, #4004, #853, #1918, #2378, #1683, #2129, #660, #3070 ),
 ( #1045, #3118, #3779, #1405, #2813, #2796, #4185, #1731, #3449, #4205, #1022, #1357 ),
 ( #3801, #992, #3512, #722, #262, #4506, #2447, #347, #1664, #3847, #1711, #1067 ),
 ( #2468, #3826, #2776, #3096, #284, #4484, #4140, #2066, #3142, #1335, #701, #4459 ),
 ( #3471, #680, #4163, #2108, #2089, #2430, #4527, #1384, #1755, #1315, #3492, #303 ),
 ( #325, #2750, #635, #3869, #3167, #2405, #968, #10, #2725, #4114, #2040, #1449 ),
 ( #1144, #2561, #2878, #2857, #2539, #119, #2583, #3956, #2899, #1102, #3240, #436 ),
 ( #2492, #3617, #4250, #805, #3928, #459, #1871, #2213, #1493, #3549, #1468, #2922 ),
 ( #3188, #2518, #3910, #4319, #2171, #1428, #2191, #2833, #1821, #783, #386, #1088 ),
 ( #1799, #3213, #762, #3567, #1846, #50, #3259, #4228, #4295, #74, #1170, #2150 ) ),
 .UNSPECIFIED., .F., .F., .F.,
 ( 6, 3, 3, 6 ),
 ( 6, 3, 3, 6 ),
 ( -2.796542062480950275, -0.6466215770361809501, 0.4412566989476640056, 2.617013250915354750 ),
 ( -2.704371398027429763, -0.5408796515214580047, 0.5408706926837439921, 2.704371381094150095 ),
 .UNSPECIFIED. ) ;
#1345 = STYLED_ITEM ( 'NONE', ( #2287 ), #2147 ) ;
#1346 =( LENGTH_UNIT ( ) NAMED_UNIT ( * ) SI_UNIT ( .MILLI., .METRE. ) );
#1347 = EDGE_CURVE ( 'NONE', #2965, #3624, #2466, .T. ) ;
#1348 = EDGE_LOOP ( 'NONE', ( #908, #516, #2818, #2393 ) ) ;
#1349 = CARTESIAN_POINT ( 'NONE',  ( 7.709128723751469181, 8.883239781537270119, -17.67623998595940193 ) ) ;
#1350 = AXIS2_PLACEMENT_3D ( 'NONE', #1962, #3380, #898 ) ;
#1351 = CARTESIAN_POINT ( 'NONE',  ( 3.729436112939888304, 8.001238529241991415, -19.70141953701114090 ) ) ;
#1352 = CARTESIAN_POINT ( 'NONE',  ( -8.422562187662530064, 8.707836441229265034, 17.93156238777986999 ) ) ;
#1353 = CARTESIAN_POINT ( 'NONE',  ( 5.500000000000000000, 8.005580217558129874, -20.66267385487060082 ) ) ;
#1354 = CARTESIAN_POINT ( 'NONE',  ( -3.125603998804545203, 8.002785221380268155, 17.75904166064574952 ) ) ;
#1355 = ADVANCED_FACE ( 'NONE', ( #433 ), #3588, .T. ) ;
#1356 = DIRECTION ( 'NONE',  ( 0.000000000000000000, 1.000000000000000000, 0.000000000000000000 ) ) ;
#1357 = CARTESIAN_POINT ( 'NONE',  ( -8.504371381094129489, 8.596309893733200980, 16.61811344749779806 ) ) ;
#1358 = EDGE_LOOP ( 'NONE', ( #4219, #3552, #2448, #4033 ) ) ;
#1359 = B_SPLINE_CURVE_WITH_KNOTS ( 'NONE', 3,
 ( #3864, #2851, #3528, #4246 ),
 .UNSPECIFIED., .F., .F.,
 ( 4, 4 ),
 ( 0.004337592283502685227, 0.004343194086581005260 ),
 .UNSPECIFIED. ) ;
#1360 = CARTESIAN_POINT ( 'NONE',  ( -5.200000000000000178, 9.149407376341738285, 18.30000000000000071 ) ) ;
#1361 = CARTESIAN_POINT ( 'NONE',  ( -7.500000000000000000, 0.000000000000000000, 20.89999999999999858 ) ) ;
#1362 = CARTESIAN_POINT ( 'NONE',  ( -8.071671243412099628, 8.550331376699110919, 20.30656515923370264 ) ) ;
#1363 = EDGE_LOOP ( 'NONE', ( #2529, #437, #3143, #3270 ) ) ;
#1364 = DIRECTION ( 'NONE',  ( 0.000000000000000000, 1.000000000000000000, 0.000000000000000000 ) ) ;
#1365 = AXIS2_PLACEMENT_3D ( 'NONE', #623, #3370, #2320 ) ;
#1366 = COLOUR_RGB ( '',0.7529411764705882248, 0.7529411764705882248, 0.7529411764705882248 ) ;
#1367 = LINE ( 'NONE', #3880, #2848 ) ;
#1368 = DIRECTION ( 'NONE',  ( 0.000000000000000000, 0.000000000000000000, 1.000000000000000000 ) ) ;
#1369 = CARTESIAN_POINT ( 'NONE',  ( 3.961028894296904745, 8.538624804159880455, -20.67183884363735302 ) ) ;
#1370 = VERTEX_POINT ( 'NONE', #4203 ) ;
#1371 = CARTESIAN_POINT ( 'NONE',  ( 7.495379617946312578, 8.702428889442801463, -15.99733961769157808 ) ) ;
#1372 =( GEOMETRIC_REPRESENTATION_CONTEXT ( 3 ) GLOBAL_UNCERTAINTY_ASSIGNED_CONTEXT ( ( #3390 ) ) GLOBAL_UNIT_ASSIGNED_CONTEXT ( ( #2802, #688, #2137 ) ) REPRESENTATION_CONTEXT ( 'NONE', 'WORKASPACE' ) );
#1373 = DIRECTION ( 'NONE',  ( 1.000000000000000000, 0.000000000000000000, 0.000000000000000000 ) ) ;
#1374 = CARTESIAN_POINT ( 'NONE',  ( 3.128496286858568620, 8.002308838848332329, -17.78874192463177550 ) ) ;
#1375 =( LENGTH_UNIT ( ) NAMED_UNIT ( * ) SI_UNIT ( .MILLI., .METRE. ) );
#1376 = CARTESIAN_POINT ( 'NONE',  ( 6.542351957634514825, 8.879563726167084781, -16.20158010725954156 ) ) ;
#1377 = VECTOR ( 'NONE', #2582, 1000.000000000000000 ) ;
#1378 = CARTESIAN_POINT ( 'NONE',  ( -3.238538639848013823, 8.707153647709660049, 17.43275227524213378 ) ) ;
#1379 =( GEOMETRIC_REPRESENTATION_CONTEXT ( 3 ) GLOBAL_UNCERTAINTY_ASSIGNED_CONTEXT ( ( #1607 ) ) GLOBAL_UNIT_ASSIGNED_CONTEXT ( ( #3279, #1513, #2234 ) ) REPRESENTATION_CONTEXT ( 'NONE', 'WORKASPACE' ) );
#1380 = VECTOR ( 'NONE', #1666, 1000.000000000000000 ) ;
#1381 = ADVANCED_FACE ( 'NONE', ( #778 ), #855, .T. ) ;
#1382 = COLOUR_RGB ( '',0.7529411764705882248, 0.7529411764705882248, 0.7529411764705882248 ) ;
#1383 = LINE ( 'NONE', #3754, #2963 ) ;
#1384 = CARTESIAN_POINT ( 'NONE',  ( -6.557220761524789943, 9.168722320508548407, 18.13080860726604726 ) ) ;
#1385 = VERTEX_POINT ( 'NONE', #1099 ) ;
#1386 = SURFACE_STYLE_USAGE ( .BOTH. , #1338 ) ;
#1387 = CARTESIAN_POINT ( 'NONE',  ( 8.300000000000000711, 6.500000000000000000, -15.90000000000000036 ) ) ;
#1388 = CARTESIAN_POINT ( 'NONE',  ( -5.908170555001690083, 8.788734674800469548, 20.30656515923370264 ) ) ;
#1389 = ORIENTED_EDGE ( 'NONE', *, *, #3106, .T. ) ;
#1390 = DIRECTION ( 'NONE',  ( 0.000000000000000000, 1.000000000000000000, 0.000000000000000000 ) ) ;
#1391 = FACE_OUTER_BOUND ( 'NONE', #1461, .T. ) ;
#1392 = UNCERTAINTY_MEASURE_WITH_UNIT (LENGTH_MEASURE( 1.000000000000000082E-05 ), #4293, 'distance_accuracy_value', 'NONE');
#1393 = LINE ( 'NONE', #4238, #2182 ) ;
#1394 = CARTESIAN_POINT ( 'NONE',  ( 7.206276350254419150, 8.599489451271658425, -20.67183884363745250 ) ) ;
#1395 = VERTEX_POINT ( 'NONE', #3184 ) ;
#1396 = CARTESIAN_POINT ( 'NONE',  ( 4.484328130241914678, 7.997388989878079890, -15.65869117986599868 ) ) ;
#1397 = AXIS2_PLACEMENT_3D ( 'NONE', #2288, #423, #4328 ) ;
#1398 = DIRECTION ( 'NONE',  ( 0.000000000000000000, 0.000000000000000000, 1.000000000000000000 ) ) ;
#1399 = CARTESIAN_POINT ( 'NONE',  ( -6.542749021348374328, 8.879559640060197268, 19.79820773975324144 ) ) ;
#1400 = VECTOR ( 'NONE', #2651, 1000.000000000000000 ) ;
#1401 = CARTESIAN_POINT ( 'NONE',  ( -3.095628601972545191, 8.537723910926580118, 16.18812935040890011 ) ) ;
#1402 = CARTESIAN_POINT ( 'NONE',  ( -4.022885349323294335, 8.882701738747968534, 17.22632462080255067 ) ) ;
#1403 =( GEOMETRIC_REPRESENTATION_CONTEXT ( 3 ) GLOBAL_UNCERTAINTY_ASSIGNED_CONTEXT ( ( #1849 ) ) GLOBAL_UNIT_ASSIGNED_CONTEXT ( ( #4534, #1051, #1414 ) ) REPRESENTATION_CONTEXT ( 'NONE', 'WORKASPACE' ) );
#1404 = CARTESIAN_POINT ( 'NONE',  ( 5.200000000000000178, 9.149407380997910622, -17.69999999999999929 ) ) ;
#1405 = CARTESIAN_POINT ( 'NONE',  ( -4.393723649876133841, 8.897340171610199633, 16.61811344749784780 ) ) ;
#1406 = ORIENTED_EDGE ( 'NONE', *, *, #2929, .T. ) ;
#1407 = EDGE_CURVE ( 'NONE', #448, #219, #24, .T. ) ;
#1408 = EDGE_CURVE ( 'NONE', #1096, #3004, #2831, .T. ) ;
#1409 = STYLED_ITEM ( 'NONE', ( #2759 ), #203 ) ;
#1410 = CARTESIAN_POINT ( 'NONE',  ( -4.299999999999999822, 8.982659249172709082, 18.30000000000000071 ) ) ;
#1411 = CARTESIAN_POINT ( 'NONE',  ( 4.479999999999559890, 9.025580957845830810, -18.30000000000000071 ) ) ;
#1412 = CARTESIAN_POINT ( 'NONE',  ( -7.206270968047930658, 8.785705671396950578, 19.87141384884015238 ) ) ;
#1413 = ORIENTED_EDGE ( 'NONE', *, *, #152, .T. ) ;
#1414 =( NAMED_UNIT ( * ) SI_UNIT ( $, .STERADIAN. ) SOLID_ANGLE_UNIT ( ) );
#1415 = SURFACE_STYLE_USAGE ( .BOTH. , #4535 ) ;
#1416 = EDGE_CURVE ( 'NONE', #3936, #448, #2603, .T. ) ;
#1417 = CARTESIAN_POINT ( 'NONE',  ( 5.499999999990989430, 8.000000000000000000, -15.33683504317409962 ) ) ;
#1418 = CARTESIAN_POINT ( 'NONE',  ( 6.100000000000000533, 9.152261388884300075, -18.59999999999999787 ) ) ;
#1419 = ORIENTED_EDGE ( 'NONE', *, *, #1437, .F. ) ;
#1420 = ORIENTED_EDGE ( 'NONE', *, *, #4461, .T. ) ;
#1421 = CARTESIAN_POINT ( 'NONE',  ( 3.987040897873649570, 8.881459907306849644, -17.31869414305404931 ) ) ;
#1422 = CARTESIAN_POINT ( 'NONE',  ( 5.500000000000000000, 9.152261391123959200, -18.59999999999999787 ) ) ;
#1423 =( NAMED_UNIT ( * ) SI_UNIT ( $, .STERADIAN. ) SOLID_ANGLE_UNIT ( ) );
#1424 = MECHANICAL_DESIGN_GEOMETRIC_PRESENTATION_REPRESENTATION (  '', ( #3199 ), #2537 ) ;
#1425 = STYLED_ITEM ( 'NONE', ( #1491 ), #2868 ) ;
#1426 = CARTESIAN_POINT ( 'NONE',  ( 7.299999999999999822, 8.982659249165058313, -17.69999999999999929 ) ) ;
#1427 = PRESENTATION_STYLE_ASSIGNMENT (( #3955 ) ) ;
#1428 = CARTESIAN_POINT ( 'NONE',  ( -5.691820486160650283, 8.788734555741060106, 20.30656515923370264 ) ) ;
#1429 = ORIENTED_EDGE ( 'NONE', *, *, #2369, .F. ) ;
#1430 = EDGE_CURVE ( 'NONE', #77, #3870, #3266, .T. ) ;
#1431 = CARTESIAN_POINT ( 'NONE',  ( -6.760000000000240483, 9.099310426453588008, 17.69999999999999929 ) ) ;
#1432 = CARTESIAN_POINT ( 'NONE',  ( -5.908170555001690083, 8.903613804742219529, 19.87141384884020212 ) ) ;
#1433 = ORIENTED_EDGE ( 'NONE', *, *, #3132, .T. ) ;
#1434 = SURFACE_SIDE_STYLE ('',( #3833 ) ) ;
#1435 = FACE_OUTER_BOUND ( 'NONE', #2862, .T. ) ;
#1436 = CARTESIAN_POINT ( 'NONE',  ( 5.042779238536679642, 8.788634851161788220, -20.24185474655894978 ) ) ;
#1437 = EDGE_CURVE ( 'NONE', #1736, #3936, #2297, .T. ) ;
#1438 = ORIENTED_EDGE ( 'NONE', *, *, #4079, .T. ) ;
#1439 = CARTESIAN_POINT ( 'NONE',  ( 6.293282368535670024, 8.880588896429921775, -16.12862013833870023 ) ) ;
#1440 = ADVANCED_BREP_SHAPE_REPRESENTATION ( 'SY5000-26-20A', ( #2051, #3313 ), #1463 ) ;
#1441 = SURFACE_STYLE_FILL_AREA ( #2765 ) ;
#1442 = CARTESIAN_POINT ( 'NONE',  ( 6.557227932091540090, 8.652163629354610919, -15.25828353037374896 ) ) ;
#1443 = DIRECTION ( 'NONE',  ( 1.000000000000000000, 0.000000000000000000, 0.000000000000000000 ) ) ;
#1444 = CARTESIAN_POINT ( 'NONE',  ( -5.042772068018360088, 8.788634049475879451, 15.75814525331990090 ) ) ;
#1445 = SURFACE_SIDE_STYLE ('',( #2893 ) ) ;
#1446 = VECTOR ( 'NONE', #278, 1000.000000000000000 ) ;
#1447 =( NAMED_UNIT ( * ) SI_UNIT ( $, .STERADIAN. ) SOLID_ANGLE_UNIT ( ) );
#1448 = DIRECTION ( 'NONE',  ( -1.067350013832299363E-17, -0.9961946980917455452, -0.08715574274765836016 ) ) ;
#1449 = CARTESIAN_POINT ( 'NONE',  ( -8.504371381094159688, 8.659264500002519682, 18.78353557285629805 ) ) ;
#1450 = VERTEX_POINT ( 'NONE', #1932 ) ;
#1451 = PRESENTATION_LAYER_ASSIGNMENT (  '', '', ( #3454 ) ) ;
#1452 = CARTESIAN_POINT ( 'NONE',  ( -6.400000000000000355, 9.149407380994500016, 18.30000000000000071 ) ) ;
#1453 = CARTESIAN_POINT ( 'NONE',  ( -8.181646411258016727, 7.998979623585735332, 19.22982146478473453 ) ) ;
#1454 = CARTESIAN_POINT ( 'NONE',  ( 6.100000000000001421, 8.830265967012802975, -15.89060276769288826 ) ) ;
#1455 = ORIENTED_EDGE ( 'NONE', *, *, #3330, .F. ) ;
#1456 = FILL_AREA_STYLE ('',( #3221 ) ) ;
#1457 = CARTESIAN_POINT ( 'NONE',  ( 4.299999999999999822, 8.988697614228781774, -17.82000000000000028 ) ) ;
#1458 = CARTESIAN_POINT ( 'NONE',  ( -6.100000000000000533, 8.000000000000000000, 17.39999999999999858 ) ) ;
#1459 = CARTESIAN_POINT ( 'NONE',  ( 5.042779238536709840, 9.170467272005890180, -18.08676704786240208 ) ) ;
#1460 = ORIENTED_EDGE ( 'NONE', *, *, #4352, .F. ) ;
#1461 = EDGE_LOOP ( 'NONE', ( #1546, #1115, #348, #4533, #3731, #4491 ) ) ;
#1462 = CARTESIAN_POINT ( 'NONE',  ( 4.663091324206471100, 8.703539072104447882, -15.63531513726435485 ) ) ;
#1463 =( GEOMETRIC_REPRESENTATION_CONTEXT ( 3 ) GLOBAL_UNCERTAINTY_ASSIGNED_CONTEXT ( ( #2174 ) ) GLOBAL_UNIT_ASSIGNED_CONTEXT ( ( #4382, #550, #4243 ) ) REPRESENTATION_CONTEXT ( 'NONE', 'WORKASPACE' ) );
#1464 = EDGE_CURVE ( 'NONE', #4320, #2270, #3393, .T. ) ;
#1465 = CARTESIAN_POINT ( 'NONE',  ( -7.534353203602806026, 8.880345531110577895, 18.88398723173457228 ) ) ;
#1466 = VECTOR ( 'NONE', #721, 1000.000000000000000 ) ;
#1467 = LINE ( 'NONE', #49, #301 ) ;
#1468 = CARTESIAN_POINT ( 'NONE',  ( -8.071671243412088970, 8.623151406299548682, 19.87141384884015238 ) ) ;
#1469 = ORIENTED_EDGE ( 'NONE', *, *, #2978, .F. ) ;
#1470 = UNCERTAINTY_MEASURE_WITH_UNIT (LENGTH_MEASURE( 1.000000000000000082E-05 ), #3159, 'distance_accuracy_value', 'NONE');
#1471 = FILL_AREA_STYLE ('',( #787 ) ) ;
#1472 = DIRECTION ( 'NONE',  ( -3.540251991789405363E-16, 0.000000000000000000, 1.000000000000000000 ) ) ;
#1473 = DIRECTION ( 'NONE',  ( 0.000000000000000000, 0.000000000000000000, -1.000000000000000000 ) ) ;
#1474 = ORIENTED_EDGE ( 'NONE', *, *, #209, .F. ) ;
#1475 = SURFACE_STYLE_FILL_AREA ( #1829 ) ;
#1476 = FILL_AREA_STYLE ('',( #2840 ) ) ;
#1477 = PRESENTATION_LAYER_ASSIGNMENT (  '', '', ( #3479 ) ) ;
#1478 =( NAMED_UNIT ( * ) SI_UNIT ( $, .STERADIAN. ) SOLID_ANGLE_UNIT ( ) );
#1479 = CARTESIAN_POINT ( 'NONE',  ( 4.393729031992839928, 9.002525907054101495, -18.73432680013224783 ) ) ;
#1480 = CARTESIAN_POINT ( 'NONE',  ( -6.100000000000000533, 10.00000000000000000, 18.59999999999999787 ) ) ;
#1481 = CARTESIAN_POINT ( 'NONE',  ( 3.548862082396737616, 8.703352753668767150, -16.62110094791448489 ) ) ;
#1482 = EDGE_CURVE ( 'NONE', #3004, #2048, #231, .T. ) ;
#1483 = CARTESIAN_POINT ( 'NONE',  ( -8.300000000000000711, 0.000000000000000000, 15.90000000000000036 ) ) ;
#1484 = DIRECTION ( 'NONE',  ( 0.000000000000000000, -1.000000000000000000, 0.000000000000000000 ) ) ;
#1485 = CARTESIAN_POINT ( 'NONE',  ( -6.400000000000000355, 10.00000000000000000, 18.59999999999999787 ) ) ;
#1486 = CARTESIAN_POINT ( 'NONE',  ( -8.504371381094120608, 8.473108934066980069, 15.75814525331985294 ) ) ;
#1487 = CARTESIAN_POINT ( 'NONE',  ( -4.299999999999999822, 10.00000000000000000, 18.30000000000000071 ) ) ;
#1488 = PRESENTATION_LAYER_ASSIGNMENT (  '', '', ( #4280 ) ) ;
#1489 = CARTESIAN_POINT ( 'NONE',  ( -7.857799576627598981, 8.702561279131430183, 19.65370602523521626 ) ) ;
#1490 = CIRCLE ( 'NONE', #4063, 0.3000000000000016542 ) ;
#1491 = PRESENTATION_STYLE_ASSIGNMENT (( #2811 ) ) ;
#1492 =( NAMED_UNIT ( * ) SI_UNIT ( $, .STERADIAN. ) SOLID_ANGLE_UNIT ( ) );
#1493 = CARTESIAN_POINT ( 'NONE',  ( -7.206270968047930658, 8.785705671396950578, 19.87141384884015238 ) ) ;
#1494 = ORIENTED_EDGE ( 'NONE', *, *, #1408, .T. ) ;
#1495 =( LENGTH_UNIT ( ) NAMED_UNIT ( * ) SI_UNIT ( .MILLI., .METRE. ) );
#1496 = DIRECTION ( 'NONE',  ( 0.000000000000000000, 0.000000000000000000, -1.000000000000000000 ) ) ;
#1497 = FILL_AREA_STYLE ('',( #54 ) ) ;
#1498 = ORIENTED_EDGE ( 'NONE', *, *, #147, .F. ) ;
#1499 = CARTESIAN_POINT ( 'NONE',  ( -6.321236008226921221, 9.159193040157866506, 18.30000000000003979 ) ) ;
#1500 = CARTESIAN_POINT ( 'NONE',  ( -5.700001839695154615, 8.000000000000000000, 20.68561910537025028 ) ) ;
#1501 = SURFACE_SIDE_STYLE ('',( #2198 ) ) ;
#1502 = CARTESIAN_POINT ( 'NONE',  ( 6.557227932091470812, 8.900458699144010666, -19.81187064948059984 ) ) ;
#1503 = EDGE_LOOP ( 'NONE', ( #213, #4507, #1057, #387 ) ) ;
#1504 = CARTESIAN_POINT ( 'NONE',  ( 5.500000000000000000, 8.946897082223621567, -16.35392417022969980 ) ) ;
#1505 = CARTESIAN_POINT ( 'NONE',  ( 5.596809791201099671, 8.005688201756038680, -20.67179624364865020 ) ) ;
#1506 = CARTESIAN_POINT ( 'NONE',  ( -7.500000000000000000, 0.000000000000000000, -24.00000000000000000 ) ) ;
#1507 = CARTESIAN_POINT ( 'NONE',  ( 7.849920849640496634, 8.001121977351580483, -19.72619491189859531 ) ) ;
#1508 = FACE_OUTER_BOUND ( 'NONE', #691, .T. ) ;
#1509 = CARTESIAN_POINT ( 'NONE',  ( -7.206270968047889802, 8.897341416312270823, 16.61811344749779806 ) ) ;
#1510 = SURFACE_STYLE_USAGE ( .BOTH. , #3866 ) ;
#1511 = AXIS2_PLACEMENT_3D ( 'NONE', #2824, #770, #689 ) ;
#1512 =( GEOMETRIC_REPRESENTATION_CONTEXT ( 3 ) GLOBAL_UNCERTAINTY_ASSIGNED_CONTEXT ( ( #785 ) ) GLOBAL_UNIT_ASSIGNED_CONTEXT ( ( #4150, #2501, #376 ) ) REPRESENTATION_CONTEXT ( 'NONE', 'WORKASPACE' ) );
#1513 =( NAMED_UNIT ( * ) PLANE_ANGLE_UNIT ( ) SI_UNIT ( $, .RADIAN. ) );
#1514 = CARTESIAN_POINT ( 'NONE',  ( -4.959877727447469908, 8.879298704248320462, 19.74423279551360011 ) ) ;
#1515 = FILL_AREA_STYLE_COLOUR ( '', #3452 ) ;
#1516 = DIRECTION ( 'NONE',  ( 0.000000000000000000, -1.000000000000000000, 0.000000000000000000 ) ) ;
#1517 = FILL_AREA_STYLE_COLOUR ( '', #60 ) ;
#1518 = ORIENTED_EDGE ( 'NONE', *, *, #3418, .T. ) ;
#1519 =( GEOMETRIC_REPRESENTATION_CONTEXT ( 3 ) GLOBAL_UNCERTAINTY_ASSIGNED_CONTEXT ( ( #569 ) ) GLOBAL_UNIT_ASSIGNED_CONTEXT ( ( #3342, #1203, #3006 ) ) REPRESENTATION_CONTEXT ( 'NONE', 'WORKASPACE' ) );
#1520 = EDGE_CURVE ( 'NONE', #3870, #3874, #3985, .T. ) ;
#1521 = CARTESIAN_POINT ( 'NONE',  ( 4.393729031992879897, 8.881519400437168699, -16.56373746152235071 ) ) ;
#1522 = SURFACE_SIDE_STYLE ('',( #2880 ) ) ;
#1523 = CARTESIAN_POINT ( 'NONE',  ( -7.382777407762799449, 7.997830239286448872, 20.16458783117170483 ) ) ;
#1524 = CARTESIAN_POINT ( 'NONE',  ( -6.400000000000000355, 10.00000000000000000, 17.39999999999999858 ) ) ;
#1525 = ORIENTED_EDGE ( 'NONE', *, *, #1286, .T. ) ;
#1526 = CIRCLE ( 'NONE', #2992, 2.749999999999999112 ) ;
#1527 = CARTESIAN_POINT ( 'NONE',  ( 8.300000000000000711, -5.854912467321780944, -20.10000000000000142 ) ) ;
#1528 = B_SPLINE_CURVE_WITH_KNOTS ( 'NONE', 3,
 ( #695, #235, #1681, #1353 ),
 .UNSPECIFIED., .F., .F.,
 ( 4, 4 ),
 ( 0.004337592283501929755, 0.004343194086585155586 ),
 .UNSPECIFIED. ) ;
#1529 =( NAMED_UNIT ( * ) PLANE_ANGLE_UNIT ( ) SI_UNIT ( $, .RADIAN. ) );
#1530 = CARTESIAN_POINT ( 'NONE',  ( 8.504371398199518595, 8.679672221546331556, -18.08676704786249800 ) ) ;
#1531 = ORIENTED_EDGE ( 'NONE', *, *, #925, .T. ) ;
#1532 = CARTESIAN_POINT ( 'NONE',  ( 4.022875142069059606, 8.882701810084109084, -18.77364984999429964 ) ) ;
#1533 = CARTESIAN_POINT ( 'NONE',  ( -5.200000000000000178, 8.000000000000000000, 17.69999999999999929 ) ) ;
#1534 = CARTESIAN_POINT ( 'NONE',  ( -7.299999999999999822, 10.00000000000000000, 17.69999999999999929 ) ) ;
#1535 = CARTESIAN_POINT ( 'NONE',  ( -8.504371381094140148, 8.662542298124169093, 17.26567319978349957 ) ) ;
#1536 = CARTESIAN_POINT ( 'NONE',  ( 5.999550957192195888, 8.709129559644244623, -20.61035214529216475 ) ) ;
#1537 = FILL_AREA_STYLE_COLOUR ( '', #594 ) ;
#1538 = CARTESIAN_POINT ( 'NONE',  ( -5.549764285239540129, 8.881216619793010025, 19.91866597932754956 ) ) ;
#1539 = DIRECTION ( 'NONE',  ( -1.495451272393800035E-16, 0.000000000000000000, -1.000000000000000000 ) ) ;
#1540 = FACE_OUTER_BOUND ( 'NONE', #3757, .T. ) ;
#1541 = ORIENTED_EDGE ( 'NONE', *, *, #3882, .T. ) ;
#1542 = PRESENTATION_LAYER_ASSIGNMENT (  '', '', ( #1839 ) ) ;
#1543 = CARTESIAN_POINT ( 'NONE',  ( 8.071673048884539625, 8.550330827770629583, -15.69343484075665174 ) ) ;
#1544 = CARTESIAN_POINT ( 'NONE',  ( 4.299999999999999822, 8.000000000000000000, -17.69999999999999929 ) ) ;
#1545 = CARTESIAN_POINT ( 'NONE',  ( -8.334502866922534281, 8.000247298174100408, 18.90490217896184078 ) ) ;
#1546 = ORIENTED_EDGE ( 'NONE', *, *, #4297, .F. ) ;
#1547 = COLOUR_RGB ( '',0.7529411764705882248, 0.7529411764705882248, 0.7529411764705882248 ) ;
#1548 = CARTESIAN_POINT ( 'NONE',  ( -8.300000000000000711, -5.854912467321780944, 15.90000000000000036 ) ) ;
#1549 = EDGE_CURVE ( 'NONE', #3874, #3241, #4041, .T. ) ;
#1550 = FILL_AREA_STYLE ('',( #243 ) ) ;
#1551 = DIRECTION ( 'NONE',  ( 0.000000000000000000, -1.000000000000000000, 0.000000000000000000 ) ) ;
#1552 = CARTESIAN_POINT ( 'NONE',  ( 3.095628618905135188, 8.679672226843951677, -18.08676704786240208 ) ) ;
#1553 = ORIENTED_EDGE ( 'NONE', *, *, #2227, .T. ) ;
#1554 = CARTESIAN_POINT ( 'NONE',  ( -6.400000000000000355, 9.149407380994500016, 18.30000000000000071 ) ) ;
#1555 = EDGE_CURVE ( 'NONE', #4286, #806, #4061, .T. ) ;
#1556 = PRESENTATION_STYLE_ASSIGNMENT (( #157 ) ) ;
#1557 = PLANE ( 'NONE',  #3940 ) ;
#1558 = CARTESIAN_POINT ( 'NONE',  ( 8.466167866276734344, 8.002731444990512699, -18.31830935408232719 ) ) ;
#1559 = SURFACE_STYLE_FILL_AREA ( #3254 ) ;
#1560 = CARTESIAN_POINT ( 'NONE',  ( -7.638971105729990718, 8.916610175492071022, 17.91323295206925081 ) ) ;
#1561 = CARTESIAN_POINT ( 'NONE',  ( -7.500000000000000000, 0.000000000000000000, -21.39999999999999858 ) ) ;
#1562 = SURFACE_STYLE_FILL_AREA ( #2605 ) ;
#1563 = CARTESIAN_POINT ( 'NONE',  ( -4.281911797672099951, 8.878714620298230997, 19.22160285455834838 ) ) ;
#1564 = LINE ( 'NONE', #895, #1017 ) ;
#1565 = ORIENTED_EDGE ( 'NONE', *, *, #3106, .F. ) ;
#1566 = MECHANICAL_DESIGN_GEOMETRIC_PRESENTATION_REPRESENTATION (  '', ( #4280 ), #1121 ) ;
#1567 = STYLED_ITEM ( 'NONE', ( #3711 ), #2179 ) ;
#1568 = CARTESIAN_POINT ( 'NONE',  ( 6.557227932091519662, 8.987440422420871045, -16.56373746152240045 ) ) ;
#1569 =( NAMED_UNIT ( * ) SI_UNIT ( $, .STERADIAN. ) SOLID_ANGLE_UNIT ( ) );
#1570 = CARTESIAN_POINT ( 'NONE',  ( -7.870563887056545305, 8.001238529233239305, 16.29858046298331331 ) ) ;
#1571 = FILL_AREA_STYLE ('',( #4342 ) ) ;
#1572 = ORIENTED_EDGE ( 'NONE', *, *, #1437, .T. ) ;
#1573 = DIRECTION ( 'NONE',  ( -0.7071067811865470176, 0.000000000000000000, -0.7071067811865480168 ) ) ;
#1574 = VECTOR ( 'NONE', #4435, 1000.000000000000000 ) ;
#1575 = ADVANCED_FACE ( 'NONE', ( #1184 ), #2514, .T. ) ;
#1576 = LINE ( 'NONE', #1625, #2019 ) ;
#1577 = CARTESIAN_POINT ( 'NONE',  ( 6.580000000003120242, 9.128836699309319513, -18.30000000000000071 ) ) ;
#1578 = CARTESIAN_POINT ( 'NONE',  ( -4.299999999999999822, 8.983875253289349772, 17.69999999999999929 ) ) ;
#1579 = EDGE_LOOP ( 'NONE', ( #2053, #314, #3943, #486 ) ) ;
#1580 =( NAMED_UNIT ( * ) PLANE_ANGLE_UNIT ( ) SI_UNIT ( $, .RADIAN. ) );
#1581 = CARTESIAN_POINT ( 'NONE',  ( 3.956727746756062647, 8.704365185846111075, -19.86702584972435304 ) ) ;
#1582 = ADVANCED_FACE ( 'NONE', ( #3364 ), #3417, .F. ) ;
#1583 = CARTESIAN_POINT ( 'NONE',  ( -3.225270399762283802, 8.001265105909393327, 18.76071676382862208 ) ) ;
#1584 = DIRECTION ( 'NONE',  ( 0.000000000000000000, 0.000000000000000000, 1.000000000000000000 ) ) ;
#1585 = CARTESIAN_POINT ( 'NONE',  ( 7.140271358701149929, 8.002594051687850651, -20.32679669894019980 ) ) ;
#1586 = CARTESIAN_POINT ( 'NONE',  ( 5.500000000000000000, 10.00000000000000000, -15.25000000000000000 ) ) ;
#1587 = CARTESIAN_POINT ( 'NONE',  ( 4.651622643987247230, 7.998713632379117477, -15.57246759177104778 ) ) ;
#1588 = CARTESIAN_POINT ( 'NONE',  ( -6.626765207247178324, 8.704571057882354523, 20.49003849208424555 ) ) ;
#1589 =( LENGTH_UNIT ( ) NAMED_UNIT ( * ) SI_UNIT ( .MILLI., .METRE. ) );
#1590 = CARTESIAN_POINT ( 'NONE',  ( -4.480157050269790275, 8.881890295429222704, 16.56589353100477524 ) ) ;
#1591 = ORIENTED_EDGE ( 'NONE', *, *, #2793, .F. ) ;
#1592 =( GEOMETRIC_REPRESENTATION_CONTEXT ( 3 ) GLOBAL_UNCERTAINTY_ASSIGNED_CONTEXT ( ( #4030 ) ) GLOBAL_UNIT_ASSIGNED_CONTEXT ( ( #3438, #2030, #1952 ) ) REPRESENTATION_CONTEXT ( 'NONE', 'WORKASPACE' ) );
#1593 = CARTESIAN_POINT ( 'NONE',  ( 8.504371398199559451, 8.472156660055100375, -15.69343484075669970 ) ) ;
#1594 = CARTESIAN_POINT ( 'NONE',  ( 7.299999999999999822, 8.983875253283930107, -18.30000000000000071 ) ) ;
#1595 = CARTESIAN_POINT ( 'NONE',  ( -7.093813745505248569, 8.002758062676505801, 15.65299428320438757 ) ) ;
#1596 = SURFACE_SIDE_STYLE ('',( #3427 ) ) ;
#1597 = CARTESIAN_POINT ( 'NONE',  ( -6.100000000000000533, 10.00000000000000000, 18.30000000000000071 ) ) ;
#1598 = VECTOR ( 'NONE', #2220, 1000.000000000000114 ) ;
#1599 = UNCERTAINTY_MEASURE_WITH_UNIT (LENGTH_MEASURE( 1.000000000000000082E-05 ), #4201, 'distance_accuracy_value', 'NONE');
#1600 = MECHANICAL_DESIGN_GEOMETRIC_PRESENTATION_REPRESENTATION (  '', ( #417 ), #4529 ) ;
#1601 = DIRECTION ( 'NONE',  ( -1.000000000000000000, 0.000000000000000000, 0.000000000000000000 ) ) ;
#1602 = CARTESIAN_POINT ( 'NONE',  ( 8.504371398199559451, 8.533543737913120708, -16.12858615113954741 ) ) ;
#1603 = ORIENTED_EDGE ( 'NONE', *, *, #4187, .T. ) ;
#1604 = PRESENTATION_LAYER_ASSIGNMENT (  '', '', ( #3583 ) ) ;
#1605 = CARTESIAN_POINT ( 'NONE',  ( -6.580000000002949712, 9.127044133401469139, 18.30000000000000071 ) ) ;
#1606 = CARTESIAN_POINT ( 'NONE',  ( 7.206276350254419150, 8.599489451271658425, -20.67183884363745250 ) ) ;
#1607 = UNCERTAINTY_MEASURE_WITH_UNIT (LENGTH_MEASURE( 1.000000000000000082E-05 ), #3279, 'distance_accuracy_value', 'NONE');
#1608 = STYLED_ITEM ( 'NONE', ( #1041 ), #3573 ) ;
#1609 =( GEOMETRIC_REPRESENTATION_CONTEXT ( 3 ) GLOBAL_UNCERTAINTY_ASSIGNED_CONTEXT ( ( #3365 ) ) GLOBAL_UNIT_ASSIGNED_CONTEXT ( ( #4053, #3099, #2752 ) ) REPRESENTATION_CONTEXT ( 'NONE', 'WORKASPACE' ) );
#1610 = PRESENTATION_LAYER_ASSIGNMENT (  '', '', ( #426 ) ) ;
#1611 = CARTESIAN_POINT ( 'NONE',  ( -3.751849009700772619, 8.001129354187051845, 16.27170649905187361 ) ) ;
#1612 = CARTESIAN_POINT ( 'NONE',  ( 7.905360674020906586, 8.001038323641914474, -19.65857509143618742 ) ) ;
#1613 = FILL_AREA_STYLE_COLOUR ( '', #3793 ) ;
#1614 = EDGE_CURVE ( 'NONE', #3874, #4261, #590, .T. ) ;
#1615 = SURFACE_STYLE_USAGE ( .BOTH. , #913 ) ;
#1616 = DIRECTION ( 'NONE',  ( 1.000000000000000000, 0.000000000000000000, 0.000000000000000000 ) ) ;
#1617 = CARTESIAN_POINT ( 'NONE',  ( -8.257187663758511320, 8.705232258243842836, 18.91974599178051974 ) ) ;
#1618 = CARTESIAN_POINT ( 'NONE',  ( -5.800000000024859936, 7.999533011488940026, 20.68004992537994724 ) ) ;
#1619 = CARTESIAN_POINT ( 'NONE',  ( 5.691829445080579752, 9.212319621132198932, -17.86919139267099865 ) ) ;
#1620 = CARTESIAN_POINT ( 'NONE',  ( -6.100000000000012079, 8.722307676874800464, 15.70721493942195757 ) ) ;
#1621 =( NAMED_UNIT ( * ) SI_UNIT ( $, .STERADIAN. ) SOLID_ANGLE_UNIT ( ) );
#1622 = COLOUR_RGB ( '',0.7529411764705882248, 0.7529411764705882248, 0.7529411764705882248 ) ;
#1623 = EDGE_LOOP ( 'NONE', ( #1460, #224, #1591, #816 ) ) ;
#1624 = VECTOR ( 'NONE', #1987, 1000.000000000000000 ) ;
#1625 = CARTESIAN_POINT ( 'NONE',  ( -8.300000000000000711, 6.500000000000000000, 20.10000000000000142 ) ) ;
#1626 = FILL_AREA_STYLE ('',( #1968 ) ) ;
#1627 = CARTESIAN_POINT ( 'NONE',  ( 4.393729031992879897, 8.881519400437168699, -16.56373746152235071 ) ) ;
#1628 = ORIENTED_EDGE ( 'NONE', *, *, #961, .F. ) ;
#1629 = CARTESIAN_POINT ( 'NONE',  ( 8.504371398199518595, 8.679672221546331556, -18.08676704786249800 ) ) ;
#1630 = UNCERTAINTY_MEASURE_WITH_UNIT (LENGTH_MEASURE( 1.000000000000000082E-05 ), #3277, 'distance_accuracy_value', 'NONE');
#1631 = COLOUR_RGB ( '',0.7529411764705882248, 0.7529411764705882248, 0.7529411764705882248 ) ;
#1632 = CARTESIAN_POINT ( 'NONE',  ( -3.257990696688578325, 8.002163101291301928, 17.15164863312957166 ) ) ;
#1633 = CARTESIAN_POINT ( 'NONE',  ( 7.371424152808694785, 7.996929034435447115, -15.81979432745563763 ) ) ;
#1634 = CARTESIAN_POINT ( 'NONE',  ( 7.735920081074429966, 8.884075915214440400, -18.05005008113084841 ) ) ;
#1635 = PRESENTATION_LAYER_ASSIGNMENT (  '', '', ( #1856 ) ) ;
#1636 = EDGE_CURVE ( 'NONE', #56, #77, #3879, .T. ) ;
#1637 = CARTESIAN_POINT ( 'NONE',  ( 4.398739814402875759, 8.002403732098816391, -20.28444682901913154 ) ) ;
#1638 = CARTESIAN_POINT ( 'NONE',  ( -6.681602605568770059, 8.004165325920698848, 15.44664823229435058 ) ) ;
#1639 = CARTESIAN_POINT ( 'NONE',  ( -5.500000000000000000, 8.005580216442629293, 15.33732614503115066 ) ) ;
#1640 = EDGE_CURVE ( 'NONE', #2480, #1760, #2062, .T. ) ;
#1641 = DIRECTION ( 'NONE',  ( 1.000000000000000000, 0.000000000000000000, 0.000000000000000000 ) ) ;
#1642 = CARTESIAN_POINT ( 'NONE',  ( -7.850271381077154942, 8.001150256596776700, 16.27422380880948438 ) ) ;
#1643 = CARTESIAN_POINT ( 'NONE',  ( -7.206270968047880032, 8.705427551630890548, 15.75814525331990090 ) ) ;
#1644 = ORIENTED_EDGE ( 'NONE', *, *, #1549, .T. ) ;
#1645 =( NAMED_UNIT ( * ) SI_UNIT ( $, .STERADIAN. ) SOLID_ANGLE_UNIT ( ) );
#1646 = DIRECTION ( 'NONE',  ( -1.000000000000000000, 0.000000000000000000, 0.000000000000000000 ) ) ;
#1647 = CARTESIAN_POINT ( 'NONE',  ( 3.095628618905150287, 8.659264499995281028, -17.21646442709664981 ) ) ;
#1648 = CARTESIAN_POINT ( 'NONE',  ( -8.504371381094129489, 8.596309893733200980, 16.61811344749779806 ) ) ;
#1649 = VERTEX_POINT ( 'NONE', #4457 ) ;
#1650 = VECTOR ( 'NONE', #966, 1000.000000000000000 ) ;
#1651 = CARTESIAN_POINT ( 'NONE',  ( 8.504371398199488397, 8.473108934728191599, -20.24185474655899952 ) ) ;
#1652 = MECHANICAL_DESIGN_GEOMETRIC_PRESENTATION_REPRESENTATION (  '', ( #1425 ), #2463 ) ;
#1653 = CARTESIAN_POINT ( 'NONE',  ( -3.960421451833264772, 7.997062911139919628, 19.94932773355927225 ) ) ;
#1654 = CYLINDRICAL_SURFACE ( 'NONE', #1511, 0.3000000000000016542 ) ;
#1655 = CARTESIAN_POINT ( 'NONE',  ( 6.100000000000000533, 8.886167924090280223, -19.91119259838535172 ) ) ;
#1656 = CARTESIAN_POINT ( 'NONE',  ( 8.319203592980633388, 8.706613805446083987, -18.73232803721378303 ) ) ;
#1657 = CARTESIAN_POINT ( 'NONE',  ( 4.785135712807486286, 8.003692978506098399, -20.49595234020612367 ) ) ;
#1658 = CARTESIAN_POINT ( 'NONE',  ( -8.378991394247290003, 8.002338645977010501, 17.25218647708389952 ) ) ;
#1659 = CARTESIAN_POINT ( 'NONE',  ( 5.200000000000000178, 8.000000000000000000, -17.39999999999999858 ) ) ;
#1660 = CARTESIAN_POINT ( 'NONE',  ( -3.221008436498810301, 8.002338641082699766, 17.25218307518635186 ) ) ;
#1661 = CARTESIAN_POINT ( 'NONE',  ( 6.400000000000000355, 9.149407376335959796, -17.69999999999999929 ) ) ;
#1662 = CARTESIAN_POINT ( 'NONE',  ( 6.100000000000000533, 8.000000000000000000, -20.66316514900654866 ) ) ;
#1663 = CARTESIAN_POINT ( 'NONE',  ( -6.100000000000002309, 8.212296364016681949, 15.35558452529493323 ) ) ;
#1664 = CARTESIAN_POINT ( 'NONE',  ( -7.206270968047889802, 9.002525907019849782, 17.26567319978349957 ) ) ;
#1665 = ORIENTED_EDGE ( 'NONE', *, *, #2924, .F. ) ;
#1666 = DIRECTION ( 'NONE',  ( 0.000000000000000000, -1.000000000000000000, 0.000000000000000000 ) ) ;
#1667 = EDGE_CURVE ( 'NONE', #2733, #885, #419, .T. ) ;
#1668 = AXIS2_PLACEMENT_3D ( 'NONE', #4375, #574, #2003 ) ;
#1669 =( NAMED_UNIT ( * ) PLANE_ANGLE_UNIT ( ) SI_UNIT ( $, .RADIAN. ) );
#1670 = CARTESIAN_POINT ( 'NONE',  ( 5.908179513928570437, 8.669641680069098300, -15.25828353037374896 ) ) ;
#1671 = CARTESIAN_POINT ( 'NONE',  ( -5.042772068018379628, 9.137386220635301370, 17.26567319978354931 ) ) ;
#1672 = VERTEX_POINT ( 'NONE', #3066 ) ;
#1673 = SURFACE_STYLE_USAGE ( .BOTH. , #2340 ) ;
#1674 = CARTESIAN_POINT ( 'NONE',  ( 5.042779238536700070, 9.137387565787509658, -18.73432680013230112 ) ) ;
#1675 = VECTOR ( 'NONE', #2399, 1000.000000000000000 ) ;
#1676 = FILL_AREA_STYLE_COLOUR ( '', #121 ) ;
#1677 = EDGE_LOOP ( 'NONE', ( #4348, #2267, #1389, #4192, #3541, #4397, #2112, #3537 ) ) ;
#1678 = CARTESIAN_POINT ( 'NONE',  ( 7.535425914098239808, 7.996972863773489593, -15.95014933705555116 ) ) ;
#1679 = CARTESIAN_POINT ( 'NONE',  ( 3.971601730226544280, 7.997119508931136878, -16.04020201055491057 ) ) ;
#1680 = CARTESIAN_POINT ( 'NONE',  ( -7.112358045371636628, 8.705515234480044384, 15.72825401221262887 ) ) ;
#1681 = CARTESIAN_POINT ( 'NONE',  ( 5.500000000000000000, 8.003720145055289947, -20.66283761977049949 ) ) ;
#1682 = FILL_AREA_STYLE_COLOUR ( '', #1084 ) ;
#1683 = CARTESIAN_POINT ( 'NONE',  ( -7.206270968047880032, 8.803374973118788915, 16.18812935040885037 ) ) ;
#1684 = ORIENTED_EDGE ( 'NONE', *, *, #3653, .T. ) ;
#1685 = FILL_AREA_STYLE ('',( #561 ) ) ;
#1686 = ADVANCED_FACE ( 'NONE', ( #3207 ), #1080, .T. ) ;
#1687 = DIRECTION ( 'NONE',  ( -0.7071067811865470176, 0.000000000000000000, -0.7071067811865480168 ) ) ;
#1688 =( NAMED_UNIT ( * ) PLANE_ANGLE_UNIT ( ) SI_UNIT ( $, .RADIAN. ) );
#1689 = CARTESIAN_POINT ( 'NONE',  ( -6.557220761524800601, 8.987441454326789980, 19.43626253844665186 ) ) ;
#1690 = ORIENTED_EDGE ( 'NONE', *, *, #3474, .F. ) ;
#1691 = CARTESIAN_POINT ( 'NONE',  ( 6.099999999999998757, 9.158488874087044707, -17.47874046988444263 ) ) ;
#1692 = CARTESIAN_POINT ( 'NONE',  ( 7.638974699569459403, 8.719266868596369235, -19.81187064948059984 ) ) ;
#1693 = B_SPLINE_CURVE_WITH_KNOTS ( 'NONE', 3,
 ( #3091, #940, #1376, #2791, #1012, #3821, #299, #2010, #1040, #4132, #4478, #676, #2374, #964, #2083, #4432, #2697, #1332 ),
 .UNSPECIFIED., .F., .F.,
 ( 4, 2, 2, 2, 2, 2, 2, 2, 4 ),
 ( 0.000000000000000000, 0.1250000000000000000, 0.2500000000000000000, 0.3750000000000000000, 0.5000000000000000000, 0.6250000000000000000, 0.7500000000000000000, 0.8750000000000000000, 1.000000000000000000 ),
 .UNSPECIFIED. ) ;
#1694 = CIRCLE ( 'NONE', #153, 0.3000000000000016542 ) ;
#1695 = B_SPLINE_CURVE_WITH_KNOTS ( 'NONE', 3,
 ( #3410, #641, #2049, #668, #1691, #3055 ),
 .UNSPECIFIED., .F., .F.,
 ( 4, 2, 4 ),
 ( 0.000000000000000000, 0.5000000000000000000, 1.000000000000000000 ),
 .UNSPECIFIED. ) ;
#1696 = FILL_AREA_STYLE_COLOUR ( '', #1302 ) ;
#1697 = LINE ( 'NONE', #2713, #3238 ) ;
#1698 = FILL_AREA_STYLE ('',( #1613 ) ) ;
#1699 = ADVANCED_FACE ( 'NONE', ( #3543 ), #44, .T. ) ;
#1700 = CARTESIAN_POINT ( 'NONE',  ( 8.300000000000000711, 6.500000000000000000, -20.10000000000000142 ) ) ;
#1701 = VERTEX_POINT ( 'NONE', #497 ) ;
#1702 = CARTESIAN_POINT ( 'NONE',  ( 6.626800875651194467, 8.704570952345125789, -15.50997382710107431 ) ) ;
#1703 = PRESENTATION_LAYER_ASSIGNMENT (  '', '', ( #2183 ) ) ;
#1704 = CARTESIAN_POINT ( 'NONE',  ( 3.126973206968339358, 8.002348715146467839, -17.80879828647187324 ) ) ;
#1705 = CARTESIAN_POINT ( 'NONE',  ( -6.875844081122370888, 8.882748128773920726, 16.38640866718264988 ) ) ;
#1706 = DIRECTION ( 'NONE',  ( 0.000000000000000000, 0.000000000000000000, 1.000000000000000000 ) ) ;
#1707 = CARTESIAN_POINT ( 'NONE',  ( -3.636658565269351051, 8.704551729498865242, 16.51542604352339438 ) ) ;
#1708 = MECHANICAL_DESIGN_GEOMETRIC_PRESENTATION_REPRESENTATION (  '', ( #1856 ), #3408 ) ;
#1709 = DIRECTION ( 'NONE',  ( 0.000000000000000000, 0.000000000000000000, 1.000000000000000000 ) ) ;
#1710 =( NAMED_UNIT ( * ) SI_UNIT ( $, .STERADIAN. ) SOLID_ANGLE_UNIT ( ) );
#1711 = CARTESIAN_POINT ( 'NONE',  ( -8.071671243412060548, 8.780991607526649645, 17.26567319978349957 ) ) ;
#1712 = ORIENTED_EDGE ( 'NONE', *, *, #1100, .F. ) ;
#1713 = DIRECTION ( 'NONE',  ( 1.000000000000000000, 0.000000000000000000, 0.000000000000000000 ) ) ;
#1714 = CARTESIAN_POINT ( 'NONE',  ( -5.356541822519008456, 9.164998116211764412, 18.33231958856730515 ) ) ;
#1715 = CARTESIAN_POINT ( 'NONE',  ( -8.504371381094170346, 8.533543838937200476, 19.87141384884015238 ) ) ;
#1716 = EDGE_LOOP ( 'NONE', ( #442, #3682, #2632, #371, #3155, #326 ) ) ;
#1717 = SURFACE_SIDE_STYLE ('',( #2072 ) ) ;
#1718 = CARTESIAN_POINT ( 'NONE',  ( 6.100000000000000533, 10.00000000000000000, -18.30000000000000071 ) ) ;
#1719 = PRODUCT ( 'SY5000-26-20A', 'SY5000-26-20A', '', ( #316 ) ) ;
#1720 = PRESENTATION_STYLE_ASSIGNMENT (( #2527 ) ) ;
#1721 = EDGE_LOOP ( 'NONE', ( #1179, #3149, #929, #4438 ) ) ;
#1722 = CARTESIAN_POINT ( 'NONE',  ( 7.051227807827578964, 8.878437493747870946, -16.52192958273130330 ) ) ;
#1723 = VECTOR ( 'NONE', #216, 1000.000000000000000 ) ;
#1724 = EDGE_CURVE ( 'NONE', #1936, #661, #2599, .T. ) ;
#1725 = CARTESIAN_POINT ( 'NONE',  ( 4.068076429396874083, 7.997422150083291825, -15.95372753647027508 ) ) ;
#1726 = CARTESIAN_POINT ( 'NONE',  ( 5.499999999990989430, 8.000000000000000000, -15.33683504317409962 ) ) ;
#1727 = CARTESIAN_POINT ( 'NONE',  ( -6.100000000000000533, 9.073399661183360720, 16.87552295992754736 ) ) ;
#1728 = CARTESIAN_POINT ( 'NONE',  ( -3.735943726098291950, 8.704388913960963592, 16.38040036481020323 ) ) ;
#1729 = CARTESIAN_POINT ( 'NONE',  ( 6.100000000000001421, 8.834636484763295883, -20.11214947915891926 ) ) ;
#1730 =( LENGTH_UNIT ( ) NAMED_UNIT ( * ) SI_UNIT ( .MILLI., .METRE. ) );
#1731 = CARTESIAN_POINT ( 'NONE',  ( -6.557220761524760633, 9.007500276393511029, 16.61811344749779806 ) ) ;
#1732 = VERTEX_POINT ( 'NONE', #1863 ) ;
#1733 = DIRECTION ( 'NONE',  ( -0.000000000000000000, 1.000000000000000000, 0.000000000000000000 ) ) ;
#1734 = SURFACE_STYLE_FILL_AREA ( #2779 ) ;
#1735 = FILL_AREA_STYLE_COLOUR ( '', #4379 ) ;
#1736 = VERTEX_POINT ( 'NONE', #2204 ) ;
#1737 = CARTESIAN_POINT ( 'NONE',  ( -5.799999999999999822, 7.200000000000000178, 15.25000000000000000 ) ) ;
#1738 = PRESENTATION_LAYER_ASSIGNMENT (  '', '', ( #3140 ) ) ;
#1739 =( LENGTH_UNIT ( ) NAMED_UNIT ( * ) SI_UNIT ( .MILLI., .METRE. ) );
#1740 = LINE ( 'NONE', #3177, #2113 ) ;
#1741 =( BOUNDED_SURFACE ( )  B_SPLINE_SURFACE ( 3, 2, ( 
 ( #2084, #2349, #3773 ),
 ( #4455, #3163, #3751 ),
 ( #631, #2746, #2035 ),
 ( #3444, #2106, #3507 ),
 ( #4182, #3065, #4479 ),
 ( #1333, #605, #4133 ),
 ( #653, #1311, #1752 ),
 ( #3489, #1728, #2427 ),
 ( #5, #1707, #2061 ),
 ( #989, #2400, #2444 ),
 ( #1402, #300, #3138 ),
 ( #256, #4158, #1660 ),
 ( #4524, #1378, #2721 ),
 ( #3116, #2012, #1354 ),
 ( #2770, #2810, #1014 ),
 ( #3822, #677, #2792 ),
 ( #3844, #696, #3304 ),
 ( #143, #3953, #2235 ),
 ( #1140, #802, #2276 ),
 ( #2920, #2629, #3656 ),
 ( #1563, #4317, #1889 ),
 ( #2298, #2558, #846 ),
 ( #4338, #189, #4020 ),
 ( #1911, #1168, #116 ),
 ( #1514, #3633, #2211 ),
 ( #477, #2941, #434 ),
 ( #2581, #1869, #3614 ),
 ( #1538, #2257, #456 ),
 ( #1843, #3280, #2896 ),
 ( #2655, #3256, #4042 ),
 ( #1185, #3974, #870 ),
 ( #3680, #525, #2606 ),
 ( #3998, #1588, #894 ),
 ( #4358, #824, #502 ),
 ( #1934, #3326, #3348 ),
 ( #2987, #165, #4384 ),
 ( #1240, #2962, #1212 ),
 ( #93, #1489, #4292 ),
 ( #3034, #4500, #2347 ),
 ( #2373, #1617, #2009 ),
 ( #578, #1262, #2323 ),
 ( #1983, #4431, #4086 ),
 ( #3396, #628, #3011 ),
 ( #254, #1352, #963 ),
 ( #939, #234, #4130 ),
 ( #914, #3748, #4108 ),
 ( #3090, #2718, #1658 ),
 ( #276, #650, #552 ),
 ( #2696, #3770, #3063 ),
 ( #2677, #297, #603 ),
 ( #4408, #1309, #2767 ),
 ( #1331, #1282, #3420 ),
 ( #2744, #4452, #2033 ),
 ( #1705, #4156, #986 ),
 ( #3442, #1680, #4477 ),
 ( #4065, #3795, #1638 ),
 ( #2398, #2058, #3467 ),
 ( #3114, #3722, #1010 ) ),
 .UNSPECIFIED., .F., .F., .F. ) 
 B_SPLINE_SURFACE_WITH_KNOTS ( ( 4, 2, 2, 2, 2, 2, 2, 2, 2, 2, 2, 2, 2, 2, 2, 2, 2, 2, 2, 2, 2, 2, 2, 2, 2, 2, 2, 2, 4 ),
 ( 3, 3 ),
 ( 0.0001279090338619109945, 0.0007700185600683539166, 0.001091073323171573833, 0.001412128086274796026, 0.001733182849378014966, 0.002054237612481240195, 0.002375292375584460002, 0.002696347138687679810, 0.003017401901790900051, 0.003338456664894125063, 0.003980566191100564678, 0.004301620954203784486, 0.004622675717307010365, 0.004943730480410230173, 0.005264785243513449980, 0.005585840006616669788, 0.005906894769719889596, 0.006227949532823109403, 0.006549004295926330078, 0.007191113822132780102, 0.007512168585235999910, 0.007833223348339220585, 0.008154278111442439525, 0.008475332874545660200, 0.008796387637648879140, 0.009117442400752099815, 0.009438497163855320490, 0.009759551926958549839, 0.01040166145316499986 ),
 ( 0.000000000000000000, 1.000000000000000000 ),
 .UNSPECIFIED. ) 
 GEOMETRIC_REPRESENTATION_ITEM ( )  RATIONAL_B_SPLINE_SURFACE ( (
 ( 1.000000000000000000, 0.8168728767757270637, 1.000000000000000000),
 ( 1.000000000000000000, 0.8169004680236150451, 1.000000000000000000),
 ( 1.000000000000000000, 0.8170425484429330032, 1.000000000000000000),
 ( 1.000000000000000000, 0.8170712543014529983, 1.000000000000000000),
 ( 1.000000000000000000, 0.8170605819779530599, 1.000000000000000000),
 ( 1.000000000000000000, 0.8170201347511599765, 1.000000000000000000),
 ( 1.000000000000000000, 0.8169916441784029759, 1.000000000000000000),
 ( 1.000000000000000000, 0.8169265282756089652, 1.000000000000000000),
 ( 1.000000000000000000, 0.8168891878304870291, 1.000000000000000000),
 ( 1.000000000000000000, 0.8167870578224429856, 1.000000000000000000),
 ( 1.000000000000000000, 0.8167214833965690257, 1.000000000000000000),
 ( 1.000000000000000000, 0.8165501552761440518, 1.000000000000000000),
 ( 1.000000000000000000, 0.8164417773801589950, 1.000000000000000000),
 ( 1.000000000000000000, 0.8162843923401200685, 1.000000000000000000),
 ( 1.000000000000000000, 0.8162286198778699875, 1.000000000000000000),
 ( 1.000000000000000000, 0.8161671677785130585, 1.000000000000000000),
 ( 1.000000000000000000, 0.8161627314026089763, 1.000000000000000000),
 ( 1.000000000000000000, 0.8161935135055969903, 1.000000000000000000),
 ( 1.000000000000000000, 0.8162242115034600287, 1.000000000000000000),
 ( 1.000000000000000000, 0.8162369364174760777, 1.000000000000000000),
 ( 1.000000000000000000, 0.8161791043168080684, 1.000000000000000000),
 ( 1.000000000000000000, 0.8160948910763209385, 1.000000000000000000),
 ( 1.000000000000000000, 0.8160663741876760247, 1.000000000000000000),
 ( 1.000000000000000000, 0.8159957522451329881, 1.000000000000000000),
 ( 1.000000000000000000, 0.8159517129382030109, 1.000000000000000000),
 ( 1.000000000000000000, 0.8158360297669169370, 1.000000000000000000),
 ( 1.000000000000000000, 0.8157582796157439864, 1.000000000000000000),
 ( 1.000000000000000000, 0.8156575109788559708, 1.000000000000000000),
 ( 1.000000000000000000, 0.8156313191410660135, 1.000000000000000000),
 ( 1.000000000000000000, 0.8156313205462590865, 1.000000000000000000),
 ( 1.000000000000000000, 0.8156575155813901024, 1.000000000000000000),
 ( 1.000000000000000000, 0.8157582741741400412, 1.000000000000000000),
 ( 1.000000000000000000, 0.8158360213223639912, 1.000000000000000000),
 ( 1.000000000000000000, 0.8159517071964429435, 1.000000000000000000),
 ( 1.000000000000000000, 0.8159957393635689504, 1.000000000000000000),
 ( 1.000000000000000000, 0.8160663530862889425, 1.000000000000000000),
 ( 1.000000000000000000, 0.8160948677116870442, 1.000000000000000000),
 ( 1.000000000000000000, 0.8161790858127719872, 1.000000000000000000),
 ( 1.000000000000000000, 0.8162369399910130996, 1.000000000000000000),
 ( 1.000000000000000000, 0.8162242280804080652, 1.000000000000000000),
 ( 1.000000000000000000, 0.8161935303996439295, 1.000000000000000000),
 ( 1.000000000000000000, 0.8161627399262100235, 1.000000000000000000),
 ( 1.000000000000000000, 0.8161671804261090291, 1.000000000000000000),
 ( 1.000000000000000000, 0.8162286237113459686, 1.000000000000000000),
 ( 1.000000000000000000, 0.8162843903136099977, 1.000000000000000000),
 ( 1.000000000000000000, 0.8164417947859180513, 1.000000000000000000),
 ( 1.000000000000000000, 0.8165501615596270080, 1.000000000000000000),
 ( 1.000000000000000000, 0.8167214755417739891, 1.000000000000000000),
 ( 1.000000000000000000, 0.8167870518814580594, 1.000000000000000000),
 ( 1.000000000000000000, 0.8168891866193860318, 1.000000000000000000),
 ( 1.000000000000000000, 0.8169265213126229996, 1.000000000000000000),
 ( 1.000000000000000000, 0.8169916341185969877, 1.000000000000000000),
 ( 1.000000000000000000, 0.8170201244967220111, 1.000000000000000000),
 ( 1.000000000000000000, 0.8170605724589600216, 1.000000000000000000),
 ( 1.000000000000000000, 0.8170712488429239251, 1.000000000000000000),
 ( 1.000000000000000000, 0.8170425491847699284, 1.000000000000000000),
 ( 1.000000000000000000, 0.8169004730449370699, 1.000000000000000000),
 ( 1.000000000000000000, 0.8168728760771230002, 1.000000000000000000) ) ) 
 REPRESENTATION_ITEM ( '' )  SURFACE ( )  );
#1742 = ORIENTED_EDGE ( 'NONE', *, *, #1407, .T. ) ;
#1743 = CARTESIAN_POINT ( 'NONE',  ( 5.119569179445040419, 7.998840622754049612, -15.40207537781905067 ) ) ;
#1744 = AXIS2_PLACEMENT_3D ( 'NONE', #716, #1773, #360 ) ;
#1745 = PRESENTATION_LAYER_ASSIGNMENT (  '', '', ( #3074 ) ) ;
#1746 = B_SPLINE_CURVE_WITH_KNOTS ( 'NONE', 3,
 ( #1986, #2995, #531, #3662, #4002, #508 ),
 .UNSPECIFIED., .F., .F.,
 ( 4, 2, 4 ),
 ( 0.000000000000000000, 0.5000000000000000000, 1.000000000000000000 ),
 .UNSPECIFIED. ) ;
#1747 = EDGE_CURVE ( 'NONE', #2474, #1672, #775, .T. ) ;
#1748 = CARTESIAN_POINT ( 'NONE',  ( -7.692856513439198629, 8.883666488001324524, 17.54372408793222604 ) ) ;
#1749 =( NAMED_UNIT ( * ) SI_UNIT ( $, .STERADIAN. ) SOLID_ANGLE_UNIT ( ) );
#1750 = CARTESIAN_POINT ( 'NONE',  ( -3.095628601972540306, 8.473108934735670061, 15.75814525331994886 ) ) ;
#1751 = MECHANICAL_DESIGN_GEOMETRIC_PRESENTATION_REPRESENTATION (  '', ( #3727 ), #2484 ) ;
#1752 = CARTESIAN_POINT ( 'NONE',  ( -3.914222217722454822, 8.001231053869300780, 16.08826563347250271 ) ) ;
#1753 =( NAMED_UNIT ( * ) SI_UNIT ( $, .STERADIAN. ) SOLID_ANGLE_UNIT ( ) );
#1754 = ADVANCED_FACE ( 'NONE', ( #3904 ), #1557, .T. ) ;
#1755 = CARTESIAN_POINT ( 'NONE',  ( -7.206270968047911119, 9.027691825113549839, 18.13080860726600108 ) ) ;
#1756 = ORIENTED_EDGE ( 'NONE', *, *, #4405, .T. ) ;
#1757 = FILL_AREA_STYLE ('',( #3850 ) ) ;
#1758 = CARTESIAN_POINT ( 'NONE',  ( -6.580000000000129745, 9.128836702785429580, 17.69999999999999929 ) ) ;
#1759 = CARTESIAN_POINT ( 'NONE',  ( -4.393723649876174697, 8.785704600192598690, 19.87141384884020212 ) ) ;
#1760 = VERTEX_POINT ( 'NONE', #3296 ) ;
#1761 = COLOUR_RGB ( '',0.7529411764705882248, 0.7529411764705882248, 0.7529411764705882248 ) ;
#1762 = DIRECTION ( 'NONE',  ( 0.000000000000000000, -1.000000000000000000, 0.000000000000000000 ) ) ;
#1763 = UNCERTAINTY_MEASURE_WITH_UNIT (LENGTH_MEASURE( 1.000000000000000082E-05 ), #1589, 'distance_accuracy_value', 'NONE');
#1764 = CARTESIAN_POINT ( 'NONE',  ( 5.799999999999999822, 7.200000000000000178, -18.00000000000000000 ) ) ;
#1765 = CARTESIAN_POINT ( 'NONE',  ( 5.908179513928490501, 8.811602777714519164, -20.24185474655899952 ) ) ;
#1766 = ORIENTED_EDGE ( 'NONE', *, *, #1974, .F. ) ;
#1767 = CARTESIAN_POINT ( 'NONE',  ( 5.628179915060350424, 7.999533011337730315, -15.31994999822874881 ) ) ;
#1768 = VECTOR ( 'NONE', #3210, 1000.000000000000000 ) ;
#1769 = STYLED_ITEM ( 'NONE', ( #3613 ), #571 ) ;
#1770 = CARTESIAN_POINT ( 'NONE',  ( -7.693091654221029252, 8.882734039088369116, 18.45165040518645228 ) ) ;
#1771 = CARTESIAN_POINT ( 'NONE',  ( -4.299999999999999822, 10.00000000000000000, 17.69999999999999929 ) ) ;
#1772 =( NAMED_UNIT ( * ) SI_UNIT ( $, .STERADIAN. ) SOLID_ANGLE_UNIT ( ) );
#1773 = DIRECTION ( 'NONE',  ( 0.000000000000000000, -1.000000000000000000, 0.000000000000000000 ) ) ;
#1774 = EDGE_CURVE ( 'NONE', #612, #3307, #4353, .T. ) ;
#1775 = MECHANICAL_DESIGN_GEOMETRIC_PRESENTATION_REPRESENTATION (  '', ( #3972 ), #81 ) ;
#1776 = DIRECTION ( 'NONE',  ( 0.000000000000000000, 0.000000000000000000, 1.000000000000000000 ) ) ;
#1777 = CARTESIAN_POINT ( 'NONE',  ( 6.100000000000000533, 8.001860072165229099, -20.66300138451505219 ) ) ;
#1778 = EDGE_CURVE ( 'NONE', #219, #4420, #472, .T. ) ;
#1779 = CARTESIAN_POINT ( 'NONE',  ( -3.961025300574985142, 8.706005148881789779, 19.87141384884020212 ) ) ;
#1780 = ORIENTED_EDGE ( 'NONE', *, *, #1614, .F. ) ;
#1781 = PLANE ( 'NONE',  #1937 ) ;
#1782 = SURFACE_SIDE_STYLE ('',( #3129 ) ) ;
#1783 = CARTESIAN_POINT ( 'NONE',  ( 5.799999999999999822, 7.200000000000000178, -15.25000000000000000 ) ) ;
#1784 = CARTESIAN_POINT ( 'NONE',  ( 5.691829445080529126, 8.688148367413029760, -20.67183884363739921 ) ) ;
#1785 = VERTEX_POINT ( 'NONE', #1483 ) ;
#1786 = ORIENTED_EDGE ( 'NONE', *, *, #236, .F. ) ;
#1787 = CARTESIAN_POINT ( 'NONE',  ( 5.675355667576690522, 8.881394436906999701, -16.06915134194949957 ) ) ;
#1788 = VECTOR ( 'NONE', #2498, 1000.000000000000000 ) ;
#1789 = STYLED_ITEM ( 'NONE', ( #1047 ), #2233 ) ;
#1790 = FILL_AREA_STYLE_COLOUR ( '', #2262 ) ;
#1791 = CARTESIAN_POINT ( 'NONE',  ( 5.500000000000000000, 9.120389881393569098, -18.86223852003680079 ) ) ;
#1792 = DIRECTION ( 'NONE',  ( 0.000000000000000000, 0.000000000000000000, -1.000000000000000000 ) ) ;
#1793 = CARTESIAN_POINT ( 'NONE',  ( -3.961025300574929631, 8.633095530849679733, 15.75814525331994886 ) ) ;
#1794 = FILL_AREA_STYLE_COLOUR ( '', #2577 ) ;
#1795 = STYLED_ITEM ( 'NONE', ( #699 ), #2598 ) ;
#1796 = CIRCLE ( 'NONE', #3429, 0.3000000000000016542 ) ;
#1797 = SURFACE_SIDE_STYLE ('',( #2148 ) ) ;
#1798 = DIRECTION ( 'NONE',  ( 0.000000000000000000, 1.000000000000000000, 0.000000000000000000 ) ) ;
#1799 = CARTESIAN_POINT ( 'NONE',  ( -3.095628601972610028, 8.405618607768360562, 20.74171646962729909 ) ) ;
#1800 = VERTEX_POINT ( 'NONE', #1533 ) ;
#1801 = UNCERTAINTY_MEASURE_WITH_UNIT (LENGTH_MEASURE( 1.000000000000000082E-05 ), #3937, 'distance_accuracy_value', 'NONE');
#1802 = DIRECTION ( 'NONE',  ( -1.000000000000000000, 0.000000000000000000, 0.000000000000000000 ) ) ;
#1803 = ORIENTED_EDGE ( 'NONE', *, *, #633, .F. ) ;
#1804 = PLANE ( 'NONE',  #2302 ) ;
#1805 = EDGE_CURVE ( 'NONE', #4206, #1096, #1205, .T. ) ;
#1806 = SURFACE_STYLE_USAGE ( .BOTH. , #131 ) ;
#1807 = CARTESIAN_POINT ( 'NONE',  ( 6.321249319906232955, 9.161101810160916514, -18.30000000000001492 ) ) ;
#1808 = CARTESIAN_POINT ( 'NONE',  ( 3.095628618905115204, 8.596309893736091112, -19.38188655240210068 ) ) ;
#1809 = ORIENTED_EDGE ( 'NONE', *, *, #1614, .T. ) ;
#1810 = VECTOR ( 'NONE', #286, 1000.000000000000000 ) ;
#1811 = EDGE_LOOP ( 'NONE', ( #3459, #974, #2932, #2041 ) ) ;
#1812 = CARTESIAN_POINT ( 'NONE',  ( 4.973234792758678857, 8.704571057878693452, -15.50996150791513450 ) ) ;
#1813 = STYLED_ITEM ( 'NONE', ( #380 ), #3606 ) ;
#1814 = DIRECTION ( 'NONE',  ( -1.000000000000000000, 0.000000000000000000, 0.000000000000000000 ) ) ;
#1815 =( LENGTH_UNIT ( ) NAMED_UNIT ( * ) SI_UNIT ( .MILLI., .METRE. ) );
#1816 = CARTESIAN_POINT ( 'NONE',  ( 5.500000000000000000, 8.830269160007595985, -15.89061562912230308 ) ) ;
#1817 = CARTESIAN_POINT ( 'NONE',  ( -7.206270968047870262, 8.599490281254210444, 15.32816115623094966 ) ) ;
#1818 = MECHANICAL_DESIGN_GEOMETRIC_PRESENTATION_REPRESENTATION (  '', ( #1300 ), #2991 ) ;
#1819 =( NAMED_UNIT ( * ) PLANE_ANGLE_UNIT ( ) SI_UNIT ( $, .RADIAN. ) );
#1820 = FACE_OUTER_BOUND ( 'NONE', #2910, .T. ) ;
#1821 = CARTESIAN_POINT ( 'NONE',  ( -7.206270968047930658, 8.689517064796319801, 20.30656515923370264 ) ) ;
#1822 = ORIENTED_EDGE ( 'NONE', *, *, #2460, .F. ) ;
#1823 = VECTOR ( 'NONE', #2260, 1000.000000000000000 ) ;
#1824 = AXIS2_PLACEMENT_3D ( 'NONE', #1548, #1573, #811 ) ;
#1825 = AXIS2_PLACEMENT_3D ( 'NONE', #88, #3922, #1838 ) ;
#1826 = SURFACE_SIDE_STYLE ('',( #4252 ) ) ;
#1827 = CYLINDRICAL_SURFACE ( 'NONE', #718, 0.3000000000000016542 ) ;
#1828 = VERTEX_POINT ( 'NONE', #3232 ) ;
#1829 = FILL_AREA_STYLE ('',( #3572 ) ) ;
#1830 = B_SPLINE_CURVE_WITH_KNOTS ( 'NONE', 5,
 ( #926, #4441, #4395, #2313, #971, #4119 ),
 .UNSPECIFIED., .F., .F.,
 ( 6, 6 ),
 ( 5.154073941047569604E-05, 0.001386004342758050166 ),
 .UNSPECIFIED. ) ;
#1831 = EDGE_CURVE ( 'NONE', #2453, #3472, #1967, .T. ) ;
#1832 = CARTESIAN_POINT ( 'NONE',  ( 4.299999999999999822, 8.992169547497770310, -18.05999999999999872 ) ) ;
#1833 = PLANE ( 'NONE',  #4183 ) ;
#1834 = CARTESIAN_POINT ( 'NONE',  ( 5.042779238536700070, 9.137387565787509658, -18.73432680013230112 ) ) ;
#1835 = ORIENTED_EDGE ( 'NONE', *, *, #3882, .F. ) ;
#1836 = CARTESIAN_POINT ( 'NONE',  ( 3.151594321250465125, 8.001842381702500617, -17.55655916260020177 ) ) ;
#1837 = EDGE_CURVE ( 'NONE', #2217, #1103, #1279, .T. ) ;
#1838 = DIRECTION ( 'NONE',  ( 0.000000000000000000, 0.000000000000000000, 1.000000000000000000 ) ) ;
#1839 = STYLED_ITEM ( 'NONE', ( #4054 ), #1178 ) ;
#1840 = CARTESIAN_POINT ( 'NONE',  ( -5.691820486160589887, 8.811602777678608334, 15.75814525331990090 ) ) ;
#1841 = FILL_AREA_STYLE_COLOUR ( '', #1622 ) ;
#1842 =( GEOMETRIC_REPRESENTATION_CONTEXT ( 3 ) GLOBAL_UNCERTAINTY_ASSIGNED_CONTEXT ( ( #3243 ) ) GLOBAL_UNIT_ASSIGNED_CONTEXT ( ( #2491, #3927, #4376 ) ) REPRESENTATION_CONTEXT ( 'NONE', 'WORKASPACE' ) );
#1843 = CARTESIAN_POINT ( 'NONE',  ( -5.675353953509380212, 8.881394438401560620, 19.93084854268415285 ) ) ;
#1844 = CARTESIAN_POINT ( 'NONE',  ( -4.299999999999999822, 8.000000000000000000, 18.30000000000000071 ) ) ;
#1845 = CARTESIAN_POINT ( 'NONE',  ( -6.100000000000000533, 10.00000000000000000, 15.25000000000000000 ) ) ;
#1846 = CARTESIAN_POINT ( 'NONE',  ( -5.042772068018419596, 8.652163629358229358, 20.74171646962724935 ) ) ;
#1847 = VERTEX_POINT ( 'NONE', #3200 ) ;
#1848 = AXIS2_PLACEMENT_3D ( 'NONE', #4171, #3811, #308 ) ;
#1849 = UNCERTAINTY_MEASURE_WITH_UNIT (LENGTH_MEASURE( 1.000000000000000082E-05 ), #4534, 'distance_accuracy_value', 'NONE');
#1850 = FILL_AREA_STYLE ('',( #2926 ) ) ;
#1851 = CARTESIAN_POINT ( 'NONE',  ( -7.634186053021964291, 7.997100417257426486, 19.95437379280257773 ) ) ;
#1852 =( LENGTH_UNIT ( ) NAMED_UNIT ( * ) SI_UNIT ( .MILLI., .METRE. ) );
#1853 = ORIENTED_EDGE ( 'NONE', *, *, #1430, .F. ) ;
#1854 =( NAMED_UNIT ( * ) SI_UNIT ( $, .STERADIAN. ) SOLID_ANGLE_UNIT ( ) );
#1855 = B_SPLINE_CURVE_WITH_KNOTS ( 'NONE', 5,
 ( #1410, #3101, #266, #2020, #995, #1360 ),
 .UNSPECIFIED., .F., .F.,
 ( 6, 6 ),
 ( 8.673617379884039324E-19, 0.0009151022801599849408 ),
 .UNSPECIFIED. ) ;
#1856 = STYLED_ITEM ( 'NONE', ( #975 ), #179 ) ;
#1857 =( LENGTH_UNIT ( ) NAMED_UNIT ( * ) SI_UNIT ( .MILLI., .METRE. ) );
#1858 = SURFACE_STYLE_USAGE ( .BOTH. , #154 ) ;
#1859 = CARTESIAN_POINT ( 'NONE',  ( 5.042779238536719610, 9.168722320525239056, -17.86919139267099865 ) ) ;
#1860 = ORIENTED_EDGE ( 'NONE', *, *, #3930, .F. ) ;
#1861 = ORIENTED_EDGE ( 'NONE', *, *, #3798, .F. ) ;
#1862 = CARTESIAN_POINT ( 'NONE',  ( 4.075138296114985792, 8.882365076398370363, -18.88467671732604813 ) ) ;
#1863 = CARTESIAN_POINT ( 'NONE',  ( -7.299999999999999822, 8.982659261378559634, 18.30000000000000071 ) ) ;
#1864 = CARTESIAN_POINT ( 'NONE',  ( 4.655579937964262172, 8.882427175356658822, -19.57776397442412630 ) ) ;
#1865 = DIRECTION ( 'NONE',  ( -0.7071067811865480168, 0.000000000000000000, 0.7071067811865470176 ) ) ;
#1866 = CARTESIAN_POINT ( 'NONE',  ( -4.393723649876154269, 9.027690393440051864, 18.13080860726604726 ) ) ;
#1867 = EDGE_CURVE ( 'NONE', #1876, #2540, #1075, .T. ) ;
#1868 = DIRECTION ( 'NONE',  ( 0.000000000000000000, 0.000000000000000000, -1.000000000000000000 ) ) ;
#1869 = CARTESIAN_POINT ( 'NONE',  ( -5.133028016426002260, 8.705164025031081110, 20.53747263674461365 ) ) ;
#1870 = SURFACE_STYLE_USAGE ( .BOTH. , #1797 ) ;
#1871 = CARTESIAN_POINT ( 'NONE',  ( -5.908170555001690083, 8.903613804742219529, 19.87141384884020212 ) ) ;
#1872 = ORIENTED_EDGE ( 'NONE', *, *, #1211, .F. ) ;
#1873 = PRESENTATION_LAYER_ASSIGNMENT (  '', '', ( #1425 ) ) ;
#1874 = CARTESIAN_POINT ( 'NONE',  ( 5.691829445080589522, 9.162702263535461356, -17.21646442709670310 ) ) ;
#1875 =( NAMED_UNIT ( * ) PLANE_ANGLE_UNIT ( ) SI_UNIT ( $, .RADIAN. ) );
#1876 = VERTEX_POINT ( 'NONE', #2478 ) ;
#1877 = FILL_AREA_STYLE ('',( #2218 ) ) ;
#1878 = LINE ( 'NONE', #3982, #1598 ) ;
#1879 = CARTESIAN_POINT ( 'NONE',  ( 4.393729031992854139, 9.029077348498390165, -18.08676704786240208 ) ) ;
#1880 = ORIENTED_EDGE ( 'NONE', *, *, #936, .F. ) ;
#1881 = DIRECTION ( 'NONE',  ( -1.000000000000000000, 0.000000000000000000, 0.000000000000000000 ) ) ;
#1882 = CARTESIAN_POINT ( 'NONE',  ( 4.459690070138025320, 8.002593936486960047, -20.32677562077959976 ) ) ;
#1883 = SURFACE_SIDE_STYLE ('',( #2164 ) ) ;
#1884 = CARTESIAN_POINT ( 'NONE',  ( 7.819189922253487524, 8.001265505947808165, -19.76222548286424896 ) ) ;
#1885 =( LENGTH_UNIT ( ) NAMED_UNIT ( * ) SI_UNIT ( .MILLI., .METRE. ) );
#1886 = CARTESIAN_POINT ( 'NONE',  ( -6.557220761524781061, 9.137387565753760654, 17.26567319978354931 ) ) ;
#1887 = EDGE_CURVE ( 'NONE', #2301, #2067, #708, .T. ) ;
#1888 = CARTESIAN_POINT ( 'NONE',  ( -7.500000000000000000, 6.500000000000000000, 24.00000000000000000 ) ) ;
#1889 = CARTESIAN_POINT ( 'NONE',  ( -3.692121237452604898, 7.997325530018490447, 19.69098799991919790 ) ) ;
#1890 = CARTESIAN_POINT ( 'NONE',  ( -7.500000000000000000, 6.500000000000000000, -21.39999999999999858 ) ) ;
#1891 = VERTEX_POINT ( 'NONE', #332 ) ;
#1892 = CIRCLE ( 'NONE', #3878, 0.3000000000000016542 ) ;
#1893 = PRESENTATION_LAYER_ASSIGNMENT (  '', '', ( #3517 ) ) ;
#1894 = CARTESIAN_POINT ( 'NONE',  ( 7.206276350254499974, 8.785704600158709354, -16.12858615113954741 ) ) ;
#1895 = EDGE_CURVE ( 'NONE', #191, #41, #1367, .T. ) ;
#1896 = PLANE ( 'NONE',  #1126 ) ;
#1897 = PRESENTATION_STYLE_ASSIGNMENT (( #2587 ) ) ;
#1898 = CARTESIAN_POINT ( 'NONE',  ( 6.099997240466239923, 8.000000000000000000, -15.33688421044515060 ) ) ;
#1899 = ORIENTED_EDGE ( 'NONE', *, *, #2011, .F. ) ;
#1900 = SURFACE_STYLE_FILL_AREA ( #1132 ) ;
#1901 = FILL_AREA_STYLE ('',( #133 ) ) ;
#1902 = CARTESIAN_POINT ( 'NONE',  ( 4.393729031992824829, 8.803374973158849315, -19.81187064948054655 ) ) ;
#1903 = ORIENTED_EDGE ( 'NONE', *, *, #2849, .F. ) ;
#1904 = CARTESIAN_POINT ( 'NONE',  ( -8.300000000000000711, 6.500000000000000000, 15.90000000000000036 ) ) ;
#1905 = CARTESIAN_POINT ( 'NONE',  ( 4.274643715291914781, 8.881829866812941177, -19.19693835282025063 ) ) ;
#1906 = DIRECTION ( 'NONE',  ( -1.000000000000000000, 0.000000000000000000, 0.000000000000000000 ) ) ;
#1907 = CARTESIAN_POINT ( 'NONE',  ( 8.307927881085213073, 8.001997340407163151, -18.94689825334794619 ) ) ;
#1908 =( NAMED_UNIT ( * ) SI_UNIT ( $, .STERADIAN. ) SOLID_ANGLE_UNIT ( ) );
#1909 = CARTESIAN_POINT ( 'NONE',  ( -6.557220761524760633, 8.900459654733559489, 16.18812935040885037 ) ) ;
#1910 = CARTESIAN_POINT ( 'NONE',  ( 6.331489566555028148, 8.708742866361424362, -20.58501133540051953 ) ) ;
#1911 = CARTESIAN_POINT ( 'NONE',  ( -4.849408337708029926, 8.878935552546979082, 19.68668587689575133 ) ) ;
#1912 = SURFACE_STYLE_FILL_AREA ( #1984 ) ;
#1913 = CARTESIAN_POINT ( 'NONE',  ( -4.655325400091586019, 8.878423087260014057, 19.57401431074311660 ) ) ;
#1914 = ORIENTED_EDGE ( 'NONE', *, *, #1837, .F. ) ;
#1915 = ADVANCED_FACE ( 'NONE', ( #728 ), #374, .T. ) ;
#1916 = CARTESIAN_POINT ( 'NONE',  ( 5.908179513928559778, 8.788734555731428699, -15.69343484075665174 ) ) ;
#1917 = CARTESIAN_POINT ( 'NONE',  ( -8.475516053719406528, 8.002417351856070837, 18.15143009029395671 ) ) ;
#1918 = CARTESIAN_POINT ( 'NONE',  ( -5.908170555001640345, 8.927396163781889271, 16.18812935040885037 ) ) ;
#1919 = ORIENTED_EDGE ( 'NONE', *, *, #4208, .F. ) ;
#1920 = STYLED_ITEM ( 'NONE', ( #1897 ), #4022 ) ;
#1921 = CARTESIAN_POINT ( 'NONE',  ( 8.300000000000000711, 6.500000000000000000, -16.85435607626105181 ) ) ;
#1922 = EDGE_CURVE ( 'NONE', #4024, #1249, #978, .T. ) ;
#1923 = UNCERTAINTY_MEASURE_WITH_UNIT (LENGTH_MEASURE( 1.000000000000000082E-05 ), #2956, 'distance_accuracy_value', 'NONE');
#1924 = PRESENTATION_STYLE_ASSIGNMENT (( #1858 ) ) ;
#1925 = CARTESIAN_POINT ( 'NONE',  ( 7.638974699569510030, 8.788473123353238492, -16.56373746152240045 ) ) ;
#1926 = ORIENTED_EDGE ( 'NONE', *, *, #1640, .F. ) ;
#1927 = CARTESIAN_POINT ( 'NONE',  ( 6.100000000000000533, 10.00000000000000000, -18.59999999999999787 ) ) ;
#1928 = CARTESIAN_POINT ( 'NONE',  ( 5.600462267752030598, 8.709129574435360510, -20.61035315492710041 ) ) ;
#1929 = UNCERTAINTY_MEASURE_WITH_UNIT (LENGTH_MEASURE( 1.000000000000000082E-05 ), #128, 'distance_accuracy_value', 'NONE');
#1930 = CARTESIAN_POINT ( 'NONE',  ( -3.873435248471957415, 7.997508376386833540, 19.86506935201148139 ) ) ;
#1931 = CARTESIAN_POINT ( 'NONE',  ( 4.299999999999999822, 8.000000000000000000, -17.69999999999999929 ) ) ;
#1932 = CARTESIAN_POINT ( 'NONE',  ( 5.200000000000000178, 9.149407380997910622, -17.69999999999999929 ) ) ;
#1933 = CARTESIAN_POINT ( 'NONE',  ( 5.799999999999999822, 7.999533011481299916, -15.31995007461934932 ) ) ;
#1934 = CARTESIAN_POINT ( 'NONE',  ( -6.750568490100520513, 8.878935648278350357, 19.68669847416055063 ) ) ;
#1935 = CARTESIAN_POINT ( 'NONE',  ( -4.180607690279225963, 8.881838579725885197, 16.91622451932809668 ) ) ;
#1936 = VERTEX_POINT ( 'NONE', #3522 ) ;
#1937 = AXIS2_PLACEMENT_3D ( 'NONE', #3150, #727, #3897 ) ;
#1938 = CARTESIAN_POINT ( 'NONE',  ( 3.528328756601069927, 8.693245117768759300, -16.56373746152235071 ) ) ;
#1939 =( NAMED_UNIT ( * ) PLANE_ANGLE_UNIT ( ) SI_UNIT ( $, .RADIAN. ) );
#1940 = CARTESIAN_POINT ( 'NONE',  ( -7.277708241497811592, 8.002156641794663017, 15.76361014948126105 ) ) ;
#1941 = CARTESIAN_POINT ( 'NONE',  ( -6.100000000000000533, 8.403724336096724201, 20.56124671948361993 ) ) ;
#1942 = ORIENTED_EDGE ( 'NONE', *, *, #257, .F. ) ;
#1943 = LINE ( 'NONE', #790, #3120 ) ;
#1944 =( LENGTH_UNIT ( ) NAMED_UNIT ( * ) SI_UNIT ( .MILLI., .METRE. ) );
#1945 = FACE_OUTER_BOUND ( 'NONE', #3119, .T. ) ;
#1946 = ADVANCED_FACE ( 'NONE', ( #3176 ), #2458, .F. ) ;
#1947 = VERTEX_POINT ( 'NONE', #2415 ) ;
#1948 = CARTESIAN_POINT ( 'NONE',  ( -5.799999999999999822, 8.000000000000000000, 15.31999093082074914 ) ) ;
#1949 = CARTESIAN_POINT ( 'NONE',  ( 3.636641914359112882, 8.704551756450584321, -19.48455046505645072 ) ) ;
#1950 = CARTESIAN_POINT ( 'NONE',  ( -4.716003551872357313, 7.997897679991915254, 20.45139108761476976 ) ) ;
#1951 = CARTESIAN_POINT ( 'NONE',  ( 4.065646796414053021, 8.880345531114281599, -17.11601276820519146 ) ) ;
#1952 =( NAMED_UNIT ( * ) SI_UNIT ( $, .STERADIAN. ) SOLID_ANGLE_UNIT ( ) );
#1953 = CARTESIAN_POINT ( 'NONE',  ( -5.278750680035035892, 9.161101810155464875, 17.69999999999999574 ) ) ;
#1954 =( LENGTH_UNIT ( ) NAMED_UNIT ( * ) SI_UNIT ( .MILLI., .METRE. ) );
#1955 = LINE ( 'NONE', #3373, #496 ) ;
#1956 = SURFACE_SIDE_STYLE ('',( #554 ) ) ;
#1957 = COLOUR_RGB ( '',0.7529411764705882248, 0.7529411764705882248, 0.7529411764705882248 ) ;
#1958 = ORIENTED_EDGE ( 'NONE', *, *, #2564, .T. ) ;
#1959 = VECTOR ( 'NONE', #1069, 1000.000000000000000 ) ;
#1960 =( GEOMETRIC_REPRESENTATION_CONTEXT ( 3 ) GLOBAL_UNCERTAINTY_ASSIGNED_CONTEXT ( ( #1599 ) ) GLOBAL_UNIT_ASSIGNED_CONTEXT ( ( #4201, #4267, #3161 ) ) REPRESENTATION_CONTEXT ( 'NONE', 'WORKASPACE' ) );
#1961 = CARTESIAN_POINT ( 'NONE',  ( 3.961028894296974912, 8.788473963384708654, -16.56373746152235071 ) ) ;
#1962 = CARTESIAN_POINT ( 'NONE',  ( 0.000000000000000000, 6.500000000000000000, 0.000000000000000000 ) ) ;
#1963 = CARTESIAN_POINT ( 'NONE',  ( -7.893925936195441473, 8.001339167824376375, 16.32725478887866188 ) ) ;
#1964 = DIRECTION ( 'NONE',  ( 0.000000000000000000, -1.000000000000000000, 0.000000000000000000 ) ) ;
#1965 = ORIENTED_EDGE ( 'NONE', *, *, #36, .T. ) ;
#1966 = FILL_AREA_STYLE_COLOUR ( '', #3810 ) ;
#1967 = B_SPLINE_CURVE_WITH_KNOTS ( 'NONE', 3,
 ( #4470, #4103, #910, #4082, #1234, #2028, #3391, #3717, #3058, #1611, #3368, #1303, #3084, #2623, #2318, #595, #2712, #4013, #2001, #4059, #3436, #1632, #4037, #186, #2648, #3413, #4448, #934, #205, #865, #272, #2271, #2343, #3674, #1583, #520, #3742, #250, #1930, #545, #3007, #1653, #3343, #2981, #889, #4373, #956, #2295, #2366, #3695, #1950, #4401, #1257, #1977, #228, #3766, #572, #2672, #3028, #4424 ),
 .UNSPECIFIED., .F., .F.,
 ( 4, 2, 2, 1, 2, 2, 1, 2, 2, 2, 2, 2, 2, 1, 1, 2, 2, 2, 2, 2, 2, 2, 2, 2, 1, 2, 2, 2, 2, 2, 1, 2, 4 ),
 ( 0.000000000000000000, 0.1192684984928032155, 0.2385369969856067363, 0.2459912781414075045, 0.2497184187193079719, 0.2515819890082587329, 0.2534455592972094662, 0.2683541216088224934, 0.2981712462320465495, 0.3578054954784935515, 0.3727140577901050800, 0.3745776280790565904, 0.3764411983680081564, 0.3801683389459111773, 0.3876226201017183848, 0.4174397447249438842, 0.4770739939713961042, 0.5068911185946215481, 0.5367082432178468254, 0.5963424924642962699, 0.7156109909571941596, 0.7454281155804193260, 0.7491552561583223468, 0.7528823967362252567, 0.7603366778920310765, 0.7752452402036431600, 0.8348794894500934927, 0.8646966140733189921, 0.8721508952291252559, 0.8758780358070282768, 0.8796051763849314087, 0.8945137386965439363, 0.9541479879429930477 ),
 .UNSPECIFIED. ) ;
#1968 = FILL_AREA_STYLE_COLOUR ( '', #1989 ) ;
#1969 = CARTESIAN_POINT ( 'NONE',  ( 8.504371398199550569, 8.591597150084210099, -16.56373746152244664 ) ) ;
#1970 = VERTEX_POINT ( 'NONE', #3814 ) ;
#1971 = MECHANICAL_DESIGN_GEOMETRIC_PRESENTATION_REPRESENTATION (  '', ( #3583 ), #3378 ) ;
#1972 = CARTESIAN_POINT ( 'NONE',  ( -6.940000000008800463, 9.062864307517449092, 18.30000000000000071 ) ) ;
#1973 = CARTESIAN_POINT ( 'NONE',  ( 3.095628618905124974, 8.662542298126759022, -18.73432680013224783 ) ) ;
#1974 = EDGE_CURVE ( 'NONE', #1970, #4473, #2679, .T. ) ;
#1975 = AXIS2_PLACEMENT_3D ( 'NONE', #3732, #2042, #2310 ) ;
#1976 = VECTOR ( 'NONE', #1484, 1000.000000000000000 ) ;
#1977 = CARTESIAN_POINT ( 'NONE',  ( -4.804979491384554713, 7.998101026612076225, 20.48866342447016820 ) ) ;
#1978 = CARTESIAN_POINT ( 'NONE',  ( 7.629017744868201056, 7.997016072987651825, -16.04076243550512615 ) ) ;
#1979 = SURFACE_STYLE_USAGE ( .BOTH. , #3463 ) ;
#1980 =( NAMED_UNIT ( * ) PLANE_ANGLE_UNIT ( ) SI_UNIT ( $, .RADIAN. ) );
#1981 = EDGE_CURVE ( 'NONE', #3339, #3477, #2499, .T. ) ;
#1982 = CARTESIAN_POINT ( 'NONE',  ( 3.135001828753508857, 8.002150404462584632, -17.71662936011838241 ) ) ;
#1983 = CARTESIAN_POINT ( 'NONE',  ( -7.709131376283870907, 8.883239820847229851, 18.32375022971655198 ) ) ;
#1984 = FILL_AREA_STYLE ('',( #144 ) ) ;
#1985 = CARTESIAN_POINT ( 'NONE',  ( 3.095628618905185370, 8.405618877060907934, -15.25828353037369922 ) ) ;
#1986 = CARTESIAN_POINT ( 'NONE',  ( 5.200000000000000178, 9.151281936519499283, -18.30000000000000071 ) ) ;
#1987 = DIRECTION ( 'NONE',  ( 0.000000000000000000, 0.000000000000000000, -1.000000000000000000 ) ) ;
#1988 = CARTESIAN_POINT ( 'NONE',  ( -3.095628601972534977, 8.400507777976487844, 15.32816115623099940 ) ) ;
#1989 = COLOUR_RGB ( '',0.7529411764705882248, 0.7529411764705882248, 0.7529411764705882248 ) ;
#1990 = ORIENTED_EDGE ( 'NONE', *, *, #2929, .F. ) ;
#1991 =( LENGTH_UNIT ( ) NAMED_UNIT ( * ) SI_UNIT ( .MILLI., .METRE. ) );
#1992 = CARTESIAN_POINT ( 'NONE',  ( -7.299999999999999822, 8.000000000000000000, 17.69999999999999929 ) ) ;
#1993 = CARTESIAN_POINT ( 'NONE',  ( 3.528328756601055272, 8.775619859309399473, -17.21646442709664981 ) ) ;
#1994 = B_SPLINE_CURVE_WITH_KNOTS ( 'NONE', 3,
 ( #1417, #3201, #2158, #4174 ),
 .UNSPECIFIED., .F., .F.,
 ( 4, 4 ),
 ( 0.000000000000000000, 0.0005999889399244840316 ),
 .UNSPECIFIED. ) ;
#1995 = CARTESIAN_POINT ( 'NONE',  ( -7.638971105729959632, 8.719267620295200416, 16.18812935040885037 ) ) ;
#1996 = ORIENTED_EDGE ( 'NONE', *, *, #2769, .T. ) ;
#1997 = SURFACE_SIDE_STYLE ('',( #3081 ) ) ;
#1998 = CARTESIAN_POINT ( 'NONE',  ( 8.504371398199488397, 8.537723910911040548, -19.81187064948059984 ) ) ;
#1999 = UNCERTAINTY_MEASURE_WITH_UNIT (LENGTH_MEASURE( 1.000000000000000082E-05 ), #632, 'distance_accuracy_value', 'NONE');
#2000 = CIRCLE ( 'NONE', #1256, 2.749999999999999112 ) ;
#2001 = CARTESIAN_POINT ( 'NONE',  ( -3.292072117652162344, 8.001997340417133842, 17.05310174998086126 ) ) ;
#2002 = FACE_OUTER_BOUND ( 'NONE', #246, .T. ) ;
#2003 = DIRECTION ( 'NONE',  ( -0.7071067811865460184, 0.000000000000000000, 0.7071067811865489050 ) ) ;
#2004 = LINE ( 'NONE', #3110, #444 ) ;
#2005 = CARTESIAN_POINT ( 'NONE',  ( 7.963341434733586688, 8.704551729497644885, -19.48457395647324830 ) ) ;
#2006 = MECHANICAL_DESIGN_GEOMETRIC_PRESENTATION_REPRESENTATION (  '', ( #1409 ), #3039 ) ;
#2007 =( NAMED_UNIT ( * ) SI_UNIT ( $, .STERADIAN. ) SOLID_ANGLE_UNIT ( ) );
#2008 = CARTESIAN_POINT ( 'NONE',  ( 3.418353588707133017, 7.998979623590613208, -16.77017853528482405 ) ) ;
#2009 = CARTESIAN_POINT ( 'NONE',  ( -8.316612799284010649, 8.000124006626760931, 18.93733781812404970 ) ) ;
#2010 = CARTESIAN_POINT ( 'NONE',  ( 7.692969706471138203, 8.882729121647201964, -17.54799932889009995 ) ) ;
#2011 = EDGE_CURVE ( 'NONE', #3086, #809, #769, .T. ) ;
#2012 = CARTESIAN_POINT ( 'NONE',  ( -3.187111362146000104, 8.707750754759720380, 17.76462158831709814 ) ) ;
#2013 = CARTESIAN_POINT ( 'NONE',  ( 8.071673048884548507, 8.472298065110098975, -15.25828353037380047 ) ) ;
#2014 = DIRECTION ( 'NONE',  ( 0.000000000000000000, 0.000000000000000000, 1.000000000000000000 ) ) ;
#2015 = CARTESIAN_POINT ( 'NONE',  ( -6.156649357473302331, 8.005505162052102719, 15.34370214650159348 ) ) ;
#2016 = CARTESIAN_POINT ( 'NONE',  ( -3.528326951273729861, 8.472944998545440143, 15.32816115623099940 ) ) ;
#2017 = VERTEX_POINT ( 'NONE', #3622 ) ;
#2018 = DIRECTION ( 'NONE',  ( 1.000000000000000000, 0.000000000000000000, 0.000000000000000000 ) ) ;
#2019 = VECTOR ( 'NONE', #3689, 1000.000000000000000 ) ;
#2020 = CARTESIAN_POINT ( 'NONE',  ( -4.839999999999779590, 9.097627894125899672, 18.30000000000000071 ) ) ;
#2021 =( NAMED_UNIT ( * ) SI_UNIT ( $, .STERADIAN. ) SOLID_ANGLE_UNIT ( ) );
#2022 = CARTESIAN_POINT ( 'NONE',  ( 3.961028894296990011, 8.621968007133570921, -15.69343484075659845 ) ) ;
#2023 = CARTESIAN_POINT ( 'NONE',  ( -5.691820486160599657, 9.038367359453930661, 16.61811344749779806 ) ) ;
#2024 = VERTEX_POINT ( 'NONE', #2865 ) ;
#2025 = CARTESIAN_POINT ( 'NONE',  ( -8.300000000000000711, 6.500000000000000000, 20.10000000000000142 ) ) ;
#2026 = CARTESIAN_POINT ( 'NONE',  ( 3.961028894296935388, 8.893327385855318568, -18.73432680013224783 ) ) ;
#2027 = COLOUR_RGB ( '',0.7529411764705882248, 0.7529411764705882248, 0.7529411764705882248 ) ;
#2028 = CARTESIAN_POINT ( 'NONE',  ( -3.800873989557459254, 8.001356589675170383, 16.21514309907816553 ) ) ;
#2029 = CARTESIAN_POINT ( 'NONE',  ( 6.770594240058561475, 7.998157234334398069, -15.50171420483423823 ) ) ;
#2030 =( NAMED_UNIT ( * ) PLANE_ANGLE_UNIT ( ) SI_UNIT ( $, .RADIAN. ) );
#2031 = CARTESIAN_POINT ( 'NONE',  ( 7.728939895098949187, 8.884086568619510516, -18.17374907234835035 ) ) ;
#2032 = CARTESIAN_POINT ( 'NONE',  ( 3.622984402635899048, 8.001685853881916444, -19.56334507121634303 ) ) ;
#2033 = CARTESIAN_POINT ( 'NONE',  ( -7.559406440931410565, 8.001443529923980336, 15.97123510197925178 ) ) ;
#2034 = CARTESIAN_POINT ( 'NONE',  ( -6.100000000000000533, 8.886167925256099664, 16.08880739981900021 ) ) ;
#2035 = CARTESIAN_POINT ( 'NONE',  ( -4.918396971114949778, 8.004165324423958339, 15.44665249085215031 ) ) ;
#2036 = EDGE_CURVE ( 'NONE', #1800, #3246, #3374, .T. ) ;
#2037 = CARTESIAN_POINT ( 'NONE',  ( 4.393729031992899436, 8.588400787089749855, -15.25828353037374896 ) ) ;
#2038 = CARTESIAN_POINT ( 'NONE',  ( 6.100000000000000533, 8.408195701219076668, -20.56147561550334402 ) ) ;
#2039 = DIRECTION ( 'NONE',  ( 0.000000000000000000, 0.000000000000000000, -1.000000000000000000 ) ) ;
#2040 = CARTESIAN_POINT ( 'NONE',  ( -8.071671243412080088, 8.775619859306267756, 18.78353557285629805 ) ) ;
#2041 = ORIENTED_EDGE ( 'NONE', *, *, #1324, .T. ) ;
#2042 = DIRECTION ( 'NONE',  ( 1.000000000000000000, 0.000000000000000000, 0.000000000000000000 ) ) ;
#2043 = VECTOR ( 'NONE', #2273, 1000.000000000000000 ) ;
#2044 = EDGE_CURVE ( 'NONE', #767, #1736, #3963, .T. ) ;
#2045 = DIRECTION ( 'NONE',  ( 0.000000000000000000, -1.000000000000000000, 0.000000000000000000 ) ) ;
#2046 = PLANE ( 'NONE',  #227 ) ;
#2047 = CARTESIAN_POINT ( 'NONE',  ( -8.071671243412080088, 8.775619859306267756, 18.78353557285629805 ) ) ;
#2048 = VERTEX_POINT ( 'NONE', #2906 ) ;
#2049 = CARTESIAN_POINT ( 'NONE',  ( 6.243458177459785041, 9.164998116204687406, -17.66768041139151535 ) ) ;
#2050 = CARTESIAN_POINT ( 'NONE',  ( 7.638974699569459403, 8.800681291537978623, -19.38188655240220015 ) ) ;
#2051 = MANIFOLD_SOLID_BREP ( 'NONE', #2085 ) ;
#2052 = CARTESIAN_POINT ( 'NONE',  ( 6.247460994985938321, 7.999175321577307152, -15.35337338080062430 ) ) ;
#2053 = ORIENTED_EDGE ( 'NONE', *, *, #2736, .F. ) ;
#2054 = CARTESIAN_POINT ( 'NONE',  ( 6.961651799401069596, 7.997716343623110902, -15.57854497335724986 ) ) ;
#2055 =( GEOMETRIC_REPRESENTATION_CONTEXT ( 3 ) GLOBAL_UNCERTAINTY_ASSIGNED_CONTEXT ( ( #3358 ) ) GLOBAL_UNIT_ASSIGNED_CONTEXT ( ( #3333, #2331, #1621 ) ) REPRESENTATION_CONTEXT ( 'NONE', 'WORKASPACE' ) );
#2056 = STYLED_ITEM ( 'NONE', ( #645 ), #875 ) ;
#2057 = CARTESIAN_POINT ( 'NONE',  ( 3.312575139410655289, 8.002782032083334940, -19.01116074540134804 ) ) ;
#2058 = CARTESIAN_POINT ( 'NONE',  ( -6.331514784650480010, 8.708742861533114166, 15.41498890044515235 ) ) ;
#2059 = CYLINDRICAL_SURFACE ( 'NONE', #2414, 2.749999999999999112 ) ;
#2060 = B_SPLINE_CURVE_WITH_KNOTS ( 'NONE', 3,
 ( #3558, #396, #355, #1076, #1807, #3224 ),
 .UNSPECIFIED., .F., .F.,
 ( 4, 2, 4 ),
 ( 0.000000000000000000, 0.5000000000000000000, 1.000000000000000000 ),
 .UNSPECIFIED. ) ;
#2061 = CARTESIAN_POINT ( 'NONE',  ( -3.585388369509734829, 8.001152031191089975, 16.48110102711279978 ) ) ;
#2062 = LINE ( 'NONE', #2350, #1011 ) ;
#2063 = EDGE_CURVE ( 'NONE', #1701, #1828, #706, .T. ) ;
#2064 = CARTESIAN_POINT ( 'NONE',  ( -5.799999999999999822, 6.500000000000000000, 18.00000000000000000 ) ) ;
#2065 = DIRECTION ( 'NONE',  ( 0.000000000000000000, -1.000000000000000000, 0.000000000000000000 ) ) ;
#2066 = CARTESIAN_POINT ( 'NONE',  ( -6.557220761524789943, 9.170467271984747981, 17.91323295206925081 ) ) ;
#2067 = VERTEX_POINT ( 'NONE', #793 ) ;
#2068 =( NAMED_UNIT ( * ) SI_UNIT ( $, .STERADIAN. ) SOLID_ANGLE_UNIT ( ) );
#2069 = DIRECTION ( 'NONE',  ( 0.7071067811865490160, 0.000000000000000000, 0.7071067811865461294 ) ) ;
#2070 = CARTESIAN_POINT ( 'NONE',  ( -8.071671243412088970, 8.623151406299548682, 19.87141384884015238 ) ) ;
#2071 = ORIENTED_EDGE ( 'NONE', *, *, #3990, .F. ) ;
#2072 = SURFACE_STYLE_FILL_AREA ( #3855 ) ;
#2073 = FACE_OUTER_BOUND ( 'NONE', #2645, .T. ) ;
#2074 = EDGE_CURVE ( 'NONE', #3472, #4320, #1878, .T. ) ;
#2075 = COLOUR_RGB ( '',0.7529411764705882248, 0.7529411764705882248, 0.7529411764705882248 ) ;
#2076 = CARTESIAN_POINT ( 'NONE',  ( 7.500000000000000000, -4.999999999970310041E-05, 14.59999999999999964 ) ) ;
#2077 = CARTESIAN_POINT ( 'NONE',  ( 7.638148041821231971, 7.997055971168374633, -16.04934409130815709 ) ) ;
#2078 = ORIENTED_EDGE ( 'NONE', *, *, #3550, .T. ) ;
#2079 = CARTESIAN_POINT ( 'NONE',  ( 7.691305262983529900, 8.883760474296039433, -18.41960682180699749 ) ) ;
#2080 = AXIS2_PLACEMENT_3D ( 'NONE', #2497, #3875, #2135 ) ;
#2081 = CARTESIAN_POINT ( 'NONE',  ( 4.274940275483303687, 8.002007379268361476, -20.20423225841203063 ) ) ;
#2082 = PLANE ( 'NONE',  #3144 ) ;
#2083 = CARTESIAN_POINT ( 'NONE',  ( 6.943944304503131271, 8.882432347563417707, -19.57802849251707045 ) ) ;
#2084 = CARTESIAN_POINT ( 'NONE',  ( -5.651943245533190385, 8.886478037705151323, 16.07120065558805067 ) ) ;
#2085 = CLOSED_SHELL ( 'NONE', ( #713, #3740, #3198, #1355, #258, #451, #179, #3606, #3746, #1915, #2147, #343, #4012, #4345, #2305, #597, #2096, #3772, #928, #203, #12, #1754, #4022, #4523, #1146, #2875, #3834, #4135, #2715, #4494, #2200, #3139, #2598, #2233, #1157, #1699, #411, #3804, #1946, #3683, #59, #4520, #1686, #3889, #2868, #2179, #875, #2342, #3631, #571, #471, #1178, #2395, #1266, #2316, #2897, #1575, #3861, #1582, #265, #3573, #3341, #3164, #4264, #1381, #3366, #3190, #4380 ) ) ;
#2086 = CARTESIAN_POINT ( 'NONE',  ( 7.000000000000000000, -4.999999999970310041E-05, 15.10000000000000142 ) ) ;
#2087 = CARTESIAN_POINT ( 'NONE',  ( 5.356755683967279857, 9.165010520996883514, -17.66757219653037225 ) ) ;
#2088 = PRODUCT_DEFINITION_CONTEXT ( 'detailed design', #47, 'design' ) ;
#2089 = CARTESIAN_POINT ( 'NONE',  ( -5.042772068018389398, 9.168720886540519643, 18.13080860726604726 ) ) ;
#2090 = ORIENTED_EDGE ( 'NONE', *, *, #3653, .F. ) ;
#2091 = CYLINDRICAL_SURFACE ( 'NONE', #2557, 2.749999999999999112 ) ;
#2092 = ORIENTED_EDGE ( 'NONE', *, *, #2375, .F. ) ;
#2093 = SURFACE_STYLE_FILL_AREA ( #1476 ) ;
#2094 = EDGE_CURVE ( 'NONE', #661, #1876, #132, .T. ) ;
#2095 = UNCERTAINTY_MEASURE_WITH_UNIT (LENGTH_MEASURE( 1.000000000000000082E-05 ), #2565, 'distance_accuracy_value', 'NONE');
#2096 = ADVANCED_FACE ( 'NONE', ( #3557 ), #445, .T. ) ;
#2097 = COLOUR_RGB ( '',0.7529411764705882248, 0.7529411764705882248, 0.7529411764705882248 ) ;
#2098 =( LENGTH_UNIT ( ) NAMED_UNIT ( * ) SI_UNIT ( .MILLI., .METRE. ) );
#2099 = CARTESIAN_POINT ( 'NONE',  ( 4.299999999999999822, 10.00000000000000000, -18.30000000000000071 ) ) ;
#2100 = EDGE_LOOP ( 'NONE', ( #1644, #2354, #3227, #1780 ) ) ;
#2101 = CARTESIAN_POINT ( 'NONE',  ( 7.643236076704799764, 8.704365192469175838, -19.86706177723413447 ) ) ;
#2102 = CIRCLE ( 'NONE', #2894, 2.749999999999999112 ) ;
#2103 = CARTESIAN_POINT ( 'NONE',  ( -7.119887173351926890, 8.881893268526589225, 16.56594670336852104 ) ) ;
#2104 = CARTESIAN_POINT ( 'NONE',  ( 5.500000000000190070, 8.881071736852350185, -16.09240521278709934 ) ) ;
#2105 = SURFACE_STYLE_USAGE ( .BOTH. , #736 ) ;
#2106 = CARTESIAN_POINT ( 'NONE',  ( -4.487679525870347241, 8.705515335086133177, 15.72823341661834817 ) ) ;
#2107 = LINE ( 'NONE', #2724, #4188 ) ;
#2108 = CARTESIAN_POINT ( 'NONE',  ( -4.393723649876154269, 9.027690393440051864, 18.13080860726604726 ) ) ;
#2109 = CARTESIAN_POINT ( 'NONE',  ( -6.100000000000000533, 8.005580217553239564, 15.33732614512894799 ) ) ;
#2110 = FILL_AREA_STYLE ('',( #638 ) ) ;
#2111 = CARTESIAN_POINT ( 'NONE',  ( -7.638971105730010258, 8.788473963381889575, 19.43626253844660212 ) ) ;
#2112 = ORIENTED_EDGE ( 'NONE', *, *, #92, .T. ) ;
#2113 = VECTOR ( 'NONE', #2500, 1000.000000000000000 ) ;
#2114 = FILL_AREA_STYLE_COLOUR ( '', #1148 ) ;
#2115 = CARTESIAN_POINT ( 'NONE',  ( 4.659999999991219610, 9.062864307525538621, -17.69999999999999929 ) ) ;
#2116 = CARTESIAN_POINT ( 'NONE',  ( 7.206276350254429808, 8.705426590597580727, -20.24185474655899952 ) ) ;
#2117 = EDGE_CURVE ( 'NONE', #3173, #661, #1251, .T. ) ;
#2118 = EDGE_LOOP ( 'NONE', ( #2237, #2469, #585, #901, #65, #2805, #2071, #1665, #2241, #1433, #1114, #4296, #510, #1942, #2923, #1903, #1050, #560, #3433, #2572 ) ) ;
#2119 = CARTESIAN_POINT ( 'NONE',  ( 3.177437812338446577, 8.707836441232670310, -18.06843761221751166 ) ) ;
#2120 = VECTOR ( 'NONE', #652, 1000.000000000000000 ) ;
#2121 = VECTOR ( 'NONE', #2883, 1000.000000000000000 ) ;
#2122 =( NAMED_UNIT ( * ) PLANE_ANGLE_UNIT ( ) SI_UNIT ( $, .RADIAN. ) );
#2123 = CARTESIAN_POINT ( 'NONE',  ( 8.300000000000000711, -5.854912467321780944, -15.90000000000000036 ) ) ;
#2124 = SURFACE_SIDE_STYLE ('',( #3820 ) ) ;
#2125 = PRESENTATION_STYLE_ASSIGNMENT (( #2809 ) ) ;
#2126 = FILL_AREA_STYLE ('',( #1841 ) ) ;
#2127 = EDGE_CURVE ( 'NONE', #3214, #3133, #1576, .T. ) ;
#2128 = CARTESIAN_POINT ( 'NONE',  ( -5.799999999999999822, 7.200000000000000178, 18.00000000000000000 ) ) ;
#2129 = CARTESIAN_POINT ( 'NONE',  ( -7.638971105729959632, 8.719267620295200416, 16.18812935040885037 ) ) ;
#2130 = ORIENTED_EDGE ( 'NONE', *, *, #3598, .T. ) ;
#2131 = PLANE ( 'NONE',  #2311 ) ;
#2132 = CARTESIAN_POINT ( 'NONE',  ( -8.300000000000000711, 0.000000000000000000, 15.90000000000000036 ) ) ;
#2133 = FACE_OUTER_BOUND ( 'NONE', #3709, .T. ) ;
#2134 = ORIENTED_EDGE ( 'NONE', *, *, #2094, .F. ) ;
#2135 = DIRECTION ( 'NONE',  ( 0.000000000000000000, 0.000000000000000000, -1.000000000000000000 ) ) ;
#2136 = CARTESIAN_POINT ( 'NONE',  ( 5.499999999999986677, 8.409993496075687247, -20.56043352907099475 ) ) ;
#2137 =( NAMED_UNIT ( * ) SI_UNIT ( $, .STERADIAN. ) SOLID_ANGLE_UNIT ( ) );
#2138 = SURFACE_STYLE_FILL_AREA ( #669 ) ;
#2139 = EDGE_LOOP ( 'NONE', ( #101, #3957, #1603, #2814, #4528, #2090 ) ) ;
#2140 = EDGE_LOOP ( 'NONE', ( #2078, #686, #3464, #3263 ) ) ;
#2141 = CARTESIAN_POINT ( 'NONE',  ( 3.742200423377111562, 8.702561279132861927, -16.34629397475739410 ) ) ;
#2142 = VECTOR ( 'NONE', #1687, 1000.000000000000000 ) ;
#2143 = CARTESIAN_POINT ( 'NONE',  ( 3.528328756601089911, 8.472298573039410030, -15.25828353037369922 ) ) ;
#2144 = DIRECTION ( 'NONE',  ( 0.000000000000000000, 0.000000000000000000, -1.000000000000000000 ) ) ;
#2145 = CARTESIAN_POINT ( 'NONE',  ( -3.528326951273735190, 8.556513628475189037, 15.75814525331994886 ) ) ;
#2146 = CARTESIAN_POINT ( 'NONE',  ( -7.500000000000000000, 0.000000000000000000, 24.00000000000000000 ) ) ;
#2147 = ADVANCED_FACE ( 'NONE', ( #3359 ), #4007, .T. ) ;
#2148 = SURFACE_STYLE_FILL_AREA ( #738 ) ;
#2149 = DIRECTION ( 'NONE',  ( 0.000000000000000000, 0.000000000000000000, -1.000000000000000000 ) ) ;
#2150 = CARTESIAN_POINT ( 'NONE',  ( -8.504371381094181004, 8.405618877064668482, 20.74171646962724935 ) ) ;
#2151 = ORIENTED_EDGE ( 'NONE', *, *, #3282, .T. ) ;
#2152 = SURFACE_STYLE_USAGE ( .BOTH. , #98 ) ;
#2153 = CARTESIAN_POINT ( 'NONE',  ( -8.442254411829949845, 8.001697464256833925, 18.45530223610915144 ) ) ;
#2154 = DIRECTION ( 'NONE',  ( 0.000000000000000000, 0.000000000000000000, -1.000000000000000000 ) ) ;
#2155 = ORIENTED_EDGE ( 'NONE', *, *, #3661, .T. ) ;
#2156 = PRESENTATION_STYLE_ASSIGNMENT (( #1415 ) ) ;
#2157 = FILL_AREA_STYLE_COLOUR ( '', #784 ) ;
#2158 = CARTESIAN_POINT ( 'NONE',  ( 5.899998160298723704, 8.000000000000000000, -15.31438089462892194 ) ) ;
#2159 = CARTESIAN_POINT ( 'NONE',  ( 8.504371398199479515, 8.400507777975290580, -20.67183884363745250 ) ) ;
#2160 = ORIENTED_EDGE ( 'NONE', *, *, #68, .T. ) ;
#2161 = ORIENTED_EDGE ( 'NONE', *, *, #1430, .T. ) ;
#2162 = CARTESIAN_POINT ( 'NONE',  ( 4.104661491813160090, 8.702428993060895124, -15.99730467680990742 ) ) ;
#2163 = MECHANICAL_DESIGN_GEOMETRIC_PRESENTATION_REPRESENTATION (  '', ( #3987 ), #3916 ) ;
#2164 = SURFACE_STYLE_FILL_AREA ( #159 ) ;
#2165 = LINE ( 'NONE', #2123, #1228 ) ;
#2166 = DIRECTION ( 'NONE',  ( 0.000000000000000000, 0.000000000000000000, 1.000000000000000000 ) ) ;
#2167 = CARTESIAN_POINT ( 'NONE',  ( -7.638971105729959632, 8.633096187037372360, 15.75814525331990090 ) ) ;
#2168 = VECTOR ( 'NONE', #302, 1000.000000000000000 ) ;
#2169 = PLANE ( 'NONE',  #322 ) ;
#2170 = CARTESIAN_POINT ( 'NONE',  ( -7.500000000000000000, 0.000000000000000000, -14.59999999999999964 ) ) ;
#2171 = CARTESIAN_POINT ( 'NONE',  ( -5.042772068018419596, 8.767309405058160365, 20.30656515923374883 ) ) ;
#2172 = VERTEX_POINT ( 'NONE', #2949 ) ;
#2173 = EDGE_CURVE ( 'NONE', #833, #1071, #2667, .T. ) ;
#2174 = UNCERTAINTY_MEASURE_WITH_UNIT (LENGTH_MEASURE( 1.000000000000000082E-05 ), #4382, 'distance_accuracy_value', 'NONE');
#2175 = CARTESIAN_POINT ( 'NONE',  ( -7.587492736636086477, 7.997251312741095575, 19.99734584012761118 ) ) ;
#2176 = CARTESIAN_POINT ( 'NONE',  ( 5.799999999999999822, 8.000000000000000000, -18.00000000000000000 ) ) ;
#2177 = EDGE_LOOP ( 'NONE', ( #3780, #1872, #3596, #1469 ) ) ;
#2178 = CARTESIAN_POINT ( 'NONE',  ( -5.500000000000000000, 8.000000000000000000, 15.33683485099344956 ) ) ;
#2179 = ADVANCED_FACE ( 'NONE', ( #2358 ), #857, .F. ) ;
#2180 = CARTESIAN_POINT ( 'NONE',  ( 7.500000000000000000, 6.500000000000000000, 24.00000000000000000 ) ) ;
#2181 = CARTESIAN_POINT ( 'NONE',  ( 8.504371398199539911, 8.659264550338681588, -17.21646442709675284 ) ) ;
#2182 = VECTOR ( 'NONE', #1093, 1000.000000000000000 ) ;
#2183 = STYLED_ITEM ( 'NONE', ( #4210 ), #4012 ) ;
#2184 = CARTESIAN_POINT ( 'NONE',  ( 3.692152342735775417, 7.997325477344499944, -16.30897247241490078 ) ) ;
#2185 =( GEOMETRIC_REPRESENTATION_CONTEXT ( 3 ) GLOBAL_UNCERTAINTY_ASSIGNED_CONTEXT ( ( #3666 ) ) GLOBAL_UNIT_ASSIGNED_CONTEXT ( ( #1885, #3971, #2230 ) ) REPRESENTATION_CONTEXT ( 'NONE', 'WORKASPACE' ) );
#2186 = SURFACE_SIDE_STYLE ('',( #401 ) ) ;
#2187 = SURFACE_STYLE_FILL_AREA ( #2209 ) ;
#2188 = VECTOR ( 'NONE', #1814, 1000.000000000000000 ) ;
#2189 = CARTESIAN_POINT ( 'NONE',  ( -5.500000000000000000, 8.000000000000000000, 18.30000000000000071 ) ) ;
#2190 = COLOUR_RGB ( '',0.7529411764705882248, 0.7529411764705882248, 0.7529411764705882248 ) ;
#2191 = CARTESIAN_POINT ( 'NONE',  ( -5.908170555001690083, 8.788734674800469548, 20.30656515923370264 ) ) ;
#2192 = EDGE_LOOP ( 'NONE', ( #951, #3388, #3763, #2568 ) ) ;
#2193 = SURFACE_STYLE_USAGE ( .BOTH. , #1522 ) ;
#2194 = DIRECTION ( 'NONE',  ( 0.000000000000000000, -1.000000000000000000, 0.000000000000000000 ) ) ;
#2195 = CARTESIAN_POINT ( 'NONE',  ( -5.500000000000000000, 8.000000000000000000, 17.39999999999999858 ) ) ;
#2196 = ORIENTED_EDGE ( 'NONE', *, *, #1667, .T. ) ;
#2197 = DIRECTION ( 'NONE',  ( 0.000000000000000000, 0.000000000000000000, -1.000000000000000000 ) ) ;
#2198 = SURFACE_STYLE_FILL_AREA ( #3941 ) ;
#2199 = CARTESIAN_POINT ( 'NONE',  ( 3.528328756601029959, 8.780991607544329725, -18.73432680013224783 ) ) ;
#2200 = ADVANCED_FACE ( 'NONE', ( #2408 ), #349, .F. ) ;
#2201 = ORIENTED_EDGE ( 'NONE', *, *, #4412, .T. ) ;
#2202 = ORIENTED_EDGE ( 'NONE', *, *, #542, .T. ) ;
#2203 = CARTESIAN_POINT ( 'NONE',  ( 6.144939608190809643, 7.999378890771839501, -15.33673729559229848 ) ) ;
#2204 = CARTESIAN_POINT ( 'NONE',  ( 7.500000000000000000, 6.500000000000000000, -15.10000000000000142 ) ) ;
#2205 = CARTESIAN_POINT ( 'NONE',  ( 7.568870960893888444, 8.002379932310470068, -20.03874754275730297 ) ) ;
#2206 = SURFACE_STYLE_FILL_AREA ( #140 ) ;
#2207 = STYLED_ITEM ( 'NONE', ( #3888 ), #1355 ) ;
#2208 = CARTESIAN_POINT ( 'NONE',  ( -8.504371381094129489, 8.537723888073319500, 16.18812935040880063 ) ) ;
#2209 = FILL_AREA_STYLE ('',( #1794 ) ) ;
#2210 =( GEOMETRIC_REPRESENTATION_CONTEXT ( 3 ) GLOBAL_UNCERTAINTY_ASSIGNED_CONTEXT ( ( #2542 ) ) GLOBAL_UNIT_ASSIGNED_CONTEXT ( ( #1173, #1875, #1151 ) ) REPRESENTATION_CONTEXT ( 'NONE', 'WORKASPACE' ) );
#2211 = CARTESIAN_POINT ( 'NONE',  ( -4.638348200602689708, 7.997716343631690705, 20.42145502664349976 ) ) ;
#2212 = DIRECTION ( 'NONE',  ( 0.000000000000000000, 0.000000000000000000, -1.000000000000000000 ) ) ;
#2213 = CARTESIAN_POINT ( 'NONE',  ( -6.557220761524810371, 8.878044138725970313, 19.87141384884020212 ) ) ;
#2214 = AXIS2_PLACEMENT_3D ( 'NONE', #739, #1516, #2149 ) ;
#2215 = PLANE ( 'NONE',  #3556 ) ;
#2216 = FILL_AREA_STYLE ('',( #4323 ) ) ;
#2217 = VERTEX_POINT ( 'NONE', #4508 ) ;
#2218 = FILL_AREA_STYLE_COLOUR ( '', #2887 ) ;
#2219 = VECTOR ( 'NONE', #2885, 1000.000000000000000 ) ;
#2220 = DIRECTION ( 'NONE',  ( 0.000000000000000000, -0.9961946980917455452, 0.08715574274765836016 ) ) ;
#2221 = FACE_OUTER_BOUND ( 'NONE', #4052, .T. ) ;
#2222 = CARTESIAN_POINT ( 'NONE',  ( 3.095628618905110319, 8.537723888073410095, -19.81187064948050036 ) ) ;
#2223 = ORIENTED_EDGE ( 'NONE', *, *, #282, .F. ) ;
#2224 = DIRECTION ( 'NONE',  ( 0.000000000000000000, 0.000000000000000000, 1.000000000000000000 ) ) ;
#2225 = CARTESIAN_POINT ( 'NONE',  ( 3.687313569621724962, 8.001085448894889041, -19.65756134611419981 ) ) ;
#2226 = EDGE_CURVE ( 'NONE', #4261, #1385, #1855, .T. ) ;
#2227 = EDGE_CURVE ( 'NONE', #1370, #3362, #2471, .T. ) ;
#2228 = DIRECTION ( 'NONE',  ( 0.000000000000000000, 0.000000000000000000, -1.000000000000000000 ) ) ;
#2229 = CARTESIAN_POINT ( 'NONE',  ( 7.500000000000000000, 0.000000000000000000, -15.10000000000000142 ) ) ;
#2230 =( NAMED_UNIT ( * ) SI_UNIT ( $, .STERADIAN. ) SOLID_ANGLE_UNIT ( ) );
#2231 = CARTESIAN_POINT ( 'NONE',  ( -4.393723649876133841, 8.897340171610199633, 16.61811344749784780 ) ) ;
#2232 = AXIS2_PLACEMENT_3D ( 'NONE', #4142, #4168, #1713 ) ;
#2233 = ADVANCED_FACE ( 'NONE', ( #3430 ), #327, .F. ) ;
#2234 =( NAMED_UNIT ( * ) SI_UNIT ( $, .STERADIAN. ) SOLID_ANGLE_UNIT ( ) );
#2235 = CARTESIAN_POINT ( 'NONE',  ( -3.229113441958134878, 8.000777848304331030, 18.77571055202380279 ) ) ;
#2236 = DIRECTION ( 'NONE',  ( 0.000000000000000000, 0.000000000000000000, 1.000000000000000000 ) ) ;
#2237 = ORIENTED_EDGE ( 'NONE', *, *, #1233, .F. ) ;
#2238 = CARTESIAN_POINT ( 'NONE',  ( 5.042779238536719610, 9.168722320525239056, -17.86919139267099865 ) ) ;
#2239 = CARTESIAN_POINT ( 'NONE',  ( -8.203094170827128551, 7.999146626593504728, 19.18669752658585992 ) ) ;
#2240 = LINE ( 'NONE', #3595, #1301 ) ;
#2241 = ORIENTED_EDGE ( 'NONE', *, *, #1640, .T. ) ;
#2242 = PRESENTATION_STYLE_ASSIGNMENT (( #1221 ) ) ;
#2243 = DIRECTION ( 'NONE',  ( 3.540251991789405363E-16, 0.000000000000000000, -1.000000000000000000 ) ) ;
#2244 =( NAMED_UNIT ( * ) PLANE_ANGLE_UNIT ( ) SI_UNIT ( $, .RADIAN. ) );
#2245 = CARTESIAN_POINT ( 'NONE',  ( 5.691829445080539784, 8.927396163818139385, -19.81187064948054655 ) ) ;
#2246 = VERTEX_POINT ( 'NONE', #2109 ) ;
#2247 =( NAMED_UNIT ( * ) SI_UNIT ( $, .STERADIAN. ) SOLID_ANGLE_UNIT ( ) );
#2248 = SURFACE_STYLE_FILL_AREA ( #840 ) ;
#2249 = B_SPLINE_CURVE_WITH_KNOTS ( 'NONE', 3,
 ( #305, #3534, #1714, #3830, #4144, #684 ),
 .UNSPECIFIED., .F., .F.,
 ( 4, 2, 4 ),
 ( 0.000000000000000000, 0.5000000000000000000, 1.000000000000000000 ),
 .UNSPECIFIED. ) ;
#2250 = EDGE_CURVE ( 'NONE', #4255, #41, #3514, .T. ) ;
#2251 = CARTESIAN_POINT ( 'NONE',  ( 8.359548162859972820, 8.002251289737751350, -18.79437381595667134 ) ) ;
#2252 = CARTESIAN_POINT ( 'NONE',  ( 7.500000000000000000, -4.999999999970310041E-05, 21.39999999999999858 ) ) ;
#2253 = CARTESIAN_POINT ( 'NONE',  ( -7.638971105729990718, 8.915543512414270566, 18.13080860726600108 ) ) ;
#2254 = CARTESIAN_POINT ( 'NONE',  ( 5.948056754470659513, 8.886478037708270605, -19.92879934441344858 ) ) ;
#2255 = CIRCLE ( 'NONE', #1365, 2.680009069179260184 ) ;
#2256 = SURFACE_SIDE_STYLE ('',( #3325 ) ) ;
#2257 = CARTESIAN_POINT ( 'NONE',  ( -5.461733221773910074, 8.705965605063139989, 20.60169767259809959 ) ) ;
#2258 = SURFACE_STYLE_FILL_AREA ( #117 ) ;
#2259 = EDGE_CURVE ( 'NONE', #767, #3839, #4462, .T. ) ;
#2260 = DIRECTION ( 'NONE',  ( 0.000000000000000000, -1.000000000000000000, 0.000000000000000000 ) ) ;
#2261 = VERTEX_POINT ( 'NONE', #3261 ) ;
#2262 = COLOUR_RGB ( '',0.7529411764705882248, 0.7529411764705882248, 0.7529411764705882248 ) ;
#2263 = MECHANICAL_DESIGN_GEOMETRIC_PRESENTATION_REPRESENTATION (  '', ( #3074 ), #4305 ) ;
#2264 = CARTESIAN_POINT ( 'NONE',  ( 7.206276350254469776, 9.027690393399199209, -17.86919139267105194 ) ) ;
#2265 = PRESENTATION_STYLE_ASSIGNMENT (( #3069 ) ) ;
#2266 = CARTESIAN_POINT ( 'NONE',  ( -7.638971105729959632, 8.633096187037372360, 15.75814525331990090 ) ) ;
#2267 = ORIENTED_EDGE ( 'NONE', *, *, #3215, .T. ) ;
#2268 = STYLED_ITEM ( 'NONE', ( #3591 ), #3366 ) ;
#2269 = CARTESIAN_POINT ( 'NONE',  ( 5.691829445080549554, 9.038367536581560557, -19.38188655240215397 ) ) ;
#2270 = VERTEX_POINT ( 'NONE', #3933 ) ;
#2271 = CARTESIAN_POINT ( 'NONE',  ( -3.134148231685956798, 8.002202816063810786, 18.28489677977008299 ) ) ;
#2272 = DIRECTION ( 'NONE',  ( 0.000000000000000000, -1.000000000000000000, 0.000000000000000000 ) ) ;
#2273 = DIRECTION ( 'NONE',  ( 0.000000000000000000, -1.000000000000000000, 0.000000000000000000 ) ) ;
#2274 = DIRECTION ( 'NONE',  ( 0.000000000000000000, 1.000000000000000000, 0.000000000000000000 ) ) ;
#2275 = LINE ( 'NONE', #2986, #792 ) ;
#2276 = CARTESIAN_POINT ( 'NONE',  ( -3.283375480856870254, 8.000124120527779326, 18.93730872731135051 ) ) ;
#2277 = CARTESIAN_POINT ( 'NONE',  ( -5.499999999999999112, 8.830265967018435802, 20.10939723231235021 ) ) ;
#2278 = ORIENTED_EDGE ( 'NONE', *, *, #334, .F. ) ;
#2279 = CARTESIAN_POINT ( 'NONE',  ( 7.638974699569489601, 8.915542561592630477, -17.86919139267105194 ) ) ;
#2280 = CARTESIAN_POINT ( 'NONE',  ( -5.500000000000000000, 8.000000000000000000, 15.33683485099344956 ) ) ;
#2281 = CARTESIAN_POINT ( 'NONE',  ( 7.299999999999999822, 8.982659249165058313, -17.69999999999999929 ) ) ;
#2282 = CARTESIAN_POINT ( 'NONE',  ( 4.299999999999999822, 8.000000000000000000, -18.30000000000000071 ) ) ;
#2283 = ORIENTED_EDGE ( 'NONE', *, *, #289, .T. ) ;
#2284 = STYLED_ITEM ( 'NONE', ( #4139 ), #4264 ) ;
#2285 = PLANE ( 'NONE',  #1975 ) ;
#2286 = UNCERTAINTY_MEASURE_WITH_UNIT (LENGTH_MEASURE( 1.000000000000000082E-05 ), #2739, 'distance_accuracy_value', 'NONE');
#2287 = PRESENTATION_STYLE_ASSIGNMENT (( #537 ) ) ;
#2288 = CARTESIAN_POINT ( 'NONE',  ( -7.500000000000000000, -5.854912467321780944, 20.89999999999999858 ) ) ;
#2289 = CARTESIAN_POINT ( 'NONE',  ( 7.206276350254499974, 8.785704600158709354, -16.12858615113954741 ) ) ;
#2290 = PRESENTATION_LAYER_ASSIGNMENT (  '', '', ( #1409 ) ) ;
#2291 = ORIENTED_EDGE ( 'NONE', *, *, #3082, .F. ) ;
#2292 = CARTESIAN_POINT ( 'NONE',  ( 5.799999999999999822, 6.500000000000000000, -18.00000000000000000 ) ) ;
#2293 = CARTESIAN_POINT ( 'NONE',  ( 4.527711255480990182, 8.882103532371518284, -19.46358969675870298 ) ) ;
#2294 = UNCERTAINTY_MEASURE_WITH_UNIT (LENGTH_MEASURE( 1.000000000000000082E-05 ), #4417, 'distance_accuracy_value', 'NONE');
#2295 = CARTESIAN_POINT ( 'NONE',  ( -4.228575853932244222, 7.996929034441425443, 20.18020567744118665 ) ) ;
#2296 = CARTESIAN_POINT ( 'NONE',  ( 8.348956422408274847, 8.002198140729925413, -18.82726823676509298 ) ) ;
#2297 = LINE ( 'NONE', #3371, #3301 ) ;
#2298 = CARTESIAN_POINT ( 'NONE',  ( -4.548772192168620165, 8.878437493755100718, 19.47807041727359945 ) ) ;
#2299 = FACE_OUTER_BOUND ( 'NONE', #1348, .T. ) ;
#2300 = FILL_AREA_STYLE ('',( #2608 ) ) ;
#2301 = VERTEX_POINT ( 'NONE', #53 ) ;
#2302 = AXIS2_PLACEMENT_3D ( 'NONE', #1597, #3265, #1197 ) ;
#2303 = COLOUR_RGB ( '',0.7529411764705882248, 0.7529411764705882248, 0.7529411764705882248 ) ;
#2304 = CARTESIAN_POINT ( 'NONE',  ( 5.691829445080600181, 9.017153816339138928, -16.56373746152240045 ) ) ;
#2305 = ADVANCED_FACE ( 'NONE', ( #1106 ), #2131, .T. ) ;
#2306 = SURFACE_SIDE_STYLE ('',( #3400 ) ) ;
#2307 = CARTESIAN_POINT ( 'NONE',  ( -6.100000000000000533, 8.886167925256099664, 16.08880739981900021 ) ) ;
#2308 = CARTESIAN_POINT ( 'NONE',  ( -3.528326951273735190, 8.556513628475189037, 15.75814525331994886 ) ) ;
#2309 = ORIENTED_EDGE ( 'NONE', *, *, #3710, .T. ) ;
#2310 = DIRECTION ( 'NONE',  ( 0.000000000000000000, 1.000000000000000000, 0.000000000000000000 ) ) ;
#2311 = AXIS2_PLACEMENT_3D ( 'NONE', #390, #1802, #3217 ) ;
#2312 = DIRECTION ( 'NONE',  ( 0.000000000000000000, 0.000000000000000000, -1.000000000000000000 ) ) ;
#2313 = CARTESIAN_POINT ( 'NONE',  ( -6.100000000000000533, 9.067108357869349433, 19.12303791488675131 ) ) ;
#2314 = CARTESIAN_POINT ( 'NONE',  ( 6.557227932091530320, 8.878043267262549776, -16.12858615113950123 ) ) ;
#2315 = VERTEX_POINT ( 'NONE', #1452 ) ;
#2316 = ADVANCED_FACE ( 'NONE', ( #807 ), #2215, .F. ) ;
#2317 = CARTESIAN_POINT ( 'NONE',  ( 3.528328756601029959, 8.780991607544329725, -18.73432680013224783 ) ) ;
#2318 = CARTESIAN_POINT ( 'NONE',  ( -3.662105689116856855, 8.001052313378851366, 16.38264672903495622 ) ) ;
#2319 = DIRECTION ( 'NONE',  ( 0.000000000000000000, -1.000000000000000000, 0.000000000000000000 ) ) ;
#2320 = DIRECTION ( 'NONE',  ( 0.000000000000000000, 0.000000000000000000, -1.000000000000000000 ) ) ;
#2321 =( LENGTH_UNIT ( ) NAMED_UNIT ( * ) SI_UNIT ( .MILLI., .METRE. ) );
#2322 = CARTESIAN_POINT ( 'NONE',  ( 3.961960781529294984, 7.997087664470488910, -16.04924803951728407 ) ) ;
#2323 = CARTESIAN_POINT ( 'NONE',  ( -8.370879947991278769, 8.000777759606300776, 18.77573702498635200 ) ) ;
#2324 = CARTESIAN_POINT ( 'NONE',  ( -7.000000000000000000, 0.000000000000000000, -20.89999999999999858 ) ) ;
#2325 = CARTESIAN_POINT ( 'NONE',  ( 7.000000000000000000, 6.500000000000000000, 20.89999999999999858 ) ) ;
#2326 = MECHANICAL_DESIGN_GEOMETRIC_PRESENTATION_REPRESENTATION (  '', ( #3140 ), #3097 ) ;
#2327 = MECHANICAL_DESIGN_GEOMETRIC_PRESENTATION_REPRESENTATION (  '', ( #2773 ), #1592 ) ;
#2328 = CARTESIAN_POINT ( 'NONE',  ( 8.071673048884520085, 8.775619406306729431, -17.21646442709675284 ) ) ;
#2329 = LINE ( 'NONE', #2967, #2457 ) ;
#2330 = CARTESIAN_POINT ( 'NONE',  ( 7.299999999999999822, 8.989445857651920946, -18.18000000000000327 ) ) ;
#2331 =( NAMED_UNIT ( * ) PLANE_ANGLE_UNIT ( ) SI_UNIT ( $, .RADIAN. ) );
#2332 = ORIENTED_EDGE ( 'NONE', *, *, #2369, .T. ) ;
#2333 = PRESENTATION_LAYER_ASSIGNMENT (  '', '', ( #2847 ) ) ;
#2334 = AXIS2_PLACEMENT_3D ( 'NONE', #2526, #37, #3248 ) ;
#2335 = MECHANICAL_DESIGN_GEOMETRIC_PRESENTATION_REPRESENTATION (  '', ( #1085 ), #57 ) ;
#2336 = CARTESIAN_POINT ( 'NONE',  ( -7.000000000000000000, 0.000000000000000000, -15.10000000000000142 ) ) ;
#2337 = CARTESIAN_POINT ( 'NONE',  ( 8.504371398199559451, 8.472156660055100375, -15.69343484075669970 ) ) ;
#2338 = CARTESIAN_POINT ( 'NONE',  ( -5.908170555001659885, 9.214388716257060352, 17.91323295206925081 ) ) ;
#2339 = ORIENTED_EDGE ( 'NONE', *, *, #2127, .T. ) ;
#2340 = SURFACE_SIDE_STYLE ('',( #225 ) ) ;
#2341 = CARTESIAN_POINT ( 'NONE',  ( 7.638974699569449633, 8.633095530849830723, -20.24185474655899952 ) ) ;
#2342 = ADVANCED_FACE ( 'NONE', ( #3244 ), #413, .F. ) ;
#2343 = CARTESIAN_POINT ( 'NONE',  ( -3.143932562824775623, 8.002062103382423075, 18.36510786880056045 ) ) ;
#2344 = CARTESIAN_POINT ( 'NONE',  ( 6.400000000000000355, 9.149407376335959796, -17.69999999999999929 ) ) ;
#2345 = CARTESIAN_POINT ( 'NONE',  ( 7.398418644757340346, 8.881928392435741060, -19.09740501917799804 ) ) ;
#2346 = CARTESIAN_POINT ( 'NONE',  ( 3.818340044285784884, 7.997003052323025329, -16.18739695032275705 ) ) ;
#2347 = CARTESIAN_POINT ( 'NONE',  ( -8.106189267721729763, 7.998274093905299864, 19.40817466006584979 ) ) ;
#2348 = LINE ( 'NONE', #319, #2120 ) ;
#2349 = CARTESIAN_POINT ( 'NONE',  ( -5.600449042810611289, 8.709129559642192930, 15.38964785470746044 ) ) ;
#2350 = CARTESIAN_POINT ( 'NONE',  ( -7.000000000000000000, 0.000000000000000000, -15.10000000000000142 ) ) ;
#2351 = CARTESIAN_POINT ( 'NONE',  ( -5.200000000000000178, 8.000000000000000000, 18.30000000000000071 ) ) ;
#2352 = SURFACE_STYLE_FILL_AREA ( #4093 ) ;
#2353 = CARTESIAN_POINT ( 'NONE',  ( -3.528326951273740075, 8.631984696654329881, 16.18812935040890011 ) ) ;
#2354 = ORIENTED_EDGE ( 'NONE', *, *, #4079, .F. ) ;
#2355 = CARTESIAN_POINT ( 'NONE',  ( -7.500000000000000000, 6.500000000000000000, -24.00000000000000000 ) ) ;
#2356 = AXIS2_PLACEMENT_3D ( 'NONE', #1167, #210, #3655 ) ;
#2357 = CONICAL_SURFACE ( 'NONE', #1104, 2.749999999999999112, 0.08726646259971625186 ) ;
#2358 = FACE_OUTER_BOUND ( 'NONE', #2140, .T. ) ;
#2359 =( NAMED_UNIT ( * ) PLANE_ANGLE_UNIT ( ) SI_UNIT ( $, .RADIAN. ) );
#2360 = CARTESIAN_POINT ( 'NONE',  ( 5.908179513928540239, 9.162702056682320517, -17.21646442709670310 ) ) ;
#2361 = CARTESIAN_POINT ( 'NONE',  ( -8.071671243412039232, 8.631985096112300582, 16.18812935040885037 ) ) ;
#2362 = ORIENTED_EDGE ( 'NONE', *, *, #2173, .F. ) ;
#2363 = CARTESIAN_POINT ( 'NONE',  ( -5.799999999999999822, 7.200000000000000178, 18.00000000000000000 ) ) ;
#2364 = CARTESIAN_POINT ( 'NONE',  ( 5.908179513928519810, 9.214388450802399433, -18.08676704786245182 ) ) ;
#2365 = UNCERTAINTY_MEASURE_WITH_UNIT (LENGTH_MEASURE( 1.000000000000000082E-05 ), #1991, 'distance_accuracy_value', 'NONE');
#2366 = CARTESIAN_POINT ( 'NONE',  ( -4.480246359620890573, 7.997388200542321357, 20.33487028244444161 ) ) ;
#2367 = CARTESIAN_POINT ( 'NONE',  ( 7.654201379212292267, 7.997137669027050144, -16.06458530730958145 ) ) ;
#2368 =( NAMED_UNIT ( * ) PLANE_ANGLE_UNIT ( ) SI_UNIT ( $, .RADIAN. ) );
#2369 = EDGE_CURVE ( 'NONE', #2453, #335, #1030, .T. ) ;
#2370 = CARTESIAN_POINT ( 'NONE',  ( 8.051136756743352052, 8.703352706143666850, -16.62109280198801642 ) ) ;
#2371 = EDGE_CURVE ( 'NONE', #2834, #612, #1746, .T. ) ;
#2372 = CARTESIAN_POINT ( 'NONE',  ( 3.800462758680146269, 8.000928265363670633, -19.78584529431629946 ) ) ;
#2373 = CARTESIAN_POINT ( 'NONE',  ( -7.612959102125540944, 8.881459907301408663, 18.68130585693819867 ) ) ;
#2374 = CARTESIAN_POINT ( 'NONE',  ( 7.419392309647585115, 8.881838579731681449, -19.08377548070895813 ) ) ;
#2375 = EDGE_CURVE ( 'NONE', #2710, #3351, #3331, .T. ) ;
#2376 = B_SPLINE_SURFACE_WITH_KNOTS ( 'NONE', 5, 5, ( 
 ( #2852, #3865, #715, #3586, #432, #4223, #4268, #758, #1817, #1119, #2489, #3546 ),
 ( #1750, #2145, #1793, #46, #1444, #1840, #4247, #3162, #2512, #2167, #90, #1486 ),
 ( #1401, #2578, #2602, #1208, #3649, #245, #4356, #1909, #591, #1995, #2361, #2208 ),
 ( #3407, #4443, #3736, #2231, #2915, #2023, #842, #3630, #1509, #2957, #4465, #1648 ),
 ( #3299, #475, #3432, #268, #1671, #4097, #4313, #1886, #2732, #1183, #3611, #1535 ),
 ( #499, #1165, #3079, #1320, #3053, #1294, #2338, #3973, #801, #1560, #3322, #2709 ),
 ( #2938, #950, #455, #1866, #161, #3762, #617, #3276, #113, #2253, #822, #141 ),
 ( #2625, #4016, #4335, #3994, #867, #3476, #4510, #1049, #3808, #2452, #2047, #350 ),
 ( #704, #3516, #2800, #3458, #2432, #3147, #997, #1689, #2756, #2111, #15, #3852 ),
 ( #32, #370, #1779, #1759, #4121, #3103, #1432, #3172, #1412, #287, #2070, #1715 ),
 ( #306, #2780, #3124, #3536, #3194, #3496, #1388, #3831, #1070, #4145, #1362, #2817 ),
 ( #4211, #685, #4490, #4169, #329, #1339, #2410, #2473, #3872, #1026, #725, #4191 ) ),
 .UNSPECIFIED., .F., .F., .F.,
 ( 6, 3, 3, 6 ),
 ( 6, 3, 3, 6 ),
 ( -2.796542062480950275, -0.6466215770361809501, 0.4412566989476640056, 2.617013250915354750 ),
 ( -2.704371398027429763, -0.5408796515214580047, 0.5408706926837439921, 2.704371381094150095 ),
 .UNSPECIFIED. ) ;
#2377 = LINE ( 'NONE', #2794, #984 ) ;
#2378 = CARTESIAN_POINT ( 'NONE',  ( -6.557220761524760633, 8.900459654733559489, 16.18812935040885037 ) ) ;
#2379 = VERTEX_POINT ( 'NONE', #582 ) ;
#2380 = CARTESIAN_POINT ( 'NONE',  ( 6.100000000000000533, 9.073399659798148775, -19.12447703935415078 ) ) ;
#2381 = AXIS2_PLACEMENT_3D ( 'NONE', #1718, #3434, #3128 ) ;
#2382 = PRESENTATION_LAYER_ASSIGNMENT (  '', '', ( #1345 ) ) ;
#2383 =( NAMED_UNIT ( * ) PLANE_ANGLE_UNIT ( ) SI_UNIT ( $, .RADIAN. ) );
#2384 = DIRECTION ( 'NONE',  ( 0.000000000000000000, 0.000000000000000000, 1.000000000000000000 ) ) ;
#2385 = CARTESIAN_POINT ( 'NONE',  ( 3.095628618905170271, 8.533543838926540559, -16.12858615113944794 ) ) ;
#2386 = SURFACE_SIDE_STYLE ('',( #973 ) ) ;
#2387 = ORIENTED_EDGE ( 'NONE', *, *, #626, .F. ) ;
#2388 = AXIS2_PLACEMENT_3D ( 'NONE', #609, #4458, #346 ) ;
#2389 = CARTESIAN_POINT ( 'NONE',  ( -6.100000000000000533, 10.00000000000000000, 17.69999999999999929 ) ) ;
#2390 = CARTESIAN_POINT ( 'NONE',  ( 5.908179513928490501, 8.811602777714519164, -20.24185474655899952 ) ) ;
#2391 = DIRECTION ( 'NONE',  ( -1.000000000000000000, 0.000000000000000000, 1.495451272393802008E-16 ) ) ;
#2392 = CARTESIAN_POINT ( 'NONE',  ( 6.795020515031580111, 7.998101026588313900, -15.51133657809162436 ) ) ;
#2393 = ORIENTED_EDGE ( 'NONE', *, *, #4332, .F. ) ;
#2394 = CARTESIAN_POINT ( 'NONE',  ( 7.115704064496339853, 7.997388905023128380, -15.65870869195769899 ) ) ;
#2395 = ADVANCED_FACE ( 'NONE', ( #1193 ), #1896, .F. ) ;
#2396 = COLOUR_RGB ( '',0.7529411764705882248, 0.7529411764705882248, 0.7529411764705882248 ) ;
#2397 = CARTESIAN_POINT ( 'NONE',  ( 3.151560649546492954, 8.003103671113741768, -18.53018861467876022 ) ) ;
#2398 = CARTESIAN_POINT ( 'NONE',  ( -6.194447605065029450, 8.886142557196130554, 16.08998168312635002 ) ) ;
#2399 = DIRECTION ( 'NONE',  ( 0.000000000000000000, 1.000000000000000000, 0.000000000000000000 ) ) ;
#2400 = CARTESIAN_POINT ( 'NONE',  ( -3.464905544496229339, 8.705164271916196128, 16.80372730146089211 ) ) ;
#2401 = CARTESIAN_POINT ( 'NONE',  ( -4.299999999999999822, 8.988697602488290528, 18.18000000000000327 ) ) ;
#2402 = EDGE_CURVE ( 'NONE', #2733, #993, #2329, .T. ) ;
#2403 = DIRECTION ( 'NONE',  ( 0.000000000000000000, 1.000000000000000000, 0.000000000000000000 ) ) ;
#2404 = DIRECTION ( 'NONE',  ( 0.000000000000000000, -1.000000000000000000, 0.000000000000000000 ) ) ;
#2405 = CARTESIAN_POINT ( 'NONE',  ( -5.691820486160629855, 9.162702056700771536, 18.78353557285635134 ) ) ;
#2406 = ORIENTED_EDGE ( 'NONE', *, *, #2708, .T. ) ;
#2407 = STYLED_ITEM ( 'NONE', ( #1081 ), #3631 ) ;
#2408 = FACE_OUTER_BOUND ( 'NONE', #4170, .T. ) ;
#2409 =( NAMED_UNIT ( * ) SI_UNIT ( $, .STERADIAN. ) SOLID_ANGLE_UNIT ( ) );
#2410 = CARTESIAN_POINT ( 'NONE',  ( -5.908170555001699853, 8.669641775363839287, 20.74171646962724935 ) ) ;
#2411 = ORIENTED_EDGE ( 'NONE', *, *, #2402, .F. ) ;
#2412 = CARTESIAN_POINT ( 'NONE',  ( -6.400000000000000355, 10.00000000000000000, 17.69999999999999929 ) ) ;
#2413 = CARTESIAN_POINT ( 'NONE',  ( 4.393729031992839928, 9.002525907054101495, -18.73432680013224783 ) ) ;
#2414 = AXIS2_PLACEMENT_3D ( 'NONE', #381, #2830, #3255 ) ;
#2415 = CARTESIAN_POINT ( 'NONE',  ( 5.799999999999999822, 8.000000000000000000, -20.68000906917925263 ) ) ;
#2416 = AXIS2_PLACEMENT_3D ( 'NONE', #4316, #3679, #845 ) ;
#2417 = FILL_AREA_STYLE ('',( #4425 ) ) ;
#2418 = CARTESIAN_POINT ( 'NONE',  ( 5.042779238536668984, 8.669035930511219235, -20.67183884363739921 ) ) ;
#2419 = ORIENTED_EDGE ( 'NONE', *, *, #2742, .F. ) ;
#2420 = CARTESIAN_POINT ( 'NONE',  ( 7.577114650676190166, 8.882701738744959385, -18.77367537919244711 ) ) ;
#2421 = COLOUR_RGB ( '',0.7529411764705882248, 0.7529411764705882248, 0.7529411764705882248 ) ;
#2422 = STYLED_ITEM ( 'NONE', ( #242 ), #471 ) ;
#2423 = FILL_AREA_STYLE_COLOUR ( '', #1761 ) ;
#2424 = CARTESIAN_POINT ( 'NONE',  ( 3.880321342431572340, 8.000968599913864665, -19.87760514492605424 ) ) ;
#2425 = SURFACE_STYLE_USAGE ( .BOTH. , #71 ) ;
#2426 = CARTESIAN_POINT ( 'NONE',  ( 5.799999999999999822, 7.999533011481299916, -15.31995007461934932 ) ) ;
#2427 = CARTESIAN_POINT ( 'NONE',  ( -3.687342729117069950, 8.001085431302760398, 16.34240123254640054 ) ) ;
#2428 = DIRECTION ( 'NONE',  ( 0.000000000000000000, 0.000000000000000000, 1.000000000000000000 ) ) ;
#2429 = SURFACE_STYLE_FILL_AREA ( #4162 ) ;
#2430 = CARTESIAN_POINT ( 'NONE',  ( -5.691820486160620085, 9.212319359828988752, 18.13080860726604726 ) ) ;
#2431 = EDGE_LOOP ( 'NONE', ( #3620, #1406, #1027, #1034 ) ) ;
#2432 = CARTESIAN_POINT ( 'NONE',  ( -5.042772068018409826, 8.987440422454390898, 19.43626253844665186 ) ) ;
#2433 = ORIENTED_EDGE ( 'NONE', *, *, #2705, .F. ) ;
#2434 = DIRECTION ( 'NONE',  ( 0.000000000000000000, 1.000000000000000000, 0.000000000000000000 ) ) ;
#2435 =( GEOMETRIC_REPRESENTATION_CONTEXT ( 3 ) GLOBAL_UNCERTAINTY_ASSIGNED_CONTEXT ( ( #1149 ) ) GLOBAL_UNIT_ASSIGNED_CONTEXT ( ( #4483, #1021, #3800 ) ) REPRESENTATION_CONTEXT ( 'NONE', 'WORKASPACE' ) );
#2436 = SURFACE_STYLE_USAGE ( .BOTH. , #354 ) ;
#2437 = DIRECTION ( 'NONE',  ( 0.000000000000000000, 0.000000000000000000, -1.000000000000000000 ) ) ;
#2438 = DIRECTION ( 'NONE',  ( 0.000000000000000000, -1.000000000000000000, 0.000000000000000000 ) ) ;
#2439 = ORIENTED_EDGE ( 'NONE', *, *, #812, .T. ) ;
#2440 = CARTESIAN_POINT ( 'NONE',  ( 6.640122272552019922, 8.879298704241319840, -16.25576720449435086 ) ) ;
#2441 = MECHANICAL_DESIGN_GEOMETRIC_PRESENTATION_REPRESENTATION (  '', ( #3610 ), #1403 ) ;
#2442 = CARTESIAN_POINT ( 'NONE',  ( -5.799999999999999822, 7.200000000000000178, 15.25000000000000000 ) ) ;
#2443 = LINE ( 'NONE', #3064, #208 ) ;
#2444 = CARTESIAN_POINT ( 'NONE',  ( -3.409239529830109916, 8.001501681546400846, 16.77702854498144802 ) ) ;
#2445 = FACE_OUTER_BOUND ( 'NONE', #2990, .T. ) ;
#2446 = CARTESIAN_POINT ( 'NONE',  ( 6.100000000000000533, 8.003720144313920315, -20.66283761983574863 ) ) ;
#2447 = CARTESIAN_POINT ( 'NONE',  ( -5.908170555001650115, 9.175903361548758852, 17.26567319978354931 ) ) ;
#2448 = ORIENTED_EDGE ( 'NONE', *, *, #1667, .F. ) ;
#2449 = EDGE_CURVE ( 'NONE', #4141, #2017, #918, .T. ) ;
#2450 =( LENGTH_UNIT ( ) NAMED_UNIT ( * ) SI_UNIT ( .MILLI., .METRE. ) );
#2451 = CARTESIAN_POINT ( 'NONE',  ( -6.400000000000000355, 9.151281936512539517, 17.69999999999999929 ) ) ;
#2452 = CARTESIAN_POINT ( 'NONE',  ( -7.638971105729999600, 8.885915271098738799, 18.78353557285629805 ) ) ;
#2453 = VERTEX_POINT ( 'NONE', #1287 ) ;
#2454 = FILL_AREA_STYLE_COLOUR ( '', #2959 ) ;
#2455 = UNCERTAINTY_MEASURE_WITH_UNIT (LENGTH_MEASURE( 1.000000000000000082E-05 ), #871, 'distance_accuracy_value', 'NONE');
#2456 = AXIS2_PLACEMENT_3D ( 'NONE', #2363, #1364, #4467 ) ;
#2457 = VECTOR ( 'NONE', #3043, 1000.000000000000000 ) ;
#2458 = PLANE ( 'NONE',  #490 ) ;
#2459 =( NAMED_UNIT ( * ) PLANE_ANGLE_UNIT ( ) SI_UNIT ( $, .RADIAN. ) );
#2460 = EDGE_CURVE ( 'NONE', #2379, #2261, #4391, .T. ) ;
#2461 = FACE_OUTER_BOUND ( 'NONE', #4151, .T. ) ;
#2462 = CARTESIAN_POINT ( 'NONE',  ( 3.190136895318466337, 8.707524094765391354, -17.73301191046899561 ) ) ;
#2463 =( GEOMETRIC_REPRESENTATION_CONTEXT ( 3 ) GLOBAL_UNCERTAINTY_ASSIGNED_CONTEXT ( ( #1392 ) ) GLOBAL_UNIT_ASSIGNED_CONTEXT ( ( #4293, #4067, #2964 ) ) REPRESENTATION_CONTEXT ( 'NONE', 'WORKASPACE' ) );
#2464 = CARTESIAN_POINT ( 'NONE',  ( -7.299999999999999822, 10.00000000000000000, 18.30000000000000071 ) ) ;
#2465 = FILL_AREA_STYLE ('',( #3906 ) ) ;
#2466 = LINE ( 'NONE', #1083, #1768 ) ;
#2467 = DIRECTION ( 'NONE',  ( 0.000000000000000000, 0.000000000000000000, -1.000000000000000000 ) ) ;
#2468 = CARTESIAN_POINT ( 'NONE',  ( -3.095628601972570504, 8.679672221593040859, 17.91323295206930055 ) ) ;
#2469 = ORIENTED_EDGE ( 'NONE', *, *, #3938, .F. ) ;
#2470 = B_SPLINE_CURVE_WITH_KNOTS ( 'NONE', 5,
 ( #328, #3457, #4190, #1431, #1758, #2451 ),
 .UNSPECIFIED., .F., .F.,
 ( 6, 6 ),
 ( 1.734723475976804976E-18, 0.0009152207028860060269 ),
 .UNSPECIFIED. ) ;
#2471 = LINE ( 'NONE', #4209, #622 ) ;
#2472 = PRESENTATION_STYLE_ASSIGNMENT (( #3193 ) ) ;
#2473 = CARTESIAN_POINT ( 'NONE',  ( -6.557220761524820141, 8.652164194506930528, 20.74171646962724935 ) ) ;
#2474 = VERTEX_POINT ( 'NONE', #830 ) ;
#2475 = CARTESIAN_POINT ( 'NONE',  ( 8.300000000000000711, -5.854912467321780944, -20.10000000000000142 ) ) ;
#2476 = CARTESIAN_POINT ( 'NONE',  ( 5.500000000000000000, 8.886167925260380684, -19.91119260018394854 ) ) ;
#2477 = STYLED_ITEM ( 'NONE', ( #2472 ), #3889 ) ;
#2478 = CARTESIAN_POINT ( 'NONE',  ( 6.100000000000000533, 8.000000000000000000, -18.59999999999999787 ) ) ;
#2479 = SURFACE_STYLE_USAGE ( .BOTH. , #670 ) ;
#2480 = VERTEX_POINT ( 'NONE', #3310 ) ;
#2481 = ORIENTED_EDGE ( 'NONE', *, *, #1265, .T. ) ;
#2482 = CARTESIAN_POINT ( 'NONE',  ( 4.513087341610828140, 8.703099254913368554, -15.71353732172300788 ) ) ;
#2483 = STYLED_ITEM ( 'NONE', ( #3469 ), #1686 ) ;
#2484 =( GEOMETRIC_REPRESENTATION_CONTEXT ( 3 ) GLOBAL_UNCERTAINTY_ASSIGNED_CONTEXT ( ( #2971 ) ) GLOBAL_UNIT_ASSIGNED_CONTEXT ( ( #441, #766, #125 ) ) REPRESENTATION_CONTEXT ( 'NONE', 'WORKASPACE' ) );
#2485 = EDGE_CURVE ( 'NONE', #2615, #969, #2636, .T. ) ;
#2486 = B_SPLINE_CURVE_WITH_KNOTS ( 'NONE', 5,
 ( #1422, #1791, #2850, #3948, #1137, #3274 ),
 .UNSPECIFIED., .F., .F.,
 ( 6, 6 ),
 ( 0.0003000870164835869988, 0.001637798327322835057 ),
 .UNSPECIFIED. ) ;
#2487 = CARTESIAN_POINT ( 'NONE',  ( 8.300000000000000711, -5.854912467321780944, -15.90000000000000036 ) ) ;
#2488 = CARTESIAN_POINT ( 'NONE',  ( -6.944420062023647588, 8.882427175349540960, 16.42223602557256612 ) ) ;
#2489 = CARTESIAN_POINT ( 'NONE',  ( -8.071671243412028574, 8.472945333589761319, 15.32816115623089992 ) ) ;
#2490 = B_SPLINE_CURVE_WITH_KNOTS ( 'NONE', 5,
 ( #3523, #751, #4217, #2115, #2866, #3898 ),
 .UNSPECIFIED., .F., .F.,
 ( 6, 6 ),
 ( 0.0003007278929813344756, 0.001215830171804901895 ),
 .UNSPECIFIED. ) ;
#2491 =( LENGTH_UNIT ( ) NAMED_UNIT ( * ) SI_UNIT ( .MILLI., .METRE. ) );
#2492 = CARTESIAN_POINT ( 'NONE',  ( -3.095628601972594929, 8.533543737936939877, 19.87141384884020212 ) ) ;
#2493 = ORIENTED_EDGE ( 'NONE', *, *, #2011, .T. ) ;
#2494 =( NAMED_UNIT ( * ) SI_UNIT ( $, .STERADIAN. ) SOLID_ANGLE_UNIT ( ) );
#2495 = DIRECTION ( 'NONE',  ( -1.000000000000000000, 0.000000000000000000, -3.540251991789405363E-16 ) ) ;
#2496 = VERTEX_POINT ( 'NONE', #193 ) ;
#2497 = CARTESIAN_POINT ( 'NONE',  ( 5.200000000000000178, 8.000000000000000000, -18.59999999999999787 ) ) ;
#2498 = DIRECTION ( 'NONE',  ( 0.000000000000000000, 0.000000000000000000, -1.000000000000000000 ) ) ;
#2499 = LINE ( 'NONE', #1176, #2918 ) ;
#2500 = DIRECTION ( 'NONE',  ( -0.7071067811865480168, 0.000000000000000000, -0.7071067811865470176 ) ) ;
#2501 =( NAMED_UNIT ( * ) PLANE_ANGLE_UNIT ( ) SI_UNIT ( $, .RADIAN. ) );
#2502 = ORIENTED_EDGE ( 'NONE', *, *, #2842, .F. ) ;
#2503 = VERTEX_POINT ( 'NONE', #1594 ) ;
#2504 = CARTESIAN_POINT ( 'NONE',  ( 3.125601264457754880, 8.002785235113430318, -18.24094133150645192 ) ) ;
#2505 = PRESENTATION_LAYER_ASSIGNMENT (  '', '', ( #4475 ) ) ;
#2506 = PRESENTATION_STYLE_ASSIGNMENT (( #339 ) ) ;
#2507 = EDGE_CURVE ( 'NONE', #1071, #2024, #1490, .T. ) ;
#2508 =( NAMED_UNIT ( * ) PLANE_ANGLE_UNIT ( ) SI_UNIT ( $, .RADIAN. ) );
#2509 = CARTESIAN_POINT ( 'NONE',  ( -7.419703880884337188, 8.879278473746101241, 19.07978682052835140 ) ) ;
#2510 = CARTESIAN_POINT ( 'NONE',  ( 5.500000000000001776, 8.207312031310094014, -15.35526708039849453 ) ) ;
#2511 = AXIS2_PLACEMENT_3D ( 'NONE', #1845, #2898, #4294 ) ;
#2512 = CARTESIAN_POINT ( 'NONE',  ( -7.206270968047880032, 8.705427551630890548, 15.75814525331990090 ) ) ;
#2513 = LINE ( 'NONE', #1487, #438 ) ;
#2514 =( BOUNDED_SURFACE ( )  B_SPLINE_SURFACE ( 3, 2, ( 
 ( #2254, #1536, #3650 ),
 ( #500, #1910, #4336 ),
 ( #3323, #2958, #2626 ),
 ( #4017, #3677, #1585 ),
 ( #2983, #3840, #4428 ),
 ( #692, #1006, #4152 ),
 ( #4177, #2101, #2764 ),
 ( #3031, #598, #3439 ),
 ( #2345, #2005, #3485 ),
 ( #4105, #3817, #295 ),
 ( #2420, #959, #3087 ),
 ( #1306, #1656, #252 ),
 ( #2079, #2741, #3502 ),
 ( #2031, #274, #2716 ),
 ( #1634, #3112, #4516 ),
 ( #3061, #672, #648 ),
 ( #1349, #1280, #315 ),
 ( #2694, #4084, #937 ),
 ( #3745, #3416, #2787 ),
 ( #4450, #2370, #4474 ),
 ( #4497, #3768, #624 ),
 ( #1722, #1371, #1678 ),
 ( #1329, #1035, #4128 ),
 ( #3134, #983, #2394 ),
 ( #2440, #3792, #2054 ),
 ( #3465, #1702, #4287 ),
 ( #1439, #774, #3884 ),
 ( #3580, #798, #2203 ),
 ( #2870, #428, #336 ),
 ( #1787, #1136, #1767 ),
 ( #3901, #42, #3180 ),
 ( #3229, #1078, #1743 ),
 ( #2552, #1812, #3156 ),
 ( #1, #1462, #4262 ),
 ( #2827, #2482, #1396 ),
 ( #1097, #3251, #3920 ),
 ( #4241, #2162, #3205 ),
 ( #357, #2141, #2184 ),
 ( #732, #1481, #3542 ),
 ( #1421, #378, #1058 ),
 ( #86, #4220, #2806 ),
 ( #67, #4200, #1836 ),
 ( #3945, #2462, #3860 ),
 ( #712, #2119, #2886 ),
 ( #22, #2846, #2504 ),
 ( #1116, #3526, #754 ),
 ( #3562, #2531, #399 ),
 ( #1532, #470, #909 ),
 ( #1862, #4333, #4372 ),
 ( #1163, #1949, #1180 ),
 ( #1905, #518, #2225 ),
 ( #1229, #1581, #3626 ),
 ( #2293, #4058, #3604 ),
 ( #2977, #3694, #450 ),
 ( #495, #4398, #1882 ),
 ( #2620, #3319, #3295 ),
 ( #137, #2934, #3989 ),
 ( #2597, #1928, #1505 ) ),
 .UNSPECIFIED., .F., .F., .T. ) 
 B_SPLINE_SURFACE_WITH_KNOTS ( ( 4, 2, 2, 2, 2, 2, 2, 2, 2, 2, 2, 2, 2, 2, 2, 2, 2, 2, 2, 2, 2, 2, 2, 2, 2, 2, 2, 2, 4 ),
 ( 3, 3 ),
 ( 0.0001279090338603302006, 0.0007700185600667739088, 0.001091073323169995885, 0.001412128086273218078, 0.001733182849376440054, 0.002054237612479660295, 0.002375292375582884873, 0.002696347138686104681, 0.003017401901789330126, 0.003338456664892549934, 0.003980566191098994754, 0.004301620954202214561, 0.004622675717305440440, 0.004943730480408660248, 0.005264785243511880056, 0.005585840006615099863, 0.005906894769718330079, 0.006227949532821549887, 0.006549004295924770562, 0.007191113822131210177, 0.007512168585234429985, 0.007833223348337661068, 0.008154278111440880009, 0.008475332874544098949, 0.008796387637647319624, 0.009117442400750540299, 0.009438497163853769648, 0.009759551926956990323, 0.01040166145316341953 ),
 ( 0.000000000000000000, 1.000000000000000000 ),
 .UNSPECIFIED. ) 
 GEOMETRIC_REPRESENTATION_ITEM ( )  RATIONAL_B_SPLINE_SURFACE ( (
 ( 1.000000000000000000, 0.8168728767763510090, 1.000000000000000000),
 ( 1.000000000000000000, 0.8169004680246640948, 1.000000000000000000),
 ( 1.000000000000000000, 0.8170425484423829987, 1.000000000000000000),
 ( 1.000000000000000000, 0.8170712543019380547, 1.000000000000000000),
 ( 1.000000000000000000, 0.8170605819775350609, 1.000000000000000000),
 ( 1.000000000000000000, 0.8170201347514269852, 1.000000000000000000),
 ( 1.000000000000000000, 0.8169916441784370598, 1.000000000000000000),
 ( 1.000000000000000000, 0.8169265282749299528, 1.000000000000000000),
 ( 1.000000000000000000, 0.8168891878299640030, 1.000000000000000000),
 ( 1.000000000000000000, 0.8167870578219089683, 1.000000000000000000),
 ( 1.000000000000000000, 0.8167214833960420028, 1.000000000000000000),
 ( 1.000000000000000000, 0.8165501552752481018, 1.000000000000000000),
 ( 1.000000000000000000, 0.8164417773794929722, 1.000000000000000000),
 ( 1.000000000000000000, 0.8162843923390120660, 1.000000000000000000),
 ( 1.000000000000000000, 0.8162286198769329593, 1.000000000000000000),
 ( 1.000000000000000000, 0.8161671677772410760, 1.000000000000000000),
 ( 1.000000000000000000, 0.8161627314013180090, 1.000000000000000000),
 ( 1.000000000000000000, 0.8161935135041989975, 1.000000000000000000),
 ( 1.000000000000000000, 0.8162242115018180089, 1.000000000000000000),
 ( 1.000000000000000000, 0.8162369364160679819, 1.000000000000000000),
 ( 1.000000000000000000, 0.8161791043144760449, 1.000000000000000000),
 ( 1.000000000000000000, 0.8160948910746569362, 1.000000000000000000),
 ( 1.000000000000000000, 0.8160663741860509912, 1.000000000000000000),
 ( 1.000000000000000000, 0.8159957522428539223, 1.000000000000000000),
 ( 1.000000000000000000, 0.8159517129365950749, 1.000000000000000000),
 ( 1.000000000000000000, 0.8158360297646399806, 1.000000000000000000),
 ( 1.000000000000000000, 0.8157582796137690107, 1.000000000000000000),
 ( 1.000000000000000000, 0.8156575109771430077, 1.000000000000000000),
 ( 1.000000000000000000, 0.8156313191387439820, 1.000000000000000000),
 ( 1.000000000000000000, 0.8156313205453510351, 1.000000000000000000),
 ( 1.000000000000000000, 0.8156575155798641008, 1.000000000000000000),
 ( 1.000000000000000000, 0.8157582741731630449, 1.000000000000000000),
 ( 1.000000000000000000, 0.8158360213216949708, 1.000000000000000000),
 ( 1.000000000000000000, 0.8159517071954389689, 1.000000000000000000),
 ( 1.000000000000000000, 0.8159957393630380418, 1.000000000000000000),
 ( 1.000000000000000000, 0.8160663530861509418, 1.000000000000000000),
 ( 1.000000000000000000, 0.8160948677116950378, 1.000000000000000000),
 ( 1.000000000000000000, 0.8161790858133399773, 1.000000000000000000),
 ( 1.000000000000000000, 0.8162369399923410374, 1.000000000000000000),
 ( 1.000000000000000000, 0.8162242280815560358, 1.000000000000000000),
 ( 1.000000000000000000, 0.8161935304008959280, 1.000000000000000000),
 ( 1.000000000000000000, 0.8161627399281989881, 1.000000000000000000),
 ( 1.000000000000000000, 0.8161671804278159970, 1.000000000000000000),
 ( 1.000000000000000000, 0.8162286237135190081, 1.000000000000000000),
 ( 1.000000000000000000, 0.8162843903155390102, 1.000000000000000000),
 ( 1.000000000000000000, 0.8164417947882410820, 1.000000000000000000),
 ( 1.000000000000000000, 0.8165501615616409525, 1.000000000000000000),
 ( 1.000000000000000000, 0.8167214755441319918, 1.000000000000000000),
 ( 1.000000000000000000, 0.8167870518834490223, 1.000000000000000000),
 ( 1.000000000000000000, 0.8168891866216290154, 1.000000000000000000),
 ( 1.000000000000000000, 0.8169265213146269522, 1.000000000000000000),
 ( 1.000000000000000000, 0.8169916341205419874, 1.000000000000000000),
 ( 1.000000000000000000, 0.8170201244983200661, 1.000000000000000000),
 ( 1.000000000000000000, 0.8170605724608950293, 1.000000000000000000),
 ( 1.000000000000000000, 0.8170712488440590171, 1.000000000000000000),
 ( 1.000000000000000000, 0.8170425491869399703, 1.000000000000000000),
 ( 1.000000000000000000, 0.8169004730453399699, 1.000000000000000000),
 ( 1.000000000000000000, 0.8168728760779839781, 1.000000000000000000) ) ) 
 REPRESENTATION_ITEM ( '' )  SURFACE ( )  );
#2515 =( GEOMETRIC_REPRESENTATION_CONTEXT ( 3 ) GLOBAL_UNCERTAINTY_ASSIGNED_CONTEXT ( ( #3242 ) ) GLOBAL_UNIT_ASSIGNED_CONTEXT ( ( #2933, #1580, #4308 ) ) REPRESENTATION_CONTEXT ( 'NONE', 'WORKASPACE' ) );
#2516 = CARTESIAN_POINT ( 'NONE',  ( 5.500000000000000000, 8.000000000000000000, -17.39999999999999858 ) ) ;
#2517 = EDGE_CURVE ( 'NONE', #1732, #200, #43, .T. ) ;
#2518 = CARTESIAN_POINT ( 'NONE',  ( -3.528326951273795142, 8.550330827786769561, 20.30656515923374883 ) ) ;
#2519 = ORIENTED_EDGE ( 'NONE', *, *, #1895, .T. ) ;
#2520 = B_SPLINE_CURVE_WITH_KNOTS ( 'NONE', 3,
 ( #1726, #2510, #3136, #757, #1816, #2104 ),
 .UNSPECIFIED., .F., .F.,
 ( 4, 2, 4 ),
 ( 4.340095982590855219E-09, 0.0006154985297523972443, 0.001230992719408812016 ),
 .UNSPECIFIED. ) ;
#2521 = SURFACE_STYLE_USAGE ( .BOTH. , #1826 ) ;
#2522 = SURFACE_SIDE_STYLE ('',( #2902 ) ) ;
#2523 = CARTESIAN_POINT ( 'NONE',  ( -6.400000000000000355, 9.151281936512539517, 17.69999999999999929 ) ) ;
#2524 = ORIENTED_EDGE ( 'NONE', *, *, #1241, .F. ) ;
#2525 = DIRECTION ( 'NONE',  ( 0.000000000000000000, -1.000000000000000000, 0.000000000000000000 ) ) ;
#2526 = CARTESIAN_POINT ( 'NONE',  ( 6.400000000000000355, 8.000000000000000000, -18.59999999999999787 ) ) ;
#2527 = SURFACE_STYLE_USAGE ( .BOTH. , #3857 ) ;
#2528 = CARTESIAN_POINT ( 'NONE',  ( 8.071673048884509427, 8.800327633192530641, -17.86919139267105194 ) ) ;
#2529 = ORIENTED_EDGE ( 'NONE', *, *, #2686, .F. ) ;
#2530 = VERTEX_POINT ( 'NONE', #2351 ) ;
#2531 = CARTESIAN_POINT ( 'NONE',  ( 3.280796561618319451, 8.706613794147692431, -18.73232469098302033 ) ) ;
#2532 = VECTOR ( 'NONE', #1762, 1000.000000000000000 ) ;
#2533 =( GEOMETRIC_REPRESENTATION_CONTEXT ( 3 ) GLOBAL_UNCERTAINTY_ASSIGNED_CONTEXT ( ( #2365 ) ) GLOBAL_UNIT_ASSIGNED_CONTEXT ( ( #1991, #3314, #4095 ) ) REPRESENTATION_CONTEXT ( 'NONE', 'WORKASPACE' ) );
#2534 = DIRECTION ( 'NONE',  ( 0.000000000000000000, 0.000000000000000000, -1.000000000000000000 ) ) ;
#2535 = DIRECTION ( 'NONE',  ( 0.000000000000000000, -1.000000000000000000, 0.000000000000000000 ) ) ;
#2536 = DIRECTION ( 'NONE',  ( 0.000000000000000000, 0.000000000000000000, -1.000000000000000000 ) ) ;
#2537 =( GEOMETRIC_REPRESENTATION_CONTEXT ( 3 ) GLOBAL_UNCERTAINTY_ASSIGNED_CONTEXT ( ( #2095 ) ) GLOBAL_UNIT_ASSIGNED_CONTEXT ( ( #2565, #461, #149 ) ) REPRESENTATION_CONTEXT ( 'NONE', 'WORKASPACE' ) );
#2538 = CARTESIAN_POINT ( 'NONE',  ( -5.799999999999999822, 6.500000000000000000, 18.00000000000000000 ) ) ;
#2539 = CARTESIAN_POINT ( 'NONE',  ( -5.042772068018409826, 8.987440422454390898, 19.43626253844665186 ) ) ;
#2540 = VERTEX_POINT ( 'NONE', #1662 ) ;
#2541 = EDGE_CURVE ( 'NONE', #3246, #77, #3068, .T. ) ;
#2542 = UNCERTAINTY_MEASURE_WITH_UNIT (LENGTH_MEASURE( 1.000000000000000082E-05 ), #1173, 'distance_accuracy_value', 'NONE');
#2543 =( NAMED_UNIT ( * ) PLANE_ANGLE_UNIT ( ) SI_UNIT ( $, .RADIAN. ) );
#2544 = CARTESIAN_POINT ( 'NONE',  ( -7.940838926476842197, 7.997578570288044197, 19.61479281492899673 ) ) ;
#2545 = DIRECTION ( 'NONE',  ( 0.000000000000000000, -1.000000000000000000, 0.000000000000000000 ) ) ;
#2546 = ORIENTED_EDGE ( 'NONE', *, *, #690, .T. ) ;
#2547 = PRESENTATION_STYLE_ASSIGNMENT (( #102 ) ) ;
#2548 = CARTESIAN_POINT ( 'NONE',  ( 6.557227932091470812, 9.007499219512519417, -19.38188655240215397 ) ) ;
#2549 = ORIENTED_EDGE ( 'NONE', *, *, #3049, .F. ) ;
#2550 = PRESENTATION_LAYER_ASSIGNMENT (  '', '', ( #2773 ) ) ;
#2551 = ORIENTED_EDGE ( 'NONE', *, *, #4242, .T. ) ;
#2552 = CARTESIAN_POINT ( 'NONE',  ( 5.188630783381519507, 8.880130194944770849, -16.16352524064815199 ) ) ;
#2553 = STYLED_ITEM ( 'NONE', ( #1118 ), #3683 ) ;
#2554 = CARTESIAN_POINT ( 'NONE',  ( 4.479820830398738352, 8.878317416989666810, -16.56974261151362526 ) ) ;
#2555 = LINE ( 'NONE', #3949, #2043 ) ;
#2556 = MECHANICAL_DESIGN_GEOMETRIC_PRESENTATION_REPRESENTATION (  '', ( #2988 ), #3303 ) ;
#2557 = AXIS2_PLACEMENT_3D ( 'NONE', #415, #2545, #4299 ) ;
#2558 = CARTESIAN_POINT ( 'NONE',  ( -4.104620382054194216, 8.702428889447089588, 20.00266038231027821 ) ) ;
#2559 = DIRECTION ( 'NONE',  ( 0.000000000000000000, 1.000000000000000000, 0.000000000000000000 ) ) ;
#2560 = CARTESIAN_POINT ( 'NONE',  ( 6.100000000000000533, 8.881071743730540646, -16.09240522659470329 ) ) ;
#2561 = CARTESIAN_POINT ( 'NONE',  ( -3.528326951273784928, 8.693244745476709667, 19.43626253844665186 ) ) ;
#2562 = ORIENTED_EDGE ( 'NONE', *, *, #3688, .F. ) ;
#2563 =( GEOMETRIC_REPRESENTATION_CONTEXT ( 3 ) GLOBAL_UNCERTAINTY_ASSIGNED_CONTEXT ( ( #2294 ) ) GLOBAL_UNIT_ASSIGNED_CONTEXT ( ( #4417, #3403, #1645 ) ) REPRESENTATION_CONTEXT ( 'NONE', 'WORKASPACE' ) );
#2564 = EDGE_CURVE ( 'NONE', #392, #3832, #4360, .T. ) ;
#2565 =( LENGTH_UNIT ( ) NAMED_UNIT ( * ) SI_UNIT ( .MILLI., .METRE. ) );
#2566 = CARTESIAN_POINT ( 'NONE',  ( -7.628398269787445507, 7.997119508930604859, 19.95979798943209715 ) ) ;
#2567 = CARTESIAN_POINT ( 'NONE',  ( 5.500000000000000000, 8.000000000000000000, -18.59999999999999787 ) ) ;
#2568 = ORIENTED_EDGE ( 'NONE', *, *, #3527, .F. ) ;
#2569 = FACE_OUTER_BOUND ( 'NONE', #1363, .T. ) ;
#2570 = CARTESIAN_POINT ( 'NONE',  ( 7.299999999999999822, 8.983875253283930107, -18.30000000000000071 ) ) ;
#2571 = CARTESIAN_POINT ( 'NONE',  ( 8.504371398199499055, 8.596309965983079948, -19.38188655240220015 ) ) ;
#2572 = ORIENTED_EDGE ( 'NONE', *, *, #2485, .F. ) ;
#2573 = CARTESIAN_POINT ( 'NONE',  ( 3.961028894296904745, 8.538624804159880455, -20.67183884363735302 ) ) ;
#2574 = DIRECTION ( 'NONE',  ( 0.000000000000000000, -1.000000000000000000, 0.000000000000000000 ) ) ;
#2575 = CARTESIAN_POINT ( 'NONE',  ( 7.838867107726908756, 8.001173239029785833, -19.73925874585096452 ) ) ;
#2576 = DIRECTION ( 'NONE',  ( 0.000000000000000000, 1.000000000000000000, 0.000000000000000000 ) ) ;
#2577 = COLOUR_RGB ( '',0.7529411764705882248, 0.7529411764705882248, 0.7529411764705882248 ) ;
#2578 = CARTESIAN_POINT ( 'NONE',  ( -3.528326951273740075, 8.631984696654329881, 16.18812935040890011 ) ) ;
#2579 = PRESENTATION_STYLE_ASSIGNMENT (( #1615 ) ) ;
#2580 = CARTESIAN_POINT ( 'NONE',  ( 6.100000000000000533, 9.120389879850250736, -18.86223851967709919 ) ) ;
#2581 = CARTESIAN_POINT ( 'NONE',  ( -5.306717631466709939, 8.880588896437359381, 19.87137986166654713 ) ) ;
#2582 = DIRECTION ( 'NONE',  ( 0.000000000000000000, 0.000000000000000000, 1.000000000000000000 ) ) ;
#2583 = CARTESIAN_POINT ( 'NONE',  ( -5.908170555001680313, 9.017153816355447660, 19.43626253844665186 ) ) ;
#2584 = ORIENTED_EDGE ( 'NONE', *, *, #3453, .T. ) ;
#2585 = CARTESIAN_POINT ( 'NONE',  ( 5.691829445080569094, 9.214388716262529755, -18.08676704786245182 ) ) ;
#2586 =( NAMED_UNIT ( * ) SI_UNIT ( $, .STERADIAN. ) SOLID_ANGLE_UNIT ( ) );
#2587 = SURFACE_STYLE_USAGE ( .BOTH. , #2522 ) ;
#2588 = CARTESIAN_POINT ( 'NONE',  ( -6.132429357924423563, 9.167518087748035782, 17.55675735434852669 ) ) ;
#2589 = ORIENTED_EDGE ( 'NONE', *, *, #2036, .F. ) ;
#2590 =( NAMED_UNIT ( * ) PLANE_ANGLE_UNIT ( ) SI_UNIT ( $, .RADIAN. ) );
#2591 = EDGE_CURVE ( 'NONE', #969, #1395, #634, .T. ) ;
#2592 =( NAMED_UNIT ( * ) SI_UNIT ( $, .STERADIAN. ) SOLID_ANGLE_UNIT ( ) );
#2593 = DIRECTION ( 'NONE',  ( 0.000000000000000000, 0.000000000000000000, 1.000000000000000000 ) ) ;
#2594 = CARTESIAN_POINT ( 'NONE',  ( 7.638974699569489601, 8.916609220448460604, -18.08676704786245182 ) ) ;
#2595 = ORIENTED_EDGE ( 'NONE', *, *, #961, .T. ) ;
#2596 =( LENGTH_UNIT ( ) NAMED_UNIT ( * ) SI_UNIT ( .MILLI., .METRE. ) );
#2597 = CARTESIAN_POINT ( 'NONE',  ( 5.651953059577460081, 8.886478051333920547, -19.92880009416619913 ) ) ;
#2598 = ADVANCED_FACE ( 'NONE', ( #2445 ), #1020, .T. ) ;
#2599 = LINE ( 'NONE', #3647, #2633 ) ;
#2600 = CARTESIAN_POINT ( 'NONE',  ( 5.500000000000000000, 8.886167925260380684, -19.91119260018394854 ) ) ;
#2601 = FILL_AREA_STYLE_COLOUR ( '', #1141 ) ;
#2602 = CARTESIAN_POINT ( 'NONE',  ( -3.961025300574934516, 8.719266868604030662, 16.18812935040890011 ) ) ;
#2603 = LINE ( 'NONE', #2652, #3148 ) ;
#2604 = PRESENTATION_LAYER_ASSIGNMENT (  '', '', ( #2960 ) ) ;
#2605 = FILL_AREA_STYLE ('',( #3632 ) ) ;
#2606 = CARTESIAN_POINT ( 'NONE',  ( -6.480430820556299487, 7.998840622759909813, 20.59792462217999898 ) ) ;
#2607 = FACE_OUTER_BOUND ( 'NONE', #1721, .T. ) ;
#2608 = FILL_AREA_STYLE_COLOUR ( '', #2421 ) ;
#2609 = ORIENTED_EDGE ( 'NONE', *, *, #4208, .T. ) ;
#2610 = CIRCLE ( 'NONE', #4066, 2.749999999999999112 ) ;
#2611 = CARTESIAN_POINT ( 'NONE',  ( 3.095628618905135188, 8.679672226843951677, -18.08676704786240208 ) ) ;
#2612 = CARTESIAN_POINT ( 'NONE',  ( -7.500000000000000000, 6.500000000000000000, 24.00000000000000000 ) ) ;
#2613 = CARTESIAN_POINT ( 'NONE',  ( 7.299999999999999822, 8.992169535900019994, -18.05999999999999872 ) ) ;
#2614 = CARTESIAN_POINT ( 'NONE',  ( -4.393723649876130288, 8.803373900958128218, 16.18812935040885037 ) ) ;
#2615 = VERTEX_POINT ( 'NONE', #8 ) ;
#2616 = CARTESIAN_POINT ( 'NONE',  ( 6.940000000009339587, 9.064410602314961096, -18.30000000000000071 ) ) ;
#2617 = CARTESIAN_POINT ( 'NONE',  ( 8.071673048884489887, 8.780991127745849667, -18.73432680013234730 ) ) ;
#2618 = ORIENTED_EDGE ( 'NONE', *, *, #2736, .T. ) ;
#2619 = CARTESIAN_POINT ( 'NONE',  ( -7.299999999999999822, 8.982659261378559634, 18.30000000000000071 ) ) ;
#2620 = CARTESIAN_POINT ( 'NONE',  ( 5.158402373566759458, 8.884794009815490057, -19.84219339954634975 ) ) ;
#2621 = UNCERTAINTY_MEASURE_WITH_UNIT (LENGTH_MEASURE( 1.000000000000000082E-05 ), #1815, 'distance_accuracy_value', 'NONE');
#2622 =( GEOMETRIC_REPRESENTATION_CONTEXT ( 3 ) GLOBAL_UNCERTAINTY_ASSIGNED_CONTEXT ( ( #2901 ) ) GLOBAL_UNIT_ASSIGNED_CONTEXT ( ( #3783, #664, #2409 ) ) REPRESENTATION_CONTEXT ( 'NONE', 'WORKASPACE' ) );
#2623 = CARTESIAN_POINT ( 'NONE',  ( -3.694639325546953845, 8.001038323644833028, 16.34142490910978651 ) ) ;
#2624 = CARTESIAN_POINT ( 'NONE',  ( 8.480144251131147115, 8.002553986182732615, -17.94162827012000250 ) ) ;
#2625 = CARTESIAN_POINT ( 'NONE',  ( -3.095628601972580274, 8.659264550386799542, 18.78353557285635134 ) ) ;
#2626 = CARTESIAN_POINT ( 'NONE',  ( 6.681603028881379913, 8.004165324425219552, -20.55334750914959940 ) ) ;
#2627 = EDGE_CURVE ( 'NONE', #2496, #3214, #4136, .T. ) ;
#2628 = PRESENTATION_LAYER_ASSIGNMENT (  '', '', ( #2407 ) ) ;
#2629 = CARTESIAN_POINT ( 'NONE',  ( -3.548863243256311417, 8.703352706148129059, 19.37890719801267991 ) ) ;
#2630 =( NAMED_UNIT ( * ) PLANE_ANGLE_UNIT ( ) SI_UNIT ( $, .RADIAN. ) );
#2631 = CARTESIAN_POINT ( 'NONE',  ( -4.180245838863145380, 8.879275658067612653, 19.07973615355293262 ) ) ;
#2632 = ORIENTED_EDGE ( 'NONE', *, *, #282, .T. ) ;
#2633 = VECTOR ( 'NONE', #1906, 1000.000000000000000 ) ;
#2634 = AXIS2_PLACEMENT_3D ( 'NONE', #1213, #4043, #3681 ) ;
#2635 = CARTESIAN_POINT ( 'NONE',  ( 4.393729031992894996, 8.689517064800551083, -15.69343484075659845 ) ) ;
#2636 = LINE ( 'NONE', #4026, #625 ) ;
#2637 = CARTESIAN_POINT ( 'NONE',  ( 7.299999999999999822, 8.983875253283930107, -18.30000000000000071 ) ) ;
#2638 = CARTESIAN_POINT ( 'NONE',  ( -3.961025300574924302, 8.538624224123729789, 15.32816115623094966 ) ) ;
#2639 = ORIENTED_EDGE ( 'NONE', *, *, #209, .T. ) ;
#2640 = FACE_OUTER_BOUND ( 'NONE', #416, .T. ) ;
#2641 = AXIS2_PLACEMENT_3D ( 'NONE', #546, #2272, #2982 ) ;
#2642 = DIRECTION ( 'NONE',  ( 0.000000000000000000, 0.000000000000000000, 1.000000000000000000 ) ) ;
#2643 =( LENGTH_UNIT ( ) NAMED_UNIT ( * ) SI_UNIT ( .MILLI., .METRE. ) );
#2644 = DIRECTION ( 'NONE',  ( 0.7071067811865460184, 0.000000000000000000, -0.7071067811865489050 ) ) ;
#2645 = EDGE_LOOP ( 'NONE', ( #1712, #66, #3317, #1220 ) ) ;
#2646 = SURFACE_STYLE_USAGE ( .BOTH. , #1162 ) ;
#2647 = CARTESIAN_POINT ( 'NONE',  ( 6.557227932091450384, 8.669035276506189547, -20.67183884363739921 ) ) ;
#2648 = CARTESIAN_POINT ( 'NONE',  ( -3.240451836202167257, 8.002251289746659779, 17.20562618705698910 ) ) ;
#2649 = CARTESIAN_POINT ( 'NONE',  ( 3.907143486572569824, 8.883666488010325324, -18.45627591210878293 ) ) ;
#2650 = SURFACE_STYLE_USAGE ( .BOTH. , #1236 ) ;
#2651 = DIRECTION ( 'NONE',  ( 0.000000000000000000, 1.000000000000000000, 0.000000000000000000 ) ) ;
#2652 = CARTESIAN_POINT ( 'NONE',  ( 8.300000000000000711, 6.500000000000000000, -20.10000000000000142 ) ) ;
#2653 = EDGE_CURVE ( 'NONE', #1103, #2048, #1383, .T. ) ;
#2654 = CARTESIAN_POINT ( 'NONE',  ( 4.500344195554738747, 7.998457576409686354, -15.64995735115385145 ) ) ;
#2655 = CARTESIAN_POINT ( 'NONE',  ( -5.924644332431290294, 8.881394436912779966, 19.93084865805515093 ) ) ;
#2656 = CARTESIAN_POINT ( 'NONE',  ( -5.500000000000000000, 8.886167924087580161, 16.08880740161615108 ) ) ;
#2657 = ORIENTED_EDGE ( 'NONE', *, *, #1416, .T. ) ;
#2658 = B_SPLINE_CURVE_WITH_KNOTS ( 'NONE', 5,
 ( #3268, #1577, #4031, #2616, #4346, #2570 ),
 .UNSPECIFIED., .F., .F.,
 ( 6, 6 ),
 ( 0.0003007324198213205094, 0.001215953124298086016 ),
 .UNSPECIFIED. ) ;
#2659 = CARTESIAN_POINT ( 'NONE',  ( 7.638974699569510030, 8.788473123353238492, -16.56373746152240045 ) ) ;
#2660 = EDGE_CURVE ( 'NONE', #40, #640, #2377, .T. ) ;
#2661 = FILL_AREA_STYLE ('',( #3729 ) ) ;
#2662 = CARTESIAN_POINT ( 'NONE',  ( -8.448439350451405261, 8.003103671111821527, 17.46981138531058875 ) ) ;
#2663 = CARTESIAN_POINT ( 'NONE',  ( -5.691820486160589887, 8.688148266515680618, 15.32816115623094966 ) ) ;
#2664 = ORIENTED_EDGE ( 'NONE', *, *, #1805, .T. ) ;
#2665 = AXIS2_PLACEMENT_3D ( 'NONE', #1586, #3088, #2985 ) ;
#2666 = UNCERTAINTY_MEASURE_WITH_UNIT (LENGTH_MEASURE( 1.000000000000000082E-05 ), #342, 'distance_accuracy_value', 'NONE');
#2667 = LINE ( 'NONE', #947, #4502 ) ;
#2668 = DIRECTION ( 'NONE',  ( 0.000000000000000000, 0.000000000000000000, -1.000000000000000000 ) ) ;
#2669 = CARTESIAN_POINT ( 'NONE',  ( 4.393729031992894996, 8.689517064800551083, -15.69343484075659845 ) ) ;
#2670 = ORIENTED_EDGE ( 'NONE', *, *, #4461, .F. ) ;
#2671 = CARTESIAN_POINT ( 'NONE',  ( 5.908179513928479842, 8.688148266552190080, -20.67183884363739921 ) ) ;
#2672 = CARTESIAN_POINT ( 'NONE',  ( -5.182676629688741876, 7.998901191764891117, 20.61534641758570885 ) ) ;
#2673 = CARTESIAN_POINT ( 'NONE',  ( 6.417323371016641076, 7.998901191746078609, -15.38465358236649294 ) ) ;
#2674 = PRESENTATION_STYLE_ASSIGNMENT (( #1979 ) ) ;
#2675 = CARTESIAN_POINT ( 'NONE',  ( -5.200000000000000178, 9.151281934822540265, 17.69999999999999929 ) ) ;
#2676 = DIRECTION ( 'NONE',  ( 0.000000000000000000, 1.000000000000000000, 0.000000000000000000 ) ) ;
#2677 = CARTESIAN_POINT ( 'NONE',  ( -7.398430922626130446, 8.881928417283090127, 16.90261230235595136 ) ) ;
#2678 = LINE ( 'NONE', #3327, #1823 ) ;
#2679 = B_SPLINE_CURVE_WITH_KNOTS ( 'NONE', 3,
 ( #467, #489, #1500, #2930 ),
 .UNSPECIFIED., .F., .F.,
 ( 4, 4 ),
 ( 1.734723475976804976E-18, 0.0005999889399063250547 ),
 .UNSPECIFIED. ) ;
#2680 = PRESENTATION_LAYER_ASSIGNMENT (  '', '', ( #1795 ) ) ;
#2681 = CARTESIAN_POINT ( 'NONE',  ( 3.528328756601055272, 8.775619859309399473, -17.21646442709664981 ) ) ;
#2682 = CARTESIAN_POINT ( 'NONE',  ( -7.531303226653046856, 8.001400245458990312, 15.95267874097607752 ) ) ;
#2683 = CARTESIAN_POINT ( 'NONE',  ( -8.071671243412028574, 8.472945333589761319, 15.32816115623089992 ) ) ;
#2684 = EDGE_LOOP ( 'NONE', ( #2777, #460, #2584, #2502 ) ) ;
#2685 = VECTOR ( 'NONE', #2855, 1000.000000000000000 ) ;
#2686 = EDGE_CURVE ( 'NONE', #3533, #11, #658, .T. ) ;
#2687 = CARTESIAN_POINT ( 'NONE',  ( 7.500000000000000000, 6.500000000000000000, 24.00000000000000000 ) ) ;
#2688 = CARTESIAN_POINT ( 'NONE',  ( 3.961028894296994896, 8.532553369096101292, -15.25828353037369922 ) ) ;
#2689 = ORIENTED_EDGE ( 'NONE', *, *, #3226, .T. ) ;
#2690 = CARTESIAN_POINT ( 'NONE',  ( 7.500000000000000000, 0.000000000000000000, 24.00000000000000000 ) ) ;
#2691 = CARTESIAN_POINT ( 'NONE',  ( 4.393729031992819500, 8.705427551668341479, -20.24185474655894978 ) ) ;
#2692 = UNCERTAINTY_MEASURE_WITH_UNIT (LENGTH_MEASURE( 1.000000000000000082E-05 ), #1739, 'distance_accuracy_value', 'NONE');
#2693 = DIRECTION ( 'NONE',  ( -1.000000000000000000, 0.000000000000000000, 0.000000000000000000 ) ) ;
#2694 = CARTESIAN_POINT ( 'NONE',  ( 7.652467816924460209, 8.882142092561570834, -17.43543842084594786 ) ) ;
#2695 = CARTESIAN_POINT ( 'NONE',  ( 4.425125511809874013, 8.002489961609969171, -20.30043460122018573 ) ) ;
#2696 = CARTESIAN_POINT ( 'NONE',  ( -7.524861703880540098, 8.882365076390440706, 17.11532328268005188 ) ) ;
#2697 = CARTESIAN_POINT ( 'NONE',  ( 6.328186473017866298, 8.885550553678124075, -19.87561954457082081 ) ) ;
#2698 = CARTESIAN_POINT ( 'NONE',  ( -5.271769756088368730, 8.880587519855341228, 19.87199898241744123 ) ) ;
#2699 = PRESENTATION_LAYER_ASSIGNMENT (  '', '', ( #198 ) ) ;
#2700 = CARTESIAN_POINT ( 'NONE',  ( 3.095628618905175600, 8.472156873072240302, -15.69343484075659845 ) ) ;
#2701 = CARTESIAN_POINT ( 'NONE',  ( 6.100000000000000533, 8.212273329089438079, -20.64441714592953048 ) ) ;
#2702 = PLANE ( 'NONE',  #675 ) ;
#2703 = CIRCLE ( 'NONE', #3302, 2.680009069179260184 ) ;
#2704 = STYLED_ITEM ( 'NONE', ( #4173 ), #1915 ) ;
#2705 = EDGE_CURVE ( 'NONE', #3214, #3133, #185, .T. ) ;
#2706 = CARTESIAN_POINT ( 'NONE',  ( -6.949999999999999289, 0.000000000000000000, 6.949999999999999289 ) ) ;
#2707 = CARTESIAN_POINT ( 'NONE',  ( 4.393729031992870127, 8.993200428479029895, -17.21646442709664981 ) ) ;
#2708 = EDGE_CURVE ( 'NONE', #2067, #1736, #4504, .T. ) ;
#2709 = CARTESIAN_POINT ( 'NONE',  ( -8.504371381094150806, 8.679672226845200456, 17.91323295206919752 ) ) ;
#2710 = VERTEX_POINT ( 'NONE', #3868 ) ;
#2711 = CARTESIAN_POINT ( 'NONE',  ( 8.071673048884500545, 8.801120240898629987, -18.08676704786249800 ) ) ;
#2712 = CARTESIAN_POINT ( 'NONE',  ( -3.439686907579177610, 8.001431457203389996, 16.70674884625267609 ) ) ;
#2713 = CARTESIAN_POINT ( 'NONE',  ( -6.100000000000000533, 8.000000000000000000, 18.30000000000000071 ) ) ;
#2714 = FILL_AREA_STYLE_COLOUR ( '', #3367 ) ;
#2715 = ADVANCED_FACE ( 'NONE', ( #4249 ), #803, .T. ) ;
#2716 = CARTESIAN_POINT ( 'NONE',  ( 8.474396001196119244, 8.002785221374999480, -18.24095833935300348 ) ) ;
#2717 = CARTESIAN_POINT ( 'NONE',  ( 3.125543796425801713, 8.002387796088315852, -17.83065488646501251 ) ) ;
#2718 = CARTESIAN_POINT ( 'NONE',  ( -8.319203438381661542, 8.706613794142739948, 17.26767530901894432 ) ) ;
#2719 = MECHANICAL_DESIGN_GEOMETRIC_PRESENTATION_REPRESENTATION (  '', ( #1317 ), #4469 ) ;
#2720 = DIRECTION ( 'NONE',  ( 0.000000000000000000, -1.000000000000000000, 0.000000000000000000 ) ) ;
#2721 = CARTESIAN_POINT ( 'NONE',  ( -3.177996054772219914, 8.002596590394817966, 17.42065670563664881 ) ) ;
#2722 = SURFACE_STYLE_USAGE ( .BOTH. , #655 ) ;
#2723 = DIRECTION ( 'NONE',  ( 0.000000000000000000, -1.000000000000000000, 0.000000000000000000 ) ) ;
#2724 = CARTESIAN_POINT ( 'NONE',  ( 5.200000000000000178, 10.00000000000000000, -17.69999999999999929 ) ) ;
#2725 = CARTESIAN_POINT ( 'NONE',  ( -7.206270968047920000, 8.993200428468199448, 18.78353557285629805 ) ) ;
#2726 = MECHANICAL_DESIGN_GEOMETRIC_PRESENTATION_REPRESENTATION (  '', ( #737 ), #1248 ) ;
#2727 = ORIENTED_EDGE ( 'NONE', *, *, #3474, .T. ) ;
#2728 = MECHANICAL_DESIGN_GEOMETRIC_PRESENTATION_REPRESENTATION (  '', ( #2284 ), #3175 ) ;
#2729 = DIRECTION ( 'NONE',  ( 0.7071067811865480168, 0.000000000000000000, -0.7071067811865470176 ) ) ;
#2730 = LINE ( 'NONE', #2754, #3599 ) ;
#2731 = CARTESIAN_POINT ( 'NONE',  ( 5.042779238536759578, 8.652164194515020057, -15.25828353037374896 ) ) ;
#2732 = CARTESIAN_POINT ( 'NONE',  ( -7.206270968047889802, 9.002525907019849782, 17.26567319978349957 ) ) ;
#2733 = VERTEX_POINT ( 'NONE', #1426 ) ;
#2734 = DIRECTION ( 'NONE',  ( 0.000000000000000000, 0.000000000000000000, 1.000000000000000000 ) ) ;
#2735 = CARTESIAN_POINT ( 'NONE',  ( 6.557227932091470812, 8.900458699144010666, -19.81187064948059984 ) ) ;
#2736 = EDGE_CURVE ( 'NONE', #4286, #1243, #364, .T. ) ;
#2737 = DIRECTION ( 'NONE',  ( 0.000000000000000000, 1.000000000000000000, 0.000000000000000000 ) ) ;
#2738 = CARTESIAN_POINT ( 'NONE',  ( 6.650284444077446899, 7.998423504735939993, -15.45783766296635342 ) ) ;
#2739 =( LENGTH_UNIT ( ) NAMED_UNIT ( * ) SI_UNIT ( .MILLI., .METRE. ) );
#2740 = ORIENTED_EDGE ( 'NONE', *, *, #2541, .T. ) ;
#2741 = CARTESIAN_POINT ( 'NONE',  ( 8.361461360153223055, 8.707153647706157074, -18.56724772475761043 ) ) ;
#2742 = EDGE_CURVE ( 'NONE', #3133, #2270, #2102, .T. ) ;
#2743 = CARTESIAN_POINT ( 'NONE',  ( 3.958939943015573615, 7.997077620645311136, -16.05209901362488267 ) ) ;
#2744 = CARTESIAN_POINT ( 'NONE',  ( -7.072288744516829873, 8.882103532364638454, 16.53641030324709860 ) ) ;
#2745 = CARTESIAN_POINT ( 'NONE',  ( -8.300000000000000711, 6.500000000000000000, 19.14564392373895174 ) ) ;
#2746 = CARTESIAN_POINT ( 'NONE',  ( -4.934943212347842945, 8.707157680728338178, 15.50658903341146377 ) ) ;
#2747 = CARTESIAN_POINT ( 'NONE',  ( 6.940000000000320135, 9.062864290647379306, -17.69999999999999929 ) ) ;
#2748 = CARTESIAN_POINT ( 'NONE',  ( 6.099999999999998757, 8.721326174797134456, -20.29411937808477617 ) ) ;
#2749 = DIRECTION ( 'NONE',  ( 0.000000000000000000, -1.000000000000000000, 0.000000000000000000 ) ) ;
#2750 = CARTESIAN_POINT ( 'NONE',  ( -3.528326951273775158, 8.775619406358670105, 18.78353557285635134 ) ) ;
#2751 = ORIENTED_EDGE ( 'NONE', *, *, #4046, .F. ) ;
#2752 =( NAMED_UNIT ( * ) SI_UNIT ( $, .STERADIAN. ) SOLID_ANGLE_UNIT ( ) );
#2753 = MECHANICAL_DESIGN_GEOMETRIC_PRESENTATION_REPRESENTATION (  '', ( #1345 ), #26 ) ;
#2754 = CARTESIAN_POINT ( 'NONE',  ( -5.200000000000000178, 10.00000000000000000, 18.30000000000000071 ) ) ;
#2755 = SURFACE_STYLE_USAGE ( .BOTH. , #3515 ) ;
#2756 = CARTESIAN_POINT ( 'NONE',  ( -7.206270968047930658, 8.881519400434090272, 19.43626253844660212 ) ) ;
#2757 = ORIENTED_EDGE ( 'NONE', *, *, #2895, .F. ) ;
#2758 = VECTOR ( 'NONE', #2729, 1000.000000000000000 ) ;
#2759 = PRESENTATION_STYLE_ASSIGNMENT (( #4445 ) ) ;
#2760 = CARTESIAN_POINT ( 'NONE',  ( 3.961028894296924729, 8.800682113543409457, -19.38188655240210068 ) ) ;
#2761 = CARTESIAN_POINT ( 'NONE',  ( 7.487624144496527023, 7.996811614989289829, -15.91521314076174320 ) ) ;
#2762 = DIRECTION ( 'NONE',  ( 1.000000000000000000, 0.000000000000000000, 0.000000000000000000 ) ) ;
#2763 = ORIENTED_EDGE ( 'NONE', *, *, #2653, .T. ) ;
#2764 = CARTESIAN_POINT ( 'NONE',  ( 7.685777782276919545, 8.001231053868510301, -19.91173436652834994 ) ) ;
#2765 = FILL_AREA_STYLE ('',( #2423 ) ) ;
#2766 = CARTESIAN_POINT ( 'NONE',  ( 3.601550693688924554, 7.997840341208003245, -16.46308129461023384 ) ) ;
#2767 = CARTESIAN_POINT ( 'NONE',  ( -7.912686430379329394, 8.001085448885309148, 16.34243865388564743 ) ) ;
#2768 = CARTESIAN_POINT ( 'NONE',  ( -7.500000000000000000, 0.000000000000000000, -21.39999999999999858 ) ) ;
#2769 = EDGE_CURVE ( 'NONE', #219, #1672, #2610, .T. ) ;
#2770 = CARTESIAN_POINT ( 'NONE',  ( -3.864079918922995294, 8.884075915219529662, 17.94994991886459701 ) ) ;
#2771 =( NAMED_UNIT ( * ) SI_UNIT ( $, .STERADIAN. ) SOLID_ANGLE_UNIT ( ) );
#2772 = VECTOR ( 'NONE', #3917, 1000.000000000000114 ) ;
#2773 = STYLED_ITEM ( 'NONE', ( #2674 ), #3772 ) ;
#2774 = CARTESIAN_POINT ( 'NONE',  ( 7.500000000000000000, 6.500000000000000000, 24.00000000000000000 ) ) ;
#2775 = FACE_OUTER_BOUND ( 'NONE', #702, .T. ) ;
#2776 = CARTESIAN_POINT ( 'NONE',  ( -3.961025300574959829, 8.916609220493139532, 17.91323295206930055 ) ) ;
#2777 = ORIENTED_EDGE ( 'NONE', *, *, #2485, .T. ) ;
#2778 = CARTESIAN_POINT ( 'NONE',  ( 5.799999999999999822, 6.500000000000000000, -18.00000000000000000 ) ) ;
#2779 = FILL_AREA_STYLE ('',( #3807 ) ) ;
#2780 = CARTESIAN_POINT ( 'NONE',  ( -3.528326951273795142, 8.550330827786769561, 20.30656515923374883 ) ) ;
#2781 = ORIENTED_EDGE ( 'NONE', *, *, #606, .T. ) ;
#2782 = LINE ( 'NONE', #352, #3021 ) ;
#2783 = VECTOR ( 'NONE', #836, 1000.000000000000000 ) ;
#2784 = FILL_AREA_STYLE ('',( #1696 ) ) ;
#2785 = LINE ( 'NONE', #1032, #3508 ) ;
#2786 = ORIENTED_EDGE ( 'NONE', *, *, #3547, .T. ) ;
#2787 = CARTESIAN_POINT ( 'NONE',  ( 8.316624519143720917, 8.000124120520190729, -17.06269127268849672 ) ) ;
#2788 = VECTOR ( 'NONE', #3022, 1000.000000000000000 ) ;
#2789 = PRESENTATION_LAYER_ASSIGNMENT (  '', '', ( #2056 ) ) ;
#2790 = CARTESIAN_POINT ( 'NONE',  ( 3.124907922987784747, 8.002405476207746560, -17.84119668016114701 ) ) ;
#2791 = CARTESIAN_POINT ( 'NONE',  ( 6.944674599916381474, 8.878423087252675927, -16.42598568926883118 ) ) ;
#2792 = CARTESIAN_POINT ( 'NONE',  ( -3.128441226612830306, 8.002258786403690038, 18.27096117612364878 ) ) ;
#2793 = EDGE_CURVE ( 'NONE', #4473, #2900, #4204, .T. ) ;
#2794 = CARTESIAN_POINT ( 'NONE',  ( -5.799999999999999822, 7.200000000000000178, 15.25000000000000000 ) ) ;
#2795 = SURFACE_SIDE_STYLE ('',( #2429 ) ) ;
#2796 = CARTESIAN_POINT ( 'NONE',  ( -5.691820486160599657, 9.038367359453930661, 16.61811344749779806 ) ) ;
#2797 = VERTEX_POINT ( 'NONE', #1844 ) ;
#2798 = EDGE_CURVE ( 'NONE', #1785, #2928, #1101, .T. ) ;
#2799 = CARTESIAN_POINT ( 'NONE',  ( 4.839999999999769820, 9.099310426463578239, -18.30000000000000071 ) ) ;
#2800 = CARTESIAN_POINT ( 'NONE',  ( -3.961025300574979813, 8.788473123397878339, 19.43626253844665186 ) ) ;
#2801 = EDGE_LOOP ( 'NONE', ( #1494, #4369, #671, #2727 ) ) ;
#2802 =( LENGTH_UNIT ( ) NAMED_UNIT ( * ) SI_UNIT ( .MILLI., .METRE. ) );
#2803 = DIRECTION ( 'NONE',  ( 0.000000000000000000, 1.000000000000000000, 0.000000000000000000 ) ) ;
#2804 = CARTESIAN_POINT ( 'NONE',  ( 3.095628618905095220, 8.400507798070778520, -20.67183884363735302 ) ) ;
#2805 = ORIENTED_EDGE ( 'NONE', *, *, #2798, .F. ) ;
#2806 = CARTESIAN_POINT ( 'NONE',  ( 3.229120052009554875, 8.000777759613718843, -17.22426297501350234 ) ) ;
#2807 = LINE ( 'NONE', #714, #795 ) ;
#2808 = SURFACE_SIDE_STYLE ('',( #4180 ) ) ;
#2809 = SURFACE_STYLE_USAGE ( .BOTH. , #3183 ) ;
#2810 = CARTESIAN_POINT ( 'NONE',  ( -3.177436729325780362, 8.707836473805155464, 17.93154776695443786 ) ) ;
#2811 = SURFACE_STYLE_USAGE ( .BOTH. , #3565 ) ;
#2812 = CARTESIAN_POINT ( 'NONE',  ( 6.100000000000000533, 9.148469102480120796, -17.39999999999999858 ) ) ;
#2813 = CARTESIAN_POINT ( 'NONE',  ( -5.042772068018369858, 9.007499219501870158, 16.61811344749779806 ) ) ;
#2814 = ORIENTED_EDGE ( 'NONE', *, *, #2074, .F. ) ;
#2815 = SURFACE_SIDE_STYLE ('',( #4530 ) ) ;
#2816 = CARTESIAN_POINT ( 'NONE',  ( 4.659999999999659970, 9.064410615520399617, -18.30000000000000071 ) ) ;
#2817 = CARTESIAN_POINT ( 'NONE',  ( -8.504371381094170346, 8.472156873080871620, 20.30656515923370264 ) ) ;
#2818 = ORIENTED_EDGE ( 'NONE', *, *, #3598, .F. ) ;
#2819 = EDGE_CURVE ( 'NONE', #3477, #1847, #1796, .T. ) ;
#2820 = MECHANICAL_DESIGN_GEOMETRIC_PRESENTATION_REPRESENTATION (  '', ( #2960 ), #4426 ) ;
#2821 = UNCERTAINTY_MEASURE_WITH_UNIT (LENGTH_MEASURE( 1.000000000000000082E-05 ), #4202, 'distance_accuracy_value', 'NONE');
#2822 =( GEOMETRIC_REPRESENTATION_CONTEXT ( 3 ) GLOBAL_UNCERTAINTY_ASSIGNED_CONTEXT ( ( #707 ) ) GLOBAL_UNIT_ASSIGNED_CONTEXT ( ( #1495, #2543, #2586 ) ) REPRESENTATION_CONTEXT ( 'NONE', 'WORKASPACE' ) );
#2823 = CARTESIAN_POINT ( 'NONE',  ( 5.799999999999999822, 7.200000000000000178, -15.25000000000000000 ) ) ;
#2824 = CARTESIAN_POINT ( 'NONE',  ( 5.200000000000000178, 10.00000000000000000, -17.39999999999999858 ) ) ;
#2825 = CARTESIAN_POINT ( 'NONE',  ( 3.961028894296910075, 8.633096187064451144, -20.24185474655894978 ) ) ;
#2826 = SURFACE_SIDE_STYLE ('',( #21 ) ) ;
#2827 = CARTESIAN_POINT ( 'NONE',  ( 4.849431509908320059, 8.878935648276680581, -16.31330152583845106 ) ) ;
#2828 = LINE ( 'NONE', #3841, #420 ) ;
#2829 = FILL_AREA_STYLE ('',( #341 ) ) ;
#2830 = DIRECTION ( 'NONE',  ( 0.000000000000000000, -1.000000000000000000, 0.000000000000000000 ) ) ;
#2831 = LINE ( 'NONE', #2146, #4303 ) ;
#2832 = DIRECTION ( 'NONE',  ( 0.000000000000000000, -1.000000000000000000, 0.000000000000000000 ) ) ;
#2833 = CARTESIAN_POINT ( 'NONE',  ( -6.557220761524820141, 8.767310126930629721, 20.30656515923370264 ) ) ;
#2834 = VERTEX_POINT ( 'NONE', #48 ) ;
#2835 = STYLED_ITEM ( 'NONE', ( #3540 ), #3861 ) ;
#2836 = CARTESIAN_POINT ( 'NONE',  ( -7.000000000000000000, 0.000000000000000000, -15.10000000000000142 ) ) ;
#2837 = FACE_OUTER_BOUND ( 'NONE', #330, .T. ) ;
#2838 = ORIENTED_EDGE ( 'NONE', *, *, #2036, .T. ) ;
#2839 = SURFACE_STYLE_USAGE ( .BOTH. , #1434 ) ;
#2840 = FILL_AREA_STYLE_COLOUR ( '', #1061 ) ;
#2841 = VECTOR ( 'NONE', #2438, 1000.000000000000000 ) ;
#2842 = EDGE_CURVE ( 'NONE', #2615, #4255, #3908, .T. ) ;
#2843 = CARTESIAN_POINT ( 'NONE',  ( 4.393729031992819500, 8.705427551668341479, -20.24185474655894978 ) ) ;
#2844 = ORIENTED_EDGE ( 'NONE', *, *, #3453, .F. ) ;
#2845 = ORIENTED_EDGE ( 'NONE', *, *, #2044, .T. ) ;
#2846 = CARTESIAN_POINT ( 'NONE',  ( 3.187108676259486906, 8.707750773806779421, -18.23536173214758449 ) ) ;
#2847 = STYLED_ITEM ( 'NONE', ( #1556 ), #1582 ) ;
#2848 = VECTOR ( 'NONE', #2737, 1000.000000000000000 ) ;
#2849 = EDGE_CURVE ( 'NONE', #3839, #4141, #3954, .T. ) ;
#2850 = CARTESIAN_POINT ( 'NONE',  ( 5.500000000000000000, 9.073399661189579746, -19.12447704007360016 ) ) ;
#2851 = CARTESIAN_POINT ( 'NONE',  ( -6.100000000000000533, 8.001860072534279666, 15.33699861551740007 ) ) ;
#2852 = CARTESIAN_POINT ( 'NONE',  ( -3.095628601972534977, 8.400507777976487844, 15.32816115623099940 ) ) ;
#2853 = COLOUR_RGB ( '',0.7529411764705882248, 0.7529411764705882248, 0.7529411764705882248 ) ;
#2854 = SURFACE_STYLE_USAGE ( .BOTH. , #1445 ) ;
#2855 = DIRECTION ( 'NONE',  ( 0.000000000000000000, 1.000000000000000000, 0.000000000000000000 ) ) ;
#2856 = SURFACE_STYLE_USAGE ( .BOTH. , #4040 ) ;
#2857 = CARTESIAN_POINT ( 'NONE',  ( -4.393723649876174697, 8.881518144511540314, 19.43626253844665186 ) ) ;
#2858 = EDGE_LOOP ( 'NONE', ( #555, #1498, #2134, #3071 ) ) ;
#2859 = CARTESIAN_POINT ( 'NONE',  ( 7.500000000000000000, 6.500000000000000000, 24.00000000000000000 ) ) ;
#2860 = CARTESIAN_POINT ( 'NONE',  ( -8.464998171237740010, 8.002150404452326171, 18.28337063997394196 ) ) ;
#2861 = CARTESIAN_POINT ( 'NONE',  ( 6.100000000000000533, 8.881071743730540646, -16.09240522659470329 ) ) ;
#2862 = EDGE_LOOP ( 'NONE', ( #1046, #16, #151, #3578 ) ) ;
#2863 = DIRECTION ( 'NONE',  ( 1.000000000000000000, 0.000000000000000000, 0.000000000000000000 ) ) ;
#2864 =( LENGTH_UNIT ( ) NAMED_UNIT ( * ) SI_UNIT ( .MILLI., .METRE. ) );
#2865 = CARTESIAN_POINT ( 'NONE',  ( -6.400000000000000355, 8.000000000000000000, 17.69999999999999929 ) ) ;
#2866 = CARTESIAN_POINT ( 'NONE',  ( 4.479999999988294235, 9.024191781526530676, -17.69999999999999929 ) ) ;
#2867 = CARTESIAN_POINT ( 'NONE',  ( 4.393729031992859468, 9.027691825134608550, -17.86919139267095247 ) ) ;
#2868 = ADVANCED_FACE ( 'NONE', ( #4226 ), #2169, .F. ) ;
#2869 = EDGE_LOOP ( 'NONE', ( #3356, #2781, #4094, #4045 ) ) ;
#2870 = CARTESIAN_POINT ( 'NONE',  ( 5.924646046492710205, 8.881394438394819346, -16.06915145732055095 ) ) ;
#2871 = STYLED_ITEM ( 'NONE', ( #2265 ), #4135 ) ;
#2872 = PRESENTATION_STYLE_ASSIGNMENT (( #3886 ) ) ;
#2873 = FACE_OUTER_BOUND ( 'NONE', #4339, .T. ) ;
#2874 = FACE_OUTER_BOUND ( 'NONE', #1274, .T. ) ;
#2875 = ADVANCED_FACE ( 'NONE', ( #2607 ), #847, .T. ) ;
#2876 = PRESENTATION_STYLE_ASSIGNMENT (( #1870 ) ) ;
#2877 = FILL_AREA_STYLE ('',( #73 ) ) ;
#2878 = CARTESIAN_POINT ( 'NONE',  ( -3.961025300574979813, 8.788473123397878339, 19.43626253844665186 ) ) ;
#2879 = ORIENTED_EDGE ( 'NONE', *, *, #3308, .T. ) ;
#2880 = SURFACE_STYLE_FILL_AREA ( #1471 ) ;
#2881 = CARTESIAN_POINT ( 'NONE',  ( -7.641060057001083372, 7.997077620644629015, 19.94790098635945341 ) ) ;
#2882 = EDGE_LOOP ( 'NONE', ( #2419, #51, #481, #772, #4146, #3518, #3497, #2844, #921, #2406, #1572, #2657, #4176, #3714, #3493, #462, #2595, #2202, #3635, #2763, #377, #1822, #1835, #2130, #2160, #726, #4251, #1145 ) ) ;
#2883 = DIRECTION ( 'NONE',  ( 0.000000000000000000, -1.000000000000000000, 0.000000000000000000 ) ) ;
#2884 = CARTESIAN_POINT ( 'NONE',  ( 5.908179513928530469, 9.212319359822268794, -17.86919139267099865 ) ) ;
#2885 = DIRECTION ( 'NONE',  ( 0.000000000000000000, 1.000000000000000000, 0.000000000000000000 ) ) ;
#2886 = CARTESIAN_POINT ( 'NONE',  ( 3.115713352462024854, 8.002726954078319466, -18.07087956346124713 ) ) ;
#2887 = COLOUR_RGB ( '',0.7529411764705882248, 0.7529411764705882248, 0.7529411764705882248 ) ;
#2888 = STYLED_ITEM ( 'NONE', ( #3192 ), #2305 ) ;
#2889 = FILL_AREA_STYLE_COLOUR ( '', #3230 ) ;
#2890 = CARTESIAN_POINT ( 'NONE',  ( 6.400000000000000355, 8.000000000000000000, -18.30000000000000071 ) ) ;
#2891 = FACE_OUTER_BOUND ( 'NONE', #2100, .T. ) ;
#2892 = FILL_AREA_STYLE ('',( #3468 ) ) ;
#2893 = SURFACE_STYLE_FILL_AREA ( #2126 ) ;
#2894 = AXIS2_PLACEMENT_3D ( 'NONE', #2538, #720, #1776 ) ;
#2895 = EDGE_CURVE ( 'NONE', #448, #219, #1526, .T. ) ;
#2896 = CARTESIAN_POINT ( 'NONE',  ( -5.628177532381609893, 7.999533011633060298, 20.68004984898889731 ) ) ;
#2897 = ADVANCED_FACE ( 'NONE', ( #2299 ), #3012, .F. ) ;
#2898 = DIRECTION ( 'NONE',  ( 1.000000000000000000, 0.000000000000000000, 3.540251991789405363E-16 ) ) ;
#2899 = CARTESIAN_POINT ( 'NONE',  ( -7.206270968047930658, 8.881519400434090272, 19.43626253844660212 ) ) ;
#2900 = VERTEX_POINT ( 'NONE', #2921 ) ;
#2901 = UNCERTAINTY_MEASURE_WITH_UNIT (LENGTH_MEASURE( 1.000000000000000082E-05 ), #3783, 'distance_accuracy_value', 'NONE');
#2902 = SURFACE_STYLE_FILL_AREA ( #2216 ) ;
#2903 = CARTESIAN_POINT ( 'NONE',  ( -6.100000000000000533, 8.000000000000000000, 17.69999999999999929 ) ) ;
#2904 = EDGE_LOOP ( 'NONE', ( #647, #3640, #2670, #2997, #2278 ) ) ;
#2905 = LINE ( 'NONE', #1527, #318 ) ;
#2906 = CARTESIAN_POINT ( 'NONE',  ( -7.500000000000000000, 6.500000000000000000, -21.39999999999999858 ) ) ;
#2907 = SURFACE_STYLE_USAGE ( .BOTH. , #1501 ) ;
#2908 = CARTESIAN_POINT ( 'NONE',  ( 8.071673048884479229, 8.701760249089439014, -19.38188655240220015 ) ) ;
#2909 =( GEOMETRIC_REPRESENTATION_CONTEXT ( 3 ) GLOBAL_UNCERTAINTY_ASSIGNED_CONTEXT ( ( #4399 ) ) GLOBAL_UNIT_ASSIGNED_CONTEXT ( ( #2098, #2459, #709 ) ) REPRESENTATION_CONTEXT ( 'NONE', 'WORKASPACE' ) );
#2910 = EDGE_LOOP ( 'NONE', ( #1474, #409, #1756, #2223 ) ) ;
#2911 = CARTESIAN_POINT ( 'NONE',  ( 4.393729031992810619, 8.599490281286440663, -20.67183884363735302 ) ) ;
#2912 = CARTESIAN_POINT ( 'NONE',  ( 5.799999999999999822, 7.200000000000000178, -20.75000000000000000 ) ) ;
#2913 = CARTESIAN_POINT ( 'NONE',  ( 4.480112826654226055, 8.881893268533120889, -19.43405329665042913 ) ) ;
#2914 = CARTESIAN_POINT ( 'NONE',  ( -7.000000000000000000, 0.000000000000000000, -20.89999999999999858 ) ) ;
#2915 = CARTESIAN_POINT ( 'NONE',  ( -5.042772068018369858, 9.007499219501870158, 16.61811344749779806 ) ) ;
#2916 = CARTESIAN_POINT ( 'NONE',  ( -4.479999999987569481, 9.025580944754119983, 17.69999999999999929 ) ) ;
#2917 =( GEOMETRIC_REPRESENTATION_CONTEXT ( 3 ) GLOBAL_UNCERTAINTY_ASSIGNED_CONTEXT ( ( #1299 ) ) GLOBAL_UNIT_ASSIGNED_CONTEXT ( ( #819, #429, #1181 ) ) REPRESENTATION_CONTEXT ( 'NONE', 'WORKASPACE' ) );
#2918 = VECTOR ( 'NONE', #2243, 1000.000000000000000 ) ;
#2919 = PRESENTATION_LAYER_ASSIGNMENT (  '', '', ( #1085 ) ) ;
#2920 = CARTESIAN_POINT ( 'NONE',  ( -4.139354431971359105, 8.879603379753090664, 19.01978732250199755 ) ) ;
#2921 = CARTESIAN_POINT ( 'NONE',  ( -5.500000000000000000, 8.000000000000000000, 18.59999999999999787 ) ) ;
#2922 = CARTESIAN_POINT ( 'NONE',  ( -8.504371381094170346, 8.533543838937200476, 19.87141384884015238 ) ) ;
#2923 = ORIENTED_EDGE ( 'NONE', *, *, #2449, .F. ) ;
#2924 = EDGE_CURVE ( 'NONE', #2480, #3533, #4318, .T. ) ;
#2925 = CARTESIAN_POINT ( 'NONE',  ( 5.908179513928559778, 8.903613667899389128, -16.12858615113950123 ) ) ;
#2926 = FILL_AREA_STYLE_COLOUR ( '', #2097 ) ;
#2927 = CARTESIAN_POINT ( 'NONE',  ( -6.243516436215232446, 9.167135182689339246, 17.66771647345740703 ) ) ;
#2928 = VERTEX_POINT ( 'NONE', #3975 ) ;
#2929 = EDGE_CURVE ( 'NONE', #1340, #2834, #1283, .T. ) ;
#2930 = CARTESIAN_POINT ( 'NONE',  ( -5.500002759533759722, 8.000000000000000000, 20.66311578955480144 ) ) ;
#2931 = CARTESIAN_POINT ( 'NONE',  ( 7.206276350254469776, 9.029075913260140140, -18.08676704786245182 ) ) ;
#2932 = ORIENTED_EDGE ( 'NONE', *, *, #2226, .F. ) ;
#2933 =( LENGTH_UNIT ( ) NAMED_UNIT ( * ) SI_UNIT ( .MILLI., .METRE. ) );
#2934 = CARTESIAN_POINT ( 'NONE',  ( 5.268485215354510309, 8.708742861527399626, -20.58501109953001773 ) ) ;
#2935 =( NAMED_UNIT ( * ) PLANE_ANGLE_UNIT ( ) SI_UNIT ( $, .RADIAN. ) );
#2936 = CARTESIAN_POINT ( 'NONE',  ( 8.283782374590002107, 8.001895869243350390, -19.00809084226178314 ) ) ;
#2937 = VECTOR ( 'NONE', #382, 1000.000000000000000 ) ;
#2938 = CARTESIAN_POINT ( 'NONE',  ( -3.095628601972574945, 8.679180653913618926, 18.13080860726604726 ) ) ;
#2939 = CARTESIAN_POINT ( 'NONE',  ( 5.500000000000000000, 10.00000000000000000, -17.39999999999999858 ) ) ;
#2940 = COLOUR_RGB ( '',0.7529411764705882248, 0.7529411764705882248, 0.7529411764705882248 ) ;
#2941 = CARTESIAN_POINT ( 'NONE',  ( -4.973199124350481171, 8.704570952348658963, 20.49002617289619721 ) ) ;
#2942 = CARTESIAN_POINT ( 'NONE',  ( 5.799999999999999822, 6.500000000000000000, -18.00000000000000000 ) ) ;
#2943 = CARTESIAN_POINT ( 'NONE',  ( -5.499999999999993783, 8.405510120160940346, 20.56020583053829043 ) ) ;
#2944 = CARTESIAN_POINT ( 'NONE',  ( 8.504371398199539911, 8.659264550338681588, -17.21646442709675284 ) ) ;
#2945 = CARTESIAN_POINT ( 'NONE',  ( -5.800000000024859936, 7.999533011488940026, 20.68004992537994724 ) ) ;
#2946 = CARTESIAN_POINT ( 'NONE',  ( 4.299999999999999822, 10.00000000000000000, -17.69999999999999929 ) ) ;
#2947 = ORIENTED_EDGE ( 'NONE', *, *, #2798, .T. ) ;
#2948 = CARTESIAN_POINT ( 'NONE',  ( -8.300000000000000711, -5.854912467321780944, 15.90000000000000036 ) ) ;
#2949 = CARTESIAN_POINT ( 'NONE',  ( -5.500000000000000000, 8.881071743737459556, 19.90759477341049788 ) ) ;
#2950 = CARTESIAN_POINT ( 'NONE',  ( -7.500000000000000000, 6.500000000000000000, -24.00000000000000000 ) ) ;
#2951 = CARTESIAN_POINT ( 'NONE',  ( 8.504371398199518595, 8.679180653865589790, -17.86919139267105194 ) ) ;
#2952 = EDGE_CURVE ( 'NONE', #2315, #3362, #1310, .T. ) ;
#2953 = ORIENTED_EDGE ( 'NONE', *, *, #4272, .T. ) ;
#2954 = CARTESIAN_POINT ( 'NONE',  ( 6.100000000000000533, 10.00000000000000000, -17.69999999999999929 ) ) ;
#2955 = CARTESIAN_POINT ( 'NONE',  ( 8.478932853118557489, 8.002733480158873647, -18.16063464537239369 ) ) ;
#2956 =( LENGTH_UNIT ( ) NAMED_UNIT ( * ) SI_UNIT ( .MILLI., .METRE. ) );
#2957 = CARTESIAN_POINT ( 'NONE',  ( -7.638971105729970290, 8.800682113511529181, 16.61811344749779806 ) ) ;
#2958 = CARTESIAN_POINT ( 'NONE',  ( 6.665056787653966808, 8.707157680731643978, -20.49341096659277994 ) ) ;
#2959 = COLOUR_RGB ( '',0.7529411764705882248, 0.7529411764705882248, 0.7529411764705882248 ) ;
#2960 = STYLED_ITEM ( 'NONE', ( #3871 ), #2200 ) ;
#2961 = FILL_AREA_STYLE ('',( #1537 ) ) ;
#2962 = CARTESIAN_POINT ( 'NONE',  ( -7.495338508193404969, 8.702428993061150919, 20.00269532318531063 ) ) ;
#2963 = VECTOR ( 'NONE', #2014, 1000.000000000000000 ) ;
#2964 =( NAMED_UNIT ( * ) SI_UNIT ( $, .STERADIAN. ) SOLID_ANGLE_UNIT ( ) );
#2965 = VERTEX_POINT ( 'NONE', #4522 ) ;
#2966 = CARTESIAN_POINT ( 'NONE',  ( 5.042779238536749808, 8.767310126931070258, -15.69343484075659845 ) ) ;
#2967 = CARTESIAN_POINT ( 'NONE',  ( 7.299999999999999822, 10.00000000000000000, -17.69999999999999929 ) ) ;
#2968 = CARTESIAN_POINT ( 'NONE',  ( -7.858756316307554890, 8.001187260932606904, 16.28434760146356197 ) ) ;
#2969 = ORIENTED_EDGE ( 'NONE', *, *, #1747, .F. ) ;
#2970 = DIRECTION ( 'NONE',  ( 1.000000000000000000, 0.000000000000000000, 0.000000000000000000 ) ) ;
#2971 = UNCERTAINTY_MEASURE_WITH_UNIT (LENGTH_MEASURE( 1.000000000000000082E-05 ), #441, 'distance_accuracy_value', 'NONE');
#2972 = SURFACE_STYLE_FILL_AREA ( #1550 ) ;
#2973 = FACE_OUTER_BOUND ( 'NONE', #180, .T. ) ;
#2974 = LINE ( 'NONE', #4368, #3867 ) ;
#2975 = VERTEX_POINT ( 'NONE', #2426 ) ;
#2976 = LINE ( 'NONE', #1904, #3836 ) ;
#2977 = CARTESIAN_POINT ( 'NONE',  ( 4.724155918877778859, 8.882748128780439956, -19.61359133282294920 ) ) ;
#2978 = EDGE_CURVE ( 'NONE', #1891, #2900, #4453, .T. ) ;
#2979 = UNCERTAINTY_MEASURE_WITH_UNIT (LENGTH_MEASURE( 1.000000000000000082E-05 ), #3456, 'distance_accuracy_value', 'NONE');
#2980 = COLOUR_RGB ( '',0.7529411764705882248, 0.7529411764705882248, 0.7529411764705882248 ) ;
#2981 = CARTESIAN_POINT ( 'NONE',  ( -3.970982256956254730, 7.997016072989790558, 19.95923756619929890 ) ) ;
#2982 = DIRECTION ( 'NONE',  ( 0.000000000000000000, 0.000000000000000000, -1.000000000000000000 ) ) ;
#2983 = CARTESIAN_POINT ( 'NONE',  ( 6.875813857167319298, 8.882748227455449452, -19.61361163143019937 ) ) ;
#2984 = VECTOR ( 'NONE', #1207, 1000.000000000000000 ) ;
#2985 = DIRECTION ( 'NONE',  ( 0.000000000000000000, 1.000000000000000000, 0.000000000000000000 ) ) ;
#2986 = CARTESIAN_POINT ( 'NONE',  ( 6.100000000000000533, 10.00000000000000000, -17.39999999999999858 ) ) ;
#2987 = CARTESIAN_POINT ( 'NONE',  ( -6.955469746786100416, 8.878510136655348717, 19.55385163468235277 ) ) ;
#2988 = STYLED_ITEM ( 'NONE', ( #3788 ), #1946 ) ;
#2989 = CARTESIAN_POINT ( 'NONE',  ( -5.271813526972291442, 8.885550553676015539, 16.12438045543171583 ) ) ;
#2990 = EDGE_LOOP ( 'NONE', ( #3168, #618, #3737, #1965 ) ) ;
#2991 =( GEOMETRIC_REPRESENTATION_CONTEXT ( 3 ) GLOBAL_UNCERTAINTY_ASSIGNED_CONTEXT ( ( #4423 ) ) GLOBAL_UNIT_ASSIGNED_CONTEXT ( ( #2321, #1980, #1209 ) ) REPRESENTATION_CONTEXT ( 'NONE', 'WORKASPACE' ) );
#2992 = AXIS2_PLACEMENT_3D ( 'NONE', #2942, #166, #1186 ) ;
#2993 = COLOUR_RGB ( '',0.7529411764705882248, 0.7529411764705882248, 0.7529411764705882248 ) ;
#2994 = CARTESIAN_POINT ( 'NONE',  ( 5.042779238536730269, 9.125160222827370049, -17.21646442709670310 ) ) ;
#2995 = CARTESIAN_POINT ( 'NONE',  ( 5.278716545886070755, 9.161097554688820921, -18.29999999999999361 ) ) ;
#2996 = CARTESIAN_POINT ( 'NONE',  ( -7.939627888649192222, 8.001532852966141363, 16.38542582298477157 ) ) ;
#2997 = ORIENTED_EDGE ( 'NONE', *, *, #3013, .T. ) ;
#2998 = MECHANICAL_DESIGN_GEOMETRIC_PRESENTATION_REPRESENTATION (  '', ( #3454 ), #2055 ) ;
#2999 = SURFACE_SIDE_STYLE ('',( #4257 ) ) ;
#3000 = VECTOR ( 'NONE', #4344, 1000.000000000000000 ) ;
#3001 = AXIS2_PLACEMENT_3D ( 'NONE', #292, #2319, #935 ) ;
#3002 = DIRECTION ( 'NONE',  ( 0.000000000000000000, 0.000000000000000000, 1.000000000000000000 ) ) ;
#3003 = CARTESIAN_POINT ( 'NONE',  ( 5.042779238536730269, 9.125160222827370049, -17.21646442709670310 ) ) ;
#3004 = VERTEX_POINT ( 'NONE', #2768 ) ;
#3005 = CARTESIAN_POINT ( 'NONE',  ( 5.500000000000190070, 8.881071736852350185, -16.09240521278709934 ) ) ;
#3006 =( NAMED_UNIT ( * ) SI_UNIT ( $, .STERADIAN. ) SOLID_ANGLE_UNIT ( ) );
#3007 = CARTESIAN_POINT ( 'NONE',  ( -3.945798624024622114, 7.997137669018821171, 19.93541469579254510 ) ) ;
#3008 = SURFACE_STYLE_FILL_AREA ( #2417 ) ;
#3009 = FACE_OUTER_BOUND ( 'NONE', #3791, .T. ) ;
#3010 = CARTESIAN_POINT ( 'NONE',  ( 7.500000000000000000, 6.500000000000000000, 24.00000000000000000 ) ) ;
#3011 = CARTESIAN_POINT ( 'NONE',  ( -8.471560494857460100, 8.002258837296290395, 18.27092940443585078 ) ) ;
#3012 = PLANE ( 'NONE',  #4235 ) ;
#3013 = EDGE_CURVE ( 'NONE', #3020, #3644, #1528, .T. ) ;
#3014 = CARTESIAN_POINT ( 'NONE',  ( 6.100000000000000533, 8.000000000000000000, -17.39999999999999858 ) ) ;
#3015 = COLOUR_RGB ( '',0.7529411764705882248, 0.7529411764705882248, 0.7529411764705882248 ) ;
#3016 = CARTESIAN_POINT ( 'NONE',  ( 4.393729031992870127, 8.993200428479029895, -17.21646442709664981 ) ) ;
#3017 = CARTESIAN_POINT ( 'NONE',  ( 7.500000000000000000, 0.000000000000000000, -20.89999999999999858 ) ) ;
#3018 = CARTESIAN_POINT ( 'NONE',  ( -6.100000000000000533, 8.005580217553239564, 15.33732614512894799 ) ) ;
#3019 = CARTESIAN_POINT ( 'NONE',  ( -6.099999999999998757, 8.717224145900718923, 20.29227744332480299 ) ) ;
#3020 = VERTEX_POINT ( 'NONE', #3421 ) ;
#3021 = VECTOR ( 'NONE', #4512, 1000.000000000000000 ) ;
#3022 = DIRECTION ( 'NONE',  ( 0.7071067811865480168, 0.000000000000000000, 0.7071067811865470176 ) ) ;
#3023 = DIRECTION ( 'NONE',  ( -3.540251991789405363E-16, 0.000000000000000000, 1.000000000000000000 ) ) ;
#3024 = CARTESIAN_POINT ( 'NONE',  ( 3.961028894296980241, 8.706006041412971186, -16.12858615113944794 ) ) ;
#3025 = ORIENTED_EDGE ( 'NONE', *, *, #2591, .F. ) ;
#3026 =( NAMED_UNIT ( * ) SI_UNIT ( $, .STERADIAN. ) SOLID_ANGLE_UNIT ( ) );
#3027 = CARTESIAN_POINT ( 'NONE',  ( 7.206276350254469776, 9.029075913260140140, -18.08676704786245182 ) ) ;
#3028 = CARTESIAN_POINT ( 'NONE',  ( -5.352539004507915976, 7.999175321593582133, 20.64662661914092467 ) ) ;
#3029 = CARTESIAN_POINT ( 'NONE',  ( 6.883996456078882886, 7.997897679968287044, -15.54860891589832406 ) ) ;
#3030 = DIRECTION ( 'NONE',  ( 0.000000000000000000, 0.000000000000000000, -1.000000000000000000 ) ) ;
#3031 = CARTESIAN_POINT ( 'NONE',  ( 7.325335364563289708, 8.881829843202840635, -19.19696523264555310 ) ) ;
#3032 = B_SPLINE_CURVE_WITH_KNOTS ( 'NONE', 5,
 ( #729, #3130, #4536, #4259, #1112, #4513 ),
 .UNSPECIFIED., .F., .F.,
 ( 6, 6 ),
 ( 0.0003003593600245525307, 0.001634822947447295066 ),
 .UNSPECIFIED. ) ;
#3033 = CARTESIAN_POINT ( 'NONE',  ( 3.105626973571533167, 8.002947894780202631, -18.18910707627578205 ) ) ;
#3034 = CARTESIAN_POINT ( 'NONE',  ( -7.460646472695160014, 8.879603433639699617, 19.01978126043310269 ) ) ;
#3035 = CARTESIAN_POINT ( 'NONE',  ( -5.499999999999999112, 8.834636484761572817, 15.88785052084174332 ) ) ;
#3036 = LINE ( 'NONE', #2325, #280 ) ;
#3037 =( GEOMETRIC_REPRESENTATION_CONTEXT ( 3 ) GLOBAL_UNCERTAINTY_ASSIGNED_CONTEXT ( ( #3835 ) ) GLOBAL_UNIT_ASSIGNED_CONTEXT ( ( #2450, #1669, #3829 ) ) REPRESENTATION_CONTEXT ( 'NONE', 'WORKASPACE' ) );
#3038 = EDGE_CURVE ( 'NONE', #2453, #56, #4487, .T. ) ;
#3039 =( GEOMETRIC_REPRESENTATION_CONTEXT ( 3 ) GLOBAL_UNCERTAINTY_ASSIGNED_CONTEXT ( ( #4230 ) ) GLOBAL_UNIT_ASSIGNED_CONTEXT ( ( #1029, #4099, #3026 ) ) REPRESENTATION_CONTEXT ( 'NONE', 'WORKASPACE' ) );
#3040 = EDGE_CURVE ( 'NONE', #4359, #3832, #1693, .T. ) ;
#3041 =( GEOMETRIC_REPRESENTATION_CONTEXT ( 3 ) GLOBAL_UNCERTAINTY_ASSIGNED_CONTEXT ( ( #4195 ) ) GLOBAL_UNIT_ASSIGNED_CONTEXT ( ( #31, #3286, #2494 ) ) REPRESENTATION_CONTEXT ( 'NONE', 'WORKASPACE' ) );
#3042 = CARTESIAN_POINT ( 'NONE',  ( 3.961028894296994896, 8.532553369096101292, -15.25828353037369922 ) ) ;
#3043 = DIRECTION ( 'NONE',  ( 0.000000000000000000, -1.000000000000000000, 0.000000000000000000 ) ) ;
#3044 = CARTESIAN_POINT ( 'NONE',  ( -7.853668944236445348, 8.001165085445538949, 16.27827031388982348 ) ) ;
#3045 = CARTESIAN_POINT ( 'NONE',  ( -8.504371381094109950, 8.400507798084079880, 15.32816115623089992 ) ) ;
#3046 = ORIENTED_EDGE ( 'NONE', *, *, #3040, .F. ) ;
#3047 = SURFACE_SIDE_STYLE ('',( #220 ) ) ;
#3048 = COLOUR_RGB ( '',0.7529411764705882248, 0.7529411764705882248, 0.7529411764705882248 ) ;
#3049 = EDGE_CURVE ( 'NONE', #1196, #1370, #2443, .T. ) ;
#3050 =( NAMED_UNIT ( * ) SI_UNIT ( $, .STERADIAN. ) SOLID_ANGLE_UNIT ( ) );
#3051 = CARTESIAN_POINT ( 'NONE',  ( 7.500000000000000000, 6.500000000000000000, 24.00000000000000000 ) ) ;
#3052 = CARTESIAN_POINT ( 'NONE',  ( 8.504371398199568333, 8.405618607779089757, -15.25828353037380047 ) ) ;
#3053 = CARTESIAN_POINT ( 'NONE',  ( -5.042772068018389398, 9.170465836303039353, 17.91323295206925081 ) ) ;
#3054 = EDGE_LOOP ( 'NONE', ( #3288, #168, #1089, #3025 ) ) ;
#3055 = CARTESIAN_POINT ( 'NONE',  ( 6.100000000000000533, 9.148469102480120796, -17.39999999999999858 ) ) ;
#3056 = CARTESIAN_POINT ( 'NONE',  ( 3.528328756601014859, 8.631985096129829671, -19.81187064948050036 ) ) ;
#3057 = UNCERTAINTY_MEASURE_WITH_UNIT (LENGTH_MEASURE( 1.000000000000000082E-05 ), #750, 'distance_accuracy_value', 'NONE');
#3058 = CARTESIAN_POINT ( 'NONE',  ( -3.751359376454553196, 8.001126908369982971, 16.27227977687772054 ) ) ;
#3059 = FILL_AREA_STYLE_COLOUR ( '', #3813 ) ;
#3060 =( NAMED_UNIT ( * ) SI_UNIT ( $, .STERADIAN. ) SOLID_ANGLE_UNIT ( ) );
#3061 = CARTESIAN_POINT ( 'NONE',  ( 7.726209246352060411, 8.883656331228209524, -17.80155301560834857 ) ) ;
#3062 = CARTESIAN_POINT ( 'NONE',  ( 3.381455678083616689, 8.002582268484744077, -19.16639043236162365 ) ) ;
#3063 = CARTESIAN_POINT ( 'NONE',  ( -8.190780719046170333, 8.001501743438479863, 16.77706715091860090 ) ) ;
#3064 = CARTESIAN_POINT ( 'NONE',  ( -7.299999999999999822, 8.000000000000000000, 17.69999999999999929 ) ) ;
#3065 = CARTESIAN_POINT ( 'NONE',  ( -4.346444787772500540, 8.705079145093870707, 15.81576156316608106 ) ) ;
#3066 = CARTESIAN_POINT ( 'NONE',  ( 5.799999999999999822, 6.500000000000000000, -20.75000000000000000 ) ) ;
#3067 = EDGE_CURVE ( 'NONE', #3351, #4286, #3652, .T. ) ;
#3068 = LINE ( 'NONE', #323, #1650 ) ;
#3069 = SURFACE_STYLE_USAGE ( .BOTH. , #3755 ) ;
#3070 = CARTESIAN_POINT ( 'NONE',  ( -8.504371381094129489, 8.537723888073319500, 16.18812935040880063 ) ) ;
#3071 = ORIENTED_EDGE ( 'NONE', *, *, #2117, .F. ) ;
#3072 = CARTESIAN_POINT ( 'NONE',  ( 6.100000000000000533, 8.886167924090280223, -19.91119259838535172 ) ) ;
#3073 = VECTOR ( 'NONE', #3750, 1000.000000000000000 ) ;
#3074 = STYLED_ITEM ( 'NONE', ( #3223 ), #2051 ) ;
#3075 = AXIS2_PLACEMENT_3D ( 'NONE', #1125, #3704, #2236 ) ;
#3076 = DIRECTION ( 'NONE',  ( 0.7071067811865470176, 0.000000000000000000, 0.7071067811865480168 ) ) ;
#3077 =( NAMED_UNIT ( * ) PLANE_ANGLE_UNIT ( ) SI_UNIT ( $, .RADIAN. ) );
#3078 = CARTESIAN_POINT ( 'NONE',  ( 8.071673048884528967, 8.693244745434359544, -16.56373746152240045 ) ) ;
#3079 = CARTESIAN_POINT ( 'NONE',  ( -3.961025300574959829, 8.916609220493139532, 17.91323295206930055 ) ) ;
#3080 = ORIENTED_EDGE ( 'NONE', *, *, #1297, .T. ) ;
#3081 = SURFACE_STYLE_FILL_AREA ( #930 ) ;
#3082 = EDGE_CURVE ( 'NONE', #3133, #2965, #2348, .T. ) ;
#3083 = CARTESIAN_POINT ( 'NONE',  ( 8.071673048884468571, 8.556513628469929245, -20.24185474655899952 ) ) ;
#3084 = CARTESIAN_POINT ( 'NONE',  ( -3.730661986485385828, 8.001068871569538388, 16.29701706800872785 ) ) ;
#3085 =( NAMED_UNIT ( * ) PLANE_ANGLE_UNIT ( ) SI_UNIT ( $, .RADIAN. ) );
#3086 = VERTEX_POINT ( 'NONE', #3115 ) ;
#3087 = CARTESIAN_POINT ( 'NONE',  ( 8.263454652400268330, 8.001782553794830832, -19.06868122829230217 ) ) ;
#3088 = DIRECTION ( 'NONE',  ( 1.000000000000000000, 0.000000000000000000, 0.000000000000000000 ) ) ;
#3089 = CARTESIAN_POINT ( 'NONE',  ( 4.012507263377752764, 7.997251312741182616, -16.00265415986001472 ) ) ;
#3090 = CARTESIAN_POINT ( 'NONE',  ( -7.660283782826120103, 8.883406829746059330, 17.45811532134709765 ) ) ;
#3091 = CARTESIAN_POINT ( 'NONE',  ( 6.100000000000000533, 8.881071743730540646, -16.09240522659470329 ) ) ;
#3092 =( NAMED_UNIT ( * ) PLANE_ANGLE_UNIT ( ) SI_UNIT ( $, .RADIAN. ) );
#3093 = B_SPLINE_CURVE_WITH_KNOTS ( 'NONE', 3,
 ( #2476, #768, #35, #2136, #3538, #372 ),
 .UNSPECIFIED., .F., .F.,
 ( 4, 2, 4 ),
 ( 1.078647932735316086E-15, 0.0006136690762111923683, 0.001227338152421305955 ),
 .UNSPECIFIED. ) ;
#3094 = CARTESIAN_POINT ( 'NONE',  ( -5.799999999999999822, 6.500000000000000000, 18.00000000000000000 ) ) ;
#3095 = CARTESIAN_POINT ( 'NONE',  ( 6.100000000000000533, 8.000000000000000000, -20.66316514900654866 ) ) ;
#3096 = CARTESIAN_POINT ( 'NONE',  ( -4.393723649876149828, 9.029075913297589295, 17.91323295206925081 ) ) ;
#3097 =( GEOMETRIC_REPRESENTATION_CONTEXT ( 3 ) GLOBAL_UNCERTAINTY_ASSIGNED_CONTEXT ( ( #3673 ) ) GLOBAL_UNIT_ASSIGNED_CONTEXT ( ( #2643, #858, #3667 ) ) REPRESENTATION_CONTEXT ( 'NONE', 'WORKASPACE' ) );
#3098 = ORIENTED_EDGE ( 'NONE', *, *, #936, .T. ) ;
#3099 =( NAMED_UNIT ( * ) PLANE_ANGLE_UNIT ( ) SI_UNIT ( $, .RADIAN. ) );
#3100 = MECHANICAL_DESIGN_GEOMETRIC_PRESENTATION_REPRESENTATION (  '', ( #2871 ), #2435 ) ;
#3101 = CARTESIAN_POINT ( 'NONE',  ( -4.479999999999584759, 9.024191765722829217, 18.30000000000000071 ) ) ;
#3102 = SURFACE_STYLE_FILL_AREA ( #1626 ) ;
#3103 = CARTESIAN_POINT ( 'NONE',  ( -5.691820486160650283, 8.903613667916360441, 19.87141384884020212 ) ) ;
#3104 = ORIENTED_EDGE ( 'NONE', *, *, #2660, .F. ) ;
#3105 = CARTESIAN_POINT ( 'NONE',  ( 4.393729031992824829, 8.803374973158849315, -19.81187064948054655 ) ) ;
#3106 = EDGE_CURVE ( 'NONE', #398, #3579, #981, .T. ) ;
#3107 =( NAMED_UNIT ( * ) SI_UNIT ( $, .STERADIAN. ) SOLID_ANGLE_UNIT ( ) );
#3108 = CARTESIAN_POINT ( 'NONE',  ( 7.583880169102389601, 7.996900704783971747, -15.99941812444466827 ) ) ;
#3109 = FILL_AREA_STYLE ('',( #1004 ) ) ;
#3110 = CARTESIAN_POINT ( 'NONE',  ( -7.500000000000000000, 0.000000000000000000, 24.00000000000000000 ) ) ;
#3111 = ORIENTED_EDGE ( 'NONE', *, *, #3856, .T. ) ;
#3112 = CARTESIAN_POINT ( 'NONE',  ( 8.422563270674396918, 8.707836473800977473, -18.06845223304342340 ) ) ;
#3113 = CARTESIAN_POINT ( 'NONE',  ( 3.375120288015640124, 7.999322549035662533, -16.85852730389497367 ) ) ;
#3114 = CARTESIAN_POINT ( 'NONE',  ( -5.948046940425910201, 8.886478051330019667, 16.07119990583650093 ) ) ;
#3115 = CARTESIAN_POINT ( 'NONE',  ( 7.500000000000000000, 6.500000000000000000, 24.00000000000000000 ) ) ;
#3116 = CARTESIAN_POINT ( 'NONE',  ( -3.871060104897590115, 8.884086568623930091, 17.82625092764690322 ) ) ;
#3117 = CARTESIAN_POINT ( 'NONE',  ( 5.908179513928570437, 8.669641680069098300, -15.25828353037374896 ) ) ;
#3118 = CARTESIAN_POINT ( 'NONE',  ( -3.528326951273744960, 8.701760249112920675, 16.61811344749784780 ) ) ;
#3119 = EDGE_LOOP ( 'NONE', ( #1541, #4115, #1926, #3785 ) ) ;
#3120 = VECTOR ( 'NONE', #2970, 1000.000000000000000 ) ;
#3121 = AXIS2_PLACEMENT_3D ( 'NONE', #1224, #1646, #2642 ) ;
#3122 = SURFACE_STYLE_USAGE ( .BOTH. , #2815 ) ;
#3123 = CARTESIAN_POINT ( 'NONE',  ( 5.019999999999869900, 9.128836702793970304, -18.30000000000000071 ) ) ;
#3124 = CARTESIAN_POINT ( 'NONE',  ( -3.961025300574989139, 8.621967225299400184, 20.30656515923374883 ) ) ;
#3125 = ORIENTED_EDGE ( 'NONE', *, *, #1347, .F. ) ;
#3126 = MECHANICAL_DESIGN_GEOMETRIC_PRESENTATION_REPRESENTATION (  '', ( #3495 ), #3992 ) ;
#3127 = SURFACE_STYLE_USAGE ( .BOTH. , #1717 ) ;
#3128 = DIRECTION ( 'NONE',  ( 1.000000000000000000, 0.000000000000000000, 0.000000000000000000 ) ) ;
#3129 = SURFACE_STYLE_FILL_AREA ( #2784 ) ;
#3130 = CARTESIAN_POINT ( 'NONE',  ( 6.100000000000000533, 9.115190660014279800, -17.13848104531895089 ) ) ;
#3131 = FACE_OUTER_BOUND ( 'NONE', #135, .T. ) ;
#3132 = EDGE_CURVE ( 'NONE', #1760, #3853, #3137, .T. ) ;
#3133 = VERTEX_POINT ( 'NONE', #2745 ) ;
#3134 = CARTESIAN_POINT ( 'NONE',  ( 6.750591662289520123, 8.878935552539198639, -16.31331412310795059 ) ) ;
#3135 = CARTESIAN_POINT ( 'NONE',  ( 3.146570300270840281, 8.001905854630216197, -17.61899935949951157 ) ) ;
#3136 = CARTESIAN_POINT ( 'NONE',  ( 5.500000000000002665, 8.403724336095294234, -15.43875328051920093 ) ) ;
#3137 = LINE ( 'NONE', #3443, #1446 ) ;
#3138 = CARTESIAN_POINT ( 'NONE',  ( -3.336545347600595068, 8.001782553798499009, 16.93131877170639754 ) ) ;
#3139 = ADVANCED_FACE ( 'NONE', ( #987 ), #2059, .T. ) ;
#3140 = STYLED_ITEM ( 'NONE', ( #1924 ), #1157 ) ;
#3141 = CARTESIAN_POINT ( 'NONE',  ( 6.100000000000000533, 8.000000000000000000, -17.69999999999999929 ) ) ;
#3142 = CARTESIAN_POINT ( 'NONE',  ( -7.206270968047911119, 9.029077348473720122, 17.91323295206925081 ) ) ;
#3143 = ORIENTED_EDGE ( 'NONE', *, *, #425, .T. ) ;
#3144 = AXIS2_PLACEMENT_3D ( 'NONE', #2252, #1865, #2576 ) ;
#3145 = DIRECTION ( 'NONE',  ( 1.000000000000000000, 0.000000000000000000, 0.000000000000000000 ) ) ;
#3146 = DIRECTION ( 'NONE',  ( 0.000000000000000000, -1.000000000000000000, 0.000000000000000000 ) ) ;
#3147 = CARTESIAN_POINT ( 'NONE',  ( -5.691820486160639625, 9.017153646704560543, 19.43626253844665186 ) ) ;
#3148 = VECTOR ( 'NONE', #893, 1000.000000000000000 ) ;
#3149 = ORIENTED_EDGE ( 'NONE', *, *, #786, .F. ) ;
#3150 = CARTESIAN_POINT ( 'NONE',  ( -6.100000000000000533, 10.00000000000000000, 18.30000000000000071 ) ) ;
#3151 = UNCERTAINTY_MEASURE_WITH_UNIT (LENGTH_MEASURE( 1.000000000000000082E-05 ), #3616, 'distance_accuracy_value', 'NONE');
#3152 = MECHANICAL_DESIGN_GEOMETRIC_PRESENTATION_REPRESENTATION (  '', ( #3582 ), #3377 ) ;
#3153 = DIRECTION ( 'NONE',  ( 0.000000000000000000, -1.000000000000000000, 0.000000000000000000 ) ) ;
#3154 = CARTESIAN_POINT ( 'NONE',  ( 7.299999999999999822, 8.000000000000000000, -17.69999999999999929 ) ) ;
#3155 = ORIENTED_EDGE ( 'NONE', *, *, #2705, .T. ) ;
#3156 = CARTESIAN_POINT ( 'NONE',  ( 4.956214890666210238, 7.998449964819321245, -15.45037953370310113 ) ) ;
#3157 = CIRCLE ( 'NONE', #2356, 2.749999999999999112 ) ;
#3158 = PRODUCT_DEFINITION_SHAPE ( 'NONE', 'NONE',  #3991 ) ;
#3159 =( LENGTH_UNIT ( ) NAMED_UNIT ( * ) SI_UNIT ( .MILLI., .METRE. ) );
#3160 = CYLINDRICAL_SURFACE ( 'NONE', #1232, 0.3000000000000016542 ) ;
#3161 =( NAMED_UNIT ( * ) SI_UNIT ( $, .STERADIAN. ) SOLID_ANGLE_UNIT ( ) );
#3162 = CARTESIAN_POINT ( 'NONE',  ( -6.557220761524749975, 8.788634851117809177, 15.75814525331990090 ) ) ;
#3163 = CARTESIAN_POINT ( 'NONE',  ( -5.268510433447492147, 8.708742866358821999, 15.41498866458746164 ) ) ;
#3164 = ADVANCED_FACE ( 'NONE', ( #2874 ), #2376, .F. ) ;
#3165 = FILL_AREA_STYLE ('',( #3777 ) ) ;
#3166 = CARTESIAN_POINT ( 'NONE',  ( 5.467717684922914323, 9.164641514347367846, -17.55648246869929352 ) ) ;
#3167 = CARTESIAN_POINT ( 'NONE',  ( -5.042772068018400056, 9.125158899760011266, 18.78353557285635134 ) ) ;
#3168 = ORIENTED_EDGE ( 'NONE', *, *, #1922, .F. ) ;
#3169 = MECHANICAL_DESIGN_GEOMETRIC_PRESENTATION_REPRESENTATION (  '', ( #2207 ), #3893 ) ;
#3170 = CARTESIAN_POINT ( 'NONE',  ( 7.500000000000000000, 0.000000000000000000, 24.00000000000000000 ) ) ;
#3171 = MECHANICAL_DESIGN_GEOMETRIC_PRESENTATION_REPRESENTATION (  '', ( #1769 ), #955 ) ;
#3172 = CARTESIAN_POINT ( 'NONE',  ( -6.557220761524810371, 8.878044138725970313, 19.87141384884020212 ) ) ;
#3173 = VERTEX_POINT ( 'NONE', #665 ) ;
#3174 = CARTESIAN_POINT ( 'NONE',  ( 4.299999999999999822, 8.000000000000000000, -18.30000000000000071 ) ) ;
#3175 =( GEOMETRIC_REPRESENTATION_CONTEXT ( 3 ) GLOBAL_UNCERTAINTY_ASSIGNED_CONTEXT ( ( #3958 ) ) GLOBAL_UNIT_ASSIGNED_CONTEXT ( ( #1730, #967, #1710 ) ) REPRESENTATION_CONTEXT ( 'NONE', 'WORKASPACE' ) );
#3176 = FACE_OUTER_BOUND ( 'NONE', #2684, .T. ) ;
#3177 = CARTESIAN_POINT ( 'NONE',  ( 7.500000000000000000, 6.500000000000000000, -20.89999999999999858 ) ) ;
#3178 = CARTESIAN_POINT ( 'NONE',  ( 5.691829445080539784, 8.811602903331579029, -20.24185474655899952 ) ) ;
#3179 = LINE ( 'NONE', #1480, #2219 ) ;
#3180 = CARTESIAN_POINT ( 'NONE',  ( 5.455062272881059826, 7.999378882265499868, -15.33673809224270101 ) ) ;
#3181 = CIRCLE ( 'NONE', #2080, 0.3000000000000016542 ) ;
#3182 = DIRECTION ( 'NONE',  ( 0.000000000000000000, 0.000000000000000000, -1.000000000000000000 ) ) ;
#3183 = SURFACE_SIDE_STYLE ('',( #3950 ) ) ;
#3184 = CARTESIAN_POINT ( 'NONE',  ( 7.000000000000000000, 6.500000000000000000, 15.10000000000000142 ) ) ;
#3185 = COLOUR_RGB ( '',0.7529411764705882248, 0.7529411764705882248, 0.7529411764705882248 ) ;
#3186 = CARTESIAN_POINT ( 'NONE',  ( 5.799999999999999822, 6.500000000000000000, -18.00000000000000000 ) ) ;
#3187 =( NAMED_UNIT ( * ) PLANE_ANGLE_UNIT ( ) SI_UNIT ( $, .RADIAN. ) );
#3188 = CARTESIAN_POINT ( 'NONE',  ( -3.095628601972600258, 8.472156660063369316, 20.30656515923374883 ) ) ;
#3189 = ORIENTED_EDGE ( 'NONE', *, *, #1407, .F. ) ;
#3190 = ADVANCED_FACE ( 'NONE', ( #2133 ), #2091, .T. ) ;
#3191 = EDGE_CURVE ( 'NONE', #4359, #3339, #1192, .T. ) ;
#3192 = PRESENTATION_STYLE_ASSIGNMENT (( #2152 ) ) ;
#3193 = SURFACE_STYLE_USAGE ( .BOTH. , #4509 ) ;
#3194 = CARTESIAN_POINT ( 'NONE',  ( -5.042772068018419596, 8.767309405058160365, 20.30656515923374883 ) ) ;
#3195 = ORIENTED_EDGE ( 'NONE', *, *, #4126, .T. ) ;
#3196 = VECTOR ( 'NONE', #487, 1000.000000000000000 ) ;
#3197 = DIRECTION ( 'NONE',  ( 0.000000000000000000, 0.000000000000000000, 1.000000000000000000 ) ) ;
#3198 = ADVANCED_FACE ( 'NONE', ( #2837 ), #1827, .T. ) ;
#3199 = STYLED_ITEM ( 'NONE', ( #3594 ), #2342 ) ;
#3200 = CARTESIAN_POINT ( 'NONE',  ( 6.400000000000000355, 8.000000000000000000, -17.69999999999999929 ) ) ;
#3201 = CARTESIAN_POINT ( 'NONE',  ( 5.700001846990653931, 8.000000000000000000, -15.31438119945137366 ) ) ;
#3202 = CARTESIAN_POINT ( 'NONE',  ( 6.557227932091460154, 8.788634049500458900, -20.24185474655899952 ) ) ;
#3203 = ORIENTED_EDGE ( 'NONE', *, *, #2849, .T. ) ;
#3204 = ORIENTED_EDGE ( 'NONE', *, *, #2371, .F. ) ;
#3205 = CARTESIAN_POINT ( 'NONE',  ( 4.064616317454839312, 7.996972906921950397, -15.95011343494419975 ) ) ;
#3206 =( GEOMETRIC_REPRESENTATION_CONTEXT ( 3 ) GLOBAL_UNCERTAINTY_ASSIGNED_CONTEXT ( ( #2455 ) ) GLOBAL_UNIT_ASSIGNED_CONTEXT ( ( #871, #553, #1263 ) ) REPRESENTATION_CONTEXT ( 'NONE', 'WORKASPACE' ) );
#3207 = FACE_OUTER_BOUND ( 'NONE', #1321, .T. ) ;
#3208 = FILL_AREA_STYLE_COLOUR ( '', #2993 ) ;
#3209 = DIRECTION ( 'NONE',  ( 0.000000000000000000, -1.000000000000000000, 0.000000000000000000 ) ) ;
#3210 = DIRECTION ( 'NONE',  ( 0.7071067811865480168, 0.000000000000000000, 0.7071067811865470176 ) ) ;
#3211 = DIRECTION ( 'NONE',  ( 0.000000000000000000, 0.000000000000000000, 1.000000000000000000 ) ) ;
#3212 = LINE ( 'NONE', #2170, #1400 ) ;
#3213 = CARTESIAN_POINT ( 'NONE',  ( -3.528326951273800027, 8.472298065108269327, 20.74171646962729909 ) ) ;
#3214 = VERTEX_POINT ( 'NONE', #1107 ) ;
#3215 = EDGE_CURVE ( 'NONE', #1295, #398, #163, .T. ) ;
#3216 =( GEOMETRIC_REPRESENTATION_CONTEXT ( 3 ) GLOBAL_UNCERTAINTY_ASSIGNED_CONTEXT ( ( #535 ) ) GLOBAL_UNIT_ASSIGNED_CONTEXT ( ( #1346, #397, #3838 ) ) REPRESENTATION_CONTEXT ( 'NONE', 'WORKASPACE' ) );
#3217 = DIRECTION ( 'NONE',  ( 0.000000000000000000, 0.000000000000000000, 1.000000000000000000 ) ) ;
#3218 = CARTESIAN_POINT ( 'NONE',  ( -8.217291930059626992, 7.999260147294360301, 19.15747963371352114 ) ) ;
#3219 = ORIENTED_EDGE ( 'NONE', *, *, #1778, .F. ) ;
#3220 =( NAMED_UNIT ( * ) SI_UNIT ( $, .STERADIAN. ) SOLID_ANGLE_UNIT ( ) );
#3221 = FILL_AREA_STYLE_COLOUR ( '', #4062 ) ;
#3222 = COLOUR_RGB ( '',0.7529411764705882248, 0.7529411764705882248, 0.7529411764705882248 ) ;
#3223 = PRESENTATION_STYLE_ASSIGNMENT (( #1158 ) ) ;
#3224 = CARTESIAN_POINT ( 'NONE',  ( 6.400000000000000355, 9.151281934820250541, -18.30000000000000071 ) ) ;
#3225 = CARTESIAN_POINT ( 'NONE',  ( 3.961028894296950043, 8.916610175512500902, -18.08676704786240208 ) ) ;
#3226 = EDGE_CURVE ( 'NONE', #3020, #1947, #2703, .T. ) ;
#3227 = ORIENTED_EDGE ( 'NONE', *, *, #1324, .F. ) ;
#3228 = ORIENTED_EDGE ( 'NONE', *, *, #123, .T. ) ;
#3229 = CARTESIAN_POINT ( 'NONE',  ( 5.306741733713890241, 8.880588958557360968, -16.12861458645794599 ) ) ;
#3230 = COLOUR_RGB ( '',0.7529411764705882248, 0.7529411764705882248, 0.7529411764705882248 ) ;
#3231 = COLOUR_RGB ( '',0.7529411764705882248, 0.7529411764705882248, 0.7529411764705882248 ) ;
#3232 = CARTESIAN_POINT ( 'NONE',  ( 4.299999999999999822, 8.983875264080209533, -18.30000000000000071 ) ) ;
#3233 = CARTESIAN_POINT ( 'NONE',  ( -6.542300412028891898, 8.884269224943929899, 16.19795462803135777 ) ) ;
#3234 = CARTESIAN_POINT ( 'NONE',  ( -7.500000000000000000, 6.500000000000000000, 24.00000000000000000 ) ) ;
#3235 = VECTOR ( 'NONE', #4433, 1000.000000000000000 ) ;
#3236 =( NAMED_UNIT ( * ) SI_UNIT ( $, .STERADIAN. ) SOLID_ANGLE_UNIT ( ) );
#3237 = STYLED_ITEM ( 'NONE', ( #4074 ), #451 ) ;
#3238 = VECTOR ( 'NONE', #4495, 1000.000000000000000 ) ;
#3239 = DIRECTION ( 'NONE',  ( 0.000000000000000000, 0.000000000000000000, 1.000000000000000000 ) ) ;
#3240 = CARTESIAN_POINT ( 'NONE',  ( -8.071671243412088970, 8.693245117770439734, 19.43626253844660212 ) ) ;
#3241 = VERTEX_POINT ( 'NONE', #4278 ) ;
#3242 = UNCERTAINTY_MEASURE_WITH_UNIT (LENGTH_MEASURE( 1.000000000000000082E-05 ), #2933, 'distance_accuracy_value', 'NONE');
#3243 = UNCERTAINTY_MEASURE_WITH_UNIT (LENGTH_MEASURE( 1.000000000000000082E-05 ), #2491, 'distance_accuracy_value', 'NONE');
#3244 = FACE_OUTER_BOUND ( 'NONE', #2882, .T. ) ;
#3245 =( NAMED_UNIT ( * ) SI_UNIT ( $, .STERADIAN. ) SOLID_ANGLE_UNIT ( ) );
#3246 = VERTEX_POINT ( 'NONE', #2195 ) ;
#3247 = FACE_OUTER_BOUND ( 'NONE', #1503, .T. ) ;
#3248 = DIRECTION ( 'NONE',  ( 0.000000000000000000, 0.000000000000000000, -1.000000000000000000 ) ) ;
#3249 = CARTESIAN_POINT ( 'NONE',  ( 7.638974699569470062, 8.893326469595619344, -18.73432680013234730 ) ) ;
#3250 = ORIENTED_EDGE ( 'NONE', *, *, #452, .T. ) ;
#3251 = CARTESIAN_POINT ( 'NONE',  ( 4.234749581622816450, 8.702550994725557487, -15.89422448883498973 ) ) ;
#3252 = CIRCLE ( 'NONE', #810, 2.749999999999999112 ) ;
#3253 = CARTESIAN_POINT ( 'NONE',  ( -7.120179169616079662, 8.878317416983030341, 19.43025738850482753 ) ) ;
#3254 = FILL_AREA_STYLE ('',( #2601 ) ) ;
#3255 = DIRECTION ( 'NONE',  ( 0.000000000000000000, 0.000000000000000000, -1.000000000000000000 ) ) ;
#3256 = CARTESIAN_POINT ( 'NONE',  ( -5.968499936239591186, 8.706188500814173281, 20.61822565587581479 ) ) ;
#3257 = PRESENTATION_LAYER_ASSIGNMENT (  '', '', ( #4047 ) ) ;
#3258 = FILL_AREA_STYLE ('',( #1087 ) ) ;
#3259 = CARTESIAN_POINT ( 'NONE',  ( -5.908170555001699853, 8.669641775363839287, 20.74171646962724935 ) ) ;
#3260 = EDGE_LOOP ( 'NONE', ( #730, #2947, #3080, #2291, #636, #1786 ) ) ;
#3261 = CARTESIAN_POINT ( 'NONE',  ( -7.000000000000000000, 6.500000000000000000, -20.89999999999999858 ) ) ;
#3262 = CARTESIAN_POINT ( 'NONE',  ( -8.086416708230563799, 7.998337894973325923, 19.39945916782732027 ) ) ;
#3263 = ORIENTED_EDGE ( 'NONE', *, *, #3688, .T. ) ;
#3264 = SURFACE_SIDE_STYLE ('',( #1475 ) ) ;
#3265 = DIRECTION ( 'NONE',  ( 1.000000000000000000, 0.000000000000000000, 0.000000000000000000 ) ) ;
#3266 = B_SPLINE_CURVE_WITH_KNOTS ( 'NONE', 3,
 ( #4314, #843, #523, #1238, #1953, #162 ),
 .UNSPECIFIED., .F., .F.,
 ( 4, 2, 4 ),
 ( 0.000000000000000000, 0.5000000000000000000, 1.000000000000000000 ),
 .UNSPECIFIED. ) ;
#3267 = CARTESIAN_POINT ( 'NONE',  ( 7.500000000000000000, -5.854912467321780944, -15.10000000000000142 ) ) ;
#3268 = CARTESIAN_POINT ( 'NONE',  ( 6.400000000000000355, 9.151281934820250541, -18.30000000000000071 ) ) ;
#3269 = CARTESIAN_POINT ( 'NONE',  ( 8.504371398199509713, 8.662542312450620230, -18.73432680013234730 ) ) ;
#3270 = ORIENTED_EDGE ( 'NONE', *, *, #68, .F. ) ;
#3271 = EDGE_LOOP ( 'NONE', ( #1316, #2519, #2524, #2493 ) ) ;
#3272 = EDGE_CURVE ( 'NONE', #2067, #1395, #2240, .T. ) ;
#3273 =( NAMED_UNIT ( * ) SI_UNIT ( $, .STERADIAN. ) SOLID_ANGLE_UNIT ( ) );
#3274 = CARTESIAN_POINT ( 'NONE',  ( 5.500000000000000000, 8.886167925260380684, -19.91119260018394854 ) ) ;
#3275 =( NAMED_UNIT ( * ) SI_UNIT ( $, .STERADIAN. ) SOLID_ANGLE_UNIT ( ) );
#3276 = CARTESIAN_POINT ( 'NONE',  ( -6.557220761524789943, 9.168722320508548407, 18.13080860726604726 ) ) ;
#3277 =( LENGTH_UNIT ( ) NAMED_UNIT ( * ) SI_UNIT ( .MILLI., .METRE. ) );
#3278 = AXIS2_PLACEMENT_3D ( 'NONE', #782, #1142, #2559 ) ;
#3279 =( LENGTH_UNIT ( ) NAMED_UNIT ( * ) SI_UNIT ( .MILLI., .METRE. ) );
#3280 = CARTESIAN_POINT ( 'NONE',  ( -5.631497737671641524, 8.706188504742929268, 20.61822550587114122 ) ) ;
#3281 = CARTESIAN_POINT ( 'NONE',  ( -5.799999999999999822, 7.200000000000000178, 20.75000000000000000 ) ) ;
#3282 = EDGE_CURVE ( 'NONE', #2024, #1196, #100, .T. ) ;
#3283 = FACE_OUTER_BOUND ( 'NONE', #731, .T. ) ;
#3284 = ORIENTED_EDGE ( 'NONE', *, *, #903, .F. ) ;
#3285 = CARTESIAN_POINT ( 'NONE',  ( 3.961028894296964697, 8.885915271107700519, -17.21646442709664981 ) ) ;
#3286 =( NAMED_UNIT ( * ) PLANE_ANGLE_UNIT ( ) SI_UNIT ( $, .RADIAN. ) );
#3287 = CARTESIAN_POINT ( 'NONE',  ( 6.100000000000011191, 8.405510120159474852, -15.43979416946459615 ) ) ;
#3288 = ORIENTED_EDGE ( 'NONE', *, *, #3483, .T. ) ;
#3289 = SURFACE_SIDE_STYLE ('',( #3335 ) ) ;
#3290 = SURFACE_STYLE_FILL_AREA ( #814 ) ;
#3291 = CARTESIAN_POINT ( 'NONE',  ( 5.908179513928490501, 8.927396014951328951, -19.81187064948054655 ) ) ;
#3292 = ORIENTED_EDGE ( 'NONE', *, *, #1724, .T. ) ;
#3293 = MECHANICAL_DESIGN_GEOMETRIC_PRESENTATION_REPRESENTATION (  '', ( #4447 ), #271 ) ;
#3294 = CARTESIAN_POINT ( 'NONE',  ( -5.500000000000000000, 8.886167924087580161, 16.08880740161615108 ) ) ;
#3295 = CARTESIAN_POINT ( 'NONE',  ( 4.918397394428380309, 8.004165325927749208, -20.55335176770365280 ) ) ;
#3296 = CARTESIAN_POINT ( 'NONE',  ( -7.000000000000000000, 0.000000000000000000, -15.10000000000000142 ) ) ;
#3297 = CARTESIAN_POINT ( 'NONE',  ( 8.160313091266253593, 8.001431457195723240, -19.29325115568854798 ) ) ;
#3298 = PRESENTATION_STYLE_ASSIGNMENT (( #474 ) ) ;
#3299 = CARTESIAN_POINT ( 'NONE',  ( -3.095628601972560290, 8.662542312490190355, 17.26567319978354931 ) ) ;
#3300 = DIRECTION ( 'NONE',  ( 0.000000000000000000, -1.000000000000000000, 0.000000000000000000 ) ) ;
#3301 = VECTOR ( 'NONE', #868, 1000.000000000000000 ) ;
#3302 = AXIS2_PLACEMENT_3D ( 'NONE', #2176, #76, #1473 ) ;
#3303 =( GEOMETRIC_REPRESENTATION_CONTEXT ( 3 ) GLOBAL_UNCERTAINTY_ASSIGNED_CONTEXT ( ( #2692 ) ) GLOBAL_UNIT_ASSIGNED_CONTEXT ( ( #1739, #4216, #3107 ) ) REPRESENTATION_CONTEXT ( 'NONE', 'WORKASPACE' ) );
#3304 = CARTESIAN_POINT ( 'NONE',  ( -3.151597913209209789, 8.001842335245710203, 18.44345437362795082 ) ) ;
#3305 = DIRECTION ( 'NONE',  ( 1.000000000000000000, 0.000000000000000000, -1.495451272393800035E-16 ) ) ;
#3306 = DIRECTION ( 'NONE',  ( -0.7071067811865470176, 0.000000000000000000, -0.7071067811865480168 ) ) ;
#3307 = VERTEX_POINT ( 'NONE', #2567 ) ;
#3308 = EDGE_CURVE ( 'NONE', #3362, #705, #1892, .T. ) ;
#3309 = CARTESIAN_POINT ( 'NONE',  ( 8.504371398199518595, 8.679180653865589790, -17.86919139267105194 ) ) ;
#3310 = CARTESIAN_POINT ( 'NONE',  ( -7.500000000000000000, 0.000000000000000000, -14.59999999999999964 ) ) ;
#3311 = ORIENTED_EDGE ( 'NONE', *, *, #1887, .F. ) ;
#3312 = CARTESIAN_POINT ( 'NONE',  ( -4.299999999999999822, 8.000000000000000000, 18.30000000000000071 ) ) ;
#3313 = AXIS2_PLACEMENT_3D ( 'NONE', #3862, #1398, #1373 ) ;
#3314 =( NAMED_UNIT ( * ) PLANE_ANGLE_UNIT ( ) SI_UNIT ( $, .RADIAN. ) );
#3315 = SURFACE_STYLE_FILL_AREA ( #1901 ) ;
#3316 = CARTESIAN_POINT ( 'NONE',  ( 5.908179513928500270, 9.038367359480369956, -19.38188655240215397 ) ) ;
#3317 = ORIENTED_EDGE ( 'NONE', *, *, #1724, .F. ) ;
#3318 = DIRECTION ( 'NONE',  ( -0.7071067811865480168, 0.000000000000000000, 0.7071067811865470176 ) ) ;
#3319 = CARTESIAN_POINT ( 'NONE',  ( 4.934943593937635598, 8.707157680166806912, -20.49341510199001348 ) ) ;
#3320 = CARTESIAN_POINT ( 'NONE',  ( 5.271815694533886543, 8.885550562794954033, -19.87561988270642388 ) ) ;
#3321 = COLOUR_RGB ( '',0.7529411764705882248, 0.7529411764705882248, 0.7529411764705882248 ) ;
#3322 = CARTESIAN_POINT ( 'NONE',  ( -8.071671243412069430, 8.801120746346299484, 17.91323295206925081 ) ) ;
#3323 = CARTESIAN_POINT ( 'NONE',  ( 6.441597889416650347, 8.884794009138248683, -19.84219035552079902 ) ) ;
#3324 = MECHANICAL_DESIGN_GEOMETRIC_PRESENTATION_REPRESENTATION (  '', ( #1920 ), #2210 ) ;
#3325 = SURFACE_STYLE_FILL_AREA ( #2961 ) ;
#3326 = CARTESIAN_POINT ( 'NONE',  ( -7.086912658396012255, 8.703099254914237193, 20.28646267827505056 ) ) ;
#3327 = CARTESIAN_POINT ( 'NONE',  ( -7.500000000000000000, 6.500000000000000000, 24.00000000000000000 ) ) ;
#3328 = ORIENTED_EDGE ( 'NONE', *, *, #1073, .T. ) ;
#3329 = CARTESIAN_POINT ( 'NONE',  ( 5.691829445080609950, 8.788734674793508006, -15.69343484075665174 ) ) ;
#3330 = EDGE_CURVE ( 'NONE', #1701, #2710, #195, .T. ) ;
#3331 = LINE ( 'NONE', #1544, #1723 ) ;
#3332 = CARTESIAN_POINT ( 'NONE',  ( -8.287424860586021680, 8.002782032081334762, 16.98883925459010413 ) ) ;
#3333 =( LENGTH_UNIT ( ) NAMED_UNIT ( * ) SI_UNIT ( .MILLI., .METRE. ) );
#3334 = VERTEX_POINT ( 'NONE', #2282 ) ;
#3335 = SURFACE_STYLE_FILL_AREA ( #1877 ) ;
#3336 = EDGE_CURVE ( 'NONE', #1970, #4127, #3672, .T. ) ;
#3337 = DIRECTION ( 'NONE',  ( 0.000000000000000000, -1.000000000000000000, 0.000000000000000000 ) ) ;
#3338 = CARTESIAN_POINT ( 'NONE',  ( 4.393729031992899436, 8.588400787089749855, -15.25828353037374896 ) ) ;
#3339 = VERTEX_POINT ( 'NONE', #218 ) ;
#3340 = FACE_OUTER_BOUND ( 'NONE', #3687, .T. ) ;
#3341 = ADVANCED_FACE ( 'NONE', ( #1289 ), #1344, .F. ) ;
#3342 =( LENGTH_UNIT ( ) NAMED_UNIT ( * ) SI_UNIT ( .MILLI., .METRE. ) );
#3343 = CARTESIAN_POINT ( 'NONE',  ( -3.961851959618727825, 7.997055971170740740, 19.95065591004884809 ) ) ;
#3344 = CARTESIAN_POINT ( 'NONE',  ( 7.799126009481279986, 8.001356589677916631, -19.78485690199795144 ) ) ;
#3345 = FILL_AREA_STYLE_COLOUR ( '', #4378 ) ;
#3346 = STYLED_ITEM ( 'NONE', ( #2156 ), #265 ) ;
#3347 = CARTESIAN_POINT ( 'NONE',  ( 5.461585211857955535, 7.999533011481301692, -15.31995007461935465 ) ) ;
#3348 = CARTESIAN_POINT ( 'NONE',  ( -7.115671869759359502, 7.997388989880320764, 20.34130882013320019 ) ) ;
#3349 = VECTOR ( 'NONE', #3824, 1000.000000000000000 ) ;
#3350 = CARTESIAN_POINT ( 'NONE',  ( -3.867426013797472528, 8.883729825118454215, 18.22870277013636553 ) ) ;
#3351 = VERTEX_POINT ( 'NONE', #408 ) ;
#3352 = CARTESIAN_POINT ( 'NONE',  ( 5.908179513928550008, 9.017153646683778945, -16.56373746152240045 ) ) ;
#3353 = CARTESIAN_POINT ( 'NONE',  ( -5.500000000000000000, 8.003720144311628815, 15.33716238016404887 ) ) ;
#3354 = CARTESIAN_POINT ( 'NONE',  ( -7.456943356618398688, 8.001605984603267885, 15.89097342770015864 ) ) ;
#3355 = DIRECTION ( 'NONE',  ( 0.000000000000000000, 0.000000000000000000, -1.000000000000000000 ) ) ;
#3356 = ORIENTED_EDGE ( 'NONE', *, *, #1073, .F. ) ;
#3357 =( LENGTH_UNIT ( ) NAMED_UNIT ( * ) SI_UNIT ( .MILLI., .METRE. ) );
#3358 = UNCERTAINTY_MEASURE_WITH_UNIT (LENGTH_MEASURE( 1.000000000000000082E-05 ), #3333, 'distance_accuracy_value', 'NONE');
#3359 = FACE_OUTER_BOUND ( 'NONE', #1623, .T. ) ;
#3360 = CARTESIAN_POINT ( 'NONE',  ( -5.200000000000000178, 8.000000000000000000, 18.59999999999999787 ) ) ;
#3361 = PLANE ( 'NONE',  #643 ) ;
#3362 = VERTEX_POINT ( 'NONE', #3532 ) ;
#3363 = PRESENTATION_STYLE_ASSIGNMENT (( #2646 ) ) ;
#3364 = FACE_OUTER_BOUND ( 'NONE', #1130, .T. ) ;
#3365 = UNCERTAINTY_MEASURE_WITH_UNIT (LENGTH_MEASURE( 1.000000000000000082E-05 ), #4053, 'distance_accuracy_value', 'NONE');
#3366 = ADVANCED_FACE ( 'NONE', ( #3283 ), #3587, .T. ) ;
#3367 = COLOUR_RGB ( '',0.7529411764705882248, 0.7529411764705882248, 0.7529411764705882248 ) ;
#3368 = CARTESIAN_POINT ( 'NONE',  ( -3.750079150102310521, 8.001121977352370962, 16.27380508840693452 ) ) ;
#3369 = CARTESIAN_POINT ( 'NONE',  ( 6.420520982506867647, 8.005155552405605945, -20.62659856112099988 ) ) ;
#3370 = DIRECTION ( 'NONE',  ( 0.000000000000000000, -1.000000000000000000, 0.000000000000000000 ) ) ;
#3371 = CARTESIAN_POINT ( 'NONE',  ( 8.300000000000000711, 6.500000000000000000, -15.90000000000000036 ) ) ;
#3372 = CARTESIAN_POINT ( 'NONE',  ( 5.123285459541583542, 7.999328166705755194, -15.38478485416858454 ) ) ;
#3373 = CARTESIAN_POINT ( 'NONE',  ( -7.500000000000000000, 6.500000000000000000, 24.00000000000000000 ) ) ;
#3374 = CIRCLE ( 'NONE', #4236, 0.3000000000000016542 ) ;
#3375 =( NAMED_UNIT ( * ) PLANE_ANGLE_UNIT ( ) SI_UNIT ( $, .RADIAN. ) );
#3376 = ORIENTED_EDGE ( 'NONE', *, *, #3067, .T. ) ;
#3377 =( GEOMETRIC_REPRESENTATION_CONTEXT ( 3 ) GLOBAL_UNCERTAINTY_ASSIGNED_CONTEXT ( ( #19 ) ) GLOBAL_UNIT_ASSIGNED_CONTEXT ( ( #1062, #3924, #1082 ) ) REPRESENTATION_CONTEXT ( 'NONE', 'WORKASPACE' ) );
#3378 =( GEOMETRIC_REPRESENTATION_CONTEXT ( 3 ) GLOBAL_UNCERTAINTY_ASSIGNED_CONTEXT ( ( #2621 ) ) GLOBAL_UNIT_ASSIGNED_CONTEXT ( ( #1815, #430, #735 ) ) REPRESENTATION_CONTEXT ( 'NONE', 'WORKASPACE' ) );
#3379 = CARTESIAN_POINT ( 'NONE',  ( 8.504371398199559451, 8.533543737913120708, -16.12858615113954741 ) ) ;
#3380 = DIRECTION ( 'NONE',  ( 0.000000000000000000, -1.000000000000000000, 0.000000000000000000 ) ) ;
#3381 = CARTESIAN_POINT ( 'NONE',  ( -8.218544321912817807, 8.002582268482123951, 16.83360956763053196 ) ) ;
#3382 = CARTESIAN_POINT ( 'NONE',  ( -5.042772068018349430, 8.669035276478439300, 15.32816115623094966 ) ) ;
#3383 = ORIENTED_EDGE ( 'NONE', *, *, #363, .F. ) ;
#3384 =( GEOMETRIC_REPRESENTATION_CONTEXT ( 3 ) GLOBAL_UNCERTAINTY_ASSIGNED_CONTEXT ( ( #1929 ) ) GLOBAL_UNIT_ASSIGNED_CONTEXT ( ( #128, #2590, #834 ) ) REPRESENTATION_CONTEXT ( 'NONE', 'WORKASPACE' ) );
#3385 = CIRCLE ( 'NONE', #2641, 2.680009069179260184 ) ;
#3386 = LINE ( 'NONE', #1252, #361 ) ;
#3387 = CARTESIAN_POINT ( 'NONE',  ( 5.691829445080609950, 8.903613804728740533, -16.12858615113950123 ) ) ;
#3388 = ORIENTED_EDGE ( 'NONE', *, *, #683, .F. ) ;
#3389 = CARTESIAN_POINT ( 'NONE',  ( 6.557227932091460154, 8.788634049500458900, -20.24185474655899952 ) ) ;
#3390 = UNCERTAINTY_MEASURE_WITH_UNIT (LENGTH_MEASURE( 1.000000000000000082E-05 ), #2802, 'distance_accuracy_value', 'NONE');
#3391 = CARTESIAN_POINT ( 'NONE',  ( -3.780810076782695983, 8.001265505945044154, 16.23777451823944418 ) ) ;
#3392 = CARTESIAN_POINT ( 'NONE',  ( 8.415918611359998636, 8.001608820662875488, -17.39607169419810262 ) ) ;
#3393 = LINE ( 'NONE', #4377, #4087 ) ;
#3394 = MECHANICAL_DESIGN_GEOMETRIC_PRESENTATION_REPRESENTATION (  '', ( #4475 ), #512 ) ;
#3395 = CARTESIAN_POINT ( 'NONE',  ( 4.322291757400811285, 8.002156641807131265, -20.23638984979754341 ) ) ;
#3396 = CARTESIAN_POINT ( 'NONE',  ( -7.726210565433480504, 8.883656371645939132, 18.19842390668560128 ) ) ;
#3397 = DIRECTION ( 'NONE',  ( 0.000000000000000000, -1.000000000000000000, 0.000000000000000000 ) ) ;
#3398 = CARTESIAN_POINT ( 'NONE',  ( -5.500000000000000000, 8.881071743737459556, 19.90759477341049788 ) ) ;
#3399 = AXIS2_PLACEMENT_3D ( 'NONE', #391, #2194, #1496 ) ;
#3400 = SURFACE_STYLE_FILL_AREA ( #2661 ) ;
#3401 = CARTESIAN_POINT ( 'NONE',  ( -7.799537240312773179, 8.000928265348971280, 16.21415470449030494 ) ) ;
#3402 = AXIS2_PLACEMENT_3D ( 'NONE', #2475, #2863, #79 ) ;
#3403 =( NAMED_UNIT ( * ) PLANE_ANGLE_UNIT ( ) SI_UNIT ( $, .RADIAN. ) );
#3404 = SURFACE_STYLE_USAGE ( .BOTH. , #906 ) ;
#3405 = LINE ( 'NONE', #2706, #2142 ) ;
#3406 = CARTESIAN_POINT ( 'NONE',  ( 5.691829445080609950, 8.788734674793508006, -15.69343484075665174 ) ) ;
#3407 = CARTESIAN_POINT ( 'NONE',  ( -3.095628601972550520, 8.596309966008519154, 16.61811344749784780 ) ) ;
#3408 =( GEOMETRIC_REPRESENTATION_CONTEXT ( 3 ) GLOBAL_UNCERTAINTY_ASSIGNED_CONTEXT ( ( #743 ) ) GLOBAL_UNIT_ASSIGNED_CONTEXT ( ( #4078, #1296, #4492 ) ) REPRESENTATION_CONTEXT ( 'NONE', 'WORKASPACE' ) );
#3409 = ORIENTED_EDGE ( 'NONE', *, *, #4439, .T. ) ;
#3410 = CARTESIAN_POINT ( 'NONE',  ( 6.400000000000000355, 9.149407376335959796, -17.69999999999999929 ) ) ;
#3411 = CARTESIAN_POINT ( 'NONE',  ( 8.504371398199499055, 8.596309965983079948, -19.38188655240220015 ) ) ;
#3412 = B_SPLINE_CURVE_WITH_KNOTS ( 'NONE', 5,
 ( #2637, #2330, #2613, #877, #3663, #2281 ),
 .UNSPECIFIED., .F., .F.,
 ( 6, 6 ),
 ( 3.469446951953614959E-18, 0.0006000012322204120252 ),
 .UNSPECIFIED. ) ;
#3413 = CARTESIAN_POINT ( 'NONE',  ( -3.204381128440660031, 8.002430481833435749, 17.32555030330436452 ) ) ;
#3414 = CARTESIAN_POINT ( 'NONE',  ( 7.609059595526582953, 7.996945121530053768, -16.02216751003295059 ) ) ;
#3415 = SURFACE_STYLE_FILL_AREA ( #958 ) ;
#3416 = CARTESIAN_POINT ( 'NONE',  ( 8.257199142658585345, 8.705232414799807472, -17.08028237404492700 ) ) ;
#3417 = B_SPLINE_SURFACE_WITH_KNOTS ( 'NONE', 5, 5, ( 
 ( #183, #862, #3671, #1606, #2647, #2671, #4309, #109, #2911, #2573, #3969, #817 ),
 ( #1651, #3083, #2341, #4468, #3389, #2390, #953, #1001, #2691, #4080, #568, #3435 ),
 ( #1998, #620, #1692, #3787, #2735, #3765, #270, #4100, #3105, #931, #3056, #642 ),
 ( #3411, #4493, #2050, #3739, #1277, #1323, #976, #4446, #3461, #2760, #4123, #1343 ),
 ( #290, #3715, #4422, #248, #4147, #3812, #226, #1674, #2413, #2026, #2317, #1973 ),
 ( #1629, #2711, #1298, #3027, #593, #2364, #2585, #4340, #215, #1191, #3728, #2611 ),
 ( #3309, #3978, #2279, #2264, #4411, #4069, #1619, #2238, #192, #4322, #829, #917 ),
 ( #2944, #2328, #1244, #4390, #529, #1267, #1874, #2994, #3016, #3285, #2681, #148 ),
 ( #122, #4048, #2659, #4001, #1568, #3352, #2304, #1172, #1521, #1961, #1938, #874 ),
 ( #3379, #897, #3706, #1894, #4361, #2925, #1216, #3636, #850, #3660, #483, #507 ),
 ( #1593, #1543, #169, #3685, #556, #1916, #3329, #2966, #2635, #4025, #581, #2700 ),
 ( #3753, #2013, #239, #990, #1442, #3117, #941, #379, #2037, #3042, #2143, #1985 ) ),
 .UNSPECIFIED., .F., .F., .F.,
 ( 6, 3, 3, 6 ),
 ( 6, 3, 3, 6 ),
 ( -2.796542062349285374, -0.6466215769572040140, 0.4412566989999804901, 2.617013250914349776 ),
 ( -2.704371398199524990, -0.5408796516244309682, 0.5408706926153330485, 2.704371381094860194 ),
 .UNSPECIFIED. ) ;
#3418 = EDGE_CURVE ( 'NONE', #3870, #1800, #4044, .T. ) ;
#3419 = CARTESIAN_POINT ( 'NONE',  ( 3.746331055760013129, 8.001165085454653436, -19.72172968610470534 ) ) ;
#3420 = CARTESIAN_POINT ( 'NONE',  ( -7.685814954161049428, 8.001231020949509443, 16.08830251718494964 ) ) ;
#3421 = CARTESIAN_POINT ( 'NONE',  ( 5.500000000000000000, 8.000000000000000000, -20.66316514900654866 ) ) ;
#3422 = MECHANICAL_DESIGN_GEOMETRIC_PRESENTATION_REPRESENTATION (  '', ( #3849 ), #3041 ) ;
#3423 = CARTESIAN_POINT ( 'NONE',  ( -4.299999999999999822, 8.992169535906368694, 17.94000000000000128 ) ) ;
#3424 = EDGE_CURVE ( 'NONE', #2172, #4473, #3892, .T. ) ;
#3425 = SURFACE_STYLE_USAGE ( .BOTH. , #4161 ) ;
#3426 = CARTESIAN_POINT ( 'NONE',  ( -6.100000000000011191, 8.409993496073337127, 15.43956647092610979 ) ) ;
#3427 = SURFACE_STYLE_FILL_AREA ( #1571 ) ;
#3428 = ORIENTED_EDGE ( 'NONE', *, *, #4070, .T. ) ;
#3429 = AXIS2_PLACEMENT_3D ( 'NONE', #25, #2832, #2467 ) ;
#3430 = FACE_OUTER_BOUND ( 'NONE', #3561, .T. ) ;
#3431 = CARTESIAN_POINT ( 'NONE',  ( 7.206276350254509744, 8.588400154961318478, -15.25828353037380047 ) ) ;
#3432 = CARTESIAN_POINT ( 'NONE',  ( -3.961025300574949615, 8.893326469629489139, 17.26567319978354931 ) ) ;
#3433 = ORIENTED_EDGE ( 'NONE', *, *, #3483, .F. ) ;
#3434 = DIRECTION ( 'NONE',  ( 0.000000000000000000, 0.000000000000000000, 1.000000000000000000 ) ) ;
#3435 = CARTESIAN_POINT ( 'NONE',  ( 3.095628618905100549, 8.473108934061690078, -20.24185474655894978 ) ) ;
#3436 = CARTESIAN_POINT ( 'NONE',  ( -3.263600800364955479, 8.002135049514533804, 17.13501237373944264 ) ) ;
#3437 = CARTESIAN_POINT ( 'NONE',  ( 7.726564754594019924, 7.997508376397982843, -16.13493065115957492 ) ) ;
#3438 =( LENGTH_UNIT ( ) NAMED_UNIT ( * ) SI_UNIT ( .MILLI., .METRE. ) );
#3439 = CARTESIAN_POINT ( 'NONE',  ( 7.912657270883999061, 8.001085431300362316, -19.65759876745275037 ) ) ;
#3440 = PRESENTATION_LAYER_ASSIGNMENT (  '', '', ( #2477 ) ) ;
#3441 = CARTESIAN_POINT ( 'NONE',  ( 5.443350649010677778, 8.005505162065709612, -20.65629785422773779 ) ) ;
#3442 = CARTESIAN_POINT ( 'NONE',  ( -6.771755068907300057, 8.883201880510700477, 16.32172083753900083 ) ) ;
#3443 = CARTESIAN_POINT ( 'NONE',  ( -7.000000000000000000, 0.000000000000000000, -20.89999999999999858 ) ) ;
#3444 = CARTESIAN_POINT ( 'NONE',  ( -4.828272627648839688, 8.883201990319550490, 16.32170560058855102 ) ) ;
#3445 = MECHANICAL_DESIGN_GEOMETRIC_PRESENTATION_REPRESENTATION (  '', ( #3720 ), #2185 ) ;
#3446 = CARTESIAN_POINT ( 'NONE',  ( -5.500000000000000000, 9.120389879848559644, 17.13776148032319924 ) ) ;
#3447 = CARTESIAN_POINT ( 'NONE',  ( -7.299999999999999822, 8.988697614219001153, 18.18000000000000327 ) ) ;
#3448 = LINE ( 'NONE', #1066, #158 ) ;
#3449 = CARTESIAN_POINT ( 'NONE',  ( -7.206270968047889802, 8.897341416312270823, 16.61811344749779806 ) ) ;
#3450 = ORIENTED_EDGE ( 'NONE', *, *, #4218, .T. ) ;
#3451 = SURFACE_STYLE_FILL_AREA ( #902 ) ;
#3452 = COLOUR_RGB ( '',0.7529411764705882248, 0.7529411764705882248, 0.7529411764705882248 ) ;
#3453 = EDGE_CURVE ( 'NONE', #1395, #4255, #3036, .T. ) ;
#3454 = STYLED_ITEM ( 'NONE', ( #584 ), #3341 ) ;
#3455 = SURFACE_STYLE_FILL_AREA ( #1757 ) ;
#3456 =( LENGTH_UNIT ( ) NAMED_UNIT ( * ) SI_UNIT ( .MILLI., .METRE. ) );
#3457 = CARTESIAN_POINT ( 'NONE',  ( -7.120000000000459295, 9.025580957834320017, 17.69999999999999929 ) ) ;
#3458 = CARTESIAN_POINT ( 'NONE',  ( -4.393723649876174697, 8.881518144511540314, 19.43626253844665186 ) ) ;
#3459 = ORIENTED_EDGE ( 'NONE', *, *, #389, .F. ) ;
#3460 = FILL_AREA_STYLE_COLOUR ( '', #4263 ) ;
#3461 = CARTESIAN_POINT ( 'NONE',  ( 4.393729031992830159, 8.897341416352150034, -19.38188655240215397 ) ) ;
#3462 = DIRECTION ( 'NONE',  ( 0.000000000000000000, -1.000000000000000000, 0.000000000000000000 ) ) ;
#3463 = SURFACE_SIDE_STYLE ('',( #547 ) ) ;
#3464 = ORIENTED_EDGE ( 'NONE', *, *, #4472, .F. ) ;
#3465 = CARTESIAN_POINT ( 'NONE',  ( 6.411395552640349216, 8.880130103992739166, -16.16353432937085088 ) ) ;
#3466 = CARTESIAN_POINT ( 'NONE',  ( 3.265497133038631095, 8.000247298182241451, -17.09509782112004572 ) ) ;
#3467 = CARTESIAN_POINT ( 'NONE',  ( -6.341066770914679296, 8.005382680216298397, 15.35387247525479992 ) ) ;
#3468 = FILL_AREA_STYLE_COLOUR ( '', #856 ) ;
#3469 = PRESENTATION_STYLE_ASSIGNMENT (( #2722 ) ) ;
#3470 = DIRECTION ( 'NONE',  ( 0.000000000000000000, 1.000000000000000000, 0.000000000000000000 ) ) ;
#3471 = CARTESIAN_POINT ( 'NONE',  ( -3.095628601972574945, 8.679180653913618926, 18.13080860726604726 ) ) ;
#3472 = VERTEX_POINT ( 'NONE', #1618 ) ;
#3473 = MECHANICAL_DESIGN_GEOMETRIC_PRESENTATION_REPRESENTATION (  '', ( #443 ), #1842 ) ;
#3474 = EDGE_CURVE ( 'NONE', #1103, #1096, #3658, .T. ) ;
#3475 = COLOUR_RGB ( '',0.7529411764705882248, 0.7529411764705882248, 0.7529411764705882248 ) ;
#3476 = CARTESIAN_POINT ( 'NONE',  ( -5.691820486160629855, 9.162702056700771536, 18.78353557285635134 ) ) ;
#3477 = VERTEX_POINT ( 'NONE', #3014 ) ;
#3478 = CARTESIAN_POINT ( 'NONE',  ( -5.500002759533759722, 8.000000000000000000, 20.66311578955480144 ) ) ;
#3479 = STYLED_ITEM ( 'NONE', ( #4034 ), #12 ) ;
#3480 = FILL_AREA_STYLE ('',( #2114 ) ) ;
#3481 = SURFACE_SIDE_STYLE ('',( #3008 ) ) ;
#3482 = CARTESIAN_POINT ( 'NONE',  ( 8.071673048884457913, 8.472944998546259043, -20.67183884363745250 ) ) ;
#3483 = EDGE_CURVE ( 'NONE', #969, #2301, #1564, .T. ) ;
#3484 = ORIENTED_EDGE ( 'NONE', *, *, #1549, .F. ) ;
#3485 = CARTESIAN_POINT ( 'NONE',  ( 8.014611630491719652, 8.001152031188540903, -19.51889897288515030 ) ) ;
#3486 = CARTESIAN_POINT ( 'NONE',  ( 3.124651452652976502, 8.002412654755033827, -17.84563167859417021 ) ) ;
#3487 = FILL_AREA_STYLE ('',( #3505 ) ) ;
#3488 = CARTESIAN_POINT ( 'NONE',  ( -6.100000000000000533, 9.120389881387618303, 17.13776147996374632 ) ) ;
#3489 = CARTESIAN_POINT ( 'NONE',  ( -4.274664635438845117, 8.881829843204489094, 16.80303476734979995 ) ) ;
#3490 = CARTESIAN_POINT ( 'NONE',  ( -7.299999999999999822, 8.991916500142920654, 18.05999999999999872 ) ) ;
#3491 = CARTESIAN_POINT ( 'NONE',  ( 5.278763991718554038, 9.159193040153757792, -17.70000000000002771 ) ) ;
#3492 = CARTESIAN_POINT ( 'NONE',  ( -8.071671243412069430, 8.800328136297769888, 18.13080860726600108 ) ) ;
#3493 = ORIENTED_EDGE ( 'NONE', *, *, #2769, .F. ) ;
#3494 = VECTOR ( 'NONE', #2734, 1000.000000000000000 ) ;
#3495 = STYLED_ITEM ( 'NONE', ( #4413 ), #2395 ) ;
#3496 = CARTESIAN_POINT ( 'NONE',  ( -5.691820486160650283, 8.788734555741060106, 20.30656515923370264 ) ) ;
#3497 = ORIENTED_EDGE ( 'NONE', *, *, #2250, .F. ) ;
#3498 = MECHANICAL_DESIGN_GEOMETRIC_PRESENTATION_REPRESENTATION (  '', ( #1198 ), #1065 ) ;
#3499 = PLANE ( 'NONE',  #3402 ) ;
#3500 = SURFACE_STYLE_FILL_AREA ( #748 ) ;
#3501 = VERTEX_POINT ( 'NONE', #3999 ) ;
#3502 = CARTESIAN_POINT ( 'NONE',  ( 8.422003945227990229, 8.002596590389629228, -18.57934329436490373 ) ) ;
#3503 = EDGE_CURVE ( 'NONE', #2017, #3501, #4409, .T. ) ;
#3504 = CARTESIAN_POINT ( 'NONE',  ( -7.534260535132021097, 8.882355899197598603, 17.11240812047299897 ) ) ;
#3505 = FILL_AREA_STYLE_COLOUR ( '', #2396 ) ;
#3506 = FILL_AREA_STYLE ('',( #72 ) ) ;
#3507 = CARTESIAN_POINT ( 'NONE',  ( -4.459728641300849894, 8.002594051686861221, 15.67320330105869886 ) ) ;
#3508 = VECTOR ( 'NONE', #2437, 1000.000000000000000 ) ;
#3509 = MECHANICAL_DESIGN_GEOMETRIC_PRESENTATION_REPRESENTATION (  '', ( #2835 ), #1512 ) ;
#3510 =( NAMED_UNIT ( * ) PLANE_ANGLE_UNIT ( ) SI_UNIT ( $, .RADIAN. ) );
#3511 = CARTESIAN_POINT ( 'NONE',  ( 7.500000000000000000, 0.000000000000000000, -24.00000000000000000 ) ) ;
#3512 = CARTESIAN_POINT ( 'NONE',  ( -3.961025300574949615, 8.893326469629489139, 17.26567319978354931 ) ) ;
#3513 = ORIENTED_EDGE ( 'NONE', *, *, #690, .F. ) ;
#3514 = LINE ( 'NONE', #4118, #3555 ) ;
#3515 = SURFACE_SIDE_STYLE ('',( #14 ) ) ;
#3516 = CARTESIAN_POINT ( 'NONE',  ( -3.528326951273784928, 8.693244745476709667, 19.43626253844665186 ) ) ;
#3517 = STYLED_ITEM ( 'NONE', ( #1117 ), #1754 ) ;
#3518 = ORIENTED_EDGE ( 'NONE', *, *, #1241, .T. ) ;
#3519 = COLOUR_RGB ( '',0.7529411764705882248, 0.7529411764705882248, 0.7529411764705882248 ) ;
#3520 = UNCERTAINTY_MEASURE_WITH_UNIT (LENGTH_MEASURE( 1.000000000000000082E-05 ), #678, 'distance_accuracy_value', 'NONE');
#3521 = VECTOR ( 'NONE', #3397, 1000.000000000000000 ) ;
#3522 = CARTESIAN_POINT ( 'NONE',  ( 7.299999999999999822, 8.000000000000000000, -18.30000000000000071 ) ) ;
#3523 = CARTESIAN_POINT ( 'NONE',  ( 5.200000000000000178, 9.149407380997910622, -17.69999999999999929 ) ) ;
#3524 = CARTESIAN_POINT ( 'NONE',  ( 6.557227932091450384, 8.669035276506189547, -20.67183884363739921 ) ) ;
#3525 = FILL_AREA_STYLE ('',( #711 ) ) ;
#3526 = CARTESIAN_POINT ( 'NONE',  ( 3.238541794511021976, 8.707153592283852106, -18.56726744718131883 ) ) ;
#3527 = EDGE_CURVE ( 'NONE', #3981, #1649, #2678, .T. ) ;
#3528 = CARTESIAN_POINT ( 'NONE',  ( -6.100000000000000533, 8.003720145052030333, 15.33716238022925005 ) ) ;
#3529 = DIRECTION ( 'NONE',  ( 0.000000000000000000, -1.000000000000000000, 0.000000000000000000 ) ) ;
#3530 = DIRECTION ( 'NONE',  ( 0.000000000000000000, 0.000000000000000000, 1.000000000000000000 ) ) ;
#3531 = DIRECTION ( 'NONE',  ( 0.000000000000000000, 0.000000000000000000, 1.000000000000000000 ) ) ;
#3532 = CARTESIAN_POINT ( 'NONE',  ( -6.400000000000000355, 8.000000000000000000, 18.30000000000000071 ) ) ;
#3533 = VERTEX_POINT ( 'NONE', #190 ) ;
#3534 = CARTESIAN_POINT ( 'NONE',  ( -5.278727853120868119, 9.159188546721926727, 18.30000000000002203 ) ) ;
#3535 = B_SPLINE_CURVE_WITH_KNOTS ( 'NONE', 3,
 ( #3778, #679, #3166, #2087, #3491, #1404 ),
 .UNSPECIFIED., .F., .F.,
 ( 4, 2, 4 ),
 ( 0.000000000000000000, 0.5000000000000000000, 1.000000000000000000 ),
 .UNSPECIFIED. ) ;
#3536 = CARTESIAN_POINT ( 'NONE',  ( -4.393723649876184467, 8.689516219520978524, 20.30656515923374883 ) ) ;
#3537 = ORIENTED_EDGE ( 'NONE', *, *, #2517, .T. ) ;
#3538 = CARTESIAN_POINT ( 'NONE',  ( 5.499999999999999112, 8.212296364020374995, -20.64441547470284632 ) ) ;
#3539 = PRESENTATION_LAYER_ASSIGNMENT (  '', '', ( #960 ) ) ;
#3540 = PRESENTATION_STYLE_ASSIGNMENT (( #2479 ) ) ;
#3541 = ORIENTED_EDGE ( 'NONE', *, *, #1204, .T. ) ;
#3542 = CARTESIAN_POINT ( 'NONE',  ( 3.493810732280305142, 7.998274093909020444, -16.59182533993104869 ) ) ;
#3543 = FACE_OUTER_BOUND ( 'NONE', #3260, .T. ) ;
#3544 = CARTESIAN_POINT ( 'NONE',  ( 5.500000000000000000, 8.886167925260380684, -19.91119260018394854 ) ) ;
#3545 = PLANE ( 'NONE',  #406 ) ;
#3546 = CARTESIAN_POINT ( 'NONE',  ( -8.504371381094109950, 8.400507798084079880, 15.32816115623089992 ) ) ;
#3547 = EDGE_CURVE ( 'NONE', #2172, #56, #3776, .T. ) ;
#3548 = CARTESIAN_POINT ( 'NONE',  ( -5.799999999999999822, 6.500000000000000000, 18.00000000000000000 ) ) ;
#3549 = CARTESIAN_POINT ( 'NONE',  ( -7.638971105730010258, 8.706006041411420426, 19.87141384884015238 ) ) ;
#3550 = EDGE_CURVE ( 'NONE', #2261, #2048, #145, .T. ) ;
#3551 = CARTESIAN_POINT ( 'NONE',  ( -8.453429699711922041, 8.001905854619616676, 18.38100064063157646 ) ) ;
#3552 = ORIENTED_EDGE ( 'NONE', *, *, #954, .T. ) ;
#3553 = CIRCLE ( 'NONE', #2456, 2.749999999999999112 ) ;
#3554 = LINE ( 'NONE', #1341, #3828 ) ;
#3555 = VECTOR ( 'NONE', #3076, 1000.000000000000000 ) ;
#3556 = AXIS2_PLACEMENT_3D ( 'NONE', #2859, #1150, #1127 ) ;
#3557 = FACE_OUTER_BOUND ( 'NONE', #2858, .T. ) ;
#3558 = CARTESIAN_POINT ( 'NONE',  ( 6.100000000000000533, 9.152261388884300075, -18.59999999999999787 ) ) ;
#3559 = CARTESIAN_POINT ( 'NONE',  ( 7.299999999999999822, 10.00000000000000000, -18.30000000000000071 ) ) ;
#3560 = ORIENTED_EDGE ( 'NONE', *, *, #4498, .T. ) ;
#3561 = EDGE_LOOP ( 'NONE', ( #2757, #1742 ) ) ;
#3562 = CARTESIAN_POINT ( 'NONE',  ( 3.939716217167620105, 8.883406829754100897, -18.54188467865570189 ) ) ;
#3563 = DIRECTION ( 'NONE',  ( 0.000000000000000000, -1.000000000000000000, 0.000000000000000000 ) ) ;
#3564 = CARTESIAN_POINT ( 'NONE',  ( -7.732581080197129531, 8.883726761216330203, 18.22867152548990077 ) ) ;
#3565 = SURFACE_SIDE_STYLE ('',( #457 ) ) ;
#3566 = FILL_AREA_STYLE_COLOUR ( '', #2940 ) ;
#3567 = CARTESIAN_POINT ( 'NONE',  ( -4.393723649876189796, 8.588400154966949529, 20.74171646962724935 ) ) ;
#3568 = ORIENTED_EDGE ( 'NONE', *, *, #662, .F. ) ;
#3569 = CARTESIAN_POINT ( 'NONE',  ( -7.638039218484730775, 7.997087664469844093, 19.95075196046958510 ) ) ;
#3570 = CARTESIAN_POINT ( 'NONE',  ( 6.100000000000012079, 8.718189648811566883, -15.70904615651267555 ) ) ;
#3571 = ORIENTED_EDGE ( 'NONE', *, *, #2371, .T. ) ;
#3572 = FILL_AREA_STYLE_COLOUR ( '', #3475 ) ;
#3573 = ADVANCED_FACE ( 'NONE', ( #1540 ), #1741, .T. ) ;
#3574 = DIRECTION ( 'NONE',  ( 0.000000000000000000, -1.000000000000000000, 0.000000000000000000 ) ) ;
#3575 = VECTOR ( 'NONE', #4196, 1000.000000000000000 ) ;
#3576 = CARTESIAN_POINT ( 'NONE',  ( 6.400000000000000355, 10.00000000000000000, -17.69999999999999929 ) ) ;
#3577 = CARTESIAN_POINT ( 'NONE',  ( 8.071673048884520085, 8.775619406306729431, -17.21646442709675284 ) ) ;
#3578 = ORIENTED_EDGE ( 'NONE', *, *, #3336, .F. ) ;
#3579 = VERTEX_POINT ( 'NONE', #3702 ) ;
#3580 = CARTESIAN_POINT ( 'NONE',  ( 6.050235714762409955, 8.881216619786448163, -16.08133402067905138 ) ) ;
#3581 = MECHANICAL_DESIGN_GEOMETRIC_PRESENTATION_REPRESENTATION (  '', ( #2483 ), #4232 ) ;
#3582 = STYLED_ITEM ( 'NONE', ( #2125 ), #3164 ) ;
#3583 = STYLED_ITEM ( 'NONE', ( #2872 ), #713 ) ;
#3584 = SURFACE_STYLE_FILL_AREA ( #1098 ) ;
#3585 = SURFACE_STYLE_USAGE ( .BOTH. , #2808 ) ;
#3586 = CARTESIAN_POINT ( 'NONE',  ( -4.393723649876114301, 8.599489451257559480, 15.32816115623094966 ) ) ;
#3587 = CONICAL_SURFACE ( 'NONE', #3075, 2.749999999999999112, 0.08726646259971625186 ) ;
#3588 = CYLINDRICAL_SURFACE ( 'NONE', #7, 0.3000000000000016542 ) ;
#3589 = MECHANICAL_DESIGN_GEOMETRIC_PRESENTATION_REPRESENTATION (  '', ( #3237 ), #1609 ) ;
#3590 = DIRECTION ( 'NONE',  ( 0.000000000000000000, 0.000000000000000000, -1.000000000000000000 ) ) ;
#3591 = PRESENTATION_STYLE_ASSIGNMENT (( #3890 ) ) ;
#3592 = EDGE_LOOP ( 'NONE', ( #2664, #1690, #1914, #2609 ) ) ;
#3593 = UNCERTAINTY_MEASURE_WITH_UNIT (LENGTH_MEASURE( 1.000000000000000082E-05 ), #4234, 'distance_accuracy_value', 'NONE');
#3594 = PRESENTATION_STYLE_ASSIGNMENT (( #2193 ) ) ;
#3595 = CARTESIAN_POINT ( 'NONE',  ( 7.000000000000000000, 6.500000000000000000, 15.10000000000000142 ) ) ;
#3596 = ORIENTED_EDGE ( 'NONE', *, *, #1265, .F. ) ;
#3597 = PRESENTATION_STYLE_ASSIGNMENT (( #3621 ) ) ;
#3598 = EDGE_CURVE ( 'NONE', #1153, #11, #1955, .T. ) ;
#3599 = VECTOR ( 'NONE', #615, 1000.000000000000000 ) ;
#3600 = SURFACE_SIDE_STYLE ('',( #837 ) ) ;
#3601 = CARTESIAN_POINT ( 'NONE',  ( 7.638974699569489601, 8.915542561592630477, -17.86919139267105194 ) ) ;
#3602 = ORIENTED_EDGE ( 'NONE', *, *, #903, .T. ) ;
#3603 = ORIENTED_EDGE ( 'NONE', *, *, #626, .T. ) ;
#3604 = CARTESIAN_POINT ( 'NONE',  ( 4.040593559068565099, 8.001443529931449916, -20.02876489801979787 ) ) ;
#3605 = PRESENTATION_LAYER_ASSIGNMENT (  '', '', ( #2871 ) ) ;
#3606 = ADVANCED_FACE ( 'NONE', ( #3887 ), #402, .T. ) ;
#3607 =( LENGTH_UNIT ( ) NAMED_UNIT ( * ) SI_UNIT ( .MILLI., .METRE. ) );
#3608 = CARTESIAN_POINT ( 'NONE',  ( 3.906908345751543443, 8.882734039095403489, -17.54834959487907753 ) ) ;
#3609 =( LENGTH_UNIT ( ) NAMED_UNIT ( * ) SI_UNIT ( .MILLI., .METRE. ) );
#3610 = STYLED_ITEM ( 'NONE', ( #687 ), #4520 ) ;
#3611 = CARTESIAN_POINT ( 'NONE',  ( -8.071671243412060548, 8.780991607526649645, 17.26567319978349957 ) ) ;
#3612 = DIRECTION ( 'NONE',  ( 0.000000000000000000, -1.000000000000000000, 0.000000000000000000 ) ) ;
#3613 = PRESENTATION_STYLE_ASSIGNMENT (( #115 ) ) ;
#3614 = CARTESIAN_POINT ( 'NONE',  ( -5.119535888134870483, 7.998840565632939992, 20.59791697488995155 ) ) ;
#3615 = COLOUR_RGB ( '',0.7529411764705882248, 0.7529411764705882248, 0.7529411764705882248 ) ;
#3616 =( LENGTH_UNIT ( ) NAMED_UNIT ( * ) SI_UNIT ( .MILLI., .METRE. ) );
#3617 = CARTESIAN_POINT ( 'NONE',  ( -3.528326951273790257, 8.623150856085709748, 19.87141384884020212 ) ) ;
#3618 = CARTESIAN_POINT ( 'NONE',  ( -7.998449306141942827, 7.997840341205139758, 19.53691870563618238 ) ) ;
#3619 = SURFACE_STYLE_FILL_AREA ( #1497 ) ;
#3620 = ORIENTED_EDGE ( 'NONE', *, *, #289, .F. ) ;
#3621 = SURFACE_STYLE_USAGE ( .BOTH. , #2999 ) ;
#3622 = CARTESIAN_POINT ( 'NONE',  ( 7.500000000000000000, 0.000000000000000000, -20.89999999999999858 ) ) ;
#3623 = CARTESIAN_POINT ( 'NONE',  ( 6.557227932091479694, 9.137386220629339917, -18.73432680013230112 ) ) ;
#3624 = VERTEX_POINT ( 'NONE', #1060 ) ;
#3625 = COLOUR_RGB ( '',0.7529411764705882248, 0.7529411764705882248, 0.7529411764705882248 ) ;
#3626 = CARTESIAN_POINT ( 'NONE',  ( 3.914185045837970112, 8.001231020958279316, -19.91169748281290097 ) ) ;
#3627 = PRESENTATION_LAYER_ASSIGNMENT (  '', '', ( #3346 ) ) ;
#3628 = PRESENTATION_LAYER_ASSIGNMENT (  '', '', ( #3495 ) ) ;
#3629 = CARTESIAN_POINT ( 'NONE',  ( 7.858202625078230419, 8.001089989388630030, -19.71635847659230834 ) ) ;
#3630 = CARTESIAN_POINT ( 'NONE',  ( -6.557220761524760633, 9.007500276393511029, 16.61811344749779806 ) ) ;
#3631 = ADVANCED_FACE ( 'NONE', ( #4222 ), #3545, .F. ) ;
#3632 = FILL_AREA_STYLE_COLOUR ( '', #2190 ) ;
#3633 = CARTESIAN_POINT ( 'NONE',  ( -4.663070518322612656, 8.703538999152602429, 20.36467435529346304 ) ) ;
#3634 = CARTESIAN_POINT ( 'NONE',  ( -5.057648042355042506, 8.879563726174646732, 19.79841989274022040 ) ) ;
#3635 = ORIENTED_EDGE ( 'NONE', *, *, #1837, .T. ) ;
#3636 = CARTESIAN_POINT ( 'NONE',  ( 5.042779238536749808, 8.878044138722479772, -16.12858615113950123 ) ) ;
#3637 = CARTESIAN_POINT ( 'NONE',  ( -5.500000000000000000, 8.005580216442629293, 15.33732614503115066 ) ) ;
#3638 = CARTESIAN_POINT ( 'NONE',  ( -8.224879711994510956, 7.999322549030279283, 19.14147269608448099 ) ) ;
#3639 = DIRECTION ( 'NONE',  ( -0.7071067811865460184, 0.000000000000000000, 0.7071067811865489050 ) ) ;
#3640 = ORIENTED_EDGE ( 'NONE', *, *, #1774, .T. ) ;
#3641 = CARTESIAN_POINT ( 'NONE',  ( -6.100000000000000533, 9.158484517011629578, 18.52129381065979175 ) ) ;
#3642 = SURFACE_SIDE_STYLE ('',( #1900 ) ) ;
#3643 = CARTESIAN_POINT ( 'NONE',  ( 3.528328756601014859, 8.631985096129829671, -19.81187064948050036 ) ) ;
#3644 = VERTEX_POINT ( 'NONE', #3842 ) ;
#3645 = PRESENTATION_LAYER_ASSIGNMENT (  '', '', ( #1291 ) ) ;
#3646 = DIRECTION ( 'NONE',  ( 0.000000000000000000, -1.000000000000000000, 0.000000000000000000 ) ) ;
#3647 = CARTESIAN_POINT ( 'NONE',  ( 6.100000000000000533, 8.000000000000000000, -18.30000000000000071 ) ) ;
#3648 = CARTESIAN_POINT ( 'NONE',  ( 8.395618870458633864, 8.002430481823630259, -18.67444970079980138 ) ) ;
#3649 = CARTESIAN_POINT ( 'NONE',  ( -5.042772068018360088, 8.900458699125270101, 16.18812935040885037 ) ) ;
#3650 = CARTESIAN_POINT ( 'NONE',  ( 6.003203673036500376, 8.005688188873667954, -20.67179522078905052 ) ) ;
#3651 = VECTOR ( 'NONE', #2536, 1000.000000000000000 ) ;
#3652 = CIRCLE ( 'NONE', #576, 0.3000000000000016542 ) ;
#3653 = EDGE_CURVE ( 'NONE', #833, #2246, #1359, .T. ) ;
#3654 =( GEOMETRIC_REPRESENTATION_CONTEXT ( 3 ) GLOBAL_UNCERTAINTY_ASSIGNED_CONTEXT ( ( #1222 ) ) GLOBAL_UNIT_ASSIGNED_CONTEXT ( ( #28, #3375, #237 ) ) REPRESENTATION_CONTEXT ( 'NONE', 'WORKASPACE' ) );
#3655 = DIRECTION ( 'NONE',  ( 0.000000000000000000, 0.000000000000000000, 1.000000000000000000 ) ) ;
#3656 = CARTESIAN_POINT ( 'NONE',  ( -3.493811853213115270, 7.998274037713500206, 19.40818290672455149 ) ) ;
#3657 = SURFACE_SIDE_STYLE ('',( #1912 ) ) ;
#3658 = LINE ( 'NONE', #1242, #654 ) ;
#3659 = ORIENTED_EDGE ( 'NONE', *, *, #4297, .T. ) ;
#3660 = CARTESIAN_POINT ( 'NONE',  ( 3.961028894296980241, 8.706006041412971186, -16.12858615113944794 ) ) ;
#3661 = EDGE_CURVE ( 'NONE', #1243, #3914, #2520, .T. ) ;
#3662 = CARTESIAN_POINT ( 'NONE',  ( 5.467570642087818733, 9.167518087751991729, -18.44324264567865868 ) ) ;
#3663 = CARTESIAN_POINT ( 'NONE',  ( 7.299999999999999822, 8.988697602481028781, -17.82000000000000028 ) ) ;
#3664 = CARTESIAN_POINT ( 'NONE',  ( -5.691820486160589887, 8.811602777678608334, 15.75814525331990090 ) ) ;
#3665 = ORIENTED_EDGE ( 'NONE', *, *, #662, .T. ) ;
#3666 = UNCERTAINTY_MEASURE_WITH_UNIT (LENGTH_MEASURE( 1.000000000000000082E-05 ), #1885, 'distance_accuracy_value', 'NONE');
#3667 =( NAMED_UNIT ( * ) SI_UNIT ( $, .STERADIAN. ) SOLID_ANGLE_UNIT ( ) );
#3668 = CARTESIAN_POINT ( 'NONE',  ( 5.042779238536689412, 9.007500276434869946, -19.38188655240215397 ) ) ;
#3669 = EDGE_LOOP ( 'NONE', ( #2201, #1899, #827, #4199 ) ) ;
#3670 = CARTESIAN_POINT ( 'NONE',  ( 5.500000000000000000, 9.148469107759421348, -17.39999999999999858 ) ) ;
#3671 = CARTESIAN_POINT ( 'NONE',  ( 7.638974699569439863, 8.538624224129671703, -20.67183884363745250 ) ) ;
#3672 = B_SPLINE_CURVE_WITH_KNOTS ( 'NONE', 3,
 ( #4363, #878, #1941, #3019, #1219, #4415 ),
 .UNSPECIFIED., .F., .F.,
 ( 4, 2, 4 ),
 ( 4.340096444992309411E-09, 0.0006154985297539724816, 0.001230992719411499970 ),
 .UNSPECIFIED. ) ;
#3673 = UNCERTAINTY_MEASURE_WITH_UNIT (LENGTH_MEASURE( 1.000000000000000082E-05 ), #2643, 'distance_accuracy_value', 'NONE');
#3674 = CARTESIAN_POINT ( 'NONE',  ( -3.184081389383504490, 8.001608820649559917, 18.60392830905943740 ) ) ;
#3675 = CARTESIAN_POINT ( 'NONE',  ( 4.180532500449792188, 8.881835607688156387, -19.08368901049611566 ) ) ;
#3676 = SURFACE_SIDE_STYLE ('',( #1559 ) ) ;
#3677 = CARTESIAN_POINT ( 'NONE',  ( 7.112320474132773462, 8.705515335085541651, -20.27176658337747739 ) ) ;
#3678 = AXIS2_PLACEMENT_3D ( 'NONE', #1288, #852, #240 ) ;
#3679 = DIRECTION ( 'NONE',  ( 0.000000000000000000, -1.000000000000000000, 0.000000000000000000 ) ) ;
#3680 = CARTESIAN_POINT ( 'NONE',  ( -6.293258266293020320, 8.880588958562029234, 19.87138541354335075 ) ) ;
#3681 = DIRECTION ( 'NONE',  ( 0.000000000000000000, 1.000000000000000000, 0.000000000000000000 ) ) ;
#3682 = ORIENTED_EDGE ( 'NONE', *, *, #4187, .F. ) ;
#3683 = ADVANCED_FACE ( 'NONE', ( #2873 ), #2082, .F. ) ;
#3684 = VECTOR ( 'NONE', #2434, 1000.000000000000000 ) ;
#3685 = CARTESIAN_POINT ( 'NONE',  ( 7.206276350254509744, 8.689516219499459737, -15.69343484075665174 ) ) ;
#3686 = CARTESIAN_POINT ( 'NONE',  ( -8.471503713138661240, 8.002308838838594340, 18.21125807541467978 ) ) ;
#3687 = EDGE_LOOP ( 'NONE', ( #172, #746, #592, #1628 ) ) ;
#3688 = EDGE_CURVE ( 'NONE', #3853, #2261, #112, .T. ) ;
#3689 = DIRECTION ( 'NONE',  ( 0.000000000000000000, 0.000000000000000000, 1.000000000000000000 ) ) ;
#3690 = SURFACE_SIDE_STYLE ('',( #3102 ) ) ;
#3691 = CARTESIAN_POINT ( 'NONE',  ( 5.908179513928550008, 9.017153646683778945, -16.56373746152240045 ) ) ;
#3692 = ORIENTED_EDGE ( 'NONE', *, *, #3040, .T. ) ;
#3693 = DIRECTION ( 'NONE',  ( 0.000000000000000000, 0.000000000000000000, 1.000000000000000000 ) ) ;
#3694 = CARTESIAN_POINT ( 'NONE',  ( 4.346403751868796128, 8.705079062535197920, -20.18421097411888354 ) ) ;
#3695 = CARTESIAN_POINT ( 'NONE',  ( -4.577096871058128791, 7.997588428730405319, 20.38809555220638714 ) ) ;
#3696 = CARTESIAN_POINT ( 'NONE',  ( 3.867418919779662012, 8.883726761219035595, -17.77132847456398324 ) ) ;
#3697 = FILL_AREA_STYLE ('',( #3566 ) ) ;
#3698 = CARTESIAN_POINT ( 'NONE',  ( -4.299999999999999822, 10.00000000000000000, 17.69999999999999929 ) ) ;
#3699 = PRESENTATION_LAYER_ASSIGNMENT (  '', '', ( #4429 ) ) ;
#3700 = MECHANICAL_DESIGN_GEOMETRIC_PRESENTATION_REPRESENTATION (  '', ( #1567 ), #2533 ) ;
#3701 = DIRECTION ( 'NONE',  ( 0.000000000000000000, -1.000000000000000000, 0.000000000000000000 ) ) ;
#3702 = CARTESIAN_POINT ( 'NONE',  ( -6.100000000000000533, 8.886167925256099664, 16.08880739981900021 ) ) ;
#3703 = SURFACE_STYLE_USAGE ( .BOTH. , #3657 ) ;
#3704 = DIRECTION ( 'NONE',  ( 0.000000000000000000, -1.000000000000000000, 0.000000000000000000 ) ) ;
#3705 = ORIENTED_EDGE ( 'NONE', *, *, #530, .T. ) ;
#3706 = CARTESIAN_POINT ( 'NONE',  ( 7.638974699569518911, 8.706005148847809849, -16.12858615113954741 ) ) ;
#3707 = CARTESIAN_POINT ( 'NONE',  ( -8.475348547348184880, 8.002412654745999276, 18.15436832139947754 ) ) ;
#3708 = CARTESIAN_POINT ( 'NONE',  ( -4.393723649876119630, 8.705426590588560387, 15.75814525331990090 ) ) ;
#3709 = EDGE_LOOP ( 'NONE', ( #540, #945, #3705, #860, #1996, #2969 ) ) ;
#3710 = EDGE_CURVE ( 'NONE', #398, #1071, #2555, .T. ) ;
#3711 = PRESENTATION_STYLE_ASSIGNMENT (( #3404 ) ) ;
#3712 = DIRECTION ( 'NONE',  ( 0.000000000000000000, 0.000000000000000000, -1.000000000000000000 ) ) ;
#3713 = CARTESIAN_POINT ( 'NONE',  ( 3.095628618905175600, 8.472156873072240302, -15.69343484075659845 ) ) ;
#3714 = ORIENTED_EDGE ( 'NONE', *, *, #36, .F. ) ;
#3715 = CARTESIAN_POINT ( 'NONE',  ( 8.071673048884489887, 8.780991127745849667, -18.73432680013234730 ) ) ;
#3716 = VECTOR ( 'NONE', #2593, 1000.000000000000000 ) ;
#3717 = CARTESIAN_POINT ( 'NONE',  ( -3.761132891307476189, 8.001173239026995176, 16.26074125528057479 ) ) ;
#3718 = CARTESIAN_POINT ( 'NONE',  ( 7.781877388472330459, 7.997794430961953971, -16.19385412312232830 ) ) ;
#3719 = CARTESIAN_POINT ( 'NONE',  ( -4.299999999999999822, 10.00000000000000000, 17.69999999999999929 ) ) ;
#3720 = STYLED_ITEM ( 'NONE', ( #522 ), #3740 ) ;
#3721 = CARTESIAN_POINT ( 'NONE',  ( 3.550673067198964805, 8.001974502463539807, -19.45917705883219995 ) ) ;
#3722 = CARTESIAN_POINT ( 'NONE',  ( -5.999537732250626476, 8.709129574432946441, 15.38964684507287473 ) ) ;
#3723 = PRESENTATION_LAYER_ASSIGNMENT (  '', '', ( #277 ) ) ;
#3724 = DIRECTION ( 'NONE',  ( 0.000000000000000000, 1.000000000000000000, 0.000000000000000000 ) ) ;
#3725 = PRESENTATION_LAYER_ASSIGNMENT (  '', '', ( #2988 ) ) ;
#3726 = DIRECTION ( 'NONE',  ( 0.000000000000000000, -1.000000000000000000, 0.000000000000000000 ) ) ;
#3727 = STYLED_ITEM ( 'NONE', ( #4254 ), #3198 ) ;
#3728 = CARTESIAN_POINT ( 'NONE',  ( 3.528328756601039728, 8.801120746358199298, -18.08676704786240208 ) ) ;
#3729 = FILL_AREA_STYLE_COLOUR ( '', #1064 ) ;
#3730 = CARTESIAN_POINT ( 'NONE',  ( -8.094247142551804330, 8.002143797199730457, 16.61254918369289157 ) ) ;
#3731 = ORIENTED_EDGE ( 'NONE', *, *, #1053, .T. ) ;
#3732 = CARTESIAN_POINT ( 'NONE',  ( -7.299999999999999822, 10.00000000000000000, 17.69999999999999929 ) ) ;
#3733 = DIRECTION ( 'NONE',  ( 0.7071067811865480168, 0.000000000000000000, -0.7071067811865470176 ) ) ;
#3734 = DIRECTION ( 'NONE',  ( 0.000000000000000000, 1.000000000000000000, 0.000000000000000000 ) ) ;
#3735 = CARTESIAN_POINT ( 'NONE',  ( 3.961028894296964697, 8.885915271107700519, -17.21646442709664981 ) ) ;
#3736 = CARTESIAN_POINT ( 'NONE',  ( -3.961025300574939845, 8.800681291555948249, 16.61811344749784780 ) ) ;
#3737 = ORIENTED_EDGE ( 'NONE', *, *, #1747, .T. ) ;
#3738 = CARTESIAN_POINT ( 'NONE',  ( 7.500000000000000000, 0.000000000000000000, 21.39999999999999858 ) ) ;
#3739 = CARTESIAN_POINT ( 'NONE',  ( 7.206276350254449348, 8.897340171601920034, -19.38188655240215397 ) ) ;
#3740 = ADVANCED_FACE ( 'NONE', ( #1508 ), #800, .T. ) ;
#3741 = UNCERTAINTY_MEASURE_WITH_UNIT (LENGTH_MEASURE( 1.000000000000000082E-05 ), #3907, 'distance_accuracy_value', 'NONE');
#3742 = CARTESIAN_POINT ( 'NONE',  ( -3.555417035750214616, 7.999172795944179626, 19.49965714580846665 ) ) ;
#3743 = CARTESIAN_POINT ( 'NONE',  ( 8.374729601210272989, 8.001265105926073318, -17.23928323949354890 ) ) ;
#3744 = PLANE ( 'NONE',  #1668 ) ;
#3745 = CARTESIAN_POINT ( 'NONE',  ( 7.612967542899990114, 8.881460035146020005, -17.31871506784149872 ) ) ;
#3746 = ADVANCED_FACE ( 'NONE', ( #2891 ), #4355, .T. ) ;
#3747 = CARTESIAN_POINT ( 'NONE',  ( 3.505752857444487613, 8.002143797204174902, -19.38745081630024814 ) ) ;
#3748 = CARTESIAN_POINT ( 'NONE',  ( -8.361458205489931572, 8.707153592279954779, 17.43273255281600953 ) ) ;
#3749 = VECTOR ( 'NONE', #1868, 1000.000000000000000 ) ;
#3750 = DIRECTION ( 'NONE',  ( 0.000000000000000000, -1.000000000000000000, 0.000000000000000000 ) ) ;
#3751 = CARTESIAN_POINT ( 'NONE',  ( -5.258958928278429923, 8.005382681444029203, 15.35387223329464845 ) ) ;
#3752 = AXIS2_PLACEMENT_3D ( 'NONE', #75, #2495, #1472 ) ;
#3753 = CARTESIAN_POINT ( 'NONE',  ( 8.504371398199568333, 8.405618607779089757, -15.25828353037380047 ) ) ;
#3754 = CARTESIAN_POINT ( 'NONE',  ( -7.500000000000000000, 6.500000000000000000, 24.00000000000000000 ) ) ;
#3755 = SURFACE_SIDE_STYLE ('',( #2352 ) ) ;
#3756 = CARTESIAN_POINT ( 'NONE',  ( -6.400000000000000355, 8.000000000000000000, 18.59999999999999787 ) ) ;
#3757 = EDGE_LOOP ( 'NONE', ( #896, #196, #288, #839, #1766, #1201, #1803, #3195, #2751 ) ) ;
#3758 = DIRECTION ( 'NONE',  ( 0.000000000000000000, 0.000000000000000000, 1.000000000000000000 ) ) ;
#3759 = CARTESIAN_POINT ( 'NONE',  ( 6.400000000000000355, 10.00000000000000000, -18.30000000000000071 ) ) ;
#3760 = FACE_OUTER_BOUND ( 'NONE', #4056, .T. ) ;
#3761 = CARTESIAN_POINT ( 'NONE',  ( 5.042779238536740039, 8.987441454322629752, -16.56373746152235071 ) ) ;
#3762 = CARTESIAN_POINT ( 'NONE',  ( -5.691820486160620085, 9.212319359828988752, 18.13080860726604726 ) ) ;
#3763 = ORIENTED_EDGE ( 'NONE', *, *, #759, .T. ) ;
#3764 = PLANE ( 'NONE',  #749 ) ;
#3765 = CARTESIAN_POINT ( 'NONE',  ( 5.908179513928490501, 8.927396014951328951, -19.81187064948054655 ) ) ;
#3766 = CARTESIAN_POINT ( 'NONE',  ( -4.890221918300931669, 7.998295643961023771, 20.52172508198541578 ) ) ;
#3767 = CARTESIAN_POINT ( 'NONE',  ( 6.810966125418223882, 7.998064098801520139, -15.51775100346713465 ) ) ;
#3768 = CARTESIAN_POINT ( 'NONE',  ( 7.857829838746718032, 8.702561283200964226, -16.34633236551114877 ) ) ;
#3769 = CARTESIAN_POINT ( 'NONE',  ( 4.479751538333998973, 8.002670152793450953, -20.33219611532794247 ) ) ;
#3770 = CARTESIAN_POINT ( 'NONE',  ( -8.135114224729509402, 8.705164349015154457, 16.80376494128811515 ) ) ;
#3771 = DIRECTION ( 'NONE',  ( 0.000000000000000000, 0.000000000000000000, -1.000000000000000000 ) ) ;
#3772 = ADVANCED_FACE ( 'NONE', ( #3009 ), #4060, .T. ) ;
#3773 = CARTESIAN_POINT ( 'NONE',  ( -5.596796326963559665, 8.005688188869999777, 15.32820477921064928 ) ) ;
#3774 = VECTOR ( 'NONE', #1217, 1000.000000000000000 ) ;
#3775 = CARTESIAN_POINT ( 'NONE',  ( -5.500000000000000000, 8.886167924087580161, 16.08880740161615108 ) ) ;
#3776 = B_SPLINE_CURVE_WITH_KNOTS ( 'NONE', 3,
 ( #527, #2698, #3634, #1913, #1214, #2631, #4023, #4068, #3350, #4089, #1187, #872, #1935, #1590, #916, #480, #2989, #2656 ),
 .UNSPECIFIED., .F., .F.,
 ( 4, 2, 2, 2, 2, 2, 2, 2, 4 ),
 ( 0.000000000000000000, 0.1250000000000000000, 0.2500000000000000000, 0.3750000000000000000, 0.5000000000000000000, 0.6250000000000000000, 0.7500000000000000000, 0.8750000000000000000, 1.000000000000000000 ),
 .UNSPECIFIED. ) ;
#3777 = FILL_AREA_STYLE_COLOUR ( '', #4207 ) ;
#3778 = CARTESIAN_POINT ( 'NONE',  ( 5.500000000000000000, 9.148469107759421348, -17.39999999999999858 ) ) ;
#3779 = CARTESIAN_POINT ( 'NONE',  ( -3.961025300574939845, 8.800681291555948249, 16.61811344749784780 ) ) ;
#3780 = ORIENTED_EDGE ( 'NONE', *, *, #3996, .F. ) ;
#3781 = SURFACE_STYLE_USAGE ( .BOTH. , #922 ) ;
#3782 = VECTOR ( 'NONE', #94, 1000.000000000000000 ) ;
#3783 =( LENGTH_UNIT ( ) NAMED_UNIT ( * ) SI_UNIT ( .MILLI., .METRE. ) );
#3784 = SURFACE_STYLE_USAGE ( .BOTH. , #2386 ) ;
#3785 = ORIENTED_EDGE ( 'NONE', *, *, #4332, .T. ) ;
#3786 = FACE_OUTER_BOUND ( 'NONE', #156, .T. ) ;
#3787 = CARTESIAN_POINT ( 'NONE',  ( 7.206276350254439578, 8.803373900959860165, -19.81187064948059984 ) ) ;
#3788 = PRESENTATION_STYLE_ASSIGNMENT (( #20 ) ) ;
#3789 = DIRECTION ( 'NONE',  ( -1.000000000000000000, 0.000000000000000000, 0.000000000000000000 ) ) ;
#3790 = FILL_AREA_STYLE ('',( #2714 ) ) ;
#3791 = EDGE_LOOP ( 'NONE', ( #4325, #505, #1254, #1005 ) ) ;
#3792 = CARTESIAN_POINT ( 'NONE',  ( 6.936929481679898757, 8.703538999148147326, -15.63532564471014830 ) ) ;
#3793 = COLOUR_RGB ( '',0.7529411764705882248, 0.7529411764705882248, 0.7529411764705882248 ) ;
#3794 = CARTESIAN_POINT ( 'NONE',  ( 4.217222592250083224, 7.997830239284575704, -15.83541216881871172 ) ) ;
#3795 = CARTESIAN_POINT ( 'NONE',  ( -6.665056406063985861, 8.707157680165417801, 15.50658489800612649 ) ) ;
#3796 = CARTESIAN_POINT ( 'NONE',  ( -6.400000000000000355, 10.00000000000000000, 18.30000000000000071 ) ) ;
#3797 = MECHANICAL_DESIGN_GEOMETRIC_PRESENTATION_REPRESENTATION (  '', ( #2553 ), #566 ) ;
#3798 = EDGE_CURVE ( 'NONE', #1947, #2540, #2255, .T. ) ;
#3799 = CARTESIAN_POINT ( 'NONE',  ( -5.500000000000000000, 9.016385228624679726, 16.61328444096965384 ) ) ;
#3800 =( NAMED_UNIT ( * ) SI_UNIT ( $, .STERADIAN. ) SOLID_ANGLE_UNIT ( ) );
#3801 = CARTESIAN_POINT ( 'NONE',  ( -3.095628601972560290, 8.662542312490190355, 17.26567319978354931 ) ) ;
#3802 = ORIENTED_EDGE ( 'NONE', *, *, #4160, .T. ) ;
#3803 = PRESENTATION_LAYER_ASSIGNMENT (  '', '', ( #1300 ) ) ;
#3804 = ADVANCED_FACE ( 'NONE', ( #4427 ), #3744, .F. ) ;
#3805 = MECHANICAL_DESIGN_GEOMETRIC_PRESENTATION_REPRESENTATION (  '', ( #2268 ), #3654 ) ;
#3806 =( LENGTH_UNIT ( ) NAMED_UNIT ( * ) SI_UNIT ( .MILLI., .METRE. ) );
#3807 = FILL_AREA_STYLE_COLOUR ( '', #4518 ) ;
#3808 = CARTESIAN_POINT ( 'NONE',  ( -7.206270968047920000, 8.993200428468199448, 18.78353557285629805 ) ) ;
#3809 = ORIENTED_EDGE ( 'NONE', *, *, #3215, .F. ) ;
#3810 = COLOUR_RGB ( '',0.7529411764705882248, 0.7529411764705882248, 0.7529411764705882248 ) ;
#3811 = DIRECTION ( 'NONE',  ( -1.000000000000000000, 0.000000000000000000, 0.000000000000000000 ) ) ;
#3812 = CARTESIAN_POINT ( 'NONE',  ( 5.908179513928510040, 9.175903152114198491, -18.73432680013230112 ) ) ;
#3813 = COLOUR_RGB ( '',0.7529411764705882248, 0.7529411764705882248, 0.7529411764705882248 ) ;
#3814 = CARTESIAN_POINT ( 'NONE',  ( -6.099999999991240429, 8.000000000000000000, 20.66316495683129872 ) ) ;
#3815 = LINE ( 'NONE', #596, #64 ) ;
#3816 = ORIENTED_EDGE ( 'NONE', *, *, #3966, .T. ) ;
#3817 = CARTESIAN_POINT ( 'NONE',  ( 8.135094455504017219, 8.705164271914396679, -19.19627269853758733 ) ) ;
#3818 = SURFACE_SIDE_STYLE ('',( #1441 ) ) ;
#3819 = CARTESIAN_POINT ( 'NONE',  ( 4.143056641686522212, 8.001605984619132528, -20.10902657098635515 ) ) ;
#3820 = SURFACE_STYLE_FILL_AREA ( #2465 ) ;
#3821 = CARTESIAN_POINT ( 'NONE',  ( 7.419754161140057924, 8.879275658061684950, -16.92026384646441528 ) ) ;
#3822 = CARTESIAN_POINT ( 'NONE',  ( -3.873790753644025031, 8.883656331233579451, 18.19844698439160169 ) ) ;
#3823 = PRESENTATION_LAYER_ASSIGNMENT (  '', '', ( #737 ) ) ;
#3824 = DIRECTION ( 'NONE',  ( 0.000000000000000000, 0.000000000000000000, -1.000000000000000000 ) ) ;
#3825 = DIRECTION ( 'NONE',  ( 0.000000000000000000, 0.000000000000000000, 1.000000000000000000 ) ) ;
#3826 = CARTESIAN_POINT ( 'NONE',  ( -3.528326951273764944, 8.801120240946399775, 17.91323295206930055 ) ) ;
#3827 = ORIENTED_EDGE ( 'NONE', *, *, #1867, .T. ) ;
#3828 = VECTOR ( 'NONE', #17, 1000.000000000000000 ) ;
#3829 =( NAMED_UNIT ( * ) SI_UNIT ( $, .STERADIAN. ) SOLID_ANGLE_UNIT ( ) );
#3830 = CARTESIAN_POINT ( 'NONE',  ( -5.467597119185120036, 9.164654982016520179, 18.44329125260540891 ) ) ;
#3831 = CARTESIAN_POINT ( 'NONE',  ( -6.557220761524820141, 8.767310126930629721, 20.30656515923370264 ) ) ;
#3832 = VERTEX_POINT ( 'NONE', #1655 ) ;
#3833 = SURFACE_STYLE_FILL_AREA ( #747 ) ;
#3834 = ADVANCED_FACE ( 'NONE', ( #4449 ), #293, .T. ) ;
#3835 = UNCERTAINTY_MEASURE_WITH_UNIT (LENGTH_MEASURE( 1.000000000000000082E-05 ), #2450, 'distance_accuracy_value', 'NONE');
#3836 = VECTOR ( 'NONE', #3318, 1000.000000000000000 ) ;
#3837 = CARTESIAN_POINT ( 'NONE',  ( -7.500000000000000000, 0.000000000000000000, -24.00000000000000000 ) ) ;
#3838 =( NAMED_UNIT ( * ) SI_UNIT ( $, .STERADIAN. ) SOLID_ANGLE_UNIT ( ) );
#3839 = VERTEX_POINT ( 'NONE', #1033 ) ;
#3840 = CARTESIAN_POINT ( 'NONE',  ( 7.253555212229931826, 8.705079145094824611, -20.18423843683385499 ) ) ;
#3841 = CARTESIAN_POINT ( 'NONE',  ( -5.500000000000000000, 8.000000000000000000, 15.25000000000000000 ) ) ;
#3842 = CARTESIAN_POINT ( 'NONE',  ( 5.500000000000000000, 8.005580217558129874, -20.66267385487060082 ) ) ;
#3843 = CARTESIAN_POINT ( 'NONE',  ( -5.500000000000000000, 10.00000000000000000, 18.59999999999999787 ) ) ;
#3844 = CARTESIAN_POINT ( 'NONE',  ( -3.890871276245504884, 8.883239781543140978, 18.32376001403974897 ) ) ;
#3845 = CARTESIAN_POINT ( 'NONE',  ( -7.299999999999999822, 8.983875264068849731, 17.69999999999999929 ) ) ;
#3846 = LINE ( 'NONE', #3141, #1466 ) ;
#3847 = CARTESIAN_POINT ( 'NONE',  ( -7.638971105729980060, 8.893327385827140219, 17.26567319978349957 ) ) ;
#3848 = VERTEX_POINT ( 'NONE', #1418 ) ;
#3849 = STYLED_ITEM ( 'NONE', ( #439 ), #2316 ) ;
#3850 = FILL_AREA_STYLE_COLOUR ( '', #1059 ) ;
#3851 = FACE_OUTER_BOUND ( 'NONE', #4307, .T. ) ;
#3852 = CARTESIAN_POINT ( 'NONE',  ( -8.504371381094170346, 8.591597018554500309, 19.43626253844660212 ) ) ;
#3853 = VERTEX_POINT ( 'NONE', #39 ) ;
#3854 = VECTOR ( 'NONE', #3590, 1000.000000000000000 ) ;
#3855 = FILL_AREA_STYLE ('',( #667 ) ) ;
#3856 = EDGE_CURVE ( 'NONE', #2503, #1936, #1056, .T. ) ;
#3857 = SURFACE_SIDE_STYLE ('',( #2138 ) ) ;
#3858 = CARTESIAN_POINT ( 'NONE',  ( 8.071673048884468571, 8.556513628469929245, -20.24185474655899952 ) ) ;
#3859 = PLANE ( 'NONE',  #4410 ) ;
#3860 = CARTESIAN_POINT ( 'NONE',  ( 3.128439505143644883, 8.002258837305390671, -17.72907059555965148 ) ) ;
#3861 = ADVANCED_FACE ( 'NONE', ( #3131 ), #4091, .F. ) ;
#3862 = CARTESIAN_POINT ( 'NONE',  ( 0.000000000000000000, 0.000000000000000000, 0.000000000000000000 ) ) ;
#3863 = CARTESIAN_POINT ( 'NONE',  ( -7.732520642650179354, 8.884214443182685272, 17.76713101380506998 ) ) ;
#3864 = CARTESIAN_POINT ( 'NONE',  ( -6.100000000000000533, 8.000000000000000000, 15.33683485099344956 ) ) ;
#3865 = CARTESIAN_POINT ( 'NONE',  ( -3.528326951273729861, 8.472944998545440143, 15.32816115623099940 ) ) ;
#3866 = SURFACE_SIDE_STYLE ('',( #2187 ) ) ;
#3867 = VECTOR ( 'NONE', #2644, 1000.000000000000114 ) ;
#3868 = CARTESIAN_POINT ( 'NONE',  ( 4.299999999999999822, 8.000000000000000000, -17.69999999999999929 ) ) ;
#3869 = CARTESIAN_POINT ( 'NONE',  ( -4.393723649876164927, 8.993199035867620594, 18.78353557285635134 ) ) ;
#3870 = VERTEX_POINT ( 'NONE', #178 ) ;
#3871 = PRESENTATION_STYLE_ASSIGNMENT (( #1386 ) ) ;
#3872 = CARTESIAN_POINT ( 'NONE',  ( -7.206270968047940428, 8.588400787079820020, 20.74171646962724935 ) ) ;
#3873 = COLOUR_RGB ( '',0.7529411764705882248, 0.7529411764705882248, 0.7529411764705882248 ) ;
#3874 = VERTEX_POINT ( 'NONE', #1578 ) ;
#3875 = DIRECTION ( 'NONE',  ( 0.000000000000000000, -1.000000000000000000, 0.000000000000000000 ) ) ;
#3876 = VECTOR ( 'NONE', #1152, 1000.000000000000000 ) ;
#3877 = VECTOR ( 'NONE', #1031, 1000.000000000000000 ) ;
#3878 = AXIS2_PLACEMENT_3D ( 'NONE', #3756, #171, #3355 ) ;
#3879 = B_SPLINE_CURVE_WITH_KNOTS ( 'NONE', 5,
 ( #3775, #4434, #3799, #1285, #3446, #4137 ),
 .UNSPECIFIED., .F., .F.,
 ( 6, 6 ),
 ( 4.785168221595249871E-05, 0.001385562991067580121 ),
 .UNSPECIFIED. ) ;
#3880 = CARTESIAN_POINT ( 'NONE',  ( 7.500000000000000000, -4.999999999970310041E-05, 21.39999999999999858 ) ) ;
#3881 = SURFACE_STYLE_FILL_AREA ( #3109 ) ;
#3882 = EDGE_CURVE ( 'NONE', #1153, #2379, #2974, .T. ) ;
#3883 = ORIENTED_EDGE ( 'NONE', *, *, #2226, .T. ) ;
#3884 = CARTESIAN_POINT ( 'NONE',  ( 6.480464111868629473, 7.998840565623980048, -15.40208302510999872 ) ) ;
#3885 = DIRECTION ( 'NONE',  ( 0.7071067811865470176, 0.000000000000000000, 0.7071067811865480168 ) ) ;
#3886 = SURFACE_STYLE_USAGE ( .BOTH. , #2186 ) ;
#3887 = FACE_OUTER_BOUND ( 'NONE', #3986, .T. ) ;
#3888 = PRESENTATION_STYLE_ASSIGNMENT (( #1510 ) ) ;
#3889 = ADVANCED_FACE ( 'NONE', ( #1945 ), #3361, .F. ) ;
#3890 = SURFACE_STYLE_USAGE ( .BOTH. , #826 ) ;
#3891 = ORIENTED_EDGE ( 'NONE', *, *, #1520, .T. ) ;
#3892 = B_SPLINE_CURVE_WITH_KNOTS ( 'NONE', 3,
 ( #3398, #2277, #504, #2943, #4387, #1284 ),
 .UNSPECIFIED., .F., .F.,
 ( 4, 2, 4 ),
 ( 1.482148387583610015E-17, 0.0006155230487382135334, 0.001231046097476412105 ),
 .UNSPECIFIED. ) ;
#3893 =( GEOMETRIC_REPRESENTATION_CONTEXT ( 3 ) GLOBAL_UNCERTAINTY_ASSIGNED_CONTEXT ( ( #1630 ) ) GLOBAL_UNIT_ASSIGNED_CONTEXT ( ( #3277, #3951, #1423 ) ) REPRESENTATION_CONTEXT ( 'NONE', 'WORKASPACE' ) );
#3894 = SURFACE_STYLE_FILL_AREA ( #1850 ) ;
#3895 = CARTESIAN_POINT ( 'NONE',  ( -7.313613986409783330, 7.997996675667142341, 20.21348576097625838 ) ) ;
#3896 = EDGE_LOOP ( 'NONE', ( #1420, #3409, #2283, #1188, #4364, #3376, #2618, #427, #1091, #723, #3450, #3098, #3292, #4511, #3827, #1861, #4000 ) ) ;
#3897 = DIRECTION ( 'NONE',  ( 0.000000000000000000, -1.000000000000000000, 0.000000000000000000 ) ) ;
#3898 = CARTESIAN_POINT ( 'NONE',  ( 4.299999999999999822, 8.982659261387610172, -17.69999999999999929 ) ) ;
#3899 = ORIENTED_EDGE ( 'NONE', *, *, #3710, .F. ) ;
#3900 = ORIENTED_EDGE ( 'NONE', *, *, #988, .F. ) ;
#3901 = CARTESIAN_POINT ( 'NONE',  ( 5.549765647113680700, 8.881216607320489231, -16.08133458456954656 ) ) ;
#3902 = MECHANICAL_DESIGN_GEOMETRIC_PRESENTATION_REPRESENTATION (  '', ( #4047 ), #4486 ) ;
#3903 = B_SPLINE_CURVE_WITH_KNOTS ( 'NONE', 5,
 ( #3072, #4116, #970, #2380, #2580, #3997 ),
 .UNSPECIFIED., .F., .F.,
 ( 6, 6 ),
 ( 4.785168221657690429E-05, 0.001385562991069259984 ),
 .UNSPECIFIED. ) ;
#3904 = FACE_OUTER_BOUND ( 'NONE', #1358, .T. ) ;
#3905 = CARTESIAN_POINT ( 'NONE',  ( -6.328253401211465068, 8.880587459551970042, 19.87199539488654310 ) ) ;
#3906 = FILL_AREA_STYLE_COLOUR ( '', #3222 ) ;
#3907 =( LENGTH_UNIT ( ) NAMED_UNIT ( * ) SI_UNIT ( .MILLI., .METRE. ) );
#3908 = LINE ( 'NONE', #435, #2685 ) ;
#3909 = CARTESIAN_POINT ( 'NONE',  ( -5.500000000000000000, 9.148469102486510351, 18.59999999999999787 ) ) ;
#3910 = CARTESIAN_POINT ( 'NONE',  ( -3.961025300574989139, 8.621967225299400184, 20.30656515923374883 ) ) ;
#3911 = ORIENTED_EDGE ( 'NONE', *, *, #1023, .T. ) ;
#3912 = CARTESIAN_POINT ( 'NONE',  ( 5.799999999999999822, 7.200000000000000178, -15.25000000000000000 ) ) ;
#3913 = CARTESIAN_POINT ( 'NONE',  ( -6.099999999999998757, 9.161835411068159019, 17.47877495743195198 ) ) ;
#3914 = VERTEX_POINT ( 'NONE', #1025 ) ;
#3915 = MECHANICAL_DESIGN_GEOMETRIC_PRESENTATION_REPRESENTATION (  '', ( #3346 ), #694 ) ;
#3916 =( GEOMETRIC_REPRESENTATION_CONTEXT ( 3 ) GLOBAL_UNCERTAINTY_ASSIGNED_CONTEXT ( ( #4101 ) ) GLOBAL_UNIT_ASSIGNED_CONTEXT ( ( #1857, #61, #221 ) ) REPRESENTATION_CONTEXT ( 'NONE', 'WORKASPACE' ) );
#3917 = DIRECTION ( 'NONE',  ( 0.000000000000000000, -0.9961946980917455452, 0.08715574274765836016 ) ) ;
#3918 = CARTESIAN_POINT ( 'NONE',  ( 3.961028894296950043, 8.915543512431879591, -17.86919139267095247 ) ) ;
#3919 = ORIENTED_EDGE ( 'NONE', *, *, #2541, .F. ) ;
#3920 = CARTESIAN_POINT ( 'NONE',  ( 4.198349771855975021, 7.997021490910230845, -15.84416875479829834 ) ) ;
#3921 = SURFACE_STYLE_USAGE ( .BOTH. , #69 ) ;
#3922 = DIRECTION ( 'NONE',  ( 0.000000000000000000, 1.000000000000000000, 0.000000000000000000 ) ) ;
#3923 = DIRECTION ( 'NONE',  ( 0.000000000000000000, -1.000000000000000000, 0.000000000000000000 ) ) ;
#3924 =( NAMED_UNIT ( * ) PLANE_ANGLE_UNIT ( ) SI_UNIT ( $, .RADIAN. ) );
#3925 = DIRECTION ( 'NONE',  ( 0.000000000000000000, 0.000000000000000000, 1.000000000000000000 ) ) ;
#3926 = DIRECTION ( 'NONE',  ( 0.000000000000000000, 1.000000000000000000, 0.000000000000000000 ) ) ;
#3927 =( NAMED_UNIT ( * ) PLANE_ANGLE_UNIT ( ) SI_UNIT ( $, .RADIAN. ) );
#3928 = CARTESIAN_POINT ( 'NONE',  ( -5.042772068018409826, 8.878043267289800866, 19.87141384884020212 ) ) ;
#3929 = ORIENTED_EDGE ( 'NONE', *, *, #3067, .F. ) ;
#3930 = EDGE_CURVE ( 'NONE', #200, #1295, #2470, .T. ) ;
#3931 = AXIS2_PLACEMENT_3D ( 'NONE', #1225, #883, #1551 ) ;
#3932 = MECHANICAL_DESIGN_GEOMETRIC_PRESENTATION_REPRESENTATION (  '', ( #2477 ), #2622 ) ;
#3933 = CARTESIAN_POINT ( 'NONE',  ( -5.799999999999999822, 6.500000000000000000, 20.75000000000000000 ) ) ;
#3934 = CARTESIAN_POINT ( 'NONE',  ( -7.482824246123582768, 7.997561380517631768, 20.08650052661396401 ) ) ;
#3935 = CARTESIAN_POINT ( 'NONE',  ( 6.100000000000003197, 8.207334272646235718, -15.35526883524011232 ) ) ;
#3936 = VERTEX_POINT ( 'NONE', #1387 ) ;
#3937 =( LENGTH_UNIT ( ) NAMED_UNIT ( * ) SI_UNIT ( .MILLI., .METRE. ) );
#3938 = EDGE_CURVE ( 'NONE', #809, #191, #4489, .T. ) ;
#3939 = CARTESIAN_POINT ( 'NONE',  ( 4.299999999999999822, 8.991916500153321223, -17.94000000000000128 ) ) ;
#3940 = AXIS2_PLACEMENT_3D ( 'NONE', #2954, #2228, #3563 ) ;
#3941 = FILL_AREA_STYLE ('',( #4284 ) ) ;
#3942 = CARTESIAN_POINT ( 'NONE',  ( 7.206276350254439578, 8.803373900959860165, -19.81187064948059984 ) ) ;
#3943 = ORIENTED_EDGE ( 'NONE', *, *, #123, .F. ) ;
#3944 = CARTESIAN_POINT ( 'NONE',  ( -7.500000000000000000, 6.500000000000000000, 15.10000000000000142 ) ) ;
#3945 = CARTESIAN_POINT ( 'NONE',  ( 3.873789434561559997, 8.883656371653030348, -17.80157609330855095 ) ) ;
#3946 = STYLED_ITEM ( 'NONE', ( #4 ), #3139 ) ;
#3947 = VECTOR ( 'NONE', #4245, 1000.000000000000000 ) ;
#3948 = CARTESIAN_POINT ( 'NONE',  ( 5.500000000000000000, 9.016385230654369920, -19.38671556011040309 ) ) ;
#3949 = CARTESIAN_POINT ( 'NONE',  ( -6.100000000000000533, 10.00000000000000000, 17.39999999999999858 ) ) ;
#3950 = SURFACE_STYLE_FILL_AREA ( #3506 ) ;
#3951 =( NAMED_UNIT ( * ) PLANE_ANGLE_UNIT ( ) SI_UNIT ( $, .RADIAN. ) );
#3952 = CIRCLE ( 'NONE', #1825, 2.749999999999999112 ) ;
#3953 = CARTESIAN_POINT ( 'NONE',  ( -3.289434541779385324, 8.705967009372823640, 18.76172671272642845 ) ) ;
#3954 = LINE ( 'NONE', #761, #3995 ) ;
#3955 = SURFACE_STYLE_USAGE ( .BOTH. , #27 ) ;
#3956 = CARTESIAN_POINT ( 'NONE',  ( -6.557220761524800601, 8.987441454326789980, 19.43626253844665186 ) ) ;
#3957 = ORIENTED_EDGE ( 'NONE', *, *, #2660, .T. ) ;
#3958 = UNCERTAINTY_MEASURE_WITH_UNIT (LENGTH_MEASURE( 1.000000000000000082E-05 ), #1730, 'distance_accuracy_value', 'NONE');
#3959 =( NAMED_UNIT ( * ) SI_UNIT ( $, .STERADIAN. ) SOLID_ANGLE_UNIT ( ) );
#3960 = VERTEX_POINT ( 'NONE', #1361 ) ;
#3961 =( NAMED_UNIT ( * ) PLANE_ANGLE_UNIT ( ) SI_UNIT ( $, .RADIAN. ) );
#3962 = PRESENTATION_LAYER_ASSIGNMENT (  '', '', ( #2207 ) ) ;
#3963 = LINE ( 'NONE', #3267, #2783 ) ;
#3964 = LINE ( 'NONE', #4008, #3716 ) ;
#3965 = CARTESIAN_POINT ( 'NONE',  ( 3.528328756601044613, 8.800328136307470572, -17.86919139267095247 ) ) ;
#3966 = EDGE_CURVE ( 'NONE', #1828, #2834, #607, .T. ) ;
#3967 = ORIENTED_EDGE ( 'NONE', *, *, #334, .T. ) ;
#3968 = CARTESIAN_POINT ( 'NONE',  ( 5.500000000000000000, 9.009630425845649881, -16.61544312767225051 ) ) ;
#3969 = CARTESIAN_POINT ( 'NONE',  ( 3.528328756601000205, 8.472945333595680140, -20.67183884363735302 ) ) ;
#3970 = CARTESIAN_POINT ( 'NONE',  ( 5.500000000000000000, 9.148469107759421348, -17.39999999999999858 ) ) ;
#3971 =( NAMED_UNIT ( * ) PLANE_ANGLE_UNIT ( ) SI_UNIT ( $, .RADIAN. ) );
#3972 = STYLED_ITEM ( 'NONE', ( #2547 ), #4523 ) ;
#3973 = CARTESIAN_POINT ( 'NONE',  ( -6.557220761524789943, 9.170467271984747981, 17.91323295206925081 ) ) ;
#3974 = CARTESIAN_POINT ( 'NONE',  ( -6.138264934707459375, 8.705965584622214593, 20.60169689118058400 ) ) ;
#3975 = CARTESIAN_POINT ( 'NONE',  ( -8.300000000000000711, 0.000000000000000000, 20.10000000000000142 ) ) ;
#3976 = FILL_AREA_STYLE ('',( #1517 ) ) ;
#3977 = ORIENTED_EDGE ( 'NONE', *, *, #2173, .T. ) ;
#3978 = CARTESIAN_POINT ( 'NONE',  ( 8.071673048884509427, 8.800327633192530641, -17.86919139267105194 ) ) ;
#3979 = CARTESIAN_POINT ( 'NONE',  ( -7.000000000000000000, 6.500000000000000000, -20.89999999999999858 ) ) ;
#3980 = CARTESIAN_POINT ( 'NONE',  ( -7.099655804456402208, 7.998457576413683157, 20.35004264883970393 ) ) ;
#3981 = VERTEX_POINT ( 'NONE', #724 ) ;
#3982 = CARTESIAN_POINT ( 'NONE',  ( -5.799999999999999822, 7.200000000000000178, 20.75000000000000000 ) ) ;
#3983 = FACE_OUTER_BOUND ( 'NONE', #666, .T. ) ;
#3984 = CARTESIAN_POINT ( 'NONE',  ( 8.071673048884468571, 8.631984696641090693, -19.81187064948059984 ) ) ;
#3985 = B_SPLINE_CURVE_WITH_KNOTS ( 'NONE', 5,
 ( #2675, #4357, #823, #4404, #2916, #1260 ),
 .UNSPECIFIED., .F., .F.,
 ( 6, 6 ),
 ( 0.0003007324198211235099, 0.001215953124297280020 ),
 .UNSPECIFIED. ) ;
#3986 = EDGE_LOOP ( 'NONE', ( #126, #1518, #3284, #3484 ) ) ;
#3987 = STYLED_ITEM ( 'NONE', ( #105 ), #2096 ) ;
#3988 =( NAMED_UNIT ( * ) PLANE_ANGLE_UNIT ( ) SI_UNIT ( $, .RADIAN. ) );
#3989 = CARTESIAN_POINT ( 'NONE',  ( 5.258933229087459971, 8.005382680227437930, -20.64612752474440072 ) ) ;
#3990 = EDGE_CURVE ( 'NONE', #3533, #1785, #1090, .T. ) ;
#3991 = PRODUCT_DEFINITION ( 'UNKNOWN', '', #4248, #2088 ) ;
#3992 =( GEOMETRIC_REPRESENTATION_CONTEXT ( 3 ) GLOBAL_UNCERTAINTY_ASSIGNED_CONTEXT ( ( #331 ) ) GLOBAL_UNIT_ASSIGNED_CONTEXT ( ( #851, #1939, #1569 ) ) REPRESENTATION_CONTEXT ( 'NONE', 'WORKASPACE' ) );
#3993 = CARTESIAN_POINT ( 'NONE',  ( 3.867479357361336412, 8.884214443195130428, -18.23286898614836460 ) ) ;
#3994 = CARTESIAN_POINT ( 'NONE',  ( -4.393723649876164927, 8.993199035867620594, 18.78353557285635134 ) ) ;
#3995 = VECTOR ( 'NONE', #2212, 1000.000000000000000 ) ;
#3996 = EDGE_CURVE ( 'NONE', #1385, #1891, #2249, .T. ) ;
#3997 = CARTESIAN_POINT ( 'NONE',  ( 6.100000000000000533, 9.152261388884300075, -18.59999999999999787 ) ) ;
#3998 = CARTESIAN_POINT ( 'NONE',  ( -6.411369216626470191, 8.880130194948760547, 19.83647475935250171 ) ) ;
#3999 = CARTESIAN_POINT ( 'NONE',  ( 7.500000000000000000, 6.500000000000000000, -20.89999999999999858 ) ) ;
#4000 = ORIENTED_EDGE ( 'NONE', *, *, #3226, .F. ) ;
#4001 = CARTESIAN_POINT ( 'NONE',  ( 7.206276350254489316, 8.881518144468659059, -16.56373746152240045 ) ) ;
#4002 = CARTESIAN_POINT ( 'NONE',  ( 5.500000000000001776, 9.161835411072953406, -18.52122504257044966 ) ) ;
#4003 = LINE ( 'NONE', #583, #1624 ) ;
#4004 = CARTESIAN_POINT ( 'NONE',  ( -5.042772068018360088, 8.900458699125270101, 16.18812935040885037 ) ) ;
#4005 = ORIENTED_EDGE ( 'NONE', *, *, #844, .F. ) ;
#4006 = PRESENTATION_LAYER_ASSIGNMENT (  '', '', ( #2835 ) ) ;
#4007 = PLANE ( 'NONE',  #3121 ) ;
#4008 = CARTESIAN_POINT ( 'NONE',  ( -7.500000000000000000, 6.500000000000000000, 24.00000000000000000 ) ) ;
#4009 = CARTESIAN_POINT ( 'NONE',  ( 6.557227932091500122, 9.170465836281771033, -18.08676704786245182 ) ) ;
#4010 = ORIENTED_EDGE ( 'NONE', *, *, #506, .F. ) ;
#4011 = CARTESIAN_POINT ( 'NONE',  ( 5.500000000000000000, 9.067108357863629564, -16.87696208511484741 ) ) ;
#4012 = ADVANCED_FACE ( 'NONE', ( #3851 ), #703, .F. ) ;
#4013 = CARTESIAN_POINT ( 'NONE',  ( -3.316217624154047083, 8.001895869252937388, 16.99190916082149272 ) ) ;
#4014 = DIRECTION ( 'NONE',  ( 0.000000000000000000, -1.000000000000000000, 0.000000000000000000 ) ) ;
#4015 =( NAMED_UNIT ( * ) PLANE_ANGLE_UNIT ( ) SI_UNIT ( $, .RADIAN. ) );
#4016 = CARTESIAN_POINT ( 'NONE',  ( -3.528326951273775158, 8.775619406358670105, 18.78353557285635134 ) ) ;
#4017 = CARTESIAN_POINT ( 'NONE',  ( 6.771727372355370811, 8.883201990320300112, -19.67829439940840075 ) ) ;
#4018 = VECTOR ( 'NONE', #1166, 1000.000000000000000 ) ;
#4019 = PRESENTATION_LAYER_ASSIGNMENT (  '', '', ( #3582 ) ) ;
#4020 = CARTESIAN_POINT ( 'NONE',  ( -4.198307484327675532, 7.997021416630668789, 20.15580045591359948 ) ) ;
#4021 = PRESENTATION_STYLE_ASSIGNMENT (( #3703 ) ) ;
#4022 = ADVANCED_FACE ( 'NONE', ( #808 ), #414, .T. ) ;
#4023 = CARTESIAN_POINT ( 'NONE',  ( -4.065493708193858247, 8.880350936422773955, 18.88355189068960627 ) ) ;
#4024 = VERTEX_POINT ( 'NONE', #3912 ) ;
#4025 = CARTESIAN_POINT ( 'NONE',  ( 3.961028894296990011, 8.621968007133570921, -15.69343484075659845 ) ) ;
#4026 = CARTESIAN_POINT ( 'NONE',  ( 7.000000000000000000, 0.000000000000000000, -1.046815890675660025E-15 ) ) ;
#4027 = CARTESIAN_POINT ( 'NONE',  ( -8.475092077013107073, 8.002405476198639178, 18.15880331983733953 ) ) ;
#4028 = CARTESIAN_POINT ( 'NONE',  ( -5.042772068018360088, 8.788634049475879451, 15.75814525331990090 ) ) ;
#4029 = ORIENTED_EDGE ( 'NONE', *, *, #2460, .T. ) ;
#4030 = UNCERTAINTY_MEASURE_WITH_UNIT (LENGTH_MEASURE( 1.000000000000000082E-05 ), #3438, 'distance_accuracy_value', 'NONE');
#4031 = CARTESIAN_POINT ( 'NONE',  ( 6.760000000006230358, 9.099310416618980213, -18.30000000000000071 ) ) ;
#4032 = CARTESIAN_POINT ( 'NONE',  ( 3.528328756601069927, 8.693245117768759300, -16.56373746152235071 ) ) ;
#4033 = ORIENTED_EDGE ( 'NONE', *, *, #2402, .T. ) ;
#4034 = PRESENTATION_STYLE_ASSIGNMENT (( #108 ) ) ;
#4035 = FILL_AREA_STYLE_COLOUR ( '', #3873 ) ;
#4036 = UNCERTAINTY_MEASURE_WITH_UNIT (LENGTH_MEASURE( 1.000000000000000082E-05 ), #514, 'distance_accuracy_value', 'NONE');
#4037 = CARTESIAN_POINT ( 'NONE',  ( -3.256467230745882624, 8.002170853161310049, 17.15625529379131464 ) ) ;
#4038 = CARTESIAN_POINT ( 'NONE',  ( 8.054849204846277644, 8.001197347626291645, -19.45444709898955082 ) ) ;
#4039 = APPLICATION_CONTEXT ( 'automotive_design' ) ;
#4040 = SURFACE_SIDE_STYLE ('',( #95 ) ) ;
#4041 = LINE ( 'NONE', #3698, #129 ) ;
#4042 = CARTESIAN_POINT ( 'NONE',  ( -5.971820084942259577, 7.999533011344839295, 20.68005000177039676 ) ) ;
#4043 = DIRECTION ( 'NONE',  ( 1.000000000000000000, 0.000000000000000000, 0.000000000000000000 ) ) ;
#4044 = LINE ( 'NONE', #580, #4237 ) ;
#4045 = ORIENTED_EDGE ( 'NONE', *, *, #3191, .F. ) ;
#4046 = EDGE_CURVE ( 'NONE', #3472, #2246, #373, .T. ) ;
#4047 = STYLED_ITEM ( 'NONE', ( #3363 ), #59 ) ;
#4048 = CARTESIAN_POINT ( 'NONE',  ( 8.071673048884528967, 8.693244745434359544, -16.56373746152240045 ) ) ;
#4049 = CARTESIAN_POINT ( 'NONE',  ( -6.400000000000000355, 8.000000000000000000, 17.39999999999999858 ) ) ;
#4050 = CARTESIAN_POINT ( 'NONE',  ( -8.049326932797317369, 8.001974502458340410, 16.54082294116124530 ) ) ;
#4051 = CARTESIAN_POINT ( 'NONE',  ( -7.206270968047870262, 8.599490281254210444, 15.32816115623094966 ) ) ;
#4052 = EDGE_LOOP ( 'NONE', ( #854, #3250, #1171, #3125 ) ) ;
#4053 =( LENGTH_UNIT ( ) NAMED_UNIT ( * ) SI_UNIT ( .MILLI., .METRE. ) );
#4054 = PRESENTATION_STYLE_ASSIGNMENT (( #2907 ) ) ;
#4055 = CARTESIAN_POINT ( 'NONE',  ( 3.528328756601079697, 8.550331376698409258, -15.69343484075659845 ) ) ;
#4056 = EDGE_LOOP ( 'NONE', ( #4466, #4073, #1919, #1227 ) ) ;
#4057 = DIRECTION ( 'NONE',  ( 0.000000000000000000, 1.000000000000000000, 0.000000000000000000 ) ) ;
#4058 = CARTESIAN_POINT ( 'NONE',  ( 4.079706718238266028, 8.704502685236773729, -19.98105340766929672 ) ) ;
#4059 = CARTESIAN_POINT ( 'NONE',  ( -3.266428799807933103, 8.002121157825436981, 17.12676118744244036 ) ) ;
#4060 = CYLINDRICAL_SURFACE ( 'NONE', #405, 0.3000000000000016542 ) ;
#4061 = LINE ( 'NONE', #2939, #4018 ) ;
#4062 = COLOUR_RGB ( '',0.7529411764705882248, 0.7529411764705882248, 0.7529411764705882248 ) ;
#4063 = AXIS2_PLACEMENT_3D ( 'NONE', #4049, #2723, #1313 ) ;
#4064 = SURFACE_STYLE_USAGE ( .BOTH. , #4337 ) ;
#4065 = CARTESIAN_POINT ( 'NONE',  ( -6.441597626434240276, 8.884794009810079274, 16.15780660045685124 ) ) ;
#4066 = AXIS2_PLACEMENT_3D ( 'NONE', #3186, #3926, #3530 ) ;
#4067 =( NAMED_UNIT ( * ) PLANE_ANGLE_UNIT ( ) SI_UNIT ( $, .RADIAN. ) );
#4068 = CARTESIAN_POINT ( 'NONE',  ( -3.907030293506399410, 8.882729121652999993, 18.45200067106497954 ) ) ;
#4069 = CARTESIAN_POINT ( 'NONE',  ( 5.908179513928530469, 9.212319359822268794, -17.86919139267099865 ) ) ;
#4070 = EDGE_CURVE ( 'NONE', #2503, #2733, #3412, .T. ) ;
#4071 = CARTESIAN_POINT ( 'NONE',  ( -6.099999999999821121, 8.881071736857711230, 19.90759478721679798 ) ) ;
#4072 = CARTESIAN_POINT ( 'NONE',  ( -3.961025300574929631, 8.633095530849679733, 15.75814525331994886 ) ) ;
#4073 = ORIENTED_EDGE ( 'NONE', *, *, #257, .T. ) ;
#4074 = PRESENTATION_STYLE_ASSIGNMENT (( #1337 ) ) ;
#4075 = PRESENTATION_STYLE_ASSIGNMENT (( #4143 ) ) ;
#4076 = CARTESIAN_POINT ( 'NONE',  ( 4.393729031992889666, 8.785705671398838845, -16.12858615113950123 ) ) ;
#4077 = ORIENTED_EDGE ( 'NONE', *, *, #3282, .F. ) ;
#4078 =( LENGTH_UNIT ( ) NAMED_UNIT ( * ) SI_UNIT ( .MILLI., .METRE. ) );
#4079 = EDGE_CURVE ( 'NONE', #2797, #3241, #4003, .T. ) ;
#4080 = CARTESIAN_POINT ( 'NONE',  ( 3.961028894296910075, 8.633096187064451144, -20.24185474655894978 ) ) ;
#4081 = PRESENTATION_LAYER_ASSIGNMENT (  '', '', ( #4298 ) ) ;
#4082 = CARTESIAN_POINT ( 'NONE',  ( -4.291367787559228653, 8.003208457823463462, 15.76191611298087203 ) ) ;
#4083 = PLANE ( 'NONE',  #3001 ) ;
#4084 = CARTESIAN_POINT ( 'NONE',  ( 8.310565458219453916, 8.705967009369848242, -17.23827328727107755 ) ) ;
#4085 = CARTESIAN_POINT ( 'NONE',  ( 3.124467656718215913, 8.002417806884345453, -17.84884277667470798 ) ) ;
#4086 = CARTESIAN_POINT ( 'NONE',  ( -8.448405678750949832, 8.001842381694530104, 18.44344083739614959 ) ) ;
#4087 = VECTOR ( 'NONE', #575, 1000.000000000000000 ) ;
#4088 = CARTESIAN_POINT ( 'NONE',  ( -5.500000000000000000, 8.886167924087580161, 16.08880740161615108 ) ) ;
#4089 = CARTESIAN_POINT ( 'NONE',  ( -3.867472313793799632, 8.884211466519349898, 17.76702105813314247 ) ) ;
#4090 = CARTESIAN_POINT ( 'NONE',  ( -4.299999999999999822, 8.991916488447021294, 18.05999999999999872 ) ) ;
#4091 = B_SPLINE_SURFACE_WITH_KNOTS ( 'NONE', 5, 5, ( 
 ( #2159, #3482, #4537, #1394, #3524, #313, #1784, #2418, #4514, #1369, #4175, #2804 ),
 ( #4198, #3858, #710, #2116, #3202, #1765, #3178, #1436, #2843, #2825, #4239, #815 ),
 ( #859, #3984, #1177, #3942, #1502, #3291, #2245, #771, #1902, #4285, #3643, #2222 ),
 ( #2571, #2908, #492, #794, #2548, #3316, #2269, #3668, #106, #4329, #155, #1808 ),
 ( #3269, #2617, #3249, #4347, #3623, #4306, #84, #1834, #1479, #1134, #2199, #134 ),
 ( #1530, #4260, #2594, #2931, #4009, #468, #1160, #1459, #1879, #3225, #838, #1552 ),
 ( #2951, #2528, #3601, #447, #1200, #2884, #63, #1859, #2867, #3918, #3965, #1113 ),
 ( #2181, #3577, #424, #1226, #884, #2360, #949, #3003, #2707, #3735, #1993, #1647 ),
 ( #1969, #3078, #1925, #199, #539, #3691, #1253, #3761, #1627, #4120, #4032, #907 ),
 ( #1602, #616, #972, #2289, #2314, #927, #3387, #4442, #4076, #3024, #244, #2385 ),
 ( #2337, #4464, #4419, #267, #4096, #589, #3406, #4396, #2669, #2022, #4055, #3713 ),
 ( #3052, #223, #1293, #3431, #1273, #1670, #1319, #2731, #3338, #2688, #564, #515 ) ),
 .UNSPECIFIED., .F., .F., .F.,
 ( 6, 3, 3, 6 ),
 ( 6, 3, 3, 6 ),
 ( -2.796542062349285374, -0.6466215769572040140, 0.4412566989999804901, 2.617013250914349776 ),
 ( -2.704371398199524990, -0.5408796516244309682, 0.5408706926153330485, 2.704371381094860194 ),
 .UNSPECIFIED. ) ;
#4092 = CARTESIAN_POINT ( 'NONE',  ( 6.100000000000000533, 8.886167924090280223, -19.91119259838535172 ) ) ;
#4093 = FILL_AREA_STYLE ('',( #943 ) ) ;
#4094 = ORIENTED_EDGE ( 'NONE', *, *, #1981, .F. ) ;
#4095 =( NAMED_UNIT ( * ) SI_UNIT ( $, .STERADIAN. ) SOLID_ANGLE_UNIT ( ) );
#4096 = CARTESIAN_POINT ( 'NONE',  ( 6.557227932091540090, 8.767309405040878190, -15.69343484075665174 ) ) ;
#4097 = CARTESIAN_POINT ( 'NONE',  ( -5.691820486160610315, 9.175903152100348237, 17.26567319978354931 ) ) ;
#4098 = ORIENTED_EDGE ( 'NONE', *, *, #1053, .F. ) ;
#4099 =( NAMED_UNIT ( * ) PLANE_ANGLE_UNIT ( ) SI_UNIT ( $, .RADIAN. ) );
#4100 = CARTESIAN_POINT ( 'NONE',  ( 5.042779238536679642, 8.900459654777629126, -19.81187064948054655 ) ) ;
#4101 = UNCERTAINTY_MEASURE_WITH_UNIT (LENGTH_MEASURE( 1.000000000000000082E-05 ), #1857, 'distance_accuracy_value', 'NONE');
#4102 = EDGE_CURVE ( 'NONE', #40, #335, #4111, .T. ) ;
#4103 = CARTESIAN_POINT ( 'NONE',  ( -5.179479017256640283, 8.005155552402632324, 15.37340143890538080 ) ) ;
#4104 = CARTESIAN_POINT ( 'NONE',  ( 7.639578551437796960, 7.997062911147547304, -16.05067226952858661 ) ) ;
#4105 = CARTESIAN_POINT ( 'NONE',  ( 7.524847123439490026, 8.882365009561320690, -18.88470448907455079 ) ) ;
#4106 =( GEOMETRIC_REPRESENTATION_CONTEXT ( 3 ) GLOBAL_UNCERTAINTY_ASSIGNED_CONTEXT ( ( #184 ) ) GLOBAL_UNIT_ASSIGNED_CONTEXT ( ( #222, #2359, #2021 ) ) REPRESENTATION_CONTEXT ( 'NONE', 'WORKASPACE' ) );
#4107 = CARTESIAN_POINT ( 'NONE',  ( 5.330603738080537113, 8.005241111374557406, -20.64352654401707099 ) ) ;
#4108 = CARTESIAN_POINT ( 'NONE',  ( -8.422000730513179434, 8.002596580093319645, 17.42063659819125121 ) ) ;
#4109 = CARTESIAN_POINT ( 'NONE',  ( -5.500000000000001776, 8.408195701216914841, 15.43852438449556885 ) ) ;
#4110 = SURFACE_STYLE_USAGE ( .BOTH. , #1956 ) ;
#4111 = CIRCLE ( 'NONE', #3678, 2.680009069179260184 ) ;
#4112 = CARTESIAN_POINT ( 'NONE',  ( 7.299999999999999822, 8.982659249165058313, -17.69999999999999929 ) ) ;
#4113 = DIRECTION ( 'NONE',  ( 0.000000000000000000, 1.000000000000000000, 0.000000000000000000 ) ) ;
#4114 = CARTESIAN_POINT ( 'NONE',  ( -7.638971105729999600, 8.885915271098738799, 18.78353557285629805 ) ) ;
#4115 = ORIENTED_EDGE ( 'NONE', *, *, #1286, .F. ) ;
#4116 = CARTESIAN_POINT ( 'NONE',  ( 6.100000000000000533, 8.953319471078630798, -19.64895407870830013 ) ) ;
#4117 = B_SPLINE_CURVE_WITH_KNOTS ( 'NONE', 3,
 ( #2600, #3320, #1164, #1864, #2913, #3675, #187, #2649, #3993, #3696, #3608, #1951, #1206, #2554, #111, #820, #799, #498 ),
 .UNSPECIFIED., .F., .F.,
 ( 4, 2, 2, 2, 2, 2, 2, 2, 4 ),
 ( 0.000000000000000000, 0.1250000000000000000, 0.2500000000000000000, 0.3750000000000000000, 0.5000000000000000000, 0.6250000000000000000, 0.7500000000000000000, 0.8750000000000000000, 1.000000000000000000 ),
 .UNSPECIFIED. ) ;
#4118 = CARTESIAN_POINT ( 'NONE',  ( 7.500000000000000000, 6.500000000000000000, 21.39999999999999858 ) ) ;
#4119 = CARTESIAN_POINT ( 'NONE',  ( -6.100000000000000533, 9.148469107761261654, 18.59999999999999787 ) ) ;
#4120 = CARTESIAN_POINT ( 'NONE',  ( 3.961028894296974912, 8.788473963384708654, -16.56373746152235071 ) ) ;
#4121 = CARTESIAN_POINT ( 'NONE',  ( -5.042772068018409826, 8.878043267289800866, 19.87141384884020212 ) ) ;
#4122 = ORIENTED_EDGE ( 'NONE', *, *, #2793, .T. ) ;
#4123 = CARTESIAN_POINT ( 'NONE',  ( 3.528328756601019744, 8.701760645632710123, -19.38188655240210068 ) ) ;
#4124 = DIRECTION ( 'NONE',  ( 0.000000000000000000, 0.000000000000000000, -1.000000000000000000 ) ) ;
#4125 = CARTESIAN_POINT ( 'NONE',  ( 8.465851768641224240, 8.002202816067379487, -17.71510322331124598 ) ) ;
#4126 = EDGE_CURVE ( 'NONE', #3579, #2246, #4154, .T. ) ;
#4127 = VERTEX_POINT ( 'NONE', #4071 ) ;
#4128 = CARTESIAN_POINT ( 'NONE',  ( 7.401692515675669881, 7.997021416622288825, -15.84419954408775055 ) ) ;
#4129 = CARTESIAN_POINT ( 'NONE',  ( 3.132019389787655594, 8.002220581788069609, -17.74687695863351422 ) ) ;
#4130 = CARTESIAN_POINT ( 'NONE',  ( -8.474398735542949979, 8.002785235103679895, 17.75905866849205239 ) ) ;
#4131 = CONICAL_SURFACE ( 'NONE', #463, 2.749999999999999112, 0.08726646259971625186 ) ;
#4132 = CARTESIAN_POINT ( 'NONE',  ( 7.732527686222675278, 8.884211466509702504, -18.23297894186589119 ) ) ;
#4133 = CARTESIAN_POINT ( 'NONE',  ( -4.040628511712950122, 8.001443581736250366, 15.97120461316870177 ) ) ;
#4134 = PRESENTATION_LAYER_ASSIGNMENT (  '', '', ( #1567 ) ) ;
#4135 = ADVANCED_FACE ( 'NONE', ( #919 ), #2702, .F. ) ;
#4136 = CIRCLE ( 'NONE', #4351, 2.749999999999999112 ) ;
#4137 = CARTESIAN_POINT ( 'NONE',  ( -5.500000000000000000, 9.152261388883589532, 17.39999999999999858 ) ) ;
#4138 = DIRECTION ( 'NONE',  ( -1.067350013832299363E-17, -0.9961946980917455452, -0.08715574274765836016 ) ) ;
#4139 = PRESENTATION_STYLE_ASSIGNMENT (( #365 ) ) ;
#4140 = CARTESIAN_POINT ( 'NONE',  ( -5.908170555001659885, 9.214388716257060352, 17.91323295206925081 ) ) ;
#4141 = VERTEX_POINT ( 'NONE', #9 ) ;
#4142 = CARTESIAN_POINT ( 'NONE',  ( -5.799999999999999822, 6.500000000000000000, 18.00000000000000000 ) ) ;
#4143 = SURFACE_STYLE_USAGE ( .BOTH. , #3690 ) ;
#4144 = CARTESIAN_POINT ( 'NONE',  ( -5.500000000000000000, 9.158488874091634813, 18.52125953012541970 ) ) ;
#4145 = CARTESIAN_POINT ( 'NONE',  ( -7.638971105730020028, 8.621968007130030642, 20.30656515923370264 ) ) ;
#4146 = ORIENTED_EDGE ( 'NONE', *, *, #388, .T. ) ;
#4147 = CARTESIAN_POINT ( 'NONE',  ( 6.557227932091479694, 9.137386220629339917, -18.73432680013230112 ) ) ;
#4148 = CARTESIAN_POINT ( 'NONE',  ( 7.000000000000000000, -4.999999999970310041E-05, 20.89999999999999858 ) ) ;
#4149 = CARTESIAN_POINT ( 'NONE',  ( 8.478143662941340253, 8.002463478298317057, -17.87608018507439311 ) ) ;
#4150 =( LENGTH_UNIT ( ) NAMED_UNIT ( * ) SI_UNIT ( .MILLI., .METRE. ) );
#4151 = EDGE_LOOP ( 'NONE', ( #3111, #1880, #2411, #4330 ) ) ;
#4152 = CARTESIAN_POINT ( 'NONE',  ( 7.559371488288579854, 8.001443581735978583, -20.02879538683009741 ) ) ;
#4153 = MECHANICAL_DESIGN_GEOMETRIC_PRESENTATION_REPRESENTATION (  '', ( #198 ), #780 ) ;
#4154 = B_SPLINE_CURVE_WITH_KNOTS ( 'NONE', 3,
 ( #2307, #217, #1620, #3426, #1663, #3018 ),
 .UNSPECIFIED., .F., .F.,
 ( 4, 2, 4 ),
 ( 1.090273359638743960E-15, 0.0006136690762142880907, 0.001227338152427485908 ),
 .UNSPECIFIED. ) ;
#4155 = CARTESIAN_POINT ( 'NONE',  ( 3.749728618919310641, 8.001150256605965794, -19.72577619118505865 ) ) ;
#4156 = CARTESIAN_POINT ( 'NONE',  ( -7.253596248133792557, 8.705079062531543954, 15.81578902588108981 ) ) ;
#4157 = CARTESIAN_POINT ( 'NONE',  ( -5.500000000000001776, 8.721326174795771990, 15.70588062191504974 ) ) ;
#4158 = CARTESIAN_POINT ( 'NONE',  ( -3.280796407020659000, 8.706613805448546017, 17.26767196278567340 ) ) ;
#4159 = FILL_AREA_STYLE ('',( #1682 ) ) ;
#4160 = EDGE_CURVE ( 'NONE', #1450, #3351, #2107, .T. ) ;
#4161 = SURFACE_SIDE_STYLE ('',( #4482 ) ) ;
#4162 = FILL_AREA_STYLE ('',( #1314 ) ) ;
#4163 = CARTESIAN_POINT ( 'NONE',  ( -3.961025300574959829, 8.915542561639940189, 18.13080860726604726 ) ) ;
#4164 = ORIENTED_EDGE ( 'NONE', *, *, #4126, .F. ) ;
#4165 = PRESENTATION_LAYER_ASSIGNMENT (  '', '', ( #3946 ) ) ;
#4166 = PRESENTATION_LAYER_ASSIGNMENT (  '', '', ( #4381 ) ) ;
#4167 = MECHANICAL_DESIGN_GEOMETRIC_PRESENTATION_REPRESENTATION (  '', ( #1608 ), #1307 ) ;
#4168 = DIRECTION ( 'NONE',  ( -0.000000000000000000, 1.000000000000000000, 0.000000000000000000 ) ) ;
#4169 = CARTESIAN_POINT ( 'NONE',  ( -4.393723649876189796, 8.588400154966949529, 20.74171646962724935 ) ) ;
#4170 = EDGE_LOOP ( 'NONE', ( #2339, #2433 ) ) ;
#4171 = CARTESIAN_POINT ( 'NONE',  ( 6.100000000000000533, 10.00000000000000000, -18.30000000000000071 ) ) ;
#4172 = MECHANICAL_DESIGN_GEOMETRIC_PRESENTATION_REPRESENTATION (  '', ( #426 ), #2909 ) ;
#4173 = PRESENTATION_STYLE_ASSIGNMENT (( #2436 ) ) ;
#4174 = CARTESIAN_POINT ( 'NONE',  ( 6.099997240466239923, 8.000000000000000000, -15.33688421044515060 ) ) ;
#4175 = CARTESIAN_POINT ( 'NONE',  ( 3.528328756601000205, 8.472945333595680140, -20.67183884363735302 ) ) ;
#4176 = ORIENTED_EDGE ( 'NONE', *, *, #530, .F. ) ;
#4177 = CARTESIAN_POINT ( 'NONE',  ( 7.162787601814589955, 8.881917600070769581, -19.37948640151779856 ) ) ;
#4178 = B_SPLINE_CURVE_WITH_KNOTS ( 'NONE', 3,
 ( #1933, #3347, #3372, #1587, #2654, #551, #3794, #938, #1725, #3089, #985, #1679, #962, #2322, #2743, #4430, #2346, #296, #2766, #674, #627, #4179, #2008, #649, #233, #3113, #3466, #4521, #1281, #3135, #1982, #4129, #1374, #1704, #2717, #2790, #3486, #4499, #4085, #3033, #2397, #2057, #3062, #3747, #3721, #2032, #4451, #317, #1351, #602, #3419, #4155, #1009, #2372, #2424, #577, #3819, #2081, #3395, #1637, #2695, #3769, #253, #1657, #1308, #4107, #3441, #275 ),
 .UNSPECIFIED., .F., .F.,
 ( 4, 2, 2, 2, 1, 1, 1, 1, 2, 2, 2, 2, 2, 1, 2, 2, 2, 2, 2, 1, 1, 1, 2, 2, 2, 2, 2, 1, 1, 1, 1, 2, 2, 2, 2, 2, 2, 2, 2, 4 ),
 ( 0.000000000000000000, 0.1250000000001243450, 0.1875000000001865175, 0.2187500000002176037, 0.2343750000002327583, 0.2421875000002407519, 0.2460937500002450540, 0.2480468750002470801, 0.2490234375002481071, 0.2500000000002491340, 0.3125000000003034240, 0.3437500000003306244, 0.3593750000003438361, 0.3671875000003504419, 0.3710937500003533285, 0.3750000000003562151, 0.4375000000004113376, 0.4687500000004388712, 0.4843750000004534706, 0.4921875000004607426, 0.4960937500004644063, 0.4980468750004651279, 0.4990234375004654610, 0.5000000000004658496, 0.6250000000005201395, 0.6875000000005478951, 0.7187500000005617729, 0.7343750000005687673, 0.7421875000005716538, 0.7460937500005730971, 0.7480468750005737633, 0.7490234375005736522, 0.7500000000005735412, 0.8125000000004288792, 0.8437500000003564926, 0.8593750000003206324, 0.8671875000003026468, 0.8750000000002846612, 0.9375000000001423306, 1.000000000000000000 ),
 .UNSPECIFIED. ) ;
#4179 = CARTESIAN_POINT ( 'NONE',  ( 3.440161122096615287, 7.998822454713123697, -16.72914417588030034 ) ) ;
#4180 = SURFACE_STYLE_FILL_AREA ( #3487 ) ;
#4181 = CARTESIAN_POINT ( 'NONE',  ( 5.200000000000000178, 10.00000000000000000, -18.30000000000000071 ) ) ;
#4182 = CARTESIAN_POINT ( 'NONE',  ( -4.724186142835920421, 8.882748227455261159, 16.38638836856750203 ) ) ;
#4183 = AXIS2_PLACEMENT_3D ( 'NONE', #2687, #4418, #2384 ) ;
#4184 = CARTESIAN_POINT ( 'NONE',  ( -5.799999999999999822, 7.200000000000000178, 18.00000000000000000 ) ) ;
#4185 = CARTESIAN_POINT ( 'NONE',  ( -5.908170555001640345, 9.038367536550431680, 16.61811344749779806 ) ) ;
#4186 = ORIENTED_EDGE ( 'NONE', *, *, #812, .F. ) ;
#4187 = EDGE_CURVE ( 'NONE', #640, #4320, #3252, .T. ) ;
#4188 = VECTOR ( 'NONE', #2065, 1000.000000000000000 ) ;
#4189 = DIRECTION ( 'NONE',  ( 1.000000000000000000, 0.000000000000000000, 0.000000000000000000 ) ) ;
#4190 = CARTESIAN_POINT ( 'NONE',  ( -6.940000000000350333, 9.064410615509370217, 17.69999999999999929 ) ) ;
#4191 = CARTESIAN_POINT ( 'NONE',  ( -8.504371381094181004, 8.405618877064668482, 20.74171646962724935 ) ) ;
#4192 = ORIENTED_EDGE ( 'NONE', *, *, #633, .T. ) ;
#4193 = FACE_OUTER_BOUND ( 'NONE', #307, .T. ) ;
#4194 =( NAMED_UNIT ( * ) PLANE_ANGLE_UNIT ( ) SI_UNIT ( $, .RADIAN. ) );
#4195 = UNCERTAINTY_MEASURE_WITH_UNIT (LENGTH_MEASURE( 1.000000000000000082E-05 ), #31, 'distance_accuracy_value', 'NONE');
#4196 = DIRECTION ( 'NONE',  ( 0.000000000000000000, 0.000000000000000000, -1.000000000000000000 ) ) ;
#4197 = LINE ( 'NONE', #3576, #337 ) ;
#4198 = CARTESIAN_POINT ( 'NONE',  ( 8.504371398199488397, 8.473108934728191599, -20.24185474655899952 ) ) ;
#4199 = ORIENTED_EDGE ( 'NONE', *, *, #3527, .T. ) ;
#4200 = CARTESIAN_POINT ( 'NONE',  ( 3.213042052008173943, 8.707116210359307829, -17.56377721902807565 ) ) ;
#4201 =( LENGTH_UNIT ( ) NAMED_UNIT ( * ) SI_UNIT ( .MILLI., .METRE. ) );
#4202 =( LENGTH_UNIT ( ) NAMED_UNIT ( * ) SI_UNIT ( .MILLI., .METRE. ) );
#4203 = CARTESIAN_POINT ( 'NONE',  ( -7.299999999999999822, 8.000000000000000000, 18.30000000000000071 ) ) ;
#4204 = LINE ( 'NONE', #2189, #3854 ) ;
#4205 = CARTESIAN_POINT ( 'NONE',  ( -7.638971105729970290, 8.800682113511529181, 16.61811344749779806 ) ) ;
#4206 = VERTEX_POINT ( 'NONE', #3511 ) ;
#4207 = COLOUR_RGB ( '',0.7529411764705882248, 0.7529411764705882248, 0.7529411764705882248 ) ;
#4208 = EDGE_CURVE ( 'NONE', #2217, #4206, #3448, .T. ) ;
#4209 = CARTESIAN_POINT ( 'NONE',  ( -6.100000000000000533, 8.000000000000000000, 18.30000000000000071 ) ) ;
#4210 = PRESENTATION_STYLE_ASSIGNMENT (( #2755 ) ) ;
#4211 = CARTESIAN_POINT ( 'NONE',  ( -3.095628601972610028, 8.405618607768360562, 20.74171646962729909 ) ) ;
#4212 = ORIENTED_EDGE ( 'NONE', *, *, #1895, .F. ) ;
#4213 = MECHANICAL_DESIGN_GEOMETRIC_PRESENTATION_REPRESENTATION (  '', ( #629 ), #3206 ) ;
#4214 = LINE ( 'NONE', #2412, #813 ) ;
#4215 = CARTESIAN_POINT ( 'NONE',  ( 5.799999999999999822, 7.200000000000000178, -18.00000000000000000 ) ) ;
#4216 =( NAMED_UNIT ( * ) PLANE_ANGLE_UNIT ( ) SI_UNIT ( $, .RADIAN. ) );
#4217 = CARTESIAN_POINT ( 'NONE',  ( 4.839999999994128999, 9.097627908024680465, -17.69999999999999929 ) ) ;
#4218 = EDGE_CURVE ( 'NONE', #1847, #993, #3846, .T. ) ;
#4219 = ORIENTED_EDGE ( 'NONE', *, *, #4218, .F. ) ;
#4220 = CARTESIAN_POINT ( 'NONE',  ( 3.289441048207551344, 8.705966876609478433, -17.23824736729522655 ) ) ;
#4221 = LINE ( 'NONE', #1038, #3947 ) ;
#4222 = FACE_OUTER_BOUND ( 'NONE', #3669, .T. ) ;
#4223 = CARTESIAN_POINT ( 'NONE',  ( -5.691820486160589887, 8.688148266515680618, 15.32816115623094966 ) ) ;
#4224 = CARTESIAN_POINT ( 'NONE',  ( -8.300000000000000711, -5.854912467321780944, 20.10000000000000142 ) ) ;
#4225 = COLOUR_RGB ( '',0.7529411764705882248, 0.7529411764705882248, 0.7529411764705882248 ) ;
#4226 = FACE_OUTER_BOUND ( 'NONE', #879, .T. ) ;
#4227 = CYLINDRICAL_SURFACE ( 'NONE', #2214, 2.749999999999999112 ) ;
#4228 = CARTESIAN_POINT ( 'NONE',  ( -6.557220761524820141, 8.652164194506930528, 20.74171646962724935 ) ) ;
#4229 = ORIENTED_EDGE ( 'NONE', *, *, #765, .T. ) ;
#4230 = UNCERTAINTY_MEASURE_WITH_UNIT (LENGTH_MEASURE( 1.000000000000000082E-05 ), #1029, 'distance_accuracy_value', 'NONE');
#4231 = SURFACE_STYLE_USAGE ( .BOTH. , #788 ) ;
#4232 =( GEOMETRIC_REPRESENTATION_CONTEXT ( 3 ) GLOBAL_UNCERTAINTY_ASSIGNED_CONTEXT ( ( #1999 ) ) GLOBAL_UNIT_ASSIGNED_CONTEXT ( ( #632, #2508, #2771 ) ) REPRESENTATION_CONTEXT ( 'NONE', 'WORKASPACE' ) );
#4233 = ORIENTED_EDGE ( 'NONE', *, *, #1100, .T. ) ;
#4234 =( LENGTH_UNIT ( ) NAMED_UNIT ( * ) SI_UNIT ( .MILLI., .METRE. ) );
#4235 = AXIS2_PLACEMENT_3D ( 'NONE', #478, #915, #3724 ) ;
#4236 = AXIS2_PLACEMENT_3D ( 'NONE', #4327, #3574, #2197 ) ;
#4237 = VECTOR ( 'NONE', #3726, 1000.000000000000000 ) ;
#4238 = CARTESIAN_POINT ( 'NONE',  ( 7.299999999999999822, 8.000000000000000000, -17.69999999999999929 ) ) ;
#4239 = CARTESIAN_POINT ( 'NONE',  ( 3.528328756601004645, 8.556513994588350158, -20.24185474655894978 ) ) ;
#4240 = VERTEX_POINT ( 'NONE', #1044 ) ;
#4241 = CARTESIAN_POINT ( 'NONE',  ( 4.548802491204440024, 8.878437556991679358, -16.52190392974905109 ) ) ;
#4242 = EDGE_CURVE ( 'NONE', #392, #2540, #657, .T. ) ;
#4243 =( NAMED_UNIT ( * ) SI_UNIT ( $, .STERADIAN. ) SOLID_ANGLE_UNIT ( ) );
#4244 = SURFACE_STYLE_FILL_AREA ( #4159 ) ;
#4245 = DIRECTION ( 'NONE',  ( 0.000000000000000000, 1.000000000000000000, 0.000000000000000000 ) ) ;
#4246 = CARTESIAN_POINT ( 'NONE',  ( -6.100000000000000533, 8.005580217553239564, 15.33732614512894799 ) ) ;
#4247 = CARTESIAN_POINT ( 'NONE',  ( -5.908170555001630575, 8.811602903292749644, 15.75814525331990090 ) ) ;
#4248 = PRODUCT_DEFINITION_FORMATION_WITH_SPECIFIED_SOURCE ( 'ANY', '', #1719, .NOT_KNOWN. ) ;
#4249 = FACE_OUTER_BOUND ( 'NONE', #2904, .T. ) ;
#4250 = CARTESIAN_POINT ( 'NONE',  ( -3.961025300574985142, 8.706005148881789779, 19.87141384884020212 ) ) ;
#4251 = ORIENTED_EDGE ( 'NONE', *, *, #2627, .F. ) ;
#4252 = SURFACE_STYLE_FILL_AREA ( #4276 ) ;
#4253 = CARTESIAN_POINT ( 'NONE',  ( -8.467980610206227610, 8.002220581777979902, 18.25312304144248898 ) ) ;
#4254 = PRESENTATION_STYLE_ASSIGNMENT (( #4231 ) ) ;
#4255 = VERTEX_POINT ( 'NONE', #1334 ) ;
#4256 = FACE_OUTER_BOUND ( 'NONE', #1579, .T. ) ;
#4257 = SURFACE_STYLE_FILL_AREA ( #1456 ) ;
#4258 = CARTESIAN_POINT ( 'NONE',  ( 4.299999999999999822, 8.982659261387610172, -17.69999999999999929 ) ) ;
#4259 = CARTESIAN_POINT ( 'NONE',  ( 6.100000000000000533, 9.009630424420318917, -16.61544313595680222 ) ) ;
#4260 = CARTESIAN_POINT ( 'NONE',  ( 8.071673048884500545, 8.801120240898629987, -18.08676704786249800 ) ) ;
#4261 = VERTEX_POINT ( 'NONE', #324 ) ;
#4262 = CARTESIAN_POINT ( 'NONE',  ( 4.638369501664350913, 7.997716401710560419, -15.57853423781305047 ) ) ;
#4263 = COLOUR_RGB ( '',0.7529411764705882248, 0.7529411764705882248, 0.7529411764705882248 ) ;
#4264 = ADVANCED_FACE ( 'NONE', ( #2775 ), #2357, .T. ) ;
#4265 = CARTESIAN_POINT ( 'NONE',  ( -8.300000000000000711, -5.854912467321780944, 20.10000000000000142 ) ) ;
#4266 = FACE_OUTER_BOUND ( 'NONE', #2177, .T. ) ;
#4267 =( NAMED_UNIT ( * ) PLANE_ANGLE_UNIT ( ) SI_UNIT ( $, .RADIAN. ) );
#4268 = CARTESIAN_POINT ( 'NONE',  ( -5.908170555001630575, 8.688148367374500580, 15.32816115623094966 ) ) ;
#4269 = CARTESIAN_POINT ( 'NONE',  ( -5.200000000000000178, 10.00000000000000000, 17.39999999999999858 ) ) ;
#4270 = FILL_AREA_STYLE_COLOUR ( '', #104 ) ;
#4271 = SURFACE_STYLE_FILL_AREA ( #2877 ) ;
#4272 = EDGE_CURVE ( 'NONE', #806, #1450, #3535, .T. ) ;
#4273 = SURFACE_STYLE_FILL_AREA ( #3976 ) ;
#4274 = ORIENTED_EDGE ( 'NONE', *, *, #1555, .F. ) ;
#4275 = UNCERTAINTY_MEASURE_WITH_UNIT (LENGTH_MEASURE( 1.000000000000000082E-05 ), #458, 'distance_accuracy_value', 'NONE');
#4276 = FILL_AREA_STYLE ('',( #369 ) ) ;
#4277 = CARTESIAN_POINT ( 'NONE',  ( -7.694638482729251550, 7.996899100057901499, 19.89723984514229116 ) ) ;
#4278 = CARTESIAN_POINT ( 'NONE',  ( -4.299999999999999822, 8.000000000000000000, 17.69999999999999929 ) ) ;
#4279 = VERTEX_POINT ( 'NONE', #2812 ) ;
#4280 = STYLED_ITEM ( 'NONE', ( #1131 ), #258 ) ;
#4281 = MECHANICAL_DESIGN_GEOMETRIC_PRESENTATION_REPRESENTATION (  '', ( #2888 ), #2822 ) ;
#4282 = COLOUR_RGB ( '',0.7529411764705882248, 0.7529411764705882248, 0.7529411764705882248 ) ;
#4283 = VECTOR ( 'NONE', #1356, 1000.000000000000000 ) ;
#4284 = FILL_AREA_STYLE_COLOUR ( '', #3321 ) ;
#4285 = CARTESIAN_POINT ( 'NONE',  ( 3.961028894296919844, 8.719267620325940271, -19.81187064948054655 ) ) ;
#4286 = VERTEX_POINT ( 'NONE', #2516 ) ;
#4287 = CARTESIAN_POINT ( 'NONE',  ( 6.643821594942219910, 7.998449881270190076, -15.45039209725485030 ) ) ;
#4288 = B_SPLINE_CURVE_WITH_KNOTS ( 'NONE', 5,
 ( #3909, #548, #1143, #384, #407, #118 ),
 .UNSPECIFIED., .F., .F.,
 ( 6, 6 ),
 ( 0.0003003593600242069955, 0.001634822947451949979 ),
 .UNSPECIFIED. ) ;
#4289 = SURFACE_STYLE_USAGE ( .BOTH. , #1883 ) ;
#4290 = CARTESIAN_POINT ( 'NONE',  ( 7.500000000000000000, 0.000000000000000000, 24.00000000000000000 ) ) ;
#4291 = FILL_AREA_STYLE_COLOUR ( '', #563 ) ;
#4292 = CARTESIAN_POINT ( 'NONE',  ( -7.907847657265770103, 7.997325477341679978, 19.69102752758355024 ) ) ;
#4293 =( LENGTH_UNIT ( ) NAMED_UNIT ( * ) SI_UNIT ( .MILLI., .METRE. ) );
#4294 = DIRECTION ( 'NONE',  ( -3.540251991789405363E-16, 0.000000000000000000, 1.000000000000000000 ) ) ;
#4295 = CARTESIAN_POINT ( 'NONE',  ( -7.206270968047940428, 8.588400787079820020, 20.74171646962724935 ) ) ;
#4296 = ORIENTED_EDGE ( 'NONE', *, *, #1408, .F. ) ;
#4297 = EDGE_CURVE ( 'NONE', #1947, #2474, #1467, .T. ) ;
#4298 = STYLED_ITEM ( 'NONE', ( #1159 ), #1146 ) ;
#4299 = DIRECTION ( 'NONE',  ( 0.000000000000000000, 0.000000000000000000, -1.000000000000000000 ) ) ;
#4300 = ORIENTED_EDGE ( 'NONE', *, *, #1636, .T. ) ;
#4301 = CARTESIAN_POINT ( 'NONE',  ( -6.400000000000000355, 9.149407380994500016, 18.30000000000000071 ) ) ;
#4302 = PRESENTATION_LAYER_ASSIGNMENT (  '', '', ( #3720 ) ) ;
#4303 = VECTOR ( 'NONE', #3925, 1000.000000000000000 ) ;
#4304 = CARTESIAN_POINT ( 'NONE',  ( 4.299999999999999822, 8.989445868894879510, -18.18000000000000327 ) ) ;
#4305 =( GEOMETRIC_REPRESENTATION_CONTEXT ( 3 ) GLOBAL_UNCERTAINTY_ASSIGNED_CONTEXT ( ( #3057 ) ) GLOBAL_UNIT_ASSIGNED_CONTEXT ( ( #750, #1529, #2592 ) ) REPRESENTATION_CONTEXT ( 'NONE', 'WORKASPACE' ) );
#4306 = CARTESIAN_POINT ( 'NONE',  ( 5.908179513928510040, 9.175903152114198491, -18.73432680013230112 ) ) ;
#4307 = EDGE_LOOP ( 'NONE', ( #3977, #1068, #2151, #269, #1553, #2879, #1531, #4460, #4122, #2481, #96, #1438, #3602, #2838, #3665, #4444, #4515 ) ) ;
#4308 =( NAMED_UNIT ( * ) SI_UNIT ( $, .STERADIAN. ) SOLID_ANGLE_UNIT ( ) );
#4309 = CARTESIAN_POINT ( 'NONE',  ( 5.691829445080529126, 8.688148367413029760, -20.67183884363739921 ) ) ;
#4310 = PRESENTATION_STYLE_ASSIGNMENT (( #3921 ) ) ;
#4311 = LINE ( 'NONE', #1534, #1019 ) ;
#4312 =( NAMED_UNIT ( * ) PLANE_ANGLE_UNIT ( ) SI_UNIT ( $, .RADIAN. ) );
#4313 = CARTESIAN_POINT ( 'NONE',  ( -5.908170555001650115, 9.175903361548758852, 17.26567319978354931 ) ) ;
#4314 = CARTESIAN_POINT ( 'NONE',  ( -5.500000000000000000, 9.152261388883589532, 17.39999999999999858 ) ) ;
#4315 = B_SPLINE_CURVE_WITH_KNOTS ( 'NONE', 5,
 ( #3005, #1504, #3968, #4011, #861, #3670 ),
 .UNSPECIFIED., .F., .F.,
 ( 6, 6 ),
 ( 5.154073940987989984E-05, 0.001386004342754320077 ),
 .UNSPECIFIED. ) ;
#4316 = CARTESIAN_POINT ( 'NONE',  ( 5.200000000000000178, 10.00000000000000000, -18.59999999999999787 ) ) ;
#4317 = CARTESIAN_POINT ( 'NONE',  ( -3.742170161253760785, 8.702561283204387266, 19.65366763448517418 ) ) ;
#4318 = LINE ( 'NONE', #1169, #1377 ) ;
#4319 = CARTESIAN_POINT ( 'NONE',  ( -4.393723649876184467, 8.689516219520978524, 20.30656515923374883 ) ) ;
#4320 = VERTEX_POINT ( 'NONE', #3281 ) ;
#4321 = PRESENTATION_LAYER_ASSIGNMENT (  '', '', ( #1317 ) ) ;
#4322 = CARTESIAN_POINT ( 'NONE',  ( 3.961028894296950043, 8.915543512431879591, -17.86919139267095247 ) ) ;
#4323 = FILL_AREA_STYLE_COLOUR ( '', #1547 ) ;
#4324 =( NAMED_UNIT ( * ) PLANE_ANGLE_UNIT ( ) SI_UNIT ( $, .RADIAN. ) );
#4325 = ORIENTED_EDGE ( 'NONE', *, *, #152, .F. ) ;
#4326 = LINE ( 'NONE', #3312, #3196 ) ;
#4327 = CARTESIAN_POINT ( 'NONE',  ( -5.200000000000000178, 8.000000000000000000, 17.39999999999999858 ) ) ;
#4328 = DIRECTION ( 'NONE',  ( 0.000000000000000000, 1.000000000000000000, 0.000000000000000000 ) ) ;
#4329 = CARTESIAN_POINT ( 'NONE',  ( 3.961028894296924729, 8.800682113543409457, -19.38188655240210068 ) ) ;
#4330 = ORIENTED_EDGE ( 'NONE', *, *, #4070, .F. ) ;
#4331 = SURFACE_STYLE_FILL_AREA ( #4350 ) ;
#4332 = EDGE_CURVE ( 'NONE', #2480, #1153, #3212, .T. ) ;
#4333 = CARTESIAN_POINT ( 'NONE',  ( 3.464885775271496993, 8.705164349019755221, -19.19623505871539138 ) ) ;
#4334 = CARTESIAN_POINT ( 'NONE',  ( 8.342009302069815391, 8.002163101280755697, -18.84835137059338805 ) ) ;
#4335 = CARTESIAN_POINT ( 'NONE',  ( -3.961025300574969599, 8.885914386997050940, 18.78353557285635134 ) ) ;
#4336 = CARTESIAN_POINT ( 'NONE',  ( 6.341041071724490052, 8.005382681447470006, -20.64612776670485061 ) ) ;
#4337 = SURFACE_SIDE_STYLE ('',( #1562 ) ) ;
#4338 = CARTESIAN_POINT ( 'NONE',  ( -4.644499894855510291, 8.878510044475159901, 19.55382959389814701 ) ) ;
#4339 = EDGE_LOOP ( 'NONE', ( #797, #534, #4388, #4212 ) ) ;
#4340 = CARTESIAN_POINT ( 'NONE',  ( 5.042779238536709840, 9.170467272005890180, -18.08676704786240208 ) ) ;
#4341 = CARTESIAN_POINT ( 'NONE',  ( -6.138414788145171386, 7.999533011488944467, 20.68004992537997211 ) ) ;
#4342 = FILL_AREA_STYLE_COLOUR ( '', #2853 ) ;
#4343 = ORIENTED_EDGE ( 'NONE', *, *, #844, .T. ) ;
#4344 = DIRECTION ( 'NONE',  ( 0.000000000000000000, 1.000000000000000000, 0.000000000000000000 ) ) ;
#4345 = ADVANCED_FACE ( 'NONE', ( #1237 ), #804, .T. ) ;
#4346 = CARTESIAN_POINT ( 'NONE',  ( 7.120000000012439045, 9.025580944748879730, -18.30000000000000071 ) ) ;
#4347 = CARTESIAN_POINT ( 'NONE',  ( 7.206276350254449348, 9.002524505820389322, -18.73432680013230112 ) ) ;
#4348 = ORIENTED_EDGE ( 'NONE', *, *, #3930, .T. ) ;
#4349 = PRESENTATION_LAYER_ASSIGNMENT (  '', '', ( #1789 ) ) ;
#4350 = FILL_AREA_STYLE ('',( #136 ) ) ;
#4351 = AXIS2_PLACEMENT_3D ( 'NONE', #3094, #2403, #2428 ) ;
#4352 = EDGE_CURVE ( 'NONE', #1891, #2172, #4288, .T. ) ;
#4353 = LINE ( 'NONE', #110, #1086 ) ;
#4354 = CARTESIAN_POINT ( 'NONE',  ( 7.869338013195972259, 8.001068871567834861, -19.70298293237797438 ) ) ;
#4355 = PLANE ( 'NONE',  #924 ) ;
#4356 = CARTESIAN_POINT ( 'NONE',  ( -5.908170555001640345, 8.927396163781889271, 16.18812935040885037 ) ) ;
#4357 = CARTESIAN_POINT ( 'NONE',  ( -5.019999999996869633, 9.128836699312559588, 17.69999999999999929 ) ) ;
#4358 = CARTESIAN_POINT ( 'NONE',  ( -6.640106915224939677, 8.879298767274018900, 19.74424054307809939 ) ) ;
#4359 = VERTEX_POINT ( 'NONE', #2560 ) ;
#4360 = B_SPLINE_CURVE_WITH_KNOTS ( 'NONE', 3,
 ( #283, #2701, #2038, #2748, #1729, #4092 ),
 .UNSPECIFIED., .F., .F.,
 ( 4, 2, 4 ),
 ( 0.000000000000000000, 0.0006136379397404810631, 0.001227275879480962126 ),
 .UNSPECIFIED. ) ;
#4361 = CARTESIAN_POINT ( 'NONE',  ( 6.557227932091530320, 8.878043267262549776, -16.12858615113950123 ) ) ;
#4362 = CARTESIAN_POINT ( 'NONE',  ( -7.120248461334544032, 8.002670152784707724, 15.66780388448584738 ) ) ;
#4363 = CARTESIAN_POINT ( 'NONE',  ( -6.099999999991240429, 8.000000000000000000, 20.66316495683129872 ) ) ;
#4364 = ORIENTED_EDGE ( 'NONE', *, *, #2375, .T. ) ;
#4365 = CARTESIAN_POINT ( 'NONE',  ( -6.100000000000000533, 9.148469107761261654, 18.59999999999999787 ) ) ;
#4366 = AXIS2_PLACEMENT_3D ( 'NONE', #1485, #3923, #821 ) ;
#4367 = SURFACE_STYLE_USAGE ( .BOTH. , #3600 ) ;
#4368 = CARTESIAN_POINT ( 'NONE',  ( -7.000000000000000000, 6.500000000000000000, -15.10000000000000142 ) ) ;
#4369 = ORIENTED_EDGE ( 'NONE', *, *, #1482, .T. ) ;
#4370 = AXIS2_PLACEMENT_3D ( 'NONE', #1771, #2166, #1443 ) ;
#4371 = CARTESIAN_POINT ( 'NONE',  ( -6.760000000005870646, 9.097627908017891230, 18.30000000000000071 ) ) ;
#4372 = CARTESIAN_POINT ( 'NONE',  ( 3.409219280955845033, 8.001501743448189430, -19.22293284908300492 ) ) ;
#4373 = CARTESIAN_POINT ( 'NONE',  ( -4.016119834156371304, 7.996900704785782743, 20.00058187846769897 ) ) ;
#4374 = CARTESIAN_POINT ( 'NONE',  ( 6.100000000000000533, 8.005580216446061215, -20.66267385496850295 ) ) ;
#4375 = CARTESIAN_POINT ( 'NONE',  ( 7.000000000000000000, -4.999999999970310041E-05, 15.10000000000000142 ) ) ;
#4376 =( NAMED_UNIT ( * ) SI_UNIT ( $, .STERADIAN. ) SOLID_ANGLE_UNIT ( ) );
#4377 = CARTESIAN_POINT ( 'NONE',  ( -5.799999999999999822, 7.200000000000000178, 20.75000000000000000 ) ) ;
#4378 = COLOUR_RGB ( '',0.7529411764705882248, 0.7529411764705882248, 0.7529411764705882248 ) ;
#4379 = COLOUR_RGB ( '',0.7529411764705882248, 0.7529411764705882248, 0.7529411764705882248 ) ;
#4380 = ADVANCED_FACE ( 'NONE', ( #1820 ), #4227, .T. ) ;
#4381 = STYLED_ITEM ( 'NONE', ( #164 ), #597 ) ;
#4382 =( LENGTH_UNIT ( ) NAMED_UNIT ( * ) SI_UNIT ( .MILLI., .METRE. ) );
#4383 = VECTOR ( 'NONE', #3306, 1000.000000000000000 ) ;
#4384 = CARTESIAN_POINT ( 'NONE',  ( -7.401650228146650079, 7.997021490911490282, 20.15583124519969971 ) ) ;
#4385 = PRESENTATION_LAYER_ASSIGNMENT (  '', '', ( #3237 ) ) ;
#4386 =( NAMED_UNIT ( * ) SI_UNIT ( $, .STERADIAN. ) SOLID_ANGLE_UNIT ( ) );
#4387 = CARTESIAN_POINT ( 'NONE',  ( -5.500000000000003553, 8.207334272646740203, 20.64473116476139225 ) ) ;
#4388 = ORIENTED_EDGE ( 'NONE', *, *, #2250, .T. ) ;
#4389 = MECHANICAL_DESIGN_GEOMETRIC_PRESENTATION_REPRESENTATION (  '', ( #2056 ), #656 ) ;
#4390 = CARTESIAN_POINT ( 'NONE',  ( 7.206276350254479546, 8.993199035820250486, -17.21646442709670310 ) ) ;
#4391 = LINE ( 'NONE', #3979, #3774 ) ;
#4392 = CARTESIAN_POINT ( 'NONE',  ( -7.201260184847770418, 8.002403732088099630, 15.71555317052204437 ) ) ;
#4393 = ORIENTED_EDGE ( 'NONE', *, *, #1016, .F. ) ;
#4394 = UNCERTAINTY_MEASURE_WITH_UNIT (LENGTH_MEASURE( 1.000000000000000082E-05 ), #3609, 'distance_accuracy_value', 'NONE');
#4395 = CARTESIAN_POINT ( 'NONE',  ( -6.100000000000000533, 9.009630425852378721, 19.38455687233010138 ) ) ;
#4396 = CARTESIAN_POINT ( 'NONE',  ( 5.042779238536749808, 8.767310126931070258, -15.69343484075659845 ) ) ;
#4397 = ORIENTED_EDGE ( 'NONE', *, *, #363, .T. ) ;
#4398 = CARTESIAN_POINT ( 'NONE',  ( 4.487641954630588792, 8.705515234484227705, -20.27174598779034298 ) ) ;
#4399 = UNCERTAINTY_MEASURE_WITH_UNIT (LENGTH_MEASURE( 1.000000000000000082E-05 ), #2098, 'distance_accuracy_value', 'NONE');
#4400 = VECTOR ( 'NONE', #3734, 1000.000000000000000 ) ;
#4401 = CARTESIAN_POINT ( 'NONE',  ( -4.744674129440173971, 7.997962478545535880, 20.46388228736927672 ) ) ;
#4402 = FACE_OUTER_BOUND ( 'NONE', #2118, .T. ) ;
#4403 = SURFACE_SIDE_STYLE ('',( #3415 ) ) ;
#4404 = CARTESIAN_POINT ( 'NONE',  ( -4.659999999990669828, 9.064410602319739496, 17.69999999999999929 ) ) ;
#4405 = EDGE_CURVE ( 'NONE', #2270, #2496, #2000, .T. ) ;
#4406 = PRESENTATION_LAYER_ASSIGNMENT (  '', '', ( #3610 ) ) ;
#4407 = FACE_OUTER_BOUND ( 'NONE', #469, .T. ) ;
#4408 = CARTESIAN_POINT ( 'NONE',  ( -7.325356284704430010, 8.881829866805411200, 16.80306164718565043 ) ) ;
#4409 = LINE ( 'NONE', #1264, #3235 ) ;
#4410 = AXIS2_PLACEMENT_3D ( 'NONE', #886, #1881, #2224 ) ;
#4411 = CARTESIAN_POINT ( 'NONE',  ( 6.557227932091500122, 9.168720886514929447, -17.86919139267099865 ) ) ;
#4412 = EDGE_CURVE ( 'NONE', #1649, #809, #2004, .T. ) ;
#4413 = PRESENTATION_STYLE_ASSIGNMENT (( #557 ) ) ;
#4414 = CARTESIAN_POINT ( 'NONE',  ( -8.475532343283299852, 8.002417806875358863, 18.15115722331239567 ) ) ;
#4415 = CARTESIAN_POINT ( 'NONE',  ( -6.099999999999821121, 8.881071736857711230, 19.90759478721679798 ) ) ;
#4416 = ORIENTED_EDGE ( 'NONE', *, *, #3418, .F. ) ;
#4417 =( LENGTH_UNIT ( ) NAMED_UNIT ( * ) SI_UNIT ( .MILLI., .METRE. ) );
#4418 = DIRECTION ( 'NONE',  ( -1.000000000000000000, 0.000000000000000000, 0.000000000000000000 ) ) ;
#4419 = CARTESIAN_POINT ( 'NONE',  ( 7.638974699569529569, 8.621967225278931224, -15.69343484075665174 ) ) ;
#4420 = VERTEX_POINT ( 'NONE', #1700 ) ;
#4421 = LINE ( 'NONE', #2690, #1788 ) ;
#4422 = CARTESIAN_POINT ( 'NONE',  ( 7.638974699569470062, 8.893326469595619344, -18.73432680013234730 ) ) ;
#4423 = UNCERTAINTY_MEASURE_WITH_UNIT (LENGTH_MEASURE( 1.000000000000000082E-05 ), #2321, 'distance_accuracy_value', 'NONE');
#4424 = CARTESIAN_POINT ( 'NONE',  ( -5.499994217401678931, 7.999341431645341061, 20.66322247929024769 ) ) ;
#4425 = FILL_AREA_STYLE_COLOUR ( '', #1382 ) ;
#4426 =( GEOMETRIC_REPRESENTATION_CONTEXT ( 3 ) GLOBAL_UNCERTAINTY_ASSIGNED_CONTEXT ( ( #1074 ) ) GLOBAL_UNIT_ASSIGNED_CONTEXT ( ( #3806, #2383, #2068 ) ) REPRESENTATION_CONTEXT ( 'NONE', 'WORKASPACE' ) );
#4427 = FACE_OUTER_BOUND ( 'NONE', #3054, .T. ) ;
#4428 = CARTESIAN_POINT ( 'NONE',  ( 7.285336143458210678, 8.002128132353568901, -20.23715316895095029 ) ) ;
#4429 = STYLED_ITEM ( 'NONE', ( #2242 ), #411 ) ;
#4430 = CARTESIAN_POINT ( 'NONE',  ( 3.905361517117130088, 7.996899100058628029, -16.10276015500239311 ) ) ;
#4431 = CARTESIAN_POINT ( 'NONE',  ( -8.386957947994174489, 8.707116210356575792, 18.43622278096535894 ) ) ;
#4432 = CARTESIAN_POINT ( 'NONE',  ( 6.542612628522070928, 8.884264764900487776, -19.80187211263427116 ) ) ;
#4433 = DIRECTION ( 'NONE',  ( 0.000000000000000000, 1.000000000000000000, 0.000000000000000000 ) ) ;
#4434 = CARTESIAN_POINT ( 'NONE',  ( -5.500000000000000000, 8.953319471075490199, 16.35104592129290069 ) ) ;
#4435 = DIRECTION ( 'NONE',  ( -0.7071067811865480168, 0.000000000000000000, -0.7071067811865470176 ) ) ;
#4436 = CARTESIAN_POINT ( 'NONE',  ( -6.597905646809632429, 8.004335019575787413, 15.43634306986383464 ) ) ;
#4437 = CARTESIAN_POINT ( 'NONE',  ( -8.071671243412039232, 8.556513994575290383, 15.75814525331985294 ) ) ;
#4438 = ORIENTED_EDGE ( 'NONE', *, *, #2063, .F. ) ;
#4439 = EDGE_CURVE ( 'NONE', #3307, #1340, #3181, .T. ) ;
#4440 = SURFACE_STYLE_FILL_AREA ( #882 ) ;
#4441 = CARTESIAN_POINT ( 'NONE',  ( -6.100000000000000533, 8.946897082230270470, 19.64607582977345146 ) ) ;
#4442 = CARTESIAN_POINT ( 'NONE',  ( 5.042779238536749808, 8.878044138722479772, -16.12858615113950123 ) ) ;
#4443 = CARTESIAN_POINT ( 'NONE',  ( -3.528326951273744960, 8.701760249112920675, 16.61811344749784780 ) ) ;
#4444 = ORIENTED_EDGE ( 'NONE', *, *, #4102, .F. ) ;
#4445 = SURFACE_STYLE_USAGE ( .BOTH. , #1997 ) ;
#4446 = CARTESIAN_POINT ( 'NONE',  ( 5.042779238536689412, 9.007500276434869946, -19.38188655240215397 ) ) ;
#4447 = STYLED_ITEM ( 'NONE', ( #646 ), #3804 ) ;
#4448 = CARTESIAN_POINT ( 'NONE',  ( -3.179697360139714934, 8.002545845519417611, 17.43217967302686588 ) ) ;
#4449 = FACE_OUTER_BOUND ( 'NONE', #2431, .T. ) ;
#4450 = CARTESIAN_POINT ( 'NONE',  ( 7.460645568024249386, 8.879603379746228597, -16.98021267750000263 ) ) ;
#4451 = CARTESIAN_POINT ( 'NONE',  ( 3.660372111347148572, 8.001532852973431531, -19.61457417700932737 ) ) ;
#4452 = CARTESIAN_POINT ( 'NONE',  ( -7.520293281762255866, 8.704502685233114434, 16.01894659233218121 ) ) ;
#4453 = LINE ( 'NONE', #3843, #3073 ) ;
#4454 = PRESENTATION_LAYER_ASSIGNMENT (  '', '', ( #3727 ) ) ;
#4455 = CARTESIAN_POINT ( 'NONE',  ( -5.405571098928110274, 8.886142559592610013, 16.08998151308765046 ) ) ;
#4456 = PRESENTATION_LAYER_ASSIGNMENT (  '', '', ( #2268 ) ) ;
#4457 = CARTESIAN_POINT ( 'NONE',  ( -7.500000000000000000, 0.000000000000000000, 24.00000000000000000 ) ) ;
#4458 = DIRECTION ( 'NONE',  ( 0.000000000000000000, -1.000000000000000000, 0.000000000000000000 ) ) ;
#4459 = CARTESIAN_POINT ( 'NONE',  ( -8.504371381094150806, 8.679672226845200456, 17.91323295206919752 ) ) ;
#4460 = ORIENTED_EDGE ( 'NONE', *, *, #1974, .T. ) ;
#4461 = EDGE_CURVE ( 'NONE', #3020, #3307, #2782, .T. ) ;
#4462 = LINE ( 'NONE', #1318, #2758 ) ;
#4463 = CARTESIAN_POINT ( 'NONE',  ( -6.400000000000000355, 9.151281936512539517, 17.69999999999999929 ) ) ;
#4464 = CARTESIAN_POINT ( 'NONE',  ( 8.071673048884539625, 8.550330827770629583, -15.69343484075665174 ) ) ;
#4465 = CARTESIAN_POINT ( 'NONE',  ( -8.071671243412049890, 8.701760645613100920, 16.61811344749779806 ) ) ;
#4466 = ORIENTED_EDGE ( 'NONE', *, *, #3503, .F. ) ;
#4467 = DIRECTION ( 'NONE',  ( 0.000000000000000000, 0.000000000000000000, 1.000000000000000000 ) ) ;
#4468 = CARTESIAN_POINT ( 'NONE',  ( 7.206276350254429808, 8.705426590597580727, -20.24185474655899952 ) ) ;
#4469 =( GEOMETRIC_REPRESENTATION_CONTEXT ( 3 ) GLOBAL_UNCERTAINTY_ASSIGNED_CONTEXT ( ( #1470 ) ) GLOBAL_UNIT_ASSIGNED_CONTEXT ( ( #3159, #2122, #4519 ) ) REPRESENTATION_CONTEXT ( 'NONE', 'WORKASPACE' ) );
#4470 = CARTESIAN_POINT ( 'NONE',  ( -5.500000000000000000, 8.005580216442629293, 15.33732614503115066 ) ) ;
#4471 = CARTESIAN_POINT ( 'NONE',  ( 6.400000000000000355, 10.00000000000000000, -17.39999999999999858 ) ) ;
#4472 = EDGE_CURVE ( 'NONE', #3853, #3004, #3554, .T. ) ;
#4473 = VERTEX_POINT ( 'NONE', #3478 ) ;
#4474 = CARTESIAN_POINT ( 'NONE',  ( 8.106188146788309012, 7.998274037705440875, -16.59181709327669552 ) ) ;
#4475 = STYLED_ITEM ( 'NONE', ( #1138 ), #1381 ) ;
#4476 = CARTESIAN_POINT ( 'NONE',  ( -6.100000000000000533, 8.886167925256099664, 16.08880739981900021 ) ) ;
#4477 = CARTESIAN_POINT ( 'NONE',  ( -7.140309929863279947, 8.002593936479870607, 15.67322437922034872 ) ) ;
#4478 = CARTESIAN_POINT ( 'NONE',  ( 7.692976922926932026, 8.883670595478982079, -18.45593592239871228 ) ) ;
#4479 = CARTESIAN_POINT ( 'NONE',  ( -4.314663856540519760, 8.002128132353849566, 15.76284683105004802 ) ) ;
#4480 =( GEOMETRIC_REPRESENTATION_CONTEXT ( 3 ) GLOBAL_UNCERTAINTY_ASSIGNED_CONTEXT ( ( #4275 ) ) GLOBAL_UNIT_ASSIGNED_CONTEXT ( ( #458, #3187, #1492 ) ) REPRESENTATION_CONTEXT ( 'NONE', 'WORKASPACE' ) );
#4481 = CARTESIAN_POINT ( 'NONE',  ( 7.120000000000429985, 9.024191765715020352, -17.69999999999999929 ) ) ;
#4482 = SURFACE_STYLE_FILL_AREA ( #3165 ) ;
#4483 =( LENGTH_UNIT ( ) NAMED_UNIT ( * ) SI_UNIT ( .MILLI., .METRE. ) );
#4484 = CARTESIAN_POINT ( 'NONE',  ( -5.691820486160620085, 9.214388450803859598, 17.91323295206925081 ) ) ;
#4485 = ORIENTED_EDGE ( 'NONE', *, *, #394, .T. ) ;
#4486 =( GEOMETRIC_REPRESENTATION_CONTEXT ( 3 ) GLOBAL_UNCERTAINTY_ASSIGNED_CONTEXT ( ( #1105 ) ) GLOBAL_UNIT_ASSIGNED_CONTEXT ( ( #2596, #3988, #2247 ) ) REPRESENTATION_CONTEXT ( 'NONE', 'WORKASPACE' ) );
#4487 = B_SPLINE_CURVE_WITH_KNOTS ( 'NONE', 3,
 ( #1639, #604, #4109, #4157, #3035, #4088 ),
 .UNSPECIFIED., .F., .F.,
 ( 4, 2, 4 ),
 ( 5.485677294651099516E-18, 0.0006136379397420124986, 0.001227275879484016107 ),
 .UNSPECIFIED. ) ;
#4488 =( NAMED_UNIT ( * ) SI_UNIT ( $, .STERADIAN. ) SOLID_ANGLE_UNIT ( ) );
#4489 = LINE ( 'NONE', #3170, #1959 ) ;
#4490 = CARTESIAN_POINT ( 'NONE',  ( -3.961025300574994468, 8.532552736894251311, 20.74171646962729909 ) ) ;
#4491 = ORIENTED_EDGE ( 'NONE', *, *, #1079, .T. ) ;
#4492 =( NAMED_UNIT ( * ) SI_UNIT ( $, .STERADIAN. ) SOLID_ANGLE_UNIT ( ) );
#4493 = CARTESIAN_POINT ( 'NONE',  ( 8.071673048884479229, 8.701760249089439014, -19.38188655240220015 ) ) ;
#4494 = ADVANCED_FACE ( 'NONE', ( #4193 ), #999, .T. ) ;
#4495 = DIRECTION ( 'NONE',  ( 0.000000000000000000, 0.000000000000000000, 1.000000000000000000 ) ) ;
#4496 = ORIENTED_EDGE ( 'NONE', *, *, #6, .F. ) ;
#4497 = CARTESIAN_POINT ( 'NONE',  ( 7.318088202323329128, 8.878714620290910631, -16.77839714544325034 ) ) ;
#4498 = EDGE_CURVE ( 'NONE', #2024, #1295, #4214, .T. ) ;
#4499 = CARTESIAN_POINT ( 'NONE',  ( 3.124483946281923608, 8.002417351865062756, -17.84856990969643675 ) ) ;
#4500 = CARTESIAN_POINT ( 'NONE',  ( -8.051137917608304662, 8.703352753668605502, 19.37889905207740071 ) ) ;
#4501 = CARTESIAN_POINT ( 'NONE',  ( -6.100000000000000533, 9.152261391118649669, 17.39999999999999858 ) ) ;
#4502 = VECTOR ( 'NONE', #3023, 1000.000000000000000 ) ;
#4503 = CARTESIAN_POINT ( 'NONE',  ( 6.760000000000220943, 9.097627894118689440, -17.69999999999999929 ) ) ;
#4504 = LINE ( 'NONE', #2774, #3349 ) ;
#4505 = CARTESIAN_POINT ( 'NONE',  ( 0.000000000000000000, 8.000000000000000000, 0.000000000000000000 ) ) ;
#4506 = CARTESIAN_POINT ( 'NONE',  ( -5.691820486160610315, 9.175903152100348237, 17.26567319978354931 ) ) ;
#4507 = ORIENTED_EDGE ( 'NONE', *, *, #2952, .T. ) ;
#4508 = CARTESIAN_POINT ( 'NONE',  ( 7.500000000000000000, 6.500000000000000000, -24.00000000000000000 ) ) ;
#4509 = SURFACE_SIDE_STYLE ('',( #1734 ) ) ;
#4510 = CARTESIAN_POINT ( 'NONE',  ( -5.908170555001670543, 9.162702263548279547, 18.78353557285635134 ) ) ;
#4511 = ORIENTED_EDGE ( 'NONE', *, *, #2094, .T. ) ;
#4512 = DIRECTION ( 'NONE',  ( 0.000000000000000000, 0.000000000000000000, 1.000000000000000000 ) ) ;
#4513 = CARTESIAN_POINT ( 'NONE',  ( 6.100000000000000533, 8.881071743730540646, -16.09240522659470329 ) ) ;
#4514 = CARTESIAN_POINT ( 'NONE',  ( 4.393729031992810619, 8.599490281286440663, -20.67183884363735302 ) ) ;
#4515 = ORIENTED_EDGE ( 'NONE', *, *, #791, .F. ) ;
#4516 = CARTESIAN_POINT ( 'NONE',  ( 8.484287741292311225, 8.002726976538010462, -18.07089446365485230 ) ) ;
#4517 = AXIS2_PLACEMENT_3D ( 'NONE', #1764, #2803, #1368 ) ;
#4518 = COLOUR_RGB ( '',0.7529411764705882248, 0.7529411764705882248, 0.7529411764705882248 ) ;
#4519 =( NAMED_UNIT ( * ) SI_UNIT ( $, .STERADIAN. ) SOLID_ANGLE_UNIT ( ) );
#4520 = ADVANCED_FACE ( 'NONE', ( #1028 ), #3499, .T. ) ;
#4521 = CARTESIAN_POINT ( 'NONE',  ( 3.208644071068301962, 8.000936221755264199, -17.29607702400149805 ) ) ;
#4522 = CARTESIAN_POINT ( 'NONE',  ( -8.300000000000000711, 6.500000000000000000, 20.10000000000000142 ) ) ;
#4523 = ADVANCED_FACE ( 'NONE', ( #4256 ), #1109, .T. ) ;
#4524 = CARTESIAN_POINT ( 'NONE',  ( -3.908694737015844911, 8.883760474300540722, 17.58039317819125102 ) ) ;
#4525 =( GEOMETRIC_REPRESENTATION_CONTEXT ( 3 ) GLOBAL_UNCERTAINTY_ASSIGNED_CONTEXT ( ( #904 ) ) GLOBAL_UNIT_ASSIGNED_CONTEXT ( ( #1375, #1039, #1749 ) ) REPRESENTATION_CONTEXT ( 'NONE', 'WORKASPACE' ) );
#4526 = VECTOR ( 'NONE', #2534, 1000.000000000000000 ) ;
#4527 = CARTESIAN_POINT ( 'NONE',  ( -5.908170555001659885, 9.212319621132069258, 18.13080860726604726 ) ) ;
#4528 = ORIENTED_EDGE ( 'NONE', *, *, #4046, .T. ) ;
#4529 =( GEOMETRIC_REPRESENTATION_CONTEXT ( 3 ) GLOBAL_UNCERTAINTY_ASSIGNED_CONTEXT ( ( #174 ) ) GLOBAL_UNIT_ASSIGNED_CONTEXT ( ( #1852, #4324, #3245 ) ) REPRESENTATION_CONTEXT ( 'NONE', 'WORKASPACE' ) );
#4530 = SURFACE_STYLE_FILL_AREA ( #663 ) ;
#4531 = CARTESIAN_POINT ( 'NONE',  ( 4.299999999999999822, 8.983875264080209533, -18.30000000000000071 ) ) ;
#4532 = FILL_AREA_STYLE ('',( #1735 ) ) ;
#4533 = ORIENTED_EDGE ( 'NONE', *, *, #869, .T. ) ;
#4534 =( LENGTH_UNIT ( ) NAMED_UNIT ( * ) SI_UNIT ( .MILLI., .METRE. ) );
#4535 = SURFACE_SIDE_STYLE ('',( #2093 ) ) ;
#4536 = CARTESIAN_POINT ( 'NONE',  ( 6.100000000000000533, 9.067108352992420350, -16.87696209063789965 ) ) ;
#4537 = CARTESIAN_POINT ( 'NONE',  ( 7.638974699569439863, 8.538624224129671703, -20.67183884363745250 ) ) ;
#4538 = ORIENTED_EDGE ( 'NONE', *, *, #3013, .F. ) ;
ENDSEC;
END-ISO-10303-21;
