ISO-10303-21;
HEADER;
FILE_DESCRIPTION (( 'STEP AP214' ),
    '1' );
FILE_NAME ('SY7000-26-20A.STEP',
    '2026-05-04T06:00:33',
    ( '' ),
    ( '' ),
    'SwSTEP 2.0',
    'SolidWorks 2020',
    '' );
FILE_SCHEMA (( 'AUTOMOTIVE_DESIGN' ));
ENDSEC;

DATA;
#1 = FILL_AREA_STYLE ('',( #2580 ) ) ;
#2 = CARTESIAN_POINT ( 'NONE',  ( -6.472716780818080551, 10.69749890911477941, 23.43575414388230271 ) ) ;
#3 = CARTESIAN_POINT ( 'NONE',  ( 6.949775417037973746, 9.551585452495165995, -17.59211670608349465 ) ) ;
#4 =( NAMED_UNIT ( * ) PLANE_ANGLE_UNIT ( ) SI_UNIT ( $, .RADIAN. ) );
#5 = LINE ( 'NONE', #2203, #2119 ) ;
#6 = VECTOR ( 'NONE', #772, 1000.000000000000000 ) ;
#7 = VERTEX_POINT ( 'NONE', #2004 ) ;
#8 = CARTESIAN_POINT ( 'NONE',  ( -6.479163607920130019, 10.70259062083730051, 18.57616781407259765 ) ) ;
#9 = PRESENTATION_LAYER_ASSIGNMENT (  '', '', ( #3310 ) ) ;
#10 = CIRCLE ( 'NONE', #2055, 3.800000000000001155 ) ;
#11 = STYLED_ITEM ( 'NONE', ( #3083 ), #1403 ) ;
#12 = VECTOR ( 'NONE', #2642, 1000.000000000000000 ) ;
#13 = ORIENTED_EDGE ( 'NONE', *, *, #3072, .F. ) ;
#14 = LINE ( 'NONE', #2835, #1965 ) ;
#15 = CARTESIAN_POINT ( 'NONE',  ( 6.359468644145223948, 10.46872181512901001, -17.67189751739861237 ) ) ;
#16 = CARTESIAN_POINT ( 'NONE',  ( -7.667817859750559961, 10.47035926873810929, 17.78016619092041495 ) ) ;
#17 = AXIS2_PLACEMENT_3D ( 'NONE', #1331, #554, #3345 ) ;
#18 = CARTESIAN_POINT ( 'NONE',  ( 5.009175246581030194, 10.59045336042951924, -23.30570379834979988 ) ) ;
#19 = EDGE_LOOP ( 'NONE', ( #142, #3157, #1405, #1588 ) ) ;
#20 = CARTESIAN_POINT ( 'NONE',  ( 6.799999999999999822, 7.500000000000000000, -21.00000000000000000 ) ) ;
#21 = CARTESIAN_POINT ( 'NONE',  ( 4.700000000000000178, 7.500000000000000000, 10.50000000000000000 ) ) ;
#22 = EDGE_CURVE ( 'NONE', #2087, #840, #2506, .T. ) ;
#23 = CARTESIAN_POINT ( 'NONE',  ( 9.000000000000000000, 7.500000000000000000, 28.50000000000000000 ) ) ;
#24 = PRESENTATION_STYLE_ASSIGNMENT (( #3440 ) ) ;
#25 = PRESENTATION_LAYER_ASSIGNMENT (  '', '', ( #1604 ) ) ;
#26 = CARTESIAN_POINT ( 'NONE',  ( -6.464592917114035941, 9.551422944012639249, 24.39879988593814630 ) ) ;
#27 =( NAMED_UNIT ( * ) PLANE_ANGLE_UNIT ( ) SI_UNIT ( $, .RADIAN. ) );
#28 = AXIS2_PLACEMENT_3D ( 'NONE', #3572, #1821, #2706 ) ;
#29 = DIRECTION ( 'NONE',  ( 0.000000000000000000, -1.000000000000000000, 0.000000000000000000 ) ) ;
#30 = SURFACE_STYLE_FILL_AREA ( #302 ) ;
#31 = CARTESIAN_POINT ( 'NONE',  ( -6.364238470295994432, 10.47162170014921578, 17.69397359915986101 ) ) ;
#32 = ORIENTED_EDGE ( 'NONE', *, *, #873, .F. ) ;
#33 = CARTESIAN_POINT ( 'NONE',  ( -6.800000004150059674, 9.558035487562667853, 17.59256611076984811 ) ) ;
#34 = CARTESIAN_POINT ( 'NONE',  ( 4.722512164803669421, 9.548287131491159485, -18.28895974664694890 ) ) ;
#35 = CARTESIAN_POINT ( 'NONE',  ( -9.237722191047240017, 10.70027284180236116, 21.16287515155209675 ) ) ;
#36 = EDGE_LOOP ( 'NONE', ( #327, #1862, #1902, #590 ) ) ;
#37 = SURFACE_STYLE_USAGE ( .BOTH. , #2560 ) ;
#38 = FACE_OUTER_BOUND ( 'NONE', #61, .T. ) ;
#39 = LINE ( 'NONE', #1682, #1074 ) ;
#40 = ADVANCED_FACE ( 'NONE', ( #1397 ), #2549, .F. ) ;
#41 = CARTESIAN_POINT ( 'NONE',  ( 0.000000000000000000, 5.500000000000000000, 0.000000000000000000 ) ) ;
#42 =( NAMED_UNIT ( * ) SI_UNIT ( $, .STERADIAN. ) SOLID_ANGLE_UNIT ( ) );
#43 = FILL_AREA_STYLE_COLOUR ( '', #3079 ) ;
#44 =( NAMED_UNIT ( * ) SI_UNIT ( $, .STERADIAN. ) SOLID_ANGLE_UNIT ( ) );
#45 = PRESENTATION_STYLE_ASSIGNMENT (( #626 ) ) ;
#46 = DIRECTION ( 'NONE',  ( 0.000000000000000000, -0.9961946980917455452, 0.08715574274765836016 ) ) ;
#47 = ORIENTED_EDGE ( 'NONE', *, *, #932, .F. ) ;
#48 = CARTESIAN_POINT ( 'NONE',  ( -5.812450674877473134, 9.556437002781020595, 17.73805588138194267 ) ) ;
#49 = SURFACE_STYLE_USAGE ( .BOTH. , #3138 ) ;
#50 = CARTESIAN_POINT ( 'NONE',  ( -9.445998021026237979, 10.46582085765917469, 18.96974187238784637 ) ) ;
#51 = CARTESIAN_POINT ( 'NONE',  ( 9.141840548619558859, 10.37342550854348033, -23.85075047422139960 ) ) ;
#52 = ORIENTED_EDGE ( 'NONE', *, *, #2253, .T. ) ;
#53 = DIRECTION ( 'NONE',  ( 0.9999997011829604432, -1.118018133238762574E-05, -0.0007729870592238603441 ) ) ;
#54 = CARTESIAN_POINT ( 'NONE',  ( -9.160374875319440946, 10.69981023581572188, 20.36537237286040281 ) ) ;
#55 = CARTESIAN_POINT ( 'NONE',  ( 9.000000000000000000, 7.500049999999999883, 25.30000000000000071 ) ) ;
#56 = FACE_OUTER_BOUND ( 'NONE', #172, .T. ) ;
#57 = CARTESIAN_POINT ( 'NONE',  ( 9.000000000000000000, 0.000000000000000000, 28.50000000000000000 ) ) ;
#58 = ADVANCED_FACE ( 'NONE', ( #1257 ), #3602, .T. ) ;
#59 = FILL_AREA_STYLE ('',( #2811 ) ) ;
#60 = CARTESIAN_POINT ( 'NONE',  ( 5.720401012986195077, 10.46943278191026749, -24.15525250154570713 ) ) ;
#61 = EDGE_LOOP ( 'NONE', ( #1927, #2871, #3299, #706, #1088, #2299, #2408, #491, #32, #2763, #2103, #3134, #1440, #1299, #255, #3409, #3488, #3365, #3388, #332, #2748, #2676, #2224, #886, #2614, #2424, #3043, #315 ) ) ;
#62 = CARTESIAN_POINT ( 'NONE',  ( -3.580185337858455608, 10.46920192445023012, 20.13120590121893372 ) ) ;
#63 = AXIS2_PLACEMENT_3D ( 'NONE', #55, #882, #1683 ) ;
#64 = ORIENTED_EDGE ( 'NONE', *, *, #2447, .F. ) ;
#65 = CARTESIAN_POINT ( 'NONE',  ( -4.065933634870595448, 9.549191239763274552, 23.03794070352761025 ) ) ;
#66 = FILL_AREA_STYLE ('',( #1694 ) ) ;
#67 = COLOUR_RGB ( '',0.7529411764705882248, 0.7529411764705882248, 0.7529411764705882248 ) ;
#68 = CARTESIAN_POINT ( 'NONE',  ( -9.369106632905550569, 9.552548537465829881, 18.74989132025195104 ) ) ;
#69 = STYLED_ITEM ( 'NONE', ( #2076 ), #1518 ) ;
#70 = VECTOR ( 'NONE', #2999, 1000.000000000000000 ) ;
#71 = CARTESIAN_POINT ( 'NONE',  ( 4.458154878582389458, 10.37342460772402042, -23.85075047422139960 ) ) ;
#72 = ORIENTED_EDGE ( 'NONE', *, *, #1755, .F. ) ;
#73 = CARTESIAN_POINT ( 'NONE',  ( 7.676971574480417893, 10.46716922685233619, -17.76024005933478733 ) ) ;
#74 = CARTESIAN_POINT ( 'NONE',  ( 4.700000000000000178, 7.500000000000000000, 8.500000000000000000 ) ) ;
#75 = PRESENTATION_LAYER_ASSIGNMENT (  '', '', ( #2000 ) ) ;
#76 = AXIS2_PLACEMENT_3D ( 'NONE', #1745, #2890, #365 ) ;
#77 = CARTESIAN_POINT ( 'NONE',  ( 6.798110231910110102, 10.70288022204710110, -23.43958884310034918 ) ) ;
#78 = AXIS2_PLACEMENT_3D ( 'NONE', #145, #2394, #991 ) ;
#79 = PRESENTATION_STYLE_ASSIGNMENT (( #2339 ) ) ;
#80 = CARTESIAN_POINT ( 'NONE',  ( -4.294492006930397565, 10.46567764352859520, 18.79887269114151138 ) ) ;
#81 = EDGE_CURVE ( 'NONE', #3525, #2346, #925, .T. ) ;
#82 = EDGE_LOOP ( 'NONE', ( #3316, #496, #967, #3252 ) ) ;
#83 = CARTESIAN_POINT ( 'NONE',  ( -5.050551474843475219, 9.548748350577609401, 23.92746456479092743 ) ) ;
#84 = FACE_OUTER_BOUND ( 'NONE', #19, .T. ) ;
#85 = CARTESIAN_POINT ( 'NONE',  ( 5.835706938765240714, 11.01802770403651976, -21.93981217325424993 ) ) ;
#86 = ORIENTED_EDGE ( 'NONE', *, *, #2610, .F. ) ;
#87 = CARTESIAN_POINT ( 'NONE',  ( -8.097223390163041046, 9.549665675751382921, 24.15164610493091502 ) ) ;
#88 = SURFACE_STYLE_USAGE ( .BOTH. , #2125 ) ;
#89 = MECHANICAL_DESIGN_GEOMETRIC_PRESENTATION_REPRESENTATION (  '', ( #1036 ), #3571 ) ;
#90 = CARTESIAN_POINT ( 'NONE',  ( -5.009175242083970581, 10.71036188590299965, 19.23934287744884841 ) ) ;
#91 = FACE_OUTER_BOUND ( 'NONE', #2246, .T. ) ;
#92 = UNCERTAINTY_MEASURE_WITH_UNIT (LENGTH_MEASURE( 1.000000000000000082E-05 ), #2812, 'distance_accuracy_value', 'NONE');
#93 = CARTESIAN_POINT ( 'NONE',  ( 5.570929584890490283, 10.69865652387758104, -23.11515850135989680 ) ) ;
#94 = CARTESIAN_POINT ( 'NONE',  ( 9.000000000000000000, 0.000000000000000000, 28.50000000000000000 ) ) ;
#95 = CARTESIAN_POINT ( 'NONE',  ( -5.300979899830407405, 10.69342051384024828, 22.95034214102028258 ) ) ;
#96 = CARTESIAN_POINT ( 'NONE',  ( -4.766704018148400834, 10.46377115276422387, 23.64371046027866186 ) ) ;
#97 = ORIENTED_EDGE ( 'NONE', *, *, #2656, .F. ) ;
#98 = CARTESIAN_POINT ( 'NONE',  ( -3.677828439831989371, 9.553720347816051728, 19.63417062242351818 ) ) ;
#99 = CARTESIAN_POINT ( 'NONE',  ( 4.603069280279397546, 10.46363257599127294, -18.49036433877508401 ) ) ;
#100 = LINE ( 'NONE', #138, #493 ) ;
#101 = ADVANCED_FACE ( 'NONE', ( #2688 ), #2400, .F. ) ;
#102 = CARTESIAN_POINT ( 'NONE',  ( 6.937749955135009472, 11.05491400244464018, -20.01577413062105038 ) ) ;
#103 = ORIENTED_EDGE ( 'NONE', *, *, #3500, .F. ) ;
#104 = CARTESIAN_POINT ( 'NONE',  ( -9.177057807795993227, 9.548390054848205466, 23.44264846034626260 ) ) ;
#105 =( NAMED_UNIT ( * ) SI_UNIT ( $, .STERADIAN. ) SOLID_ANGLE_UNIT ( ) );
#106 = CARTESIAN_POINT ( 'NONE',  ( -8.500000000000000000, 0.000000000000000000, -17.19999999999999929 ) ) ;
#107 = EDGE_CURVE ( 'NONE', #3525, #1044, #1581, .T. ) ;
#108 =( NAMED_UNIT ( * ) PLANE_ANGLE_UNIT ( ) SI_UNIT ( $, .RADIAN. ) );
#109 = CARTESIAN_POINT ( 'NONE',  ( -9.692863205367119761, 10.16986666105450077, 17.60420284981344707 ) ) ;
#110 = FACE_OUTER_BOUND ( 'NONE', #1747, .T. ) ;
#111 = CARTESIAN_POINT ( 'NONE',  ( 8.923166333658040017, 9.548298858795146060, -18.32448697569945040 ) ) ;
#112 =( NAMED_UNIT ( * ) SI_UNIT ( $, .STERADIAN. ) SOLID_ANGLE_UNIT ( ) );
#113 =( LENGTH_UNIT ( ) NAMED_UNIT ( * ) SI_UNIT ( .MILLI., .METRE. ) );
#114 = CARTESIAN_POINT ( 'NONE',  ( -5.713630152053700506, 10.69466301749661952, 23.18817634390135041 ) ) ;
#115 = ORIENTED_EDGE ( 'NONE', *, *, #1830, .T. ) ;
#116 = CARTESIAN_POINT ( 'NONE',  ( -3.459256501611245316, 9.553776354928858794, 21.68190827597122450 ) ) ;
#117 = CARTESIAN_POINT ( 'NONE',  ( 4.089973033950315084, 9.552603044061589443, -23.07841728105064760 ) ) ;
#118 = CARTESIAN_POINT ( 'NONE',  ( 4.700000000000000178, 5.500000000000000000, 23.69999999999999929 ) ) ;
#119 = CARTESIAN_POINT ( 'NONE',  ( 9.141840548619558859, 10.73525672170779899, -20.84316895067799891 ) ) ;
#120 =( GEOMETRIC_REPRESENTATION_CONTEXT ( 3 ) GLOBAL_UNCERTAINTY_ASSIGNED_CONTEXT ( ( #1158 ) ) GLOBAL_UNIT_ASSIGNED_CONTEXT ( ( #2804, #2161, #277 ) ) REPRESENTATION_CONTEXT ( 'NONE', 'WORKASPACE' ) );
#121 = ORIENTED_EDGE ( 'NONE', *, *, #515, .T. ) ;
#122 = EDGE_CURVE ( 'NONE', #2087, #3230, #854, .T. ) ;
#123 = CYLINDRICAL_SURFACE ( 'NONE', #2481, 3.499999999999999556 ) ;
#124 = CARTESIAN_POINT ( 'NONE',  ( -9.900000000000000355, 0.000000000000000000, 23.90000000000000213 ) ) ;
#125 = PRESENTATION_LAYER_ASSIGNMENT (  '', '', ( #1360 ) ) ;
#126 = CARTESIAN_POINT ( 'NONE',  ( 5.569046496155147352, 10.69411762556251944, -18.87083513244357746 ) ) ;
#127 = CARTESIAN_POINT ( 'NONE',  ( -4.458154879582050256, 10.48286591801893941, 18.69429620157039906 ) ) ;
#128 = CONICAL_SURFACE ( 'NONE', #539, 3.499999999999999556, 0.08726646259971625186 ) ;
#129 = DIRECTION ( 'NONE',  ( -2.365645195190815169E-16, 0.000000000000000000, -1.000000000000000000 ) ) ;
#130 = SURFACE_STYLE_USAGE ( .BOTH. , #2967 ) ;
#131 = DIRECTION ( 'NONE',  ( 0.000000000000000000, -1.000000000000000000, 0.000000000000000000 ) ) ;
#132 = SURFACE_STYLE_FILL_AREA ( #2112 ) ;
#133 = CARTESIAN_POINT ( 'NONE',  ( -3.644492444763075323, 10.46840390114792463, 19.92116640142886297 ) ) ;
#134 = VECTOR ( 'NONE', #3563, 1000.000000000000000 ) ;
#135 = LINE ( 'NONE', #744, #2490 ) ;
#136 = ORIENTED_EDGE ( 'NONE', *, *, #379, .T. ) ;
#137 = CARTESIAN_POINT ( 'NONE',  ( 3.642834576901013310, 10.46842116409125367, -22.07396574169886350 ) ) ;
#138 = CARTESIAN_POINT ( 'NONE',  ( -4.700000000000000178, 5.500000000000000000, -23.69999999999999929 ) ) ;
#139 = CIRCLE ( 'NONE', #2191, 1.299999999999999822 ) ;
#140 = CARTESIAN_POINT ( 'NONE',  ( 7.764283927691709941, 11.06038416476551944, -20.84316895067799891 ) ) ;
#141 = STYLED_ITEM ( 'NONE', ( #45 ), #3275 ) ;
#142 = ORIENTED_EDGE ( 'NONE', *, *, #2325, .F. ) ;
#143 = CARTESIAN_POINT ( 'NONE',  ( -7.133773729657054474, 9.551424958157291201, 24.39896030642693958 ) ) ;
#144 = CARTESIAN_POINT ( 'NONE',  ( -9.900000000000000355, 7.500000000000000000, 23.90000000000000213 ) ) ;
#145 = CARTESIAN_POINT ( 'NONE',  ( -6.799999999999999822, 7.500000000000000000, 21.00000000000000000 ) ) ;
#146 = CARTESIAN_POINT ( 'NONE',  ( 4.685432966223847195, 10.69767853175305383, -22.22199030659841057 ) ) ;
#147 = CARTESIAN_POINT ( 'NONE',  ( -9.692863205367149959, 10.56148083109648184, 20.06018782668299849 ) ) ;
#148 = PRESENTATION_STYLE_ASSIGNMENT (( #1271 ) ) ;
#149 = EDGE_CURVE ( 'NONE', #2268, #3622, #299, .T. ) ;
#150 = CARTESIAN_POINT ( 'NONE',  ( 9.847705731850261657, 9.550758254044970030, -19.45134185839529195 ) ) ;
#151 = VECTOR ( 'NONE', #572, 1000.000000000000000 ) ;
#152 = CARTESIAN_POINT ( 'NONE',  ( 6.797384924822930330, 9.558035476054380197, -24.40743288675175293 ) ) ;
#153 = CARTESIAN_POINT ( 'NONE',  ( -6.155729211185969163, 10.69632795682110071, 23.37168145229204796 ) ) ;
#154 = PRODUCT_DEFINITION_FORMATION_WITH_SPECIFIED_SOURCE ( 'ANY', '', #2959, .NOT_KNOWN. ) ;
#155 = LINE ( 'NONE', #1861, #2380 ) ;
#156 = ORIENTED_EDGE ( 'NONE', *, *, #1224, .F. ) ;
#157 = CARTESIAN_POINT ( 'NONE',  ( 3.737146272204175279, 9.550901541106938453, -19.48883410748855383 ) ) ;
#158 = CARTESIAN_POINT ( 'NONE',  ( -9.900000000000000355, 7.500000000000000000, 19.37519231907280215 ) ) ;
#159 = CARTESIAN_POINT ( 'NONE',  ( 4.458154878582389458, 10.70544966283911847, -21.93981217325424993 ) ) ;
#160 = VERTEX_POINT ( 'NONE', #3361 ) ;
#161 = CARTESIAN_POINT ( 'NONE',  ( -9.373466951749348297, 9.552622286108533700, 18.76535081836891194 ) ) ;
#162 = DIRECTION ( 'NONE',  ( 0.000000000000000000, 0.000000000000000000, 1.000000000000000000 ) ) ;
#163 = DIRECTION ( 'NONE',  ( 1.000000000000000000, 0.000000000000000000, 0.000000000000000000 ) ) ;
#164 = CARTESIAN_POINT ( 'NONE',  ( -9.692863205367141077, 10.46012215034636128, 19.23934287744879867 ) ) ;
#165 = CARTESIAN_POINT ( 'NONE',  ( 6.797384924822930330, 9.558035476054389079, -24.40743288675175293 ) ) ;
#166 = CARTESIAN_POINT ( 'NONE',  ( 8.354261160228418248, 9.554658758027875010, -24.04465208668553799 ) ) ;
#167 = DIRECTION ( 'NONE',  ( 0.000000000000000000, 0.000000000000000000, -1.000000000000000000 ) ) ;
#168 = CARTESIAN_POINT ( 'NONE',  ( 4.259138323300991402, 9.552621829281441990, -23.27159802243971498 ) ) ;
#169 = EDGE_CURVE ( 'NONE', #3414, #617, #2240, .T. ) ;
#170 = DIRECTION ( 'NONE',  ( 0.000000000000000000, 1.000000000000000000, 0.000000000000000000 ) ) ;
#171 = UNCERTAINTY_MEASURE_WITH_UNIT (LENGTH_MEASURE( 1.000000000000000082E-05 ), #3329, 'distance_accuracy_value', 'NONE');
#172 = EDGE_LOOP ( 'NONE', ( #3029, #1527, #2649, #3107 ) ) ;
#173 = EDGE_CURVE ( 'NONE', #3321, #879, #2293, .T. ) ;
#174 =( NAMED_UNIT ( * ) PLANE_ANGLE_UNIT ( ) SI_UNIT ( $, .RADIAN. ) );
#175 = ORIENTED_EDGE ( 'NONE', *, *, #1713, .T. ) ;
#176 = CARTESIAN_POINT ( 'NONE',  ( -10.04493809348240063, 9.554338791319198165, 19.95702906961754053 ) ) ;
#177 = CARTESIAN_POINT ( 'NONE',  ( -9.756042969925161401, 9.550142604429421311, 22.71068136591609843 ) ) ;
#178 = CARTESIAN_POINT ( 'NONE',  ( 4.700000000000000178, 5.500000000000000000, 10.50000000000000000 ) ) ;
#179 = CARTESIAN_POINT ( 'NONE',  ( -10.24388585741015945, 10.32101675963822096, 22.81162068940774645 ) ) ;
#180 = CARTESIAN_POINT ( 'NONE',  ( 8.277603791147358336, 10.46783197865434190, -23.98977737364296914 ) ) ;
#181 = B_SPLINE_CURVE_WITH_KNOTS ( 'NONE', 3,
 ( #533, #1381, #1550, #453, #1567, #2417, #3552, #2862, #2623, #3417, #2582, #3473, #54, #1733, #1433, #2312, #1208, #898, #2016, #2841, #604, #3455, #919, #318, #2537, #2824 ),
 .UNSPECIFIED., .F., .F.,
 ( 4, 2, 2, 2, 2, 2, 2, 2, 2, 2, 2, 2, 4 ),
 ( 0.000000000000000000, 0.1250000000000014988, 0.2500000000000033307, 0.3125000000000042744, 0.3437500000000046629, 0.3750000000000051070, 0.4375000000000049960, 0.4687500000000050515, 0.5000000000000051070, 0.6250000000000037748, 0.7500000000000025535, 0.8750000000000012212, 1.000000000000000000 ),
 .UNSPECIFIED. ) ;
#182 =( GEOMETRIC_REPRESENTATION_CONTEXT ( 3 ) GLOBAL_UNCERTAINTY_ASSIGNED_CONTEXT ( ( #3096 ) ) GLOBAL_UNIT_ASSIGNED_CONTEXT ( ( #3105, #2558, #914 ) ) REPRESENTATION_CONTEXT ( 'NONE', 'WORKASPACE' ) );
#183 = VECTOR ( 'NONE', #2827, 1000.000000000000000 ) ;
#184 = CARTESIAN_POINT ( 'NONE',  ( 9.840907164091639459, 9.553391049180140371, -22.53956997542248075 ) ) ;
#185 = MECHANICAL_DESIGN_GEOMETRIC_PRESENTATION_REPRESENTATION (  '', ( #2173 ), #1702 ) ;
#186 = VECTOR ( 'NONE', #1095, 999.9999999999998863 ) ;
#187 =( NAMED_UNIT ( * ) PLANE_ANGLE_UNIT ( ) SI_UNIT ( $, .RADIAN. ) );
#188 = SURFACE_STYLE_USAGE ( .BOTH. , #2384 ) ;
#189 = CARTESIAN_POINT ( 'NONE',  ( 4.937542997726629856, 9.553779130062737934, -23.85601491128344165 ) ) ;
#190 = CARTESIAN_POINT ( 'NONE',  ( -5.923028416435410115, 10.46716923320554571, 24.23975993926148575 ) ) ;
#191 =( GEOMETRIC_REPRESENTATION_CONTEXT ( 3 ) GLOBAL_UNCERTAINTY_ASSIGNED_CONTEXT ( ( #171 ) ) GLOBAL_UNIT_ASSIGNED_CONTEXT ( ( #3329, #283, #1649 ) ) REPRESENTATION_CONTEXT ( 'NONE', 'WORKASPACE' ) );
#192 = CIRCLE ( 'NONE', #1598, 1.299999999999999156 ) ;
#193 = EDGE_LOOP ( 'NONE', ( #3396, #3447, #1054, #443 ) ) ;
#194 = FILL_AREA_STYLE_COLOUR ( '', #1253 ) ;
#195 = PRESENTATION_LAYER_ASSIGNMENT (  '', '', ( #2006 ) ) ;
#196 = EDGE_CURVE ( 'NONE', #986, #3172, #867, .T. ) ;
#197 = PLANE ( 'NONE',  #3487 ) ;
#198 = EDGE_LOOP ( 'NONE', ( #1399, #3331, #3267, #472, #3522, #3023 ) ) ;
#199 = CARTESIAN_POINT ( 'NONE',  ( -7.161474035204700606, 9.557819527189197473, 17.60443702108528541 ) ) ;
#200 = MECHANICAL_DESIGN_GEOMETRIC_PRESENTATION_REPRESENTATION (  '', ( #2853 ), #3560 ) ;
#201 = PRESENTATION_STYLE_ASSIGNMENT (( #3012 ) ) ;
#202 = CARTESIAN_POINT ( 'NONE',  ( -8.024642698056268841, 10.69419745759993923, 23.11404570461969854 ) ) ;
#203 = DIRECTION ( 'NONE',  ( 0.000000000000000000, 0.000000000000000000, 1.000000000000000000 ) ) ;
#204 = PRESENTATION_LAYER_ASSIGNMENT (  '', '', ( #141 ) ) ;
#205 = ORIENTED_EDGE ( 'NONE', *, *, #489, .T. ) ;
#206 = CARTESIAN_POINT ( 'NONE',  ( -9.141840553324190211, 10.73622545652055926, 20.88103277591724805 ) ) ;
#207 = CARTESIAN_POINT ( 'NONE',  ( 9.238047198436188268, 10.70056374023227974, -21.16167352795540069 ) ) ;
#208 = UNCERTAINTY_MEASURE_WITH_UNIT (LENGTH_MEASURE( 1.000000000000000082E-05 ), #904, 'distance_accuracy_value', 'NONE');
#209 = DIRECTION ( 'NONE',  ( 0.000000000000000000, 1.000000000000000000, 0.000000000000000000 ) ) ;
#210 = CARTESIAN_POINT ( 'NONE',  ( 6.466224077869795472, 9.551424958451560698, -17.60103990888434211 ) ) ;
#211 = UNCERTAINTY_MEASURE_WITH_UNIT (LENGTH_MEASURE( 1.000000000000000082E-05 ), #2329, 'distance_accuracy_value', 'NONE');
#212 = VECTOR ( 'NONE', #739, 1000.000000000000000 ) ;
#213 = ORIENTED_EDGE ( 'NONE', *, *, #959, .F. ) ;
#214 =( NAMED_UNIT ( * ) PLANE_ANGLE_UNIT ( ) SI_UNIT ( $, .RADIAN. ) );
#215 = PRESENTATION_STYLE_ASSIGNMENT (( #2747 ) ) ;
#216 = EDGE_LOOP ( 'NONE', ( #1670, #1619, #2873, #1389, #1924 ) ) ;
#217 = PLANE ( 'NONE',  #3202 ) ;
#218 = DIRECTION ( 'NONE',  ( 0.000000000000000000, 0.000000000000000000, -1.000000000000000000 ) ) ;
#219 = LINE ( 'NONE', #477, #1479 ) ;
#220 = EDGE_CURVE ( 'NONE', #2833, #1880, #3075, .T. ) ;
#221 = CYLINDRICAL_SURFACE ( 'NONE', #1132, 3.499999999999999556 ) ;
#222 = PLANE ( 'NONE',  #2472 ) ;
#223 = ORIENTED_EDGE ( 'NONE', *, *, #173, .F. ) ;
#224 = CARTESIAN_POINT ( 'NONE',  ( -4.458154879582090224, 10.69860750773879943, 21.98422586934044887 ) ) ;
#225 = CARTESIAN_POINT ( 'NONE',  ( 8.991201370265050841, 10.69816623321522009, -22.08589243819865189 ) ) ;
#226 = ADVANCED_FACE ( 'NONE', ( #2794 ), #2584, .F. ) ;
#227 = CARTESIAN_POINT ( 'NONE',  ( -4.700000000000000178, 5.500000000000000000, -8.500000000000000000 ) ) ;
#228 = CARTESIAN_POINT ( 'NONE',  ( 3.402950278296261288, 9.555185062503301907, -21.34928975007686702 ) ) ;
#229 = PLANE ( 'NONE',  #2555 ) ;
#230 = ORIENTED_EDGE ( 'NONE', *, *, #1157, .F. ) ;
#231 = CARTESIAN_POINT ( 'NONE',  ( 9.900000000000000355, 15.15310394545899975, -18.10000000000000142 ) ) ;
#232 = CARTESIAN_POINT ( 'NONE',  ( 5.835706938765240714, 10.69248256264689978, -18.63678276385940080 ) ) ;
#233 = ORIENTED_EDGE ( 'NONE', *, *, #3581, .T. ) ;
#234 = CARTESIAN_POINT ( 'NONE',  ( -10.20770269819392873, 9.555035671868100877, 21.07877923057042224 ) ) ;
#235 = CARTESIAN_POINT ( 'NONE',  ( 6.802637671927840302, 9.551586472405320549, -17.59200291578600073 ) ) ;
#236 = CARTESIAN_POINT ( 'NONE',  ( -6.798100851396119637, 10.69750258694103984, 23.43600550113384884 ) ) ;
#237 = SURFACE_SIDE_STYLE ('',( #2768 ) ) ;
#238 = CARTESIAN_POINT ( 'NONE',  ( -4.700000000000000178, 7.500000000000000000, -10.50000000000000000 ) ) ;
#239 = CARTESIAN_POINT ( 'NONE',  ( -10.24388585741013991, 10.43189040212745944, 20.88103277591719831 ) ) ;
#240 = CARTESIAN_POINT ( 'NONE',  ( 9.309838681523059378, 10.46382452999373491, -18.80333213262136383 ) ) ;
#241 = STYLED_ITEM ( 'NONE', ( #3544 ), #912 ) ;
#242 = EDGE_CURVE ( 'NONE', #2494, #3587, #1685, .T. ) ;
#243 = STYLED_ITEM ( 'NONE', ( #2601 ), #1139 ) ;
#244 = CARTESIAN_POINT ( 'NONE',  ( 3.644890583020672814, 9.553878203972965721, -22.28788251065470405 ) ) ;
#245 = STYLED_ITEM ( 'NONE', ( #725 ), #101 ) ;
#246 = UNCERTAINTY_MEASURE_WITH_UNIT (LENGTH_MEASURE( 1.000000000000000082E-05 ), #2727, 'distance_accuracy_value', 'NONE');
#247 = MECHANICAL_DESIGN_GEOMETRIC_PRESENTATION_REPRESENTATION (  '', ( #367 ), #1063 ) ;
#248 = MECHANICAL_DESIGN_GEOMETRIC_PRESENTATION_REPRESENTATION (  '', ( #3318 ), #2421 ) ;
#249 = EDGE_LOOP ( 'NONE', ( #3427, #3100, #729, #559, #3506 ) ) ;
#250 = VECTOR ( 'NONE', #3148, 1000.000000000000000 ) ;
#251 =( NAMED_UNIT ( * ) PLANE_ANGLE_UNIT ( ) SI_UNIT ( $, .RADIAN. ) );
#252 = PRESENTATION_LAYER_ASSIGNMENT (  '', '', ( #1180 ) ) ;
#253 = STYLED_ITEM ( 'NONE', ( #372 ), #1986 ) ;
#254 = SURFACE_STYLE_FILL_AREA ( #3608 ) ;
#255 = ORIENTED_EDGE ( 'NONE', *, *, #2422, .F. ) ;
#256 =( NAMED_UNIT ( * ) SI_UNIT ( $, .STERADIAN. ) SOLID_ANGLE_UNIT ( ) );
#257 = CARTESIAN_POINT ( 'NONE',  ( -8.877487826179669028, 9.548287135969228956, 23.71104025977620111 ) ) ;
#258 = FILL_AREA_STYLE_COLOUR ( '', #786 ) ;
#259 = VECTOR ( 'NONE', #2406, 1000.000000000000000 ) ;
#260 = PRESENTATION_LAYER_ASSIGNMENT (  '', '', ( #2853 ) ) ;
#261 = CARTESIAN_POINT ( 'NONE',  ( -5.835706930607430287, 10.69248256709051859, 23.36321723611935042 ) ) ;
#262 = CARTESIAN_POINT ( 'NONE',  ( 10.18602968054208091, 9.554504795805259576, -20.55597131286630130 ) ) ;
#263 = LINE ( 'NONE', #2969, #1651 ) ;
#264 = VECTOR ( 'NONE', #1569, 1000.000000000000000 ) ;
#265 = SURFACE_SIDE_STYLE ('',( #2808 ) ) ;
#266 = PLANE ( 'NONE',  #2842 ) ;
#267 =( NAMED_UNIT ( * ) SI_UNIT ( $, .STERADIAN. ) SOLID_ANGLE_UNIT ( ) );
#268 = EDGE_CURVE ( 'NONE', #2195, #2192, #10, .T. ) ;
#269 = ORIENTED_EDGE ( 'NONE', *, *, #2705, .F. ) ;
#270 = EDGE_CURVE ( 'NONE', #328, #1201, #284, .T. ) ;
#271 = VERTEX_POINT ( 'NONE', #3403 ) ;
#272 =( NAMED_UNIT ( * ) PLANE_ANGLE_UNIT ( ) SI_UNIT ( $, .RADIAN. ) );
#273 = PRESENTATION_LAYER_ASSIGNMENT (  '', '', ( #2321 ) ) ;
#274 = DIRECTION ( 'NONE',  ( 3.212450881438535199E-16, 0.000000000000000000, -1.000000000000000000 ) ) ;
#275 = DIRECTION ( 'NONE',  ( 0.000000000000000000, 1.000000000000000000, 0.000000000000000000 ) ) ;
#276 = CARTESIAN_POINT ( 'NONE',  ( -10.09812699739977937, 9.553277141873140366, 21.88625689956725040 ) ) ;
#277 =( NAMED_UNIT ( * ) SI_UNIT ( $, .STERADIAN. ) SOLID_ANGLE_UNIT ( ) );
#278 = PLANE ( 'NONE',  #1414 ) ;
#279 = DIRECTION ( 'NONE',  ( 0.000000000000000000, -1.000000000000000000, 0.000000000000000000 ) ) ;
#280 = CARTESIAN_POINT ( 'NONE',  ( -4.700000000000000178, 5.500000000000000000, 8.500000000000000000 ) ) ;
#281 = FACE_OUTER_BOUND ( 'NONE', #193, .T. ) ;
#282 = CARTESIAN_POINT ( 'NONE',  ( -3.356114154578199837, 10.07728589102120154, 17.60420284981355010 ) ) ;
#283 =( NAMED_UNIT ( * ) PLANE_ANGLE_UNIT ( ) SI_UNIT ( $, .RADIAN. ) );
#284 = LINE ( 'NONE', #2520, #484 ) ;
#285 = UNCERTAINTY_MEASURE_WITH_UNIT (LENGTH_MEASURE( 1.000000000000000082E-05 ), #618, 'distance_accuracy_value', 'NONE');
#286 = SURFACE_STYLE_USAGE ( .BOTH. , #557 ) ;
#287 = VERTEX_POINT ( 'NONE', #1981 ) ;
#288 = EDGE_CURVE ( 'NONE', #1880, #2268, #3130, .T. ) ;
#289 = EDGE_LOOP ( 'NONE', ( #1802, #2284, #2574, #1174 ) ) ;
#290 = SURFACE_STYLE_FILL_AREA ( #2037 ) ;
#291 = FILL_AREA_STYLE ('',( #2280 ) ) ;
#292 =( NAMED_UNIT ( * ) PLANE_ANGLE_UNIT ( ) SI_UNIT ( $, .RADIAN. ) );
#293 = CARTESIAN_POINT ( 'NONE',  ( -10.09919796168525963, 9.554717370715019698, 20.11786094464875063 ) ) ;
#294 = CARTESIAN_POINT ( 'NONE',  ( 6.662238630949449458, 10.44494144048055873, -24.39579715009299932 ) ) ;
#295 = ORIENTED_EDGE ( 'NONE', *, *, #2422, .T. ) ;
#296 = DIRECTION ( 'NONE',  ( -0.7071067811865510144, 0.000000000000000000, 0.7071067811865441310 ) ) ;
#297 = CARTESIAN_POINT ( 'NONE',  ( 4.700000000000000178, 5.500000000000000000, -8.500000000000000000 ) ) ;
#298 = PLANE ( 'NONE',  #2970 ) ;
#299 = LINE ( 'NONE', #323, #183 ) ;
#300 = MECHANICAL_DESIGN_GEOMETRIC_PRESENTATION_REPRESENTATION (  '', ( #1876 ), #3599 ) ;
#301 = FILL_AREA_STYLE ('',( #2628 ) ) ;
#302 = FILL_AREA_STYLE ('',( #2829 ) ) ;
#303 =( LENGTH_UNIT ( ) NAMED_UNIT ( * ) SI_UNIT ( .MILLI., .METRE. ) );
#304 = VECTOR ( 'NONE', #458, 1000.000000000000000 ) ;
#305 = COLOUR_RGB ( '',0.7529411764705882248, 0.7529411764705882248, 0.7529411764705882248 ) ;
#306 = AXIS2_PLACEMENT_3D ( 'NONE', #2027, #1481, #3489 ) ;
#307 = STYLED_ITEM ( 'NONE', ( #201 ), #404 ) ;
#308 = ORIENTED_EDGE ( 'NONE', *, *, #530, .T. ) ;
#309 = CARTESIAN_POINT ( 'NONE',  ( -9.000000000000000000, 7.500000000000000000, 28.50000000000000000 ) ) ;
#310 = PLANE ( 'NONE',  #798 ) ;
#311 = CARTESIAN_POINT ( 'NONE',  ( -10.20762519411004021, 9.554918518557260043, 21.22350511299524811 ) ) ;
#312 = EDGE_CURVE ( 'NONE', #1166, #634, #2900, .T. ) ;
#313 = COLOUR_RGB ( '',0.7529411764705882248, 0.7529411764705882248, 0.7529411764705882248 ) ;
#314 = CARTESIAN_POINT ( 'NONE',  ( 6.662238630949449458, 10.74906677669699917, -23.30570379834979988 ) ) ;
#315 = ORIENTED_EDGE ( 'NONE', *, *, #1003, .F. ) ;
#316 = CARTESIAN_POINT ( 'NONE',  ( -4.458154879582124863, 10.24759762581749989, 24.46641032954250150 ) ) ;
#317 =( GEOMETRIC_REPRESENTATION_CONTEXT ( 3 ) GLOBAL_UNCERTAINTY_ASSIGNED_CONTEXT ( ( #2722 ) ) GLOBAL_UNIT_ASSIGNED_CONTEXT ( ( #2517, #657, #2088 ) ) REPRESENTATION_CONTEXT ( 'NONE', 'WORKASPACE' ) );
#318 = CARTESIAN_POINT ( 'NONE',  ( -7.433957309746724640, 10.69636769249042096, 23.37493809432596237 ) ) ;
#319 = AXIS2_PLACEMENT_3D ( 'NONE', #3366, #1925, #3348 ) ;
#320 = SURFACE_SIDE_STYLE ('',( #2825 ) ) ;
#321 = CARTESIAN_POINT ( 'NONE',  ( -4.458154879582034269, 10.25380864393357960, 17.60420284981355010 ) ) ;
#322 = DIRECTION ( 'NONE',  ( 0.000000000000000000, -1.000000000000000000, 0.000000000000000000 ) ) ;
#323 = CARTESIAN_POINT ( 'NONE',  ( -4.700000000000000178, 7.500000000000000000, 10.50000000000000000 ) ) ;
#324 =( GEOMETRIC_REPRESENTATION_CONTEXT ( 3 ) GLOBAL_UNCERTAINTY_ASSIGNED_CONTEXT ( ( #643 ) ) GLOBAL_UNIT_ASSIGNED_CONTEXT ( ( #1978, #2287, #3127 ) ) REPRESENTATION_CONTEXT ( 'NONE', 'WORKASPACE' ) );
#325 = FILL_AREA_STYLE ('',( #1983 ) ) ;
#326 = CARTESIAN_POINT ( 'NONE',  ( -6.799999999999999822, 8.500000000000000000, 21.00000000000000000 ) ) ;
#327 = ORIENTED_EDGE ( 'NONE', *, *, #3250, .T. ) ;
#328 = VERTEX_POINT ( 'NONE', #1195 ) ;
#329 = CARTESIAN_POINT ( 'NONE',  ( 4.700000000000000178, 5.500000000000000000, 23.69999999999999929 ) ) ;
#330 = CARTESIAN_POINT ( 'NONE',  ( -8.917536684285769510, 10.69773217485654015, 19.77603684632610026 ) ) ;
#331 = CARTESIAN_POINT ( 'NONE',  ( 7.764283927691709941, 10.42053827338625993, -24.39579715009299932 ) ) ;
#332 = ORIENTED_EDGE ( 'NONE', *, *, #2193, .T. ) ;
#333 = EDGE_CURVE ( 'NONE', #2950, #2888, #2884, .T. ) ;
#334 = CARTESIAN_POINT ( 'NONE',  ( -10.24388585741018076, 10.08250813465160078, 24.46641032954244821 ) ) ;
#335 = LINE ( 'NONE', #74, #899 ) ;
#336 =( LENGTH_UNIT ( ) NAMED_UNIT ( * ) SI_UNIT ( .MILLI., .METRE. ) );
#337 = ADVANCED_FACE ( 'NONE', ( #355 ), #750, .T. ) ;
#338 = SURFACE_SIDE_STYLE ('',( #1735 ) ) ;
#339 = DIRECTION ( 'NONE',  ( 1.000000000000000000, 0.000000000000000000, 0.000000000000000000 ) ) ;
#340 = CARTESIAN_POINT ( 'NONE',  ( 5.431248335448286113, 9.555268439368463262, -24.12087548739075871 ) ) ;
#341 = CARTESIAN_POINT ( 'NONE',  ( 5.127269326541498806, 10.46711298499891818, -23.88512100574710928 ) ) ;
#342 = DIRECTION ( 'NONE',  ( 0.000000000000000000, 0.000000000000000000, -1.000000000000000000 ) ) ;
#343 = VERTEX_POINT ( 'NONE', #2924 ) ;
#344 = CARTESIAN_POINT ( 'NONE',  ( -3.500514609647169983, 9.553294190854179746, 21.88117903930745101 ) ) ;
#345 = ORIENTED_EDGE ( 'NONE', *, *, #196, .T. ) ;
#346 = PRESENTATION_STYLE_ASSIGNMENT (( #3410 ) ) ;
#347 = SURFACE_SIDE_STYLE ('',( #3449 ) ) ;
#348 = CARTESIAN_POINT ( 'NONE',  ( -8.833017736519201080, 10.46612096076140830, 18.35626051863940944 ) ) ;
#349 = ORIENTED_EDGE ( 'NONE', *, *, #1755, .T. ) ;
#350 = CARTESIAN_POINT ( 'NONE',  ( -6.662238619130850026, 10.42602979613459979, 24.46641032954250150 ) ) ;
#351 = PRESENTATION_STYLE_ASSIGNMENT (( #568 ) ) ;
#352 = PLANE ( 'NONE',  #2110 ) ;
#353 =( LENGTH_UNIT ( ) NAMED_UNIT ( * ) SI_UNIT ( .MILLI., .METRE. ) );
#354 =( LENGTH_UNIT ( ) NAMED_UNIT ( * ) SI_UNIT ( .MILLI., .METRE. ) );
#355 = FACE_OUTER_BOUND ( 'NONE', #1342, .T. ) ;
#356 = EDGE_CURVE ( 'NONE', #1792, #386, #3476, .T. ) ;
#357 = CARTESIAN_POINT ( 'NONE',  ( 5.307429071040489887, 10.69767528509339982, -22.93835787837620188 ) ) ;
#358 = CARTESIAN_POINT ( 'NONE',  ( -3.642368343639378114, 10.46769099194493791, 22.07305221437201226 ) ) ;
#359 = MECHANICAL_DESIGN_GEOMETRIC_PRESENTATION_REPRESENTATION (  '', ( #2528 ), #2296 ) ;
#360 = ORIENTED_EDGE ( 'NONE', *, *, #3426, .T. ) ;
#361 = CARTESIAN_POINT ( 'NONE',  ( -4.676833245287959073, 9.548298854273845393, 23.67551269064324870 ) ) ;
#362 = B_SPLINE_CURVE_WITH_KNOTS ( 'NONE', 3,
 ( #569, #1717, #2881, #1155, #2598 ),
 .UNSPECIFIED., .F., .F.,
 ( 4, 1, 4 ),
 ( 0.01065132667361514025, 0.01065263415757103892, 0.01065394164152693932 ),
 .UNSPECIFIED. ) ;
#363 = CARTESIAN_POINT ( 'NONE',  ( 5.129899309447238487, 10.46449306367587084, -18.11315831472073157 ) ) ;
#364 = COLOUR_RGB ( '',0.7529411764705882248, 0.7529411764705882248, 0.7529411764705882248 ) ;
#365 = DIRECTION ( 'NONE',  ( 0.000000000000000000, 0.000000000000000000, 1.000000000000000000 ) ) ;
#366 = STYLED_ITEM ( 'NONE', ( #1172 ), #226 ) ;
#367 = STYLED_ITEM ( 'NONE', ( #1114 ), #1204 ) ;
#368 = VECTOR ( 'NONE', #3646, 1000.000000000000000 ) ;
#369 = CARTESIAN_POINT ( 'NONE',  ( 3.356114142585110205, 10.32516431035059945, -22.76065712247820017 ) ) ;
#370 = EDGE_LOOP ( 'NONE', ( #2781, #1042, #3347, #2341 ) ) ;
#371 = CARTESIAN_POINT ( 'NONE',  ( -7.582575208387655863, 9.550738483732981621, 24.31956880031832213 ) ) ;
#372 = PRESENTATION_STYLE_ASSIGNMENT (( #2393 ) ) ;
#373 = AXIS2_PLACEMENT_3D ( 'NONE', #377, #3406, #2627 ) ;
#374 = CARTESIAN_POINT ( 'NONE',  ( -3.356114154578210496, 10.16886503768933991, 18.14924952569199945 ) ) ;
#375 =( LENGTH_UNIT ( ) NAMED_UNIT ( * ) SI_UNIT ( .MILLI., .METRE. ) );
#376 = MECHANICAL_DESIGN_GEOMETRIC_PRESENTATION_REPRESENTATION (  '', ( #3091 ), #2613 ) ;
#377 = CARTESIAN_POINT ( 'NONE',  ( -8.500000000000000000, 7.500000000000000000, -24.80000000000000071 ) ) ;
#378 = SURFACE_STYLE_USAGE ( .BOTH. , #2870 ) ;
#379 = EDGE_CURVE ( 'NONE', #1022, #3009, #1575, .T. ) ;
#380 = CARTESIAN_POINT ( 'NONE',  ( -4.362027476374624513, 10.70028032055500056, 21.15909787895235183 ) ) ;
#381 = VERTEX_POINT ( 'NONE', #3561 ) ;
#382 = EDGE_CURVE ( 'NONE', #2833, #1679, #958, .T. ) ;
#383 = CARTESIAN_POINT ( 'NONE',  ( -5.347307299081704990, 9.549315823716819196, 24.08325488799939862 ) ) ;
#384 = CARTESIAN_POINT ( 'NONE',  ( 4.488559725400600442, 10.69773227067373966, -20.20710900257985188 ) ) ;
#385 = CARTESIAN_POINT ( 'NONE',  ( 5.009175246581030194, 10.87931715122907939, -20.84316895067799891 ) ) ;
#386 = VERTEX_POINT ( 'NONE', #2732 ) ;
#387 = CARTESIAN_POINT ( 'NONE',  ( -8.343350495680420309, 9.549089003140469600, 24.04971192283539239 ) ) ;
#388 = SURFACE_SIDE_STYLE ('',( #2919 ) ) ;
#389 = FACE_OUTER_BOUND ( 'NONE', #3289, .T. ) ;
#390 = COLOUR_RGB ( '',0.7529411764705882248, 0.7529411764705882248, 0.7529411764705882248 ) ;
#391 = CARTESIAN_POINT ( 'NONE',  ( -5.835706930607400977, 11.06200247589609909, 20.88103277591730134 ) ) ;
#392 = CARTESIAN_POINT ( 'NONE',  ( 4.700000000000000178, 5.500000000000000000, -10.50000000000000000 ) ) ;
#393 = FILL_AREA_STYLE_COLOUR ( '', #948 ) ;
#394 =( NAMED_UNIT ( * ) PLANE_ANGLE_UNIT ( ) SI_UNIT ( $, .RADIAN. ) );
#395 = SURFACE_STYLE_FILL_AREA ( #325 ) ;
#396 = CARTESIAN_POINT ( 'NONE',  ( -6.799999999999999822, 8.500000000000000000, 21.00000000000000000 ) ) ;
#397 = CARTESIAN_POINT ( 'NONE',  ( -3.734797696469920325, 9.550919931272060737, 22.50638895965640174 ) ) ;
#398 = EDGE_CURVE ( 'NONE', #2822, #2195, #3458, .T. ) ;
#399 = CARTESIAN_POINT ( 'NONE',  ( 4.700000000000000178, 7.500000000000000000, 23.69999999999999929 ) ) ;
#400 = VERTEX_POINT ( 'NONE', #2626 ) ;
#401 = CARTESIAN_POINT ( 'NONE',  ( -5.769154746600678507, 9.550289459617964383, 24.26221849532403141 ) ) ;
#402 = CARTESIAN_POINT ( 'NONE',  ( 4.376985758572654817, 10.70044069768839989, -21.31752283624040345 ) ) ;
#403 = CARTESIAN_POINT ( 'NONE',  ( -6.800435879140769302, 9.558035487564700006, 17.59256611077054799 ) ) ;
#404 = ADVANCED_FACE ( 'NONE', ( #91 ), #3204, .F. ) ;
#405 = CARTESIAN_POINT ( 'NONE',  ( 5.009175246581030194, 10.84539531587947891, -21.93981217325424993 ) ) ;
#406 = ORIENTED_EDGE ( 'NONE', *, *, #1388, .F. ) ;
#407 = DIRECTION ( 'NONE',  ( 0.000000000000000000, -1.000000000000000000, 0.000000000000000000 ) ) ;
#408 = CARTESIAN_POINT ( 'NONE',  ( -6.799999999999999822, 7.500000000000000000, 24.50000000000000000 ) ) ;
#409 = CARTESIAN_POINT ( 'NONE',  ( 4.423197750522340321, 10.69861367495431637, -20.36711464145728812 ) ) ;
#410 = CARTESIAN_POINT ( 'NONE',  ( -6.662238619130780748, 10.89075641779234083, 19.23934287744884841 ) ) ;
#411 = CARTESIAN_POINT ( 'NONE',  ( 7.022531006466440573, 9.558037460627510029, -24.40760550418080044 ) ) ;
#412 = B_SPLINE_CURVE_WITH_KNOTS ( 'NONE', 3,
 ( #1116, #2235, #1859, #3358, #1314, #824, #1938, #2806, #3534, #2689, #3090, #1276, #552, #999, #2438, #3007, #1040, #3380, #3283, #1582, #1662, #2113, #3264, #2721, #2152, #811 ),
 .UNSPECIFIED., .F., .F.,
 ( 4, 2, 2, 2, 2, 2, 2, 2, 2, 2, 2, 2, 4 ),
 ( 0.000000000000000000, 0.1249999999999991951, 0.2499999999999987232, 0.3749999999999982236, 0.4374999999999987232, 0.4687499999999989453, 0.4999999999999991118, 0.5624999999999994449, 0.5937499999999991118, 0.6249999999999986677, 0.7499999999999988898, 0.8749999999999992228, 1.000000000000000000 ),
 .UNSPECIFIED. ) ;
#413 = CARTESIAN_POINT ( 'NONE',  ( 9.922171562358967023, 9.553720354397702508, -22.36582937110918579 ) ) ;
#414 = CARTESIAN_POINT ( 'NONE',  ( -6.799999999999999822, 8.500000000000000000, 21.00000000000000000 ) ) ;
#415 = CARTESIAN_POINT ( 'NONE',  ( -3.737864552568209930, 9.553419398250030170, 19.48806401875710037 ) ) ;
#416 = SURFACE_STYLE_USAGE ( .BOTH. , #1041 ) ;
#417 = ORIENTED_EDGE ( 'NONE', *, *, #1585, .T. ) ;
#418 = CARTESIAN_POINT ( 'NONE',  ( -3.484588674199237790, 9.553438824356158321, 21.79839246744835890 ) ) ;
#419 = CARTESIAN_POINT ( 'NONE',  ( 4.362277825145169707, 10.70027284246089927, -20.83712485509354906 ) ) ;
#420 = CARTESIAN_POINT ( 'NONE',  ( -6.802179265556580035, 9.558035479884900099, 17.59256677911495004 ) ) ;
#421 = CARTESIAN_POINT ( 'NONE',  ( 10.24388584536182023, 10.32101638008392186, -19.18837931056404855 ) ) ;
#422 = MECHANICAL_DESIGN_GEOMETRIC_PRESENTATION_REPRESENTATION (  '', ( #366 ), #829 ) ;
#423 = ORIENTED_EDGE ( 'NONE', *, *, #2508, .F. ) ;
#424 = LINE ( 'NONE', #3181, #3025 ) ;
#425 = CARTESIAN_POINT ( 'NONE',  ( -4.700000000000000178, 5.500000000000000000, -23.69999999999999929 ) ) ;
#426 = EDGE_CURVE ( 'NONE', #617, #2040, #3338, .T. ) ;
#427 = SURFACE_STYLE_FILL_AREA ( #1794 ) ;
#428 =( GEOMETRIC_REPRESENTATION_CONTEXT ( 3 ) GLOBAL_UNCERTAINTY_ASSIGNED_CONTEXT ( ( #571 ) ) GLOBAL_UNIT_ASSIGNED_CONTEXT ( ( #1737, #902, #2033 ) ) REPRESENTATION_CONTEXT ( 'NONE', 'WORKASPACE' ) );
#429 = CARTESIAN_POINT ( 'NONE',  ( -7.764283923216740213, 11.01802941797078006, 20.06018782668304823 ) ) ;
#430 = MECHANICAL_DESIGN_GEOMETRIC_PRESENTATION_REPRESENTATION (  '', ( #2000 ), #1179 ) ;
#431 = SURFACE_STYLE_FILL_AREA ( #3495 ) ;
#432 = AXIS2_PLACEMENT_3D ( 'NONE', #3304, #1657, #2445 ) ;
#433 = PRESENTATION_LAYER_ASSIGNMENT (  '', '', ( #1540 ) ) ;
#434 = FILL_AREA_STYLE ('',( #1273 ) ) ;
#435 = CARTESIAN_POINT ( 'NONE',  ( 7.830844067296029998, 9.550289456816351219, -17.73778101269642349 ) ) ;
#436 = PRESENTATION_STYLE_ASSIGNMENT (( #130 ) ) ;
#437 = LINE ( 'NONE', #3073, #3273 ) ;
#438 = AXIS2_PLACEMENT_3D ( 'NONE', #698, #2712, #3491 ) ;
#439 = ORIENTED_EDGE ( 'NONE', *, *, #2489, .F. ) ;
#440 = CARTESIAN_POINT ( 'NONE',  ( -4.700000000000000178, 5.500000000000000000, -8.500000000000000000 ) ) ;
#441 =( GEOMETRIC_REPRESENTATION_CONTEXT ( 3 ) GLOBAL_UNCERTAINTY_ASSIGNED_CONTEXT ( ( #1597 ) ) GLOBAL_UNIT_ASSIGNED_CONTEXT ( ( #3229, #2949, #2648 ) ) REPRESENTATION_CONTEXT ( 'NONE', 'WORKASPACE' ) );
#442 = CARTESIAN_POINT ( 'NONE',  ( 5.835706938765240714, 11.06038231872506117, -20.84316895067799891 ) ) ;
#443 = ORIENTED_EDGE ( 'NONE', *, *, #689, .F. ) ;
#444 = CARTESIAN_POINT ( 'NONE',  ( -6.799999999999999822, 7.500000000000000000, 17.50000000000000000 ) ) ;
#445 = SURFACE_SIDE_STYLE ('',( #2090 ) ) ;
#446 = CARTESIAN_POINT ( 'NONE',  ( -6.937749945152259734, 10.74906696451165899, 18.69429620157034933 ) ) ;
#447 =( LENGTH_UNIT ( ) NAMED_UNIT ( * ) SI_UNIT ( .MILLI., .METRE. ) );
#448 = EDGE_CURVE ( 'NONE', #943, #3640, #3372, .T. ) ;
#449 = CARTESIAN_POINT ( 'NONE',  ( 10.12225214078430824, 9.554764329535403888, -21.79047020468431839 ) ) ;
#450 = CARTESIAN_POINT ( 'NONE',  ( 9.000000000000000000, 7.500000000000000000, 28.50000000000000000 ) ) ;
#451 = SURFACE_STYLE_USAGE ( .BOTH. , #2646 ) ;
#452 = CARTESIAN_POINT ( 'NONE',  ( 4.226533071795836705, 9.552622278542308720, -23.23464920966911507 ) ) ;
#453 = CARTESIAN_POINT ( 'NONE',  ( -8.034588882215228267, 10.69860823206654032, 18.86925477443205068 ) ) ;
#454 = ORIENTED_EDGE ( 'NONE', *, *, #3333, .T. ) ;
#455 = CARTESIAN_POINT ( 'NONE',  ( 3.578844293795247822, 10.46921824721037630, -21.86380160421101948 ) ) ;
#456 = CARTESIAN_POINT ( 'NONE',  ( 7.764283927691709941, 11.06200430876070051, -21.11896722403034943 ) ) ;
#457 = EDGE_LOOP ( 'NONE', ( #64, #269, #3219, #2696 ) ) ;
#458 = DIRECTION ( 'NONE',  ( 3.212450881438535199E-16, 0.000000000000000000, -1.000000000000000000 ) ) ;
#459 = CARTESIAN_POINT ( 'NONE',  ( -7.689416812830940806, 9.550621581584589848, 24.32020586233020154 ) ) ;
#460 = PLANE ( 'NONE',  #438 ) ;
#461 =( NAMED_UNIT ( * ) SI_UNIT ( $, .STERADIAN. ) SOLID_ANGLE_UNIT ( ) );
#462 = CARTESIAN_POINT ( 'NONE',  ( -4.458154879582079566, 10.73525549983079941, 21.15683104927310154 ) ) ;
#463 = CARTESIAN_POINT ( 'NONE',  ( 6.797433199915778879, 10.47196604802582165, -24.32747433595606523 ) ) ;
#464 = CARTESIAN_POINT ( 'NONE',  ( 7.975813849506995901, 9.555887520842709648, -24.19851855003893348 ) ) ;
#465 = CARTESIAN_POINT ( 'NONE',  ( -8.500000000000000000, 7.500000000000000000, -17.19999999999999929 ) ) ;
#466 = FILL_AREA_STYLE_COLOUR ( '', #2062 ) ;
#467 = CARTESIAN_POINT ( 'NONE',  ( 4.663537460938059098, 9.553083344090124385, -23.66435376399386570 ) ) ;
#468 = CARTESIAN_POINT ( 'NONE',  ( -6.345379390209649806, 9.551583340714998371, 24.40764753755805216 ) ) ;
#469 = EDGE_CURVE ( 'NONE', #3077, #7, #2802, .T. ) ;
#470 = UNCERTAINTY_MEASURE_WITH_UNIT (LENGTH_MEASURE( 1.000000000000000082E-05 ), #447, 'distance_accuracy_value', 'NONE');
#471 = DIRECTION ( 'NONE',  ( 0.000000000000000000, 0.000000000000000000, 1.000000000000000000 ) ) ;
#472 = ORIENTED_EDGE ( 'NONE', *, *, #2953, .T. ) ;
#473 =( NAMED_UNIT ( * ) SI_UNIT ( $, .STERADIAN. ) SOLID_ANGLE_UNIT ( ) );
#474 = VERTEX_POINT ( 'NONE', #1957 ) ;
#475 = CARTESIAN_POINT ( 'NONE',  ( -8.139471779293115716, 9.555363500002680865, 17.86643118424093757 ) ) ;
#476 =( NAMED_UNIT ( * ) SI_UNIT ( $, .STERADIAN. ) SOLID_ANGLE_UNIT ( ) );
#477 = CARTESIAN_POINT ( 'NONE',  ( 4.700000000000000178, 5.500000000000000000, 10.50000000000000000 ) ) ;
#478 = SURFACE_STYLE_USAGE ( .BOTH. , #237 ) ;
#479 = PRESENTATION_LAYER_ASSIGNMENT (  '', '', ( #241 ) ) ;
#480 = DIRECTION ( 'NONE',  ( 1.000000000000000000, 0.000000000000000000, 0.000000000000000000 ) ) ;
#481 = CARTESIAN_POINT ( 'NONE',  ( -7.764283923216769523, 11.00656983705195913, 21.98422586934040268 ) ) ;
#482 = CARTESIAN_POINT ( 'NONE',  ( 9.789119872691632196, 10.46707134203764333, -22.47886102633057703 ) ) ;
#483 = STYLED_ITEM ( 'NONE', ( #215 ), #1112 ) ;
#484 = VECTOR ( 'NONE', #2256, 1000.000000000000000 ) ;
#485 = CARTESIAN_POINT ( 'NONE',  ( 10.20693570040043241, 9.555153275404725477, -21.08368975504552978 ) ) ;
#486 =( GEOMETRIC_REPRESENTATION_CONTEXT ( 3 ) GLOBAL_UNCERTAINTY_ASSIGNED_CONTEXT ( ( #1413 ) ) GLOBAL_UNIT_ASSIGNED_CONTEXT ( ( #663, #1212, #476 ) ) REPRESENTATION_CONTEXT ( 'NONE', 'WORKASPACE' ) );
#487 = CARTESIAN_POINT ( 'NONE',  ( 3.703745210957236633, 9.551239319922853355, -19.57559157603206756 ) ) ;
#488 = MECHANICAL_DESIGN_GEOMETRIC_PRESENTATION_REPRESENTATION (  '', ( #2362 ), #191 ) ;
#489 = EDGE_CURVE ( 'NONE', #3643, #2192, #527, .T. ) ;
#490 = STYLED_ITEM ( 'NONE', ( #351 ), #1874 ) ;
#491 = ORIENTED_EDGE ( 'NONE', *, *, #1291, .F. ) ;
#492 = DIRECTION ( 'NONE',  ( 0.000000000000000000, -1.000000000000000000, 0.000000000000000000 ) ) ;
#493 = VECTOR ( 'NONE', #1531, 1000.000000000000000 ) ;
#494 = EDGE_CURVE ( 'NONE', #1679, #2268, #3629, .T. ) ;
#495 = CARTESIAN_POINT ( 'NONE',  ( 9.000000000000000000, 7.500000000000000000, 28.50000000000000000 ) ) ;
#496 = ORIENTED_EDGE ( 'NONE', *, *, #3133, .F. ) ;
#497 = CARTESIAN_POINT ( 'NONE',  ( -9.340861697467259361, 9.552621836753379725, 18.72840200164929669 ) ) ;
#498 = VECTOR ( 'NONE', #1136, 1000.000000000000000 ) ;
#499 = CARTESIAN_POINT ( 'NONE',  ( 8.500000000000000000, 7.500049999999999883, 24.80000000000000071 ) ) ;
#500 = PRESENTATION_STYLE_ASSIGNMENT (( #478 ) ) ;
#501 = CARTESIAN_POINT ( 'NONE',  ( 6.477494210977542188, 10.69750625493870544, -18.56374389818792991 ) ) ;
#502 = CARTESIAN_POINT ( 'NONE',  ( -7.764283923216749983, 11.06038414756570099, 21.15683104927305180 ) ) ;
#503 = CARTESIAN_POINT ( 'NONE',  ( 8.915621627924190662, 10.69772321784904001, -22.22727785521285071 ) ) ;
#504 = LINE ( 'NONE', #2758, #838 ) ;
#505 = PRESENTATION_STYLE_ASSIGNMENT (( #2809 ) ) ;
#506 = CARTESIAN_POINT ( 'NONE',  ( 3.759295141190856171, 9.550812924706457707, -19.45949857869871735 ) ) ;
#507 = ORIENTED_EDGE ( 'NONE', *, *, #2047, .F. ) ;
#508 = DIRECTION ( 'NONE',  ( 0.000000000000000000, -1.000000000000000000, 0.000000000000000000 ) ) ;
#509 = CARTESIAN_POINT ( 'NONE',  ( 3.907134510583750053, 10.26947473958672141, -18.08518621715474950 ) ) ;
#510 = EDGE_LOOP ( 'NONE', ( #1635, #1555, #2523, #3136 ) ) ;
#511 = CARTESIAN_POINT ( 'NONE',  ( -10.20486626592400548, 9.554914690834390711, 21.16910847153093655 ) ) ;
#512 = CARTESIAN_POINT ( 'NONE',  ( -4.700000000000000178, 7.500000000000000000, 8.500000000000000000 ) ) ;
#513 = CARTESIAN_POINT ( 'NONE',  ( -8.736017037792699114, 10.69424876323784090, 22.49148949001899922 ) ) ;
#514 = LINE ( 'NONE', #3051, #3095 ) ;
#515 = EDGE_CURVE ( 'NONE', #3595, #2893, #2497, .T. ) ;
#516 = CARTESIAN_POINT ( 'NONE',  ( -3.356114154578295317, 10.08250855272336111, 24.46641032954250150 ) ) ;
#517 = CARTESIAN_POINT ( 'NONE',  ( 10.09783191463109908, 9.554708624682598739, -21.88723793770194703 ) ) ;
#518 = PRESENTATION_STYLE_ASSIGNMENT (( #3619 ) ) ;
#519 = PLANE ( 'NONE',  #2568 ) ;
#520 = CARTESIAN_POINT ( 'NONE',  ( 3.000000000000000000, 5.500000000000000000, -23.69999999999999929 ) ) ;
#521 = CARTESIAN_POINT ( 'NONE',  ( 3.637639637318955455, 9.553914345086045756, -22.26998181252697506 ) ) ;
#522 = ORIENTED_EDGE ( 'NONE', *, *, #2564, .F. ) ;
#523 = CARTESIAN_POINT ( 'NONE',  ( -9.900000000000000355, 15.15310394545899975, 18.10000000000000142 ) ) ;
#524 = LINE ( 'NONE', #2423, #2171 ) ;
#525 = ORIENTED_EDGE ( 'NONE', *, *, #3400, .F. ) ;
#526 = CARTESIAN_POINT ( 'NONE',  ( -9.923068243973062863, 9.551463505174918822, 22.36456737936858374 ) ) ;
#527 = LINE ( 'NONE', #2476, #1886 ) ;
#528 = CARTESIAN_POINT ( 'NONE',  ( -8.470100667676959461, 10.46449306927231326, 23.88684169807695667 ) ) ;
#529 = DIRECTION ( 'NONE',  ( -0.7071067811865460184, 0.000000000000000000, 0.7071067811865489050 ) ) ;
#530 = EDGE_CURVE ( 'NONE', #816, #3414, #2210, .T. ) ;
#531 = CARTESIAN_POINT ( 'NONE',  ( -4.458154879582109764, 10.46989552045199900, 23.36321723611935042 ) ) ;
#532 = CARTESIAN_POINT ( 'NONE',  ( 8.875465782439869500, 9.553172183132780049, -23.71210958212454756 ) ) ;
#533 = CARTESIAN_POINT ( 'NONE',  ( -6.801889779763610200, 10.70288022203670053, 18.56041115691029830 ) ) ;
#534 =( NAMED_UNIT ( * ) SI_UNIT ( $, .STERADIAN. ) SOLID_ANGLE_UNIT ( ) );
#535 = PRESENTATION_STYLE_ASSIGNMENT (( #3017 ) ) ;
#536 = FILL_AREA_STYLE_COLOUR ( '', #1825 ) ;
#537 = STYLED_ITEM ( 'NONE', ( #3533 ), #40 ) ;
#538 = ORIENTED_EDGE ( 'NONE', *, *, #2958, .F. ) ;
#539 = AXIS2_PLACEMENT_3D ( 'NONE', #703, #131, #1231 ) ;
#540 = SURFACE_SIDE_STYLE ('',( #2277 ) ) ;
#541 =( GEOMETRIC_REPRESENTATION_CONTEXT ( 3 ) GLOBAL_UNCERTAINTY_ASSIGNED_CONTEXT ( ( #1349 ) ) GLOBAL_UNIT_ASSIGNED_CONTEXT ( ( #3527, #1008, #2983 ) ) REPRESENTATION_CONTEXT ( 'NONE', 'WORKASPACE' ) );
#542 = CARTESIAN_POINT ( 'NONE',  ( 4.458154878582389458, 10.24759735121642024, -17.53358967045009820 ) ) ;
#543 = ORIENTED_EDGE ( 'NONE', *, *, #2837, .T. ) ;
#544 =( NAMED_UNIT ( * ) PLANE_ANGLE_UNIT ( ) SI_UNIT ( $, .RADIAN. ) );
#545 = CARTESIAN_POINT ( 'NONE',  ( -4.522977272536366833, 9.552854654116339717, 18.46404691737556902 ) ) ;
#546 = CARTESIAN_POINT ( 'NONE',  ( 9.900000000000000355, 7.500000000000000000, -23.90000000000000213 ) ) ;
#547 = CARTESIAN_POINT ( 'NONE',  ( -9.221370959879829243, 10.69984904609370169, 21.32571764055460051 ) ) ;
#548 = PRESENTATION_LAYER_ASSIGNMENT (  '', '', ( #2242 ) ) ;
#549 = FILL_AREA_STYLE ('',( #1378 ) ) ;
#550 = CARTESIAN_POINT ( 'NONE',  ( 9.000000000000000000, 0.000000000000000000, -28.50000000000000000 ) ) ;
#551 = CARTESIAN_POINT ( 'NONE',  ( 8.738156740037549497, 10.69720352396534047, -22.49246388072245040 ) ) ;
#552 = CARTESIAN_POINT ( 'NONE',  ( 9.238111511066398052, 10.70035747437330009, -20.92547800732774732 ) ) ;
#553 = DIRECTION ( 'NONE',  ( 1.000000000000000000, 0.000000000000000000, 0.000000000000000000 ) ) ;
#554 = DIRECTION ( 'NONE',  ( -0.000000000000000000, 1.000000000000000000, 0.000000000000000000 ) ) ;
#555 = DIRECTION ( 'NONE',  ( 0.000000000000000000, -1.000000000000000000, 0.000000000000000000 ) ) ;
#556 = EDGE_CURVE ( 'NONE', #2950, #1006, #1011, .T. ) ;
#557 = SURFACE_SIDE_STYLE ('',( #3441 ) ) ;
#558 = DIRECTION ( 'NONE',  ( -0.7071067811865420216, 0.000000000000000000, 0.7071067811865531239 ) ) ;
#559 = ORIENTED_EDGE ( 'NONE', *, *, #1512, .F. ) ;
#560 = FILL_AREA_STYLE_COLOUR ( '', #1949 ) ;
#561 = COLOUR_RGB ( '',0.7529411764705882248, 0.7529411764705882248, 0.7529411764705882248 ) ;
#562 = ORIENTED_EDGE ( 'NONE', *, *, #122, .F. ) ;
#563 = CARTESIAN_POINT ( 'NONE',  ( 9.000000000000000000, 15.15310394545899975, -17.19999999999999929 ) ) ;
#564 = CARTESIAN_POINT ( 'NONE',  ( -9.900000000000000355, 15.15310394545899975, 23.90000000000000213 ) ) ;
#565 = CARTESIAN_POINT ( 'NONE',  ( -8.417094986790528921, 10.69735365434612007, 19.16432150890010178 ) ) ;
#566 = CARTESIAN_POINT ( 'NONE',  ( 4.458154878582389458, 10.25380859179036008, -24.39579715009299932 ) ) ;
#567 = PLANE ( 'NONE',  #1646 ) ;
#568 = SURFACE_STYLE_USAGE ( .BOTH. , #1115 ) ;
#569 = CARTESIAN_POINT ( 'NONE',  ( -6.797362316952590078, 9.551586472418780005, 24.40799708420425063 ) ) ;
#570 = CARTESIAN_POINT ( 'NONE',  ( 6.799999999999999822, 7.500000000000000000, -21.00000000000000000 ) ) ;
#571 = UNCERTAINTY_MEASURE_WITH_UNIT (LENGTH_MEASURE( 1.000000000000000082E-05 ), #1737, 'distance_accuracy_value', 'NONE');
#572 = DIRECTION ( 'NONE',  ( 0.000000000000000000, 0.000000000000000000, -1.000000000000000000 ) ) ;
#573 = LINE ( 'NONE', #1687, #2856 ) ;
#574 = ORIENTED_EDGE ( 'NONE', *, *, #107, .T. ) ;
#575 = ADVANCED_FACE ( 'NONE', ( #1637 ), #1623, .F. ) ;
#576 = CARTESIAN_POINT ( 'NONE',  ( -6.164950306310740480, 10.70155016945293980, 18.63843497514804781 ) ) ;
#577 = ORIENTED_EDGE ( 'NONE', *, *, #1854, .T. ) ;
#578 = CARTESIAN_POINT ( 'NONE',  ( -4.700000000000000178, 7.500000000000000000, -23.69999999999999929 ) ) ;
#579 = CARTESIAN_POINT ( 'NONE',  ( 6.799999999978699528, 9.551586481545390583, -17.59200189585234853 ) ) ;
#580 = CARTESIAN_POINT ( 'NONE',  ( -7.240866312703049701, 10.47161112034664221, 17.69464895931898241 ) ) ;
#581 = CARTESIAN_POINT ( 'NONE',  ( 7.764283927691709941, 10.57231645879364024, -23.85075047422139960 ) ) ;
#582 = ORIENTED_EDGE ( 'NONE', *, *, #3623, .F. ) ;
#583 = FACE_BOUND ( 'NONE', #3114, .T. ) ;
#584 = SURFACE_STYLE_USAGE ( .BOTH. , #1750 ) ;
#585 = FACE_OUTER_BOUND ( 'NONE', #1953, .T. ) ;
#586 = DIRECTION ( 'NONE',  ( 0.000000000000000000, 0.000000000000000000, -1.000000000000000000 ) ) ;
#587 = LINE ( 'NONE', #3423, #151 ) ;
#588 = CARTESIAN_POINT ( 'NONE',  ( 4.596566064638009763, 10.46582520499421776, -23.50346059212668948 ) ) ;
#589 = PRESENTATION_LAYER_ASSIGNMENT (  '', '', ( #3430 ) ) ;
#590 = ORIENTED_EDGE ( 'NONE', *, *, #1672, .T. ) ;
#591 = CARTESIAN_POINT ( 'NONE',  ( -6.802615083664420581, 9.558035476043359679, 17.59256711325379996 ) ) ;
#592 = CIRCLE ( 'NONE', #1530, 3.499999999999999556 ) ;
#593 =( BOUNDED_SURFACE ( )  B_SPLINE_SURFACE ( 3, 2, ( 
 ( #2507, #3624, #591 ),
 ( #2872, #1708, #1371 ),
 ( #8, #31, #1146 ),
 ( #576, #3099, #3641 ),
 ( #1689, #2223, #837 ),
 ( #1951, #1671, #1126 ),
 ( #2244, #3389, #2830 ),
 ( #1419, #2550, #2909 ),
 ( #2020, #3228, #3173 ),
 ( #1762, #80, #3445 ),
 ( #2039, #3504, #1258 ),
 ( #1506, #2059, #670 ),
 ( #3246, #908, #415 ),
 ( #628, #133, #2930 ),
 ( #1800, #62, #1176 ),
 ( #942, #1492, #2385 ),
 ( #2666, #2948, #2300 ),
 ( #380, #1200, #1741 ),
 ( #3190, #964, #3519 ),
 ( #1525, #648, #344 ),
 ( #2887, #358, #688 ),
 ( #1472, #984, #397 ),
 ( #2096, #2612, #2320 ),
 ( #3464, #3212, #2077 ),
 ( #1784, #2340, #2631 ),
 ( #2647, #705, #2588 ),
 ( #1819, #96, #1458 ),
 ( #926, #1216, #3481 ),
 ( #114, #1232, #2361 ),
 ( #153, #190, #743 ),
 ( #2, #2136, #468 ),
 ( #848, #727, #2503 ) ),
 .UNSPECIFIED., .F., .F., .T. ) 
 B_SPLINE_SURFACE_WITH_KNOTS ( ( 4, 2, 2, 2, 2, 2, 2, 2, 2, 2, 2, 2, 2, 2, 2, 4 ),
 ( 3, 3 ),
 ( 0.000000000000000000, 0.0004128102436194285040, 0.0008256204872388570081, 0.001238430730858286000, 0.001651240974477715100, 0.002064051218097144851, 0.002476861461716574602, 0.002889671705336000016, 0.003302481948955430201, 0.003715292192574859952, 0.004128102436194284498, 0.004540912679813720321, 0.004953722923433149204, 0.005366533167052570281, 0.005779343410672000032, 0.006604963897910860401 ),
 ( 0.000000000000000000, 1.000000000000000000 ),
 .UNSPECIFIED. ) 
 GEOMETRIC_REPRESENTATION_ITEM ( )  RATIONAL_B_SPLINE_SURFACE ( (
 ( 1.000000000000000000, 0.8170346049344630046, 1.000000000000000000),
 ( 1.000000000000000000, 0.8170341028048180299, 1.000000000000000000),
 ( 1.000000000000000000, 0.8170595120251260557, 1.000000000000000000),
 ( 1.000000000000000000, 0.8171515422622139813, 1.000000000000000000),
 ( 1.000000000000000000, 0.8172212798345819262, 1.000000000000000000),
 ( 1.000000000000000000, 0.8173006944523870665, 1.000000000000000000),
 ( 1.000000000000000000, 0.8173181520415040424, 1.000000000000000000),
 ( 1.000000000000000000, 0.8173227434185679208, 1.000000000000000000),
 ( 1.000000000000000000, 0.8173109223201009410, 1.000000000000000000),
 ( 1.000000000000000000, 0.8172730199217480562, 1.000000000000000000),
 ( 1.000000000000000000, 0.8172471341560020308, 1.000000000000000000),
 ( 1.000000000000000000, 0.8171693667711790177, 1.000000000000000000),
 ( 1.000000000000000000, 0.8171162722074429841, 1.000000000000000000),
 ( 1.000000000000000000, 0.8169695319342979989, 1.000000000000000000),
 ( 1.000000000000000000, 0.8168664832025109845, 1.000000000000000000),
 ( 1.000000000000000000, 0.8167033633558250516, 1.000000000000000000),
 ( 1.000000000000000000, 0.8166453691057429243, 1.000000000000000000),
 ( 1.000000000000000000, 0.8165818739700869688, 1.000000000000000000),
 ( 1.000000000000000000, 0.8165762839333929879, 1.000000000000000000),
 ( 1.000000000000000000, 0.8166112555034560350, 1.000000000000000000),
 ( 1.000000000000000000, 0.8166548956371979529, 1.000000000000000000),
 ( 1.000000000000000000, 0.8166930165920559537, 1.000000000000000000),
 ( 1.000000000000000000, 0.8166940367113000310, 1.000000000000000000),
 ( 1.000000000000000000, 0.8166731766266269732, 1.000000000000000000),
 ( 1.000000000000000000, 0.8166527580581920409, 1.000000000000000000),
 ( 1.000000000000000000, 0.8166019288703589840, 1.000000000000000000),
 ( 1.000000000000000000, 0.8165721976786380898, 1.000000000000000000),
 ( 1.000000000000000000, 0.8164946592041749662, 1.000000000000000000),
 ( 1.000000000000000000, 0.8164448757937869949, 1.000000000000000000),
 ( 1.000000000000000000, 0.8162508636465650724, 1.000000000000000000),
 ( 1.000000000000000000, 0.8160617474920780490, 1.000000000000000000),
 ( 1.000000000000000000, 0.8160835244377719899, 1.000000000000000000) ) ) 
 REPRESENTATION_ITEM ( '' )  SURFACE ( )  );
#594 = EDGE_LOOP ( 'NONE', ( #803, #439, #2708, #3573 ) ) ;
#595 = CARTESIAN_POINT ( 'NONE',  ( -9.900000000000000355, 7.500000000000000000, 18.10000000000000142 ) ) ;
#596 = FACE_OUTER_BOUND ( 'NONE', #2403, .T. ) ;
#597 = CARTESIAN_POINT ( 'NONE',  ( -6.801889779763570232, 10.70288022203668099, 18.56041115691025212 ) ) ;
#598 = STYLED_ITEM ( 'NONE', ( #148 ), #1801 ) ;
#599 = EDGE_CURVE ( 'NONE', #2169, #3587, #2459, .T. ) ;
#600 = ORIENTED_EDGE ( 'NONE', *, *, #333, .T. ) ;
#601 = SURFACE_STYLE_USAGE ( .BOTH. , #1660 ) ;
#602 = VECTOR ( 'NONE', #2198, 999.9999999999998863 ) ;
#603 = LINE ( 'NONE', #2251, #2669 ) ;
#604 = CARTESIAN_POINT ( 'NONE',  ( -8.753974458748377430, 10.69404277588742502, 22.49492786525184940 ) ) ;
#605 = MECHANICAL_DESIGN_GEOMETRIC_PRESENTATION_REPRESENTATION (  '', ( #1604 ), #441 ) ;
#606 = CARTESIAN_POINT ( 'NONE',  ( -9.000000000000000000, 0.000000000000000000, 28.50000000000000000 ) ) ;
#607 = DIRECTION ( 'NONE',  ( 0.000000000000000000, 1.000000000000000000, 0.000000000000000000 ) ) ;
#608 = CONICAL_SURFACE ( 'NONE', #2681, 3.499999999999999556, 0.08726646259971625186 ) ;
#609 = CARTESIAN_POINT ( 'NONE',  ( 7.849492653558694855, 9.556263831291960997, -24.24263359176071475 ) ) ;
#610 =( LENGTH_UNIT ( ) NAMED_UNIT ( * ) SI_UNIT ( .MILLI., .METRE. ) );
#611 = ORIENTED_EDGE ( 'NONE', *, *, #3250, .F. ) ;
#612 = ORIENTED_EDGE ( 'NONE', *, *, #2462, .T. ) ;
#613 = CARTESIAN_POINT ( 'NONE',  ( -4.756571521705516226, 9.553319450684082170, 18.27048715303207160 ) ) ;
#614 = CARTESIAN_POINT ( 'NONE',  ( 6.801318836119739863, 9.551586480023171788, -17.59200206584140247 ) ) ;
#615 = CARTESIAN_POINT ( 'NONE',  ( -9.158047795343779995, 10.69858337793484004, 21.64034639256224679 ) ) ;
#616 = CARTESIAN_POINT ( 'NONE',  ( -3.000000000000000000, 5.500000000000000000, 23.69999999999999929 ) ) ;
#617 = VERTEX_POINT ( 'NONE', #3323 ) ;
#618 =( LENGTH_UNIT ( ) NAMED_UNIT ( * ) SI_UNIT ( .MILLI., .METRE. ) );
#619 = CARTESIAN_POINT ( 'NONE',  ( 7.886369818825650135, 10.69466301723619850, -18.81182364959200015 ) ) ;
#620 = EDGE_CURVE ( 'NONE', #1688, #343, #1242, .T. ) ;
#621 = DIRECTION ( 'NONE',  ( 1.000000000000000000, 0.000000000000000000, 0.000000000000000000 ) ) ;
#622 = FILL_AREA_STYLE_COLOUR ( '', #1117 ) ;
#623 = FACE_OUTER_BOUND ( 'NONE', #3513, .T. ) ;
#624 = DIRECTION ( 'NONE',  ( 0.000000000000000000, -0.9961946980917455452, 0.08715574274765836016 ) ) ;
#625 = SURFACE_STYLE_USAGE ( .BOTH. , #3291 ) ;
#626 = SURFACE_STYLE_USAGE ( .BOTH. , #1439 ) ;
#627 = ORIENTED_EDGE ( 'NONE', *, *, #1900, .F. ) ;
#628 = CARTESIAN_POINT ( 'NONE',  ( -4.487236626285490360, 10.69917137151991859, 20.20742779987945070 ) ) ;
#629 = ORIENTED_EDGE ( 'NONE', *, *, #1935, .F. ) ;
#630 = CARTESIAN_POINT ( 'NONE',  ( -3.393064299223209179, 9.555153271649269087, 20.91631024783800186 ) ) ;
#631 = CARTESIAN_POINT ( 'NONE',  ( 5.290941553175960266, 9.549169142578600500, -17.93592005167585057 ) ) ;
#632 = CARTESIAN_POINT ( 'NONE',  ( 9.000000000000000000, 15.15310394545899975, -24.80000000000000071 ) ) ;
#633 = CARTESIAN_POINT ( 'NONE',  ( 8.590817900248419292, 10.59045477151600068, -23.30570379834979988 ) ) ;
#634 = VERTEX_POINT ( 'NONE', #512 ) ;
#635 = DIRECTION ( 'NONE',  ( 0.000000000000000000, 0.000000000000000000, 1.000000000000000000 ) ) ;
#636 = SURFACE_STYLE_FILL_AREA ( #3108 ) ;
#637 = LINE ( 'NONE', #23, #498 ) ;
#638 = EDGE_CURVE ( 'NONE', #1261, #2087, #1233, .T. ) ;
#639 = DIRECTION ( 'NONE',  ( -0.7071067811865460184, 0.000000000000000000, 0.7071067811865489050 ) ) ;
#640 = CARTESIAN_POINT ( 'NONE',  ( -5.009175242083979462, 10.84539533734272077, 20.06018782668304823 ) ) ;
#641 = CARTESIAN_POINT ( 'NONE',  ( -4.700000000000000178, 5.500000000000000000, 17.83298247557740268 ) ) ;
#642 = FILL_AREA_STYLE ('',( #1301 ) ) ;
#643 = UNCERTAINTY_MEASURE_WITH_UNIT (LENGTH_MEASURE( 1.000000000000000082E-05 ), #1978, 'distance_accuracy_value', 'NONE');
#644 = ADVANCED_FACE ( 'NONE', ( #1768 ), #2527, .F. ) ;
#645 = PLANE ( 'NONE',  #373 ) ;
#646 = SURFACE_SIDE_STYLE ('',( #785 ) ) ;
#647 =( NAMED_UNIT ( * ) SI_UNIT ( $, .STERADIAN. ) SOLID_ANGLE_UNIT ( ) );
#648 = CARTESIAN_POINT ( 'NONE',  ( -3.579248881965329865, 10.46863686224789092, 21.86515976278456463 ) ) ;
#649 = STYLED_ITEM ( 'NONE', ( #3147 ), #850 ) ;
#650 = EDGE_LOOP ( 'NONE', ( #2276, #115, #916, #765 ) ) ;
#651 = CARTESIAN_POINT ( 'NONE',  ( 6.802637671928409624, 9.551586472405320549, -17.59200291578595454 ) ) ;
#652 = COLOUR_RGB ( '',0.7529411764705882248, 0.7529411764705882248, 0.7529411764705882248 ) ;
#653 = COLOUR_RGB ( '',0.7529411764705882248, 0.7529411764705882248, 0.7529411764705882248 ) ;
#654 = CARTESIAN_POINT ( 'NONE',  ( 6.937749955135009472, 11.06728984217978073, -21.93981217325424993 ) ) ;
#655 = ORIENTED_EDGE ( 'NONE', *, *, #1343, .F. ) ;
#656 = CARTESIAN_POINT ( 'NONE',  ( -9.142362256299520595, 9.548363280592141678, 23.47594231558481681 ) ) ;
#657 =( NAMED_UNIT ( * ) PLANE_ANGLE_UNIT ( ) SI_UNIT ( $, .RADIAN. ) );
#658 = DIRECTION ( 'NONE',  ( 0.000000000000000000, 1.000000000000000000, 0.000000000000000000 ) ) ;
#659 = CARTESIAN_POINT ( 'NONE',  ( 4.726072973056896664, 10.69748186895255415, -22.29011605803674101 ) ) ;
#660 = MECHANICAL_DESIGN_GEOMETRIC_PRESENTATION_REPRESENTATION (  '', ( #1540 ), #1946 ) ;
#661 = CARTESIAN_POINT ( 'NONE',  ( -8.590817901281202040, 10.84539710234889931, 20.06018782668304823 ) ) ;
#662 = CARTESIAN_POINT ( 'NONE',  ( 8.468272737803800965, 10.46712792844481044, -23.88769736303089175 ) ) ;
#663 =( LENGTH_UNIT ( ) NAMED_UNIT ( * ) SI_UNIT ( .MILLI., .METRE. ) );
#664 = COLOUR_RGB ( '',0.7529411764705882248, 0.7529411764705882248, 0.7529411764705882248 ) ;
#665 = CARTESIAN_POINT ( 'NONE',  ( 6.572238736861350183, 9.558033492765360961, -24.40726026912875213 ) ) ;
#666 =( NAMED_UNIT ( * ) PLANE_ANGLE_UNIT ( ) SI_UNIT ( $, .RADIAN. ) );
#667 = VECTOR ( 'NONE', #2252, 1000.000000000000114 ) ;
#668 = CARTESIAN_POINT ( 'NONE',  ( -6.473711900165547206, 10.69749892037269490, 23.43575491256255816 ) ) ;
#669 = DIRECTION ( 'NONE',  ( 0.000000000000000000, 1.000000000000000000, 0.000000000000000000 ) ) ;
#670 = CARTESIAN_POINT ( 'NONE',  ( -3.843860496573269891, 9.553034527188659197, 19.28972795805684726 ) ) ;
#671 = ADVANCED_FACE ( 'NONE', ( #596 ), #2605, .T. ) ;
#672 = CARTESIAN_POINT ( 'NONE',  ( 6.799999999999999822, 7.500000000000000000, -17.50000000000000000 ) ) ;
#673 = ORIENTED_EDGE ( 'NONE', *, *, #2724, .T. ) ;
#674 = CARTESIAN_POINT ( 'NONE',  ( -5.463200714154986315, 9.549573572784854747, 24.13507314574577833 ) ) ;
#675 = CARTESIAN_POINT ( 'NONE',  ( 3.644027240275957702, 10.46766969044275264, -19.92206920674929194 ) ) ;
#676 = SURFACE_STYLE_USAGE ( .BOTH. , #947 ) ;
#677 = CARTESIAN_POINT ( 'NONE',  ( 9.692863196990689545, 10.46012216862555988, -22.76065712247820017 ) ) ;
#678 = VERTEX_POINT ( 'NONE', #2297 ) ;
#679 =( NAMED_UNIT ( * ) SI_UNIT ( $, .STERADIAN. ) SOLID_ANGLE_UNIT ( ) );
#680 = CARTESIAN_POINT ( 'NONE',  ( 6.799999999999999822, 8.500000000000000000, -21.00000000000000000 ) ) ;
#681 = CARTESIAN_POINT ( 'NONE',  ( -6.799999999999999822, 7.500000000000000000, 21.00000000000000000 ) ) ;
#682 = CARTESIAN_POINT ( 'NONE',  ( 4.361973065264523441, 10.70049402683611639, -21.08229248858829408 ) ) ;
#683 = CARTESIAN_POINT ( 'NONE',  ( -8.590817901281209146, 10.88060151881204085, 20.88103277591724805 ) ) ;
#684 = CARTESIAN_POINT ( 'NONE',  ( 8.158907085916037971, 9.549522799341389145, -17.87437981537477683 ) ) ;
#685 = FACE_OUTER_BOUND ( 'NONE', #2212, .T. ) ;
#686 = CARTESIAN_POINT ( 'NONE',  ( 4.700000000000000178, 7.500000000000000000, 23.69999999999999929 ) ) ;
#687 = SURFACE_SIDE_STYLE ('',( #132 ) ) ;
#688 = CARTESIAN_POINT ( 'NONE',  ( -3.564629043465719960, 9.552498384446710844, 22.09366647975330267 ) ) ;
#689 = EDGE_CURVE ( 'NONE', #1235, #160, #3462, .T. ) ;
#690 =( NAMED_UNIT ( * ) PLANE_ANGLE_UNIT ( ) SI_UNIT ( $, .RADIAN. ) );
#691 = VERTEX_POINT ( 'NONE', #1468 ) ;
#692 = CARTESIAN_POINT ( 'NONE',  ( -3.759092846960104595, 9.553391042074309780, 19.46043000112784682 ) ) ;
#693 = CARTESIAN_POINT ( 'NONE',  ( 3.580586383644584814, 10.46861723827477597, -20.12986932619896407 ) ) ;
#694 =( LENGTH_UNIT ( ) NAMED_UNIT ( * ) SI_UNIT ( .MILLI., .METRE. ) );
#695 = CARTESIAN_POINT ( 'NONE',  ( 9.141840548619558859, 10.57506435396523869, -19.18837931056404855 ) ) ;
#696 = ORIENTED_EDGE ( 'NONE', *, *, #2861, .F. ) ;
#697 = CARTESIAN_POINT ( 'NONE',  ( 4.700000000000000178, 5.500000000000000000, 23.69999999999999929 ) ) ;
#698 = CARTESIAN_POINT ( 'NONE',  ( 0.000000000000000000, 0.000000000000000000, 0.000000000000000000 ) ) ;
#699 = CARTESIAN_POINT ( 'NONE',  ( -10.24388585741012037, 10.32516431598032014, 19.23934287744879867 ) ) ;
#700 =( NAMED_UNIT ( * ) PLANE_ANGLE_UNIT ( ) SI_UNIT ( $, .RADIAN. ) );
#701 = CARTESIAN_POINT ( 'NONE',  ( 9.079624516171437065, 9.548274198046209804, -18.45930158242036256 ) ) ;
#702 = FILL_AREA_STYLE_COLOUR ( '', #390 ) ;
#703 = CARTESIAN_POINT ( 'NONE',  ( 6.799999999999999822, 8.500000000000000000, -21.00000000000000000 ) ) ;
#704 = DIRECTION ( 'NONE',  ( -3.212450881438535199E-16, 0.000000000000000000, 1.000000000000000000 ) ) ;
#705 = CARTESIAN_POINT ( 'NONE',  ( -4.599101853074966328, 10.46363126206484218, 23.50615264569961482 ) ) ;
#706 = ORIENTED_EDGE ( 'NONE', *, *, #1157, .T. ) ;
#707 = CARTESIAN_POINT ( 'NONE',  ( 4.156402841757940614, 10.46414415391826935, -18.96659238527745472 ) ) ;
#708 = CARTESIAN_POINT ( 'NONE',  ( -9.000000000000000000, 7.500000000000000000, 28.50000000000000000 ) ) ;
#709 =( GEOMETRIC_REPRESENTATION_CONTEXT ( 3 ) GLOBAL_UNCERTAINTY_ASSIGNED_CONTEXT ( ( #3131 ) ) GLOBAL_UNIT_ASSIGNED_CONTEXT ( ( #3598, #2453, #534 ) ) REPRESENTATION_CONTEXT ( 'NONE', 'WORKASPACE' ) );
#710 = CARTESIAN_POINT ( 'NONE',  ( 6.662238630949449458, 10.87021853336083943, -19.18837931056404855 ) ) ;
#711 =( GEOMETRIC_REPRESENTATION_CONTEXT ( 3 ) GLOBAL_UNCERTAINTY_ASSIGNED_CONTEXT ( ( #1603 ) ) GLOBAL_UNIT_ASSIGNED_CONTEXT ( ( #2665, #3480, #2630 ) ) REPRESENTATION_CONTEXT ( 'NONE', 'WORKASPACE' ) );
#712 = ORIENTED_EDGE ( 'NONE', *, *, #494, .F. ) ;
#713 = CARTESIAN_POINT ( 'NONE',  ( -7.985161407853301085, 9.549922033452594050, 24.19579898006539054 ) ) ;
#714 = DIRECTION ( 'NONE',  ( -0.7071067811865441310, 0.000000000000000000, -0.7071067811865510144 ) ) ;
#715 = LINE ( 'NONE', #789, #3443 ) ;
#716 = ADVANCED_FACE ( 'NONE', ( #3424 ), #645, .T. ) ;
#717 = VECTOR ( 'NONE', #724, 1000.000000000000000 ) ;
#718 = MECHANICAL_DESIGN_GEOMETRIC_PRESENTATION_REPRESENTATION (  '', ( #2118 ), #1474 ) ;
#719 = CARTESIAN_POINT ( 'NONE',  ( -3.907134517080125047, 10.27550884307500034, 18.14924952569199945 ) ) ;
#720 = PRESENTATION_LAYER_ASSIGNMENT (  '', '', ( #598 ) ) ;
#721 = SURFACE_STYLE_USAGE ( .BOTH. , #1756 ) ;
#722 = CARTESIAN_POINT ( 'NONE',  ( 9.724091129522053123, 9.553035854498698853, -22.75444441476648194 ) ) ;
#723 = LINE ( 'NONE', #465, #212 ) ;
#724 = DIRECTION ( 'NONE',  ( 1.000000000000000000, 0.000000000000000000, 0.000000000000000000 ) ) ;
#725 = PRESENTATION_STYLE_ASSIGNMENT (( #2929 ) ) ;
#726 = VECTOR ( 'NONE', #1355, 1000.000000000000000 ) ;
#727 = CARTESIAN_POINT ( 'NONE',  ( -6.797414091170319139, 10.46871709653928306, 24.32775856766033584 ) ) ;
#728 = FILL_AREA_STYLE_COLOUR ( '', #2189 ) ;
#729 = ORIENTED_EDGE ( 'NONE', *, *, #736, .F. ) ;
#730 = CARTESIAN_POINT ( 'NONE',  ( 3.501872999543250042, 9.553277136873239428, -20.11374311013349825 ) ) ;
#731 = CARTESIAN_POINT ( 'NONE',  ( 4.458154878582389458, 10.69860761642112124, -20.01577413062105038 ) ) ;
#732 = ORIENTED_EDGE ( 'NONE', *, *, #1003, .T. ) ;
#733 = CARTESIAN_POINT ( 'NONE',  ( -8.168751584191355164, 9.555268436756959360, 17.87912447756689716 ) ) ;
#734 = LINE ( 'NONE', #2375, #2433 ) ;
#735 = CARTESIAN_POINT ( 'NONE',  ( 5.301633998792102176, 10.69748208929983946, -22.95435587126718602 ) ) ;
#736 = EDGE_CURVE ( 'NONE', #986, #1261, #2977, .T. ) ;
#737 = CARTESIAN_POINT ( 'NONE',  ( -5.835706930607409859, 11.00656817556446043, 21.98422586934040268 ) ) ;
#738 = CARTESIAN_POINT ( 'NONE',  ( 9.662069429417501354, 9.552901394899569354, -22.85327757508157021 ) ) ;
#739 = DIRECTION ( 'NONE',  ( 0.000000000000000000, -1.000000000000000000, 0.000000000000000000 ) ) ;
#740 = VECTOR ( 'NONE', #826, 1000.000000000000000 ) ;
#741 = CARTESIAN_POINT ( 'NONE',  ( -9.900000000000000355, 7.500000000000000000, 18.10000000000000142 ) ) ;
#742 = CARTESIAN_POINT ( 'NONE',  ( 3.664588493910060585, 9.551571558869014211, -19.66399254505247640 ) ) ;
#743 = CARTESIAN_POINT ( 'NONE',  ( -5.905472019535659811, 9.550608638636321146, 24.31884149168079645 ) ) ;
#744 = CARTESIAN_POINT ( 'NONE',  ( -9.000000000000000000, 7.500000000000000000, -25.30000000000000071 ) ) ;
#745 = ORIENTED_EDGE ( 'NONE', *, *, #3535, .F. ) ;
#746 = PRESENTATION_STYLE_ASSIGNMENT (( #3332 ) ) ;
#747 =( NAMED_UNIT ( * ) SI_UNIT ( $, .STERADIAN. ) SOLID_ANGLE_UNIT ( ) );
#748 = ORIENTED_EDGE ( 'NONE', *, *, #2910, .T. ) ;
#749 = CARTESIAN_POINT ( 'NONE',  ( -9.975389189473853335, 9.553979760588818593, 19.76297075354114696 ) ) ;
#750 = PLANE ( 'NONE',  #1705 ) ;
#751 = LINE ( 'NONE', #1339, #2241 ) ;
#752 = DIRECTION ( 'NONE',  ( -1.000000000000000000, 0.000000000000000000, 0.000000000000000000 ) ) ;
#753 = CARTESIAN_POINT ( 'NONE',  ( -8.590817901281250002, 10.57306155635694012, 23.36321723611930068 ) ) ;
#754 = CARTESIAN_POINT ( 'NONE',  ( 8.414247631120140625, 10.69735959326936126, -22.83818529045094792 ) ) ;
#755 = EDGE_CURVE ( 'NONE', #634, #3010, #1346, .T. ) ;
#756 = CARTESIAN_POINT ( 'NONE',  ( 8.391350725666725907, 9.549033627870544549, -17.98550250470540846 ) ) ;
#757 = SURFACE_STYLE_FILL_AREA ( #827 ) ;
#758 = CARTESIAN_POINT ( 'NONE',  ( 3.410056425943881919, 9.554566305639886181, -20.63916449558539767 ) ) ;
#759 = ADVANCED_FACE ( 'NONE', ( #281 ), #2485, .T. ) ;
#760 = UNCERTAINTY_MEASURE_WITH_UNIT (LENGTH_MEASURE( 1.000000000000000082E-05 ), #375, 'distance_accuracy_value', 'NONE');
#761 = SURFACE_SIDE_STYLE ('',( #2154 ) ) ;
#762 = ORIENTED_EDGE ( 'NONE', *, *, #638, .F. ) ;
#763 = PRESENTATION_STYLE_ASSIGNMENT (( #1043 ) ) ;
#764 = CARTESIAN_POINT ( 'NONE',  ( 7.764283927691709941, 10.69248371707566037, -18.63678276385940080 ) ) ;
#765 = ORIENTED_EDGE ( 'NONE', *, *, #3231, .T. ) ;
#766 = LINE ( 'NONE', #1026, #1878 ) ;
#767 = CARTESIAN_POINT ( 'NONE',  ( -8.508264821288079816, 9.548744758814718736, 23.95757558587065361 ) ) ;
#768 = DIRECTION ( 'NONE',  ( -0.9999997063521155471, -1.421856089548533276E-05, 0.0007662202784265197608 ) ) ;
#769 = CARTESIAN_POINT ( 'NONE',  ( -5.835706930607420517, 10.83187727131783973, 22.81162068940774645 ) ) ;
#770 = CARTESIAN_POINT ( 'NONE',  ( 10.10607587551660203, 10.46997208660784473, -20.56317598304833538 ) ) ;
#771 = PRESENTATION_LAYER_ASSIGNMENT (  '', '', ( #1763 ) ) ;
#772 = DIRECTION ( 'NONE',  ( 0.000000000000000000, -1.000000000000000000, 0.000000000000000000 ) ) ;
#773 = PRESENTATION_LAYER_ASSIGNMENT (  '', '', ( #2362 ) ) ;
#774 = PRESENTATION_LAYER_ASSIGNMENT (  '', '', ( #3318 ) ) ;
#775 = PLANE ( 'NONE',  #2606 ) ;
#776 = DIRECTION ( 'NONE',  ( -3.212450881438535199E-16, 0.000000000000000000, 1.000000000000000000 ) ) ;
#777 = ADVANCED_FACE ( 'NONE', ( #3056 ), #794, .T. ) ;
#778 =( GEOMETRIC_REPRESENTATION_CONTEXT ( 3 ) GLOBAL_UNCERTAINTY_ASSIGNED_CONTEXT ( ( #760 ) ) GLOBAL_UNIT_ASSIGNED_CONTEXT ( ( #375, #2583, #42 ) ) REPRESENTATION_CONTEXT ( 'NONE', 'WORKASPACE' ) );
#779 = ORIENTED_EDGE ( 'NONE', *, *, #868, .T. ) ;
#780 = EDGE_CURVE ( 'NONE', #3009, #2822, #1908, .T. ) ;
#781 = PLANE ( 'NONE',  #319 ) ;
#782 = VECTOR ( 'NONE', #2042, 1000.000000000000000 ) ;
#783 = CARTESIAN_POINT ( 'NONE',  ( 6.662238630949449458, 10.72554711100644020, -18.63678276385940080 ) ) ;
#784 = ORIENTED_EDGE ( 'NONE', *, *, #356, .F. ) ;
#785 = SURFACE_STYLE_FILL_AREA ( #3591 ) ;
#786 = COLOUR_RGB ( '',0.7529411764705882248, 0.7529411764705882248, 0.7529411764705882248 ) ;
#787 = CARTESIAN_POINT ( 'NONE',  ( -6.798364647212400413, 9.438284006846830110, 23.11294436457104950 ) ) ;
#788 = FILL_AREA_STYLE_COLOUR ( '', #2674 ) ;
#789 = CARTESIAN_POINT ( 'NONE',  ( -9.000000000000000000, 7.500000000000000000, 17.19999999999999929 ) ) ;
#790 = COLOUR_RGB ( '',0.7529411764705882248, 0.7529411764705882248, 0.7529411764705882248 ) ;
#791 = SURFACE_STYLE_USAGE ( .BOTH. , #1098 ) ;
#792 = CARTESIAN_POINT ( 'NONE',  ( -9.692863205367199697, 10.26947514855319987, 23.91481378283089754 ) ) ;
#793 = CARTESIAN_POINT ( 'NONE',  ( 9.790914819877583497, 10.46598542965065981, -19.52436662999627615 ) ) ;
#794 = CYLINDRICAL_SURFACE ( 'NONE', #1930, 3.800000000000001155 ) ;
#795 =( NAMED_UNIT ( * ) SI_UNIT ( $, .STERADIAN. ) SOLID_ANGLE_UNIT ( ) );
#796 = CARTESIAN_POINT ( 'NONE',  ( 3.395133733146128208, 9.554914687052431077, -20.83089154204339621 ) ) ;
#797 = UNCERTAINTY_MEASURE_WITH_UNIT (LENGTH_MEASURE( 1.000000000000000082E-05 ), #1302, 'distance_accuracy_value', 'NONE');
#798 = AXIS2_PLACEMENT_3D ( 'NONE', #329, #3428, #1972 ) ;
#799 = EDGE_LOOP ( 'NONE', ( #1108, #1244, #745, #582 ) ) ;
#800 = DIRECTION ( 'NONE',  ( 0.000000000000000000, -1.000000000000000000, 0.000000000000000000 ) ) ;
#801 = EDGE_CURVE ( 'NONE', #3154, #943, #812, .T. ) ;
#802 = CARTESIAN_POINT ( 'NONE',  ( 3.356114142585110205, 10.24684174084806010, -18.63678276385940080 ) ) ;
#803 = ORIENTED_EDGE ( 'NONE', *, *, #1734, .F. ) ;
#804 = CARTESIAN_POINT ( 'NONE',  ( -9.896254789809438179, 9.551239326783701244, 22.42440842083113139 ) ) ;
#805 = CARTESIAN_POINT ( 'NONE',  ( 9.900000000000000355, 7.500000000000000000, -18.10000000000000142 ) ) ;
#806 = DIRECTION ( 'NONE',  ( 0.000000000000000000, 0.000000000000000000, -1.000000000000000000 ) ) ;
#807 = DIRECTION ( 'NONE',  ( 1.000000000000000000, 0.000000000000000000, 0.000000000000000000 ) ) ;
#808 = CARTESIAN_POINT ( 'NONE',  ( -4.700000000000000178, 5.500000000000000000, -10.50000000000000000 ) ) ;
#809 = CARTESIAN_POINT ( 'NONE',  ( -6.937749945152299702, 11.05491399871701930, 21.98422586934040268 ) ) ;
#810 = CARTESIAN_POINT ( 'NONE',  ( 9.365617085227338379, 9.552548891367839801, -23.25408864534569986 ) ) ;
#811 = CARTESIAN_POINT ( 'NONE',  ( 6.798110231910100332, 10.70288022204710110, -23.43958884310040247 ) ) ;
#812 = LINE ( 'NONE', #2773, #6 ) ;
#813 = DIRECTION ( 'NONE',  ( 0.000000000000000000, -1.000000000000000000, 0.000000000000000000 ) ) ;
#814 = VERTEX_POINT ( 'NONE', #1892 ) ;
#815 = CARTESIAN_POINT ( 'NONE',  ( 5.835706938765240714, 10.40328360872472047, -17.53358967045009820 ) ) ;
#816 = VERTEX_POINT ( 'NONE', #1363 ) ;
#817 = CARTESIAN_POINT ( 'NONE',  ( -4.380770934206667633, 10.69972295721895605, 21.31491244975564925 ) ) ;
#818 = CARTESIAN_POINT ( 'NONE',  ( -4.559155317140699992, 9.552915512954726296, 18.43197445366365628 ) ) ;
#819 = CARTESIAN_POINT ( 'NONE',  ( -9.788618193132403889, 10.46596653012631606, 22.48028552213936493 ) ) ;
#820 = CARTESIAN_POINT ( 'NONE',  ( 9.000000000000000000, 7.500000000000000000, 28.50000000000000000 ) ) ;
#821 = CARTESIAN_POINT ( 'NONE',  ( -5.835706930607440057, 10.40328357297522111, 24.46641032954250150 ) ) ;
#822 = CARTESIAN_POINT ( 'NONE',  ( 8.881693216727949647, 9.548284645863750697, -18.29218710263589642 ) ) ;
#823 = EDGE_CURVE ( 'NONE', #814, #2457, #504, .T. ) ;
#824 = CARTESIAN_POINT ( 'NONE',  ( 8.756310219848218779, 10.69405042468728695, -19.50812420845812767 ) ) ;
#825 = MECHANICAL_DESIGN_GEOMETRIC_PRESENTATION_REPRESENTATION (  '', ( #649 ), #2120 ) ;
#826 = DIRECTION ( 'NONE',  ( 0.000000000000000000, 0.000000000000000000, -1.000000000000000000 ) ) ;
#827 = FILL_AREA_STYLE ('',( #1104 ) ) ;
#828 = CARTESIAN_POINT ( 'NONE',  ( 9.900000000000000355, 7.500000000000000000, -18.10000000000000142 ) ) ;
#829 =( GEOMETRIC_REPRESENTATION_CONTEXT ( 3 ) GLOBAL_UNCERTAINTY_ASSIGNED_CONTEXT ( ( #903 ) ) GLOBAL_UNIT_ASSIGNED_CONTEXT ( ( #1650, #1156, #267 ) ) REPRESENTATION_CONTEXT ( 'NONE', 'WORKASPACE' ) );
#830 = UNCERTAINTY_MEASURE_WITH_UNIT (LENGTH_MEASURE( 1.000000000000000082E-05 ), #336, 'distance_accuracy_value', 'NONE');
#831 = VECTOR ( 'NONE', #3290, 1000.000000000000000 ) ;
#832 = PRESENTATION_LAYER_ASSIGNMENT (  '', '', ( #2118 ) ) ;
#833 = DIRECTION ( 'NONE',  ( 0.000000000000000000, 1.000000000000000000, 0.000000000000000000 ) ) ;
#834 = LINE ( 'NONE', #1948, #2620 ) ;
#835 = ORIENTED_EDGE ( 'NONE', *, *, #2585, .T. ) ;
#836 = MECHANICAL_DESIGN_GEOMETRIC_PRESENTATION_REPRESENTATION (  '', ( #2541 ), #3207 ) ;
#837 = CARTESIAN_POINT ( 'NONE',  ( -5.703905860146819329, 9.556161965914750311, 17.76577638660725000 ) ) ;
#838 = VECTOR ( 'NONE', #3344, 1000.000000000000000 ) ;
#839 = COLOUR_RGB ( '',0.7529411764705882248, 0.7529411764705882248, 0.7529411764705882248 ) ;
#840 = VERTEX_POINT ( 'NONE', #1435 ) ;
#841 = CARTESIAN_POINT ( 'NONE',  ( -4.437951228124363823, 10.69851522225731344, 21.62687617747268121 ) ) ;
#842 = DIRECTION ( 'NONE',  ( 0.000000000000000000, 0.000000000000000000, -1.000000000000000000 ) ) ;
#843 = CARTESIAN_POINT ( 'NONE',  ( -8.640291764414319786, 10.69712333766278078, 19.38837470393210083 ) ) ;
#844 = MECHANICAL_DESIGN_GEOMETRIC_PRESENTATION_REPRESENTATION (  '', ( #2006 ), #2548 ) ;
#845 = CARTESIAN_POINT ( 'NONE',  ( 7.764283927691709941, 10.85127179636550032, -22.76065712247820017 ) ) ;
#846 = CIRCLE ( 'NONE', #2131, 3.499999999999999556 ) ;
#847 = CARTESIAN_POINT ( 'NONE',  ( 7.694527969595199579, 9.550608632079441662, -17.68115850479569673 ) ) ;
#848 = CARTESIAN_POINT ( 'NONE',  ( -6.798100851427099300, 10.69750258694106115, 23.43600550113384884 ) ) ;
#849 = VECTOR ( 'NONE', #3209, 1000.000000000000000 ) ;
#850 = ADVANCED_FACE ( 'NONE', ( #2600 ), #352, .F. ) ;
#851 =( NAMED_UNIT ( * ) PLANE_ANGLE_UNIT ( ) SI_UNIT ( $, .RADIAN. ) );
#852 = CARTESIAN_POINT ( 'NONE',  ( -4.700000000000000178, 5.500000000000000000, -23.69999999999999929 ) ) ;
#853 = CARTESIAN_POINT ( 'NONE',  ( 6.797384924822930330, 9.558035476054380197, -24.40743288675175293 ) ) ;
#854 = B_SPLINE_CURVE_WITH_KNOTS ( 'NONE', 3,
 ( #2743, #3297, #210, #2487, #1039, #3020, #3601, #3586, #3042, #1911, #1332, #1086, #3282, #3006, #1630, #2437, #3311, #3330, #2775, #2455, #2760, #1053, #1617, #1312, #2188, #2204, #1895, #506, #2720, #487, #1067, #742, #2167, #1601, #1289, #758, #796, #1018, #1873, #228, #2703, #1858, #2991, #1348, #2469, #3620, #3058, #521, #244, #1367, #3346, #1841, #3569, #452, #168, #2416, #3551, #2135, #467, #189, #1105, #1997, #1663, #3149, #3383, #340, #2567, #1964, #2865, #2219, #2847, #853 ),
 .UNSPECIFIED., .F., .F.,
 ( 4, 2, 2, 2, 1, 1, 2, 2, 2, 2, 1, 2, 2, 2, 2, 2, 2, 2, 2, 2, 2, 2, 2, 2, 1, 2, 2, 2, 2, 2, 2, 2, 2, 2, 2, 2, 2, 4 ),
 ( 0.000000000000000000, 0.06250000000000806299, 0.09375000000001222633, 0.1093750000000144190, 0.1171875000000154182, 0.1210937500000158484, 0.1230468750000161954, 0.1250000000000165423, 0.1875000000000181799, 0.2187500000000188460, 0.2343750000000188183, 0.2421875000000188183, 0.2500000000000187628, 0.3125000000000202061, 0.3437500000000205391, 0.3593750000000207057, 0.3671875000000208167, 0.3750000000000209277, 0.4375000000000232037, 0.4687500000000243139, 0.5000000000000254241, 0.5625000000000277556, 0.5937500000000283107, 0.6093750000000286438, 0.6171875000000291989, 0.6210937500000295319, 0.6250000000000297540, 0.6875000000000240918, 0.7187500000000212053, 0.7343750000000198730, 0.7500000000000185407, 0.8125000000000145439, 0.8437500000000122125, 0.8593750000000108802, 0.8671875000000103251, 0.8750000000000097700, 0.9375000000000048850, 1.000000000000000000 ),
 .UNSPECIFIED. ) ;
#855 =( NAMED_UNIT ( * ) PLANE_ANGLE_UNIT ( ) SI_UNIT ( $, .RADIAN. ) );
#856 = ORIENTED_EDGE ( 'NONE', *, *, #823, .F. ) ;
#857 = AXIS2_PLACEMENT_3D ( 'NONE', #2522, #1142, #3362 ) ;
#858 = CARTESIAN_POINT ( 'NONE',  ( 5.091735168957600699, 9.548744758338049365, -18.04242441972095179 ) ) ;
#859 = CARTESIAN_POINT ( 'NONE',  ( -10.18534502912014084, 9.554493347819668969, 21.44922912725125030 ) ) ;
#860 = CARTESIAN_POINT ( 'NONE',  ( 3.907134510583750053, 10.37122886667270016, -23.30570379834979988 ) ) ;
#861 = VERTEX_POINT ( 'NONE', #3401 ) ;
#862 = FACE_BOUND ( 'NONE', #1673, .T. ) ;
#863 = SURFACE_STYLE_FILL_AREA ( #3399 ) ;
#864 = CARTESIAN_POINT ( 'NONE',  ( 9.000000000000000000, 0.000000000000000000, 25.30000000000000071 ) ) ;
#865 = CARTESIAN_POINT ( 'NONE',  ( -5.009175242083950153, 10.33166348284443892, 17.60420284981355010 ) ) ;
#866 = FILL_AREA_STYLE_COLOUR ( '', #3145 ) ;
#867 = LINE ( 'NONE', #1945, #2895 ) ;
#868 = EDGE_CURVE ( 'NONE', #1217, #3321, #3166, .T. ) ;
#869 = UNCERTAINTY_MEASURE_WITH_UNIT (LENGTH_MEASURE( 1.000000000000000082E-05 ), #1060, 'distance_accuracy_value', 'NONE');
#870 = CARTESIAN_POINT ( 'NONE',  ( 6.005609053457760638, 10.70076184894707971, -23.31321605535605102 ) ) ;
#871 = FILL_AREA_STYLE ('',( #2298 ) ) ;
#872 = ORIENTED_EDGE ( 'NONE', *, *, #107, .F. ) ;
#873 = EDGE_CURVE ( 'NONE', #3154, #1235, #3456, .T. ) ;
#874 = EDGE_LOOP ( 'NONE', ( #2755, #1076, #2579, #3626, #417 ) ) ;
#875 = CARTESIAN_POINT ( 'NONE',  ( -5.526598951434959162, 9.555580306108248934, 17.83904124906261401 ) ) ;
#876 = SURFACE_STYLE_FILL_AREA ( #66 ) ;
#877 = CARTESIAN_POINT ( 'NONE',  ( -10.02115571031711916, 10.46921823979394439, 20.13619840884015133 ) ) ;
#878 = CARTESIAN_POINT ( 'NONE',  ( 9.692863196990689545, 10.16986677268431905, -24.39579715009299932 ) ) ;
#879 = VERTEX_POINT ( 'NONE', #864 ) ;
#880 =( NAMED_UNIT ( * ) SI_UNIT ( $, .STERADIAN. ) SOLID_ANGLE_UNIT ( ) );
#881 = CARTESIAN_POINT ( 'NONE',  ( -4.700000000000000178, 7.500000000000000000, -10.50000000000000000 ) ) ;
#882 = DIRECTION ( 'NONE',  ( 0.7071067811865560104, 0.000000000000000000, -0.7071067811865391350 ) ) ;
#883 = CARTESIAN_POINT ( 'NONE',  ( -6.799999999999999822, 8.500000000000000000, 24.50000000000000000 ) ) ;
#884 = CARTESIAN_POINT ( 'NONE',  ( 6.965027723875005350, 9.558035487566318267, -24.40743388980977002 ) ) ;
#885 = VECTOR ( 'NONE', #776, 1000.000000000000000 ) ;
#886 = ORIENTED_EDGE ( 'NONE', *, *, #2705, .T. ) ;
#887 = PRESENTATION_LAYER_ASSIGNMENT (  '', '', ( #11 ) ) ;
#888 = ADVANCED_FACE ( 'NONE', ( #1751 ), #900, .T. ) ;
#889 = ORIENTED_EDGE ( 'NONE', *, *, #2146, .F. ) ;
#890 = CARTESIAN_POINT ( 'NONE',  ( -5.655968252353194892, 9.555984098759555678, 17.78999508827950393 ) ) ;
#891 = FILL_AREA_STYLE ('',( #1988 ) ) ;
#892 = CARTESIAN_POINT ( 'NONE',  ( -9.955972758620566410, 10.46766968438715750, 22.07793079817299642 ) ) ;
#893 = COLOUR_RGB ( '',0.7529411764705882248, 0.7529411764705882248, 0.7529411764705882248 ) ;
#894 = CARTESIAN_POINT ( 'NONE',  ( 9.692863196990689545, 10.37122946714898042, -23.30570379834979988 ) ) ;
#895 = ORIENTED_EDGE ( 'NONE', *, *, #620, .F. ) ;
#896 = FILL_AREA_STYLE ('',( #1976 ) ) ;
#897 = CARTESIAN_POINT ( 'NONE',  ( 6.802637671905150007, 9.551586472405329431, -17.59200291578595454 ) ) ;
#898 = CARTESIAN_POINT ( 'NONE',  ( -9.237941453838407924, 10.70013408941621336, 21.32271250185068467 ) ) ;
#899 = VECTOR ( 'NONE', #1169, 1000.000000000000000 ) ;
#900 = PLANE ( 'NONE',  #63 ) ;
#901 = SURFACE_STYLE_USAGE ( .BOTH. , #2542 ) ;
#902 =( NAMED_UNIT ( * ) PLANE_ANGLE_UNIT ( ) SI_UNIT ( $, .RADIAN. ) );
#903 = UNCERTAINTY_MEASURE_WITH_UNIT (LENGTH_MEASURE( 1.000000000000000082E-05 ), #1650, 'distance_accuracy_value', 'NONE');
#904 =( LENGTH_UNIT ( ) NAMED_UNIT ( * ) SI_UNIT ( .MILLI., .METRE. ) );
#905 = CARTESIAN_POINT ( 'NONE',  ( 4.230893372491159710, 9.552548529702830749, -23.25010868693160049 ) ) ;
#906 = SURFACE_STYLE_FILL_AREA ( #871 ) ;
#907 = VERTEX_POINT ( 'NONE', #1449 ) ;
#908 = CARTESIAN_POINT ( 'NONE',  ( -3.810880133444796591, 10.46707134486328172, 19.52113896189889530 ) ) ;
#909 = VERTEX_POINT ( 'NONE', #1700 ) ;
#910 = CARTESIAN_POINT ( 'NONE',  ( -3.752294271202867737, 9.550758246715806976, 22.54865815151666553 ) ) ;
#911 =( LENGTH_UNIT ( ) NAMED_UNIT ( * ) SI_UNIT ( .MILLI., .METRE. ) );
#912 = ADVANCED_FACE ( 'NONE', ( #2540 ), #2017, .F. ) ;
#913 = B_SPLINE_SURFACE_WITH_KNOTS ( 'NONE', 5, 5, ( 
 ( #282, #3402, #321, #865, #1395, #993, #2378, #1834, #3240, #2641, #109, #2107 ),
 ( #374, #719, #1485, #1270, #2624, #1520, #2073, #2659, #1285, #3494, #1796, #2396 ),
 ( #1812, #2987, #127, #3545, #2048, #1778, #446, #1226, #2091, #3256, #1559, #1251 ),
 ( #1012, #2129, #979, #90, #2700, #410, #3223, #2410, #2942, #3516, #164, #699 ),
 ( #3474, #1210, #2333, #640, #2961, #2922, #1752, #429, #661, #2897, #147, #1544 ),
 ( #2683, #3529, #938, #3201, #391, #1503, #2352, #956, #683, #206, #3053, #239 ),
 ( #3277, #3566, #462, #3342, #1358, #2480, #3616, #502, #1033, #2737, #1888, #2465 ),
 ( #1082, #1853, #224, #3014, #737, #2147, #809, #481, #1920, #2163, #2788, #2201 ),
 ( #1643, #3293, #1626, #3307, #769, #1306, #3070, #2431, #2714, #1048, #1595, #179 ),
 ( #1327, #2771, #531, #2501, #261, #3582, #3001, #2450, #753, #1577, #1379, #1868 ),
 ( #3036, #1614, #1061, #2756, #1344, #3634, #2180, #1099, #3596, #3326, #792, #1906 ),
 ( #516, #3163, #316, #2596, #821, #350, #2879, #1135, #1715, #3125, #2860, #334 ) ),
 .UNSPECIFIED., .F., .F., .F.,
 ( 6, 3, 3, 6 ),
 ( 6, 3, 3, 6 ),
 ( -3.554298243860610107, -0.8290648644684119883, 0.5499265023105109895, 3.307909235868355058 ),
 ( -3.443885845421755132, -0.6887840329121730498, 0.6887725971952630699, 3.443885857410135198 ),
 .UNSPECIFIED. ) ;
#914 =( NAMED_UNIT ( * ) SI_UNIT ( $, .STERADIAN. ) SOLID_ANGLE_UNIT ( ) );
#915 = VECTOR ( 'NONE', #1564, 1000.000000000000000 ) ;
#916 = ORIENTED_EDGE ( 'NONE', *, *, #823, .T. ) ;
#917 = CARTESIAN_POINT ( 'NONE',  ( -8.914582346383710387, 9.548344222681125260, 23.67497439804813908 ) ) ;
#918 = PRESENTATION_STYLE_ASSIGNMENT (( #2311 ) ) ;
#919 = CARTESIAN_POINT ( 'NONE',  ( -8.030953495211770488, 10.69411762720942960, 23.12916486155370066 ) ) ;
#920 = ADVANCED_FACE ( 'NONE', ( #1852 ), #1795, .F. ) ;
#921 = SURFACE_STYLE_FILL_AREA ( #2332 ) ;
#922 = FILL_AREA_STYLE_COLOUR ( '', #2599 ) ;
#923 = LINE ( 'NONE', #2603, #3436 ) ;
#924 = CARTESIAN_POINT ( 'NONE',  ( -6.798100851396149835, 10.69750258694103984, 23.43600550113384884 ) ) ;
#925 = LINE ( 'NONE', #998, #1759 ) ;
#926 = CARTESIAN_POINT ( 'NONE',  ( -5.572096745078420454, 10.69418807262989901, 23.11215960114224899 ) ) ;
#927 = ORIENTED_EDGE ( 'NONE', *, *, #689, .T. ) ;
#928 = CARTESIAN_POINT ( 'NONE',  ( -5.263075063479612403, 9.549139837071669135, 24.04264003078622736 ) ) ;
#929 = CARTESIAN_POINT ( 'NONE',  ( -6.800000000024859936, 9.551586481551240126, 24.40799810414715409 ) ) ;
#930 = CARTESIAN_POINT ( 'NONE',  ( 7.764283927691709941, 11.01802942778284056, -21.93981217325424993 ) ) ;
#931 = ORIENTED_EDGE ( 'NONE', *, *, #620, .T. ) ;
#932 = EDGE_CURVE ( 'NONE', #271, #2420, #1459, .T. ) ;
#933 = DIRECTION ( 'NONE',  ( -1.067350013832299363E-17, -0.9961946980917455452, -0.08715574274765836016 ) ) ;
#934 = PRESENTATION_STYLE_ASSIGNMENT (( #88 ) ) ;
#935 = DIRECTION ( 'NONE',  ( -0.9999997063537837683, -1.421400865567509748E-05, 0.0007662181858616657270 ) ) ;
#936 = DIRECTION ( 'NONE',  ( 0.000000000000000000, 0.000000000000000000, -1.000000000000000000 ) ) ;
#937 = EDGE_CURVE ( 'NONE', #816, #1441, #3356, .T. ) ;
#938 = CARTESIAN_POINT ( 'NONE',  ( -4.458154879582074237, 10.73622424264851993, 20.88103277591730134 ) ) ;
#939 = DIRECTION ( 'NONE',  ( 0.000000000000000000, 1.000000000000000000, 0.000000000000000000 ) ) ;
#940 = CARTESIAN_POINT ( 'NONE',  ( 6.359133702236897889, 10.47161112171311714, -24.30535104247662659 ) ) ;
#941 = DIRECTION ( 'NONE',  ( 0.000000000000000000, -1.000000000000000000, 0.000000000000000000 ) ) ;
#942 = CARTESIAN_POINT ( 'NONE',  ( -4.377474146766480168, 10.70043580849149834, 20.67871628936685013 ) ) ;
#943 = VERTEX_POINT ( 'NONE', #2145 ) ;
#944 = CARTESIAN_POINT ( 'NONE',  ( -5.390071308799855743, 9.549407985497957441, 24.10316227882895035 ) ) ;
#945 = CARTESIAN_POINT ( 'NONE',  ( 4.361710075053724545, 10.70056445481962015, -21.15789188790325426 ) ) ;
#946 = MECHANICAL_DESIGN_GEOMETRIC_PRESENTATION_REPRESENTATION (  '', ( #483 ), #1408 ) ;
#947 = SURFACE_SIDE_STYLE ('',( #2388 ) ) ;
#948 = COLOUR_RGB ( '',0.7529411764705882248, 0.7529411764705882248, 0.7529411764705882248 ) ;
#949 = CARTESIAN_POINT ( 'NONE',  ( 4.458154878582389458, 10.73622423379754132, -21.11896722403034943 ) ) ;
#950 = ORIENTED_EDGE ( 'NONE', *, *, #2128, .T. ) ;
#951 = CARTESIAN_POINT ( 'NONE',  ( -9.660212263907526520, 9.549731404484514741, 22.85665996636668140 ) ) ;
#952 = FACE_OUTER_BOUND ( 'NONE', #2632, .T. ) ;
#953 = CARTESIAN_POINT ( 'NONE',  ( 4.700000000000000178, 5.500000000000000000, -17.83298247557740268 ) ) ;
#954 = PRESENTATION_LAYER_ASSIGNMENT (  '', '', ( #3606 ) ) ;
#955 = CARTESIAN_POINT ( 'NONE',  ( 4.393013885112186045, 10.70032493902564497, -21.39801959835622824 ) ) ;
#956 = CARTESIAN_POINT ( 'NONE',  ( -7.764283923216749983, 11.06200429605543967, 20.88103277591724805 ) ) ;
#957 = SURFACE_SIDE_STYLE ('',( #2130 ) ) ;
#958 = LINE ( 'NONE', #2315, #70 ) ;
#959 = EDGE_CURVE ( 'NONE', #2587, #691, #2463, .T. ) ;
#960 = CARTESIAN_POINT ( 'NONE',  ( 9.275835305217139393, 9.548515534013024109, -18.65755493195273473 ) ) ;
#961 = FILL_AREA_STYLE_COLOUR ( '', #561 ) ;
#962 = COLOUR_RGB ( '',0.7529411764705882248, 0.7529411764705882248, 0.7529411764705882248 ) ;
#963 = DIRECTION ( 'NONE',  ( 0.000000000000000000, 0.000000000000000000, -1.000000000000000000 ) ) ;
#964 = CARTESIAN_POINT ( 'NONE',  ( -3.493924124230640249, 10.46997209566958986, 21.43682400945481703 ) ) ;
#965 = MECHANICAL_DESIGN_GEOMETRIC_PRESENTATION_REPRESENTATION (  '', ( #141 ), #3446 ) ;
#966 = CARTESIAN_POINT ( 'NONE',  ( 9.900000000000000355, 7.500000000000000000, -18.10000000000000142 ) ) ;
#967 = ORIENTED_EDGE ( 'NONE', *, *, #379, .F. ) ;
#968 = CARTESIAN_POINT ( 'NONE',  ( -3.937930595248163357, 9.552901387159778324, 19.14672238559310813 ) ) ;
#969 = CARTESIAN_POINT ( 'NONE',  ( 3.413693485422609974, 9.555219207168008211, -21.44215999631195047 ) ) ;
#970 = LINE ( 'NONE', #118, #782 ) ;
#971 = CARTESIAN_POINT ( 'NONE',  ( 9.692863196990689545, 10.58789795787045840, -21.11896722403034943 ) ) ;
#972 = ORIENTED_EDGE ( 'NONE', *, *, #3161, .T. ) ;
#973 = CARTESIAN_POINT ( 'NONE',  ( 6.802637671927840302, 9.551586472405320549, -17.59200291578600073 ) ) ;
#974 = CARTESIAN_POINT ( 'NONE',  ( 6.799999999999999822, 5.500000000000000000, -21.00000000000000000 ) ) ;
#975 = LINE ( 'NONE', #2072, #1714 ) ;
#976 = VECTOR ( 'NONE', #1655, 1000.000000000000000 ) ;
#977 = B_SPLINE_SURFACE_WITH_KNOTS ( 'NONE', 5, 5, ( 
 ( #2858, #2267, #566, #1427, #2593, #294, #1151, #331, #1678, #1404, #878, #1696 ),
 ( #3123, #1975, #71, #1186, #2307, #1444, #2533, #581, #2578, #51, #2838, #3451 ),
 ( #1165, #860, #2232, #18, #2025, #314, #3178, #2283, #633, #1746, #894, #2891 ),
 ( #369, #2012, #1113, #2821, #3376, #1131, #3394, #845, #3486, #3195, #677, #1791 ),
 ( #1004, #2996, #159, #405, #85, #2068, #654, #930, #2979, #1205, #1282, #2636 ),
 ( #1535, #2937, #949, #3540, #2675, #3270, #1827, #456, #3217, #2102, #971, #2345 ),
 ( #1770, #1513, #2915, #385, #442, #1807, #2407, #140, #2653, #119, #1554, #989 ),
 ( #1264, #2695, #731, #1572, #2370, #3251, #102, #1498, #2121, #1846, #2326, #3468 ),
 ( #2043, #2390, #1243, #3524, #2085, #710, #1220, #3511, #3235, #695, #2954, #421 ),
 ( #802, #1056, #3320, #2156, #232, #783, #3045, #764, #1926, #3288, #2779, #3028 ),
 ( #1320, #509, #1877, #2441, #2493, #1620, #2207, #1913, #3080, #3576, #1075, #3589 ),
 ( #3625, #1901, #542, #1296, #815, #3349, #1608, #2194, #2172, #3334, #3062, #1091 ) ),
 .UNSPECIFIED., .F., .F., .F.,
 ( 6, 3, 3, 6 ),
 ( 6, 3, 3, 6 ),
 ( -3.554298243767095133, -0.8290648644090850006, 0.5499265023525400364, 3.307909235875794884 ),
 ( -3.443885857414894947, -0.6887840174217020328, 0.6887726035061390029, 3.443885845361819964 ),
 .UNSPECIFIED. ) ;
#978 =( LENGTH_UNIT ( ) NAMED_UNIT ( * ) SI_UNIT ( .MILLI., .METRE. ) );
#979 = CARTESIAN_POINT ( 'NONE',  ( -4.458154879582054697, 10.58669058619639891, 19.23934287744884841 ) ) ;
#980 = UNCERTAINTY_MEASURE_WITH_UNIT (LENGTH_MEASURE( 1.000000000000000082E-05 ), #1275, 'distance_accuracy_value', 'NONE');
#981 = CARTESIAN_POINT ( 'NONE',  ( 8.647925775061970910, 9.548602630724882800, -18.13401863091605293 ) ) ;
#982 = CARTESIAN_POINT ( 'NONE',  ( -4.700000000000000178, 5.500000000000000000, -10.50000000000000000 ) ) ;
#983 = CARTESIAN_POINT ( 'NONE',  ( -6.802615083664420581, 9.558035476043359679, 17.59256711325379996 ) ) ;
#984 = CARTESIAN_POINT ( 'NONE',  ( -3.809085177685624490, 10.46598543239922741, 22.47563336445271887 ) ) ;
#985 = FILL_AREA_STYLE ('',( #1843 ) ) ;
#986 = VERTEX_POINT ( 'NONE', #1393 ) ;
#987 = EDGE_CURVE ( 'NONE', #474, #2391, #1081, .T. ) ;
#988 = CARTESIAN_POINT ( 'NONE',  ( 4.959708240115300093, 10.69712333105604074, -22.61162529520569819 ) ) ;
#989 = CARTESIAN_POINT ( 'NONE',  ( 10.24388584536182023, 10.43144762368523892, -20.84316895067799891 ) ) ;
#990 = ORIENTED_EDGE ( 'NONE', *, *, #1448, .F. ) ;
#991 = DIRECTION ( 'NONE',  ( 0.000000000000000000, 0.000000000000000000, 1.000000000000000000 ) ) ;
#992 = CARTESIAN_POINT ( 'NONE',  ( 6.162649124093735331, 10.70153146233632846, -23.37768769567977145 ) ) ;
#993 = CARTESIAN_POINT ( 'NONE',  ( -6.662238619130760320, 10.44494143755347970, 17.60420284981350036 ) ) ;
#994 =( NAMED_UNIT ( * ) PLANE_ANGLE_UNIT ( ) SI_UNIT ( $, .RADIAN. ) );
#995 = CARTESIAN_POINT ( 'NONE',  ( 10.20116101594415703, 9.555173878285264877, -21.21604903327678926 ) ) ;
#996 =( NAMED_UNIT ( * ) PLANE_ANGLE_UNIT ( ) SI_UNIT ( $, .RADIAN. ) );
#997 = CARTESIAN_POINT ( 'NONE',  ( -6.477460304273176206, 10.70288465343992002, 18.56016187443955801 ) ) ;
#998 = CARTESIAN_POINT ( 'NONE',  ( -3.000000000000000000, 5.500000000000000000, 21.00000000000000000 ) ) ;
#999 = CARTESIAN_POINT ( 'NONE',  ( 9.237800332766635591, 10.70056112997695585, -21.16438036438619719 ) ) ;
#1000 = LINE ( 'NONE', #966, #264 ) ;
#1001 = ORIENTED_EDGE ( 'NONE', *, *, #2452, .T. ) ;
#1002 = CARTESIAN_POINT ( 'NONE',  ( 4.441952219372184985, 10.69858337708254048, -20.35965361298164922 ) ) ;
#1003 = EDGE_CURVE ( 'NONE', #2888, #2691, #1297, .T. ) ;
#1004 = CARTESIAN_POINT ( 'NONE',  ( 3.356114142585110205, 10.40962684267368132, -21.93981217325424993 ) ) ;
#1005 = MECHANICAL_DESIGN_GEOMETRIC_PRESENTATION_REPRESENTATION (  '', ( #245 ), #3604 ) ;
#1006 = VERTEX_POINT ( 'NONE', #2479 ) ;
#1007 = CARTESIAN_POINT ( 'NONE',  ( -9.275904205547547576, 9.552640090044560495, 18.65777389815488974 ) ) ;
#1008 =( NAMED_UNIT ( * ) PLANE_ANGLE_UNIT ( ) SI_UNIT ( $, .RADIAN. ) );
#1009 = DIRECTION ( 'NONE',  ( 0.000000000000000000, 1.000000000000000000, 0.000000000000000000 ) ) ;
#1010 = VECTOR ( 'NONE', #3011, 1000.000000000000000 ) ;
#1011 = CIRCLE ( 'NONE', #2363, 3.499999999999999556 ) ;
#1012 = CARTESIAN_POINT ( 'NONE',  ( -3.356114154578225151, 10.32516430007181896, 19.23934287744884841 ) ) ;
#1013 = VECTOR ( 'NONE', #624, 1000.000000000000114 ) ;
#1014 = CARTESIAN_POINT ( 'NONE',  ( 7.896094148035270877, 9.556161961033991403, -24.23422361107310152 ) ) ;
#1015 = PRESENTATION_LAYER_ASSIGNMENT (  '', '', ( #1648 ) ) ;
#1016 = AXIS2_PLACEMENT_3D ( 'NONE', #1538, #2622, #2159 ) ;
#1017 = CARTESIAN_POINT ( 'NONE',  ( 10.20368931191214479, 9.555173990408706075, -21.17059178775981820 ) ) ;
#1018 = CARTESIAN_POINT ( 'NONE',  ( 3.392297301385815977, 9.555035668138494032, -20.92122077761735000 ) ) ;
#1019 = VECTOR ( 'NONE', #1842, 1000.000000000000000 ) ;
#1020 = CARTESIAN_POINT ( 'NONE',  ( -9.000000000000000000, 7.500000000000000000, -25.30000000000000071 ) ) ;
#1021 = VECTOR ( 'NONE', #203, 1000.000000000000000 ) ;
#1022 = VERTEX_POINT ( 'NONE', #808 ) ;
#1023 = SURFACE_SIDE_STYLE ('',( #2139 ) ) ;
#1024 =( GEOMETRIC_REPRESENTATION_CONTEXT ( 3 ) GLOBAL_UNCERTAINTY_ASSIGNED_CONTEXT ( ( #1562 ) ) GLOBAL_UNIT_ASSIGNED_CONTEXT ( ( #2318, #2036, #2926 ) ) REPRESENTATION_CONTEXT ( 'NONE', 'WORKASPACE' ) );
#1025 = ORIENTED_EDGE ( 'NONE', *, *, #3008, .F. ) ;
#1026 = CARTESIAN_POINT ( 'NONE',  ( -9.000000000000000000, 0.000000000000000000, -28.50000000000000000 ) ) ;
#1027 = B_SPLINE_CURVE_WITH_KNOTS ( 'NONE', 3,
 ( #924, #668, #3189, #2908, #95, #1400, #2338, #2782, #841, #3351, #817, #3370, #1390, #2510, #3644, #1109, #1954, #3101, #1674, #2817, #2525, #2247, #2687, #2134, #997, #3262 ),
 .UNSPECIFIED., .F., .F.,
 ( 4, 2, 2, 2, 2, 2, 2, 2, 2, 2, 2, 2, 4 ),
 ( 0.000000000000000000, 0.1250000000000009159, 0.2500000000000018319, 0.3750000000000027756, 0.4375000000000031641, 0.4687500000000026645, 0.5000000000000021094, 0.5625000000000012212, 0.5937500000000014433, 0.6250000000000016653, 0.7500000000000011102, 0.8750000000000006661, 1.000000000000000000 ),
 .UNSPECIFIED. ) ;
#1028 = FILL_AREA_STYLE ('',( #393 ) ) ;
#1029 = CARTESIAN_POINT ( 'NONE',  ( -9.443597151288557257, 10.46414415675059040, 23.03340762357614224 ) ) ;
#1030 = ADVANCED_FACE ( 'NONE', ( #2200 ), #222, .F. ) ;
#1031 = CARTESIAN_POINT ( 'NONE',  ( 4.700000000000000178, 7.500000000000000000, 8.500000000000000000 ) ) ;
#1032 = CARTESIAN_POINT ( 'NONE',  ( 6.473673150883712424, 10.70287579176264003, -23.43933955644237699 ) ) ;
#1033 = CARTESIAN_POINT ( 'NONE',  ( -8.590817901281219804, 10.87931898160396038, 21.15683104927305180 ) ) ;
#1034 = CARTESIAN_POINT ( 'NONE',  ( 10.03231581367753833, 9.554258993920289100, -22.10193364124630122 ) ) ;
#1035 = ADVANCED_FACE ( 'NONE', ( #3087 ), #2754, .T. ) ;
#1036 = STYLED_ITEM ( 'NONE', ( #2221 ), #3642 ) ;
#1037 = CARTESIAN_POINT ( 'NONE',  ( 10.14074349507151318, 9.553776359565233633, -20.31809170977276580 ) ) ;
#1038 = SURFACE_STYLE_FILL_AREA ( #2990 ) ;
#1039 = CARTESIAN_POINT ( 'NONE',  ( 6.017422832111291697, 9.550738485302780134, -17.68043167615407540 ) ) ;
#1040 = CARTESIAN_POINT ( 'NONE',  ( 9.155665419895738566, 10.69972407844192475, -21.63723551162951253 ) ) ;
#1041 = SURFACE_SIDE_STYLE ('',( #2993 ) ) ;
#1042 = ORIENTED_EDGE ( 'NONE', *, *, #2837, .F. ) ;
#1043 = SURFACE_STYLE_USAGE ( .BOTH. , #3286 ) ;
#1044 = VERTEX_POINT ( 'NONE', #616 ) ;
#1045 = CARTESIAN_POINT ( 'NONE',  ( -10.11596142474022209, 9.554725744861418235, 20.20422593556889979 ) ) ;
#1046 = CARTESIAN_POINT ( 'NONE',  ( -7.440605264646930728, 10.69634313817636162, 23.37266099035135269 ) ) ;
#1047 =( NAMED_UNIT ( * ) PLANE_ANGLE_UNIT ( ) SI_UNIT ( $, .RADIAN. ) );
#1048 = CARTESIAN_POINT ( 'NONE',  ( -9.141840553324220409, 10.57506427292372031, 22.81162068940774645 ) ) ;
#1049 = CARTESIAN_POINT ( 'NONE',  ( 9.050992752298579802, 9.552830930860571002, -23.56830101360480256 ) ) ;
#1050 = ADVANCED_FACE ( 'NONE', ( #1990 ), #977, .T. ) ;
#1051 = DIRECTION ( 'NONE',  ( 0.000000000000000000, 0.000000000000000000, 1.000000000000000000 ) ) ;
#1052 =( LENGTH_UNIT ( ) NAMED_UNIT ( * ) SI_UNIT ( .MILLI., .METRE. ) );
#1053 = CARTESIAN_POINT ( 'NONE',  ( 4.405116148661338826, 9.548407184214505961, -18.57484535378488388 ) ) ;
#1054 = ORIENTED_EDGE ( 'NONE', *, *, #2467, .F. ) ;
#1055 = DIRECTION ( 'NONE',  ( 0.000000000000000000, 0.000000000000000000, -1.000000000000000000 ) ) ;
#1056 = CARTESIAN_POINT ( 'NONE',  ( 3.907134510583750053, 10.36271401184171914, -18.63678276385940080 ) ) ;
#1057 = ORIENTED_EDGE ( 'NONE', *, *, #2206, .T. ) ;
#1058 = CARTESIAN_POINT ( 'NONE',  ( -9.722683074331246900, 9.550054264638129453, 22.75737179866534632 ) ) ;
#1059 = DIRECTION ( 'NONE',  ( 0.000000000000000000, 0.000000000000000000, 1.000000000000000000 ) ) ;
#1060 =( LENGTH_UNIT ( ) NAMED_UNIT ( * ) SI_UNIT ( .MILLI., .METRE. ) );
#1061 = CARTESIAN_POINT ( 'NONE',  ( -4.458154879582114205, 10.36236595220100121, 23.91481378283095083 ) ) ;
#1062 = CARTESIAN_POINT ( 'NONE',  ( 9.159031177653769618, 10.69860137394581834, -20.36330399594080021 ) ) ;
#1063 =( GEOMETRIC_REPRESENTATION_CONTEXT ( 3 ) GLOBAL_UNCERTAINTY_ASSIGNED_CONTEXT ( ( #285 ) ) GLOBAL_UNIT_ASSIGNED_CONTEXT ( ( #618, #2213, #2516 ) ) REPRESENTATION_CONTEXT ( 'NONE', 'WORKASPACE' ) );
#1064 = AXIS2_PLACEMENT_3D ( 'NONE', #1818, #3245, #704 ) ;
#1065 = MECHANICAL_DESIGN_GEOMETRIC_PRESENTATION_REPRESENTATION (  '', ( #307 ), #428 ) ;
#1066 = CARTESIAN_POINT ( 'NONE',  ( 6.799999999999999822, 8.500000000000000000, -21.00000000000000000 ) ) ;
#1067 = CARTESIAN_POINT ( 'NONE',  ( 3.676931755566255955, 9.551463498507763106, -19.63543262019337377 ) ) ;
#1068 = EDGE_CURVE ( 'NONE', #1441, #1201, #524, .T. ) ;
#1069 = MECHANICAL_DESIGN_GEOMETRIC_PRESENTATION_REPRESENTATION (  '', ( #2848 ), #3266 ) ;
#1070 =( NAMED_UNIT ( * ) SI_UNIT ( $, .STERADIAN. ) SOLID_ANGLE_UNIT ( ) );
#1071 = VECTOR ( 'NONE', #3509, 1000.000000000000000 ) ;
#1072 = ORIENTED_EDGE ( 'NONE', *, *, #2011, .F. ) ;
#1073 = PLANE ( 'NONE',  #3505 ) ;
#1074 = VECTOR ( 'NONE', #621, 1000.000000000000000 ) ;
#1075 = CARTESIAN_POINT ( 'NONE',  ( 9.692863196990689545, 10.26947549585284136, -18.08518621715474950 ) ) ;
#1076 = ORIENTED_EDGE ( 'NONE', *, *, #736, .T. ) ;
#1077 = CARTESIAN_POINT ( 'NONE',  ( -9.994407628254796450, 9.554075908288975683, 19.81219937542276099 ) ) ;
#1078 = AXIS2_PLACEMENT_3D ( 'NONE', #2828, #1471, #342 ) ;
#1079 = DIRECTION ( 'NONE',  ( 0.000000000000000000, -1.000000000000000000, 0.000000000000000000 ) ) ;
#1080 = DIRECTION ( 'NONE',  ( -1.000000000000000000, 0.000000000000000000, 0.000000000000000000 ) ) ;
#1081 = LINE ( 'NONE', #3613, #1356 ) ;
#1082 = CARTESIAN_POINT ( 'NONE',  ( -3.356114154578260234, 10.40675884938948137, 21.98422586934044887 ) ) ;
#1083 = CARTESIAN_POINT ( 'NONE',  ( 8.290026579894348657, 10.69365242701439911, -19.06334908199544742 ) ) ;
#1084 =( LENGTH_UNIT ( ) NAMED_UNIT ( * ) SI_UNIT ( .MILLI., .METRE. ) );
#1085 = SURFACE_SIDE_STYLE ('',( #757 ) ) ;
#1086 = CARTESIAN_POINT ( 'NONE',  ( 5.512533558118538402, 9.549688427455482298, -17.84435446426665806 ) ) ;
#1087 = COLOUR_RGB ( '',0.7529411764705882248, 0.7529411764705882248, 0.7529411764705882248 ) ;
#1088 = ORIENTED_EDGE ( 'NONE', *, *, #2656, .T. ) ;
#1089 = CARTESIAN_POINT ( 'NONE',  ( 9.000000000000000000, 7.500000000000000000, 25.30000000000000071 ) ) ;
#1090 = EDGE_CURVE ( 'NONE', #2621, #3525, #3258, .T. ) ;
#1091 = CARTESIAN_POINT ( 'NONE',  ( 10.24388584536182023, 10.08250854328380086, -17.53358967045009820 ) ) ;
#1092 = ORIENTED_EDGE ( 'NONE', *, *, #2530, .F. ) ;
#1093 = DIRECTION ( 'NONE',  ( 1.000000000000000000, 0.000000000000000000, 0.000000000000000000 ) ) ;
#1094 = CARTESIAN_POINT ( 'NONE',  ( -9.900000000000000355, 0.000000000000000000, 23.90000000000000213 ) ) ;
#1095 = DIRECTION ( 'NONE',  ( 0.7071067811865441310, 0.000000000000000000, 0.7071067811865510144 ) ) ;
#1096 =( NAMED_UNIT ( * ) PLANE_ANGLE_UNIT ( ) SI_UNIT ( $, .RADIAN. ) );
#1097 =( LENGTH_UNIT ( ) NAMED_UNIT ( * ) SI_UNIT ( .MILLI., .METRE. ) );
#1098 = SURFACE_SIDE_STYLE ('',( #2179 ) ) ;
#1099 = CARTESIAN_POINT ( 'NONE',  ( -7.764283923216789951, 10.55092589306534023, 23.91481378283089754 ) ) ;
#1100 = CARTESIAN_POINT ( 'NONE',  ( 9.862135451077099546, 9.553419405313050561, -22.51193597247224787 ) ) ;
#1101 = B_SPLINE_CURVE_WITH_KNOTS ( 'NONE', 3,
 ( #152, #2436, #3244, #2399, #3296 ),
 .UNSPECIFIED., .F., .F.,
 ( 4, 1, 4 ),
 ( 0.02130538078491510043, 0.02130666991496349763, 0.02130795904501195034 ),
 .UNSPECIFIED. ) ;
#1102 = DIRECTION ( 'NONE',  ( 0.000000000000000000, 0.000000000000000000, 1.000000000000000000 ) ) ;
#1103 = PRESENTATION_STYLE_ASSIGNMENT (( #3359 ) ) ;
#1104 = FILL_AREA_STYLE_COLOUR ( '', #313 ) ;
#1105 = CARTESIAN_POINT ( 'NONE',  ( 5.036849063657071746, 9.554055344965917129, -23.91881118327466638 ) ) ;
#1106 = CARTESIAN_POINT ( 'NONE',  ( 9.000000000000000000, 0.000000000000000000, -17.19999999999999929 ) ) ;
#1107 = ORIENTED_EDGE ( 'NONE', *, *, #780, .F. ) ;
#1108 = ORIENTED_EDGE ( 'NONE', *, *, #801, .T. ) ;
#1109 = CARTESIAN_POINT ( 'NONE',  ( -4.424981132455871879, 10.69997079883968638, 20.44035677039198973 ) ) ;
#1110 = CARTESIAN_POINT ( 'NONE',  ( -4.261747492540917115, 9.552574191239333601, 18.71872487171907906 ) ) ;
#1111 = CARTESIAN_POINT ( 'NONE',  ( -10.10669658640592239, 10.47026960593153255, 20.56738384624152971 ) ) ;
#1112 = ADVANCED_FACE ( 'NONE', ( #3301 ), #197, .F. ) ;
#1113 = CARTESIAN_POINT ( 'NONE',  ( 4.458154878582389458, 10.58669054713338120, -22.76065712247820017 ) ) ;
#1114 = PRESENTATION_STYLE_ASSIGNMENT (( #601 ) ) ;
#1115 = SURFACE_SIDE_STYLE ('',( #636 ) ) ;
#1116 = CARTESIAN_POINT ( 'NONE',  ( 6.801899146325509626, 10.69750258692902101, -18.56399449886895070 ) ) ;
#1117 = COLOUR_RGB ( '',0.7529411764705882248, 0.7529411764705882248, 0.7529411764705882248 ) ;
#1118 = SURFACE_STYLE_FILL_AREA ( #2185 ) ;
#1119 = MECHANICAL_DESIGN_GEOMETRIC_PRESENTATION_REPRESENTATION (  '', ( #3430 ), #182 ) ;
#1120 = CARTESIAN_POINT ( 'NONE',  ( -9.000000000000000000, 7.500000000000000000, -28.50000000000000000 ) ) ;
#1121 = UNCERTAINTY_MEASURE_WITH_UNIT (LENGTH_MEASURE( 1.000000000000000082E-05 ), #3126, 'distance_accuracy_value', 'NONE');
#1122 = COLOUR_RGB ( '',0.7529411764705882248, 0.7529411764705882248, 0.7529411764705882248 ) ;
#1123 = PRESENTATION_LAYER_ASSIGNMENT (  '', '', ( #3205 ) ) ;
#1124 = SURFACE_STYLE_FILL_AREA ( #1198 ) ;
#1125 = EDGE_LOOP ( 'NONE', ( #1652, #156 ) ) ;
#1126 = CARTESIAN_POINT ( 'NONE',  ( -5.291012195935360651, 9.554807419716539130, 17.93644190238924807 ) ) ;
#1127 = EDGE_LOOP ( 'NONE', ( #2208, #712, #2386, #2243 ) ) ;
#1128 = SURFACE_SIDE_STYLE ('',( #290 ) ) ;
#1129 =( NAMED_UNIT ( * ) SI_UNIT ( $, .STERADIAN. ) SOLID_ANGLE_UNIT ( ) );
#1130 = CARTESIAN_POINT ( 'NONE',  ( -8.988654947834270104, 10.69611359995074018, 22.08751557091389728 ) ) ;
#1131 = CARTESIAN_POINT ( 'NONE',  ( 6.662238630949449458, 10.89075641807369976, -22.76065712247820017 ) ) ;
#1132 = AXIS2_PLACEMENT_3D ( 'NONE', #1324, #1613, #2448 ) ;
#1133 = VERTEX_POINT ( 'NONE', #3382 ) ;
#1134 = ADVANCED_FACE ( 'NONE', ( #585 ), #2845, .T. ) ;
#1135 = CARTESIAN_POINT ( 'NONE',  ( -7.764283923216800609, 10.40328440295185963, 24.46641032954244821 ) ) ;
#1136 = DIRECTION ( 'NONE',  ( 0.000000000000000000, -1.000000000000000000, 0.000000000000000000 ) ) ;
#1137 = AXIS2_PLACEMENT_3D ( 'NONE', #1897, #3364, #1618 ) ;
#1138 =( LENGTH_UNIT ( ) NAMED_UNIT ( * ) SI_UNIT ( .MILLI., .METRE. ) );
#1139 = ADVANCED_FACE ( 'NONE', ( #623 ), #913, .F. ) ;
#1140 = FILL_AREA_STYLE ('',( #922 ) ) ;
#1141 = CARTESIAN_POINT ( 'NONE',  ( -9.000000000000000000, 7.500000000000000000, -25.30000000000000071 ) ) ;
#1142 = DIRECTION ( 'NONE',  ( -1.000000000000000000, 0.000000000000000000, 0.000000000000000000 ) ) ;
#1143 = CARTESIAN_POINT ( 'NONE',  ( 7.944031216450381017, 9.555984096090751834, -24.21000510225091062 ) ) ;
#1144 = DIRECTION ( 'NONE',  ( 0.000000000000000000, 0.000000000000000000, 1.000000000000000000 ) ) ;
#1145 = ORIENTED_EDGE ( 'NONE', *, *, #3008, .T. ) ;
#1146 = CARTESIAN_POINT ( 'NONE',  ( -6.356036234603020141, 9.557777185217769755, 17.61430075294894948 ) ) ;
#1147 = B_SPLINE_CURVE_WITH_KNOTS ( 'NONE', 3,
 ( #2635, #420, #2024, #403, #3194 ),
 .UNSPECIFIED., .F., .F.,
 ( 4, 1, 4 ),
 ( 0.02130538077683104964, 0.02130666991492149998, 0.02130795905301199888 ),
 .UNSPECIFIED. ) ;
#1148 = ORIENTED_EDGE ( 'NONE', *, *, #2302, .F. ) ;
#1149 = DIRECTION ( 'NONE',  ( 0.000000000000000000, -1.000000000000000000, 0.000000000000000000 ) ) ;
#1150 = CARTESIAN_POINT ( 'NONE',  ( -8.509402961241230301, 9.554145594023641053, 18.04357103426115216 ) ) ;
#1151 = CARTESIAN_POINT ( 'NONE',  ( 6.937749955135009472, 10.44494157355065944, -24.39579715009299932 ) ) ;
#1152 = ORIENTED_EDGE ( 'NONE', *, *, #3231, .F. ) ;
#1153 =( LENGTH_UNIT ( ) NAMED_UNIT ( * ) SI_UNIT ( .MILLI., .METRE. ) );
#1154 = CARTESIAN_POINT ( 'NONE',  ( 6.802585902241871096, 10.46871709653023075, -17.67224143233374889 ) ) ;
#1155 = CARTESIAN_POINT ( 'NONE',  ( -6.799560386096249687, 9.551586481553080432, 24.40799810414700133 ) ) ;
#1156 =( NAMED_UNIT ( * ) PLANE_ANGLE_UNIT ( ) SI_UNIT ( $, .RADIAN. ) );
#1157 = EDGE_CURVE ( 'NONE', #3077, #2917, #1446, .T. ) ;
#1158 = UNCERTAINTY_MEASURE_WITH_UNIT (LENGTH_MEASURE( 1.000000000000000082E-05 ), #2804, 'distance_accuracy_value', 'NONE');
#1159 = SURFACE_STYLE_USAGE ( .BOTH. , #3442 ) ;
#1160 = ORIENTED_EDGE ( 'NONE', *, *, #755, .T. ) ;
#1161 = FILL_AREA_STYLE ('',( #560 ) ) ;
#1162 = ORIENTED_EDGE ( 'NONE', *, *, #1295, .T. ) ;
#1163 = CARTESIAN_POINT ( 'NONE',  ( -5.750506545045643847, 9.556263833596343460, 17.75736667165359606 ) ) ;
#1164 = CARTESIAN_POINT ( 'NONE',  ( -10.18630651550260069, 9.555219211158808790, 20.55784001344310141 ) ) ;
#1165 = CARTESIAN_POINT ( 'NONE',  ( 3.356114142585110205, 10.25065723057323908, -23.30570379834979988 ) ) ;
#1166 = VERTEX_POINT ( 'NONE', #1465 ) ;
#1167 = CARTESIAN_POINT ( 'NONE',  ( -6.799999999999999822, 7.500000000000000000, 21.00000000000000000 ) ) ;
#1168 = LINE ( 'NONE', #1749, #3554 ) ;
#1169 = DIRECTION ( 'NONE',  ( 0.000000000000000000, 0.000000000000000000, -1.000000000000000000 ) ) ;
#1170 = FILL_AREA_STYLE_COLOUR ( '', #1765 ) ;
#1171 = CARTESIAN_POINT ( 'NONE',  ( -8.500000000000000000, 0.000000000000000000, -24.80000000000000071 ) ) ;
#1172 = PRESENTATION_STYLE_ASSIGNMENT (( #2544 ) ) ;
#1173 = COLOUR_RGB ( '',0.7529411764705882248, 0.7529411764705882248, 0.7529411764705882248 ) ;
#1174 = ORIENTED_EDGE ( 'NONE', *, *, #2052, .F. ) ;
#1175 = ADVANCED_FACE ( 'NONE', ( #3088 ), #278, .F. ) ;
#1176 = CARTESIAN_POINT ( 'NONE',  ( -3.502168087462500079, 9.554708619680120307, 20.11276205285095031 ) ) ;
#1177 = COLOUR_RGB ( '',0.7529411764705882248, 0.7529411764705882248, 0.7529411764705882248 ) ;
#1178 = VECTOR ( 'NONE', #3187, 1000.000000000000000 ) ;
#1179 =( GEOMETRIC_REPRESENTATION_CONTEXT ( 3 ) GLOBAL_UNCERTAINTY_ASSIGNED_CONTEXT ( ( #2418 ) ) GLOBAL_UNIT_ASSIGNED_CONTEXT ( ( #354, #2255, #1466 ) ) REPRESENTATION_CONTEXT ( 'NONE', 'WORKASPACE' ) );
#1180 = STYLED_ITEM ( 'NONE', ( #2713 ), #920 ) ;
#1181 = EDGE_LOOP ( 'NONE', ( #2262, #1001 ) ) ;
#1182 = CARTESIAN_POINT ( 'NONE',  ( -4.130872619414336810, 9.548968192906643893, 23.12175072676937404 ) ) ;
#1183 = CARTESIAN_POINT ( 'NONE',  ( 5.717042957001999604, 10.69467515511293954, -18.81014089974949854 ) ) ;
#1184 = CARTESIAN_POINT ( 'NONE',  ( -9.864473983547270564, 9.553428953178750405, 19.49281380231420258 ) ) ;
#1185 = MECHANICAL_DESIGN_GEOMETRIC_PRESENTATION_REPRESENTATION (  '', ( #253 ), #541 ) ;
#1186 = CARTESIAN_POINT ( 'NONE',  ( 5.009175246581030194, 10.46593947514753964, -23.85075047422139960 ) ) ;
#1187 = ORIENTED_EDGE ( 'NONE', *, *, #1388, .T. ) ;
#1188 = FACE_OUTER_BOUND ( 'NONE', #36, .T. ) ;
#1189 = VECTOR ( 'NONE', #3570, 1000.000000000000000 ) ;
#1190 = FILL_AREA_STYLE ('',( #2286 ) ) ;
#1191 = LINE ( 'NONE', #3144, #667 ) ;
#1192 = VECTOR ( 'NONE', #3221, 1000.000000000000114 ) ;
#1193 =( NAMED_UNIT ( * ) PLANE_ANGLE_UNIT ( ) SI_UNIT ( $, .RADIAN. ) );
#1194 = CARTESIAN_POINT ( 'NONE',  ( -6.798100851396149835, 10.69750258694103984, 23.43600550113384884 ) ) ;
#1195 = CARTESIAN_POINT ( 'NONE',  ( 9.000000000000000000, 0.000000000000000000, -24.80000000000000071 ) ) ;
#1196 = UNCERTAINTY_MEASURE_WITH_UNIT (LENGTH_MEASURE( 1.000000000000000082E-05 ), #2639, 'distance_accuracy_value', 'NONE');
#1197 = APPLICATION_PROTOCOL_DEFINITION ( 'draft international standard', 'automotive_design', 1998, #3498 ) ;
#1198 = FILL_AREA_STYLE ('',( #1669 ) ) ;
#1199 = DIRECTION ( 'NONE',  ( 0.000000000000000000, -1.000000000000000000, 0.000000000000000000 ) ) ;
#1200 = CARTESIAN_POINT ( 'NONE',  ( -3.472207846894999950, 10.47037809699708255, 21.21535173375635708 ) ) ;
#1201 = VERTEX_POINT ( 'NONE', #550 ) ;
#1202 = CARTESIAN_POINT ( 'NONE',  ( -5.208648954723505753, 9.549033628531047313, 24.01449732738461407 ) ) ;
#1203 =( NAMED_UNIT ( * ) PLANE_ANGLE_UNIT ( ) SI_UNIT ( $, .RADIAN. ) );
#1204 = ADVANCED_FACE ( 'NONE', ( #2285 ), #567, .F. ) ;
#1205 = CARTESIAN_POINT ( 'NONE',  ( 9.141840548619558859, 10.70545085947390085, -21.93981217325424993 ) ) ;
#1206 = ORIENTED_EDGE ( 'NONE', *, *, #1362, .T. ) ;
#1207 = CARTESIAN_POINT ( 'NONE',  ( -9.032581586353149561, 9.548324601243175280, 23.57577488085823347 ) ) ;
#1208 = CARTESIAN_POINT ( 'NONE',  ( -9.238026951571702838, 10.70049402617802770, 20.91770751659101890 ) ) ;
#1209 = SURFACE_SIDE_STYLE ('',( #921 ) ) ;
#1210 = CARTESIAN_POINT ( 'NONE',  ( -3.907134517080155245, 10.56148021456012032, 20.06018782668309797 ) ) ;
#1211 = SURFACE_STYLE_FILL_AREA ( #1451 ) ;
#1212 =( NAMED_UNIT ( * ) PLANE_ANGLE_UNIT ( ) SI_UNIT ( $, .RADIAN. ) );
#1213 = CARTESIAN_POINT ( 'NONE',  ( 7.159519294804783662, 9.557822355984441742, -24.39577104652925499 ) ) ;
#1214 = FILL_AREA_STYLE ('',( #702 ) ) ;
#1215 = SURFACE_STYLE_USAGE ( .BOTH. , #3408 ) ;
#1216 = CARTESIAN_POINT ( 'NONE',  ( -5.125438103978576798, 10.46448126826165037, 23.88425730689480275 ) ) ;
#1217 = VERTEX_POINT ( 'NONE', #2535 ) ;
#1218 = CARTESIAN_POINT ( 'NONE',  ( 3.735526020038339556, 9.553428946141169220, -22.50718620635840139 ) ) ;
#1219 = LINE ( 'NONE', #2368, #1833 ) ;
#1220 = CARTESIAN_POINT ( 'NONE',  ( 6.937749955135009472, 10.87021875454522046, -19.18837931056404855 ) ) ;
#1221 = EDGE_LOOP ( 'NONE', ( #1145, #2022, #1584, #673 ) ) ;
#1222 = CARTESIAN_POINT ( 'NONE',  ( -9.468979255146598106, 9.548913419978216410, 23.13128300866889830 ) ) ;
#1223 = FILL_AREA_STYLE_COLOUR ( '', #839 ) ;
#1224 = EDGE_CURVE ( 'NONE', #2040, #617, #592, .T. ) ;
#1225 = CARTESIAN_POINT ( 'NONE',  ( -9.000000000000000000, 7.500000000000000000, 28.50000000000000000 ) ) ;
#1226 = CARTESIAN_POINT ( 'NONE',  ( -7.764283923216720673, 10.71462957336533961, 18.69429620157034933 ) ) ;
#1227 = FILL_AREA_STYLE ('',( #2923 ) ) ;
#1228 = DIRECTION ( 'NONE',  ( -0.7071067811865460184, 0.000000000000000000, 0.7071067811865489050 ) ) ;
#1229 = CARTESIAN_POINT ( 'NONE',  ( 8.336924662870108804, 9.549139835860151138, -17.95735983221822352 ) ) ;
#1230 = ADVANCED_BREP_SHAPE_REPRESENTATION ( 'SY7000-26-20A', ( #3122, #3575 ), #3461 ) ;
#1231 = DIRECTION ( 'NONE',  ( 0.000000000000000000, 0.000000000000000000, 1.000000000000000000 ) ) ;
#1232 = CARTESIAN_POINT ( 'NONE',  ( -5.319078119109676095, 10.46506847945007301, 23.98839779017367846 ) ) ;
#1233 = B_SPLINE_CURVE_WITH_KNOTS ( 'NONE', 3,
 ( #235, #3611, #614, #2875, #579 ),
 .UNSPECIFIED., .F., .F.,
 ( 4, 1, 4 ),
 ( 0.01065132668721283961, 0.01065263416565440102, 0.01065394164409593988 ),
 .UNSPECIFIED. ) ;
#1234 =( GEOMETRIC_REPRESENTATION_CONTEXT ( 3 ) GLOBAL_UNCERTAINTY_ASSIGNED_CONTEXT ( ( #2761 ) ) GLOBAL_UNIT_ASSIGNED_CONTEXT ( ( #3200, #1541, #3515 ) ) REPRESENTATION_CONTEXT ( 'NONE', 'WORKASPACE' ) );
#1235 = VERTEX_POINT ( 'NONE', #3220 ) ;
#1236 = CARTESIAN_POINT ( 'NONE',  ( -3.874891648301046043, 9.550010971222958389, 22.76320693834905740 ) ) ;
#1237 = CARTESIAN_POINT ( 'NONE',  ( 3.915731739543190759, 10.46520833488404811, -19.32556327669566087 ) ) ;
#1238 =( GEOMETRIC_REPRESENTATION_CONTEXT ( 3 ) GLOBAL_UNCERTAINTY_ASSIGNED_CONTEXT ( ( #2294 ) ) GLOBAL_UNIT_ASSIGNED_CONTEXT ( ( #1374, #272, #1971 ) ) REPRESENTATION_CONTEXT ( 'NONE', 'WORKASPACE' ) );
#1239 = CARTESIAN_POINT ( 'NONE',  ( 6.799999999978699528, 9.551586481545390583, -17.59200189585234853 ) ) ;
#1240 = PRESENTATION_LAYER_ASSIGNMENT (  '', '', ( #2358 ) ) ;
#1241 = AXIS2_PLACEMENT_3D ( 'NONE', #1066, #2505, #3585 ) ;
#1242 = CIRCLE ( 'NONE', #3607, 1.299999999999998268 ) ;
#1243 = CARTESIAN_POINT ( 'NONE',  ( 4.458154878582389458, 10.57506325937806224, -19.18837931056404855 ) ) ;
#1244 = ORIENTED_EDGE ( 'NONE', *, *, #448, .T. ) ;
#1245 = CYLINDRICAL_SURFACE ( 'NONE', #306, 3.800000000000001155 ) ;
#1246 = DIRECTION ( 'NONE',  ( 0.000000000000000000, -1.000000000000000000, 0.000000000000000000 ) ) ;
#1247 = CARTESIAN_POINT ( 'NONE',  ( 6.798378828547419594, 9.444733010482430302, -23.11238016062409883 ) ) ;
#1248 = COLOUR_RGB ( '',0.7529411764705882248, 0.7529411764705882248, 0.7529411764705882248 ) ;
#1249 = CARTESIAN_POINT ( 'NONE',  ( -9.000000000000000000, 7.500000000000000000, 28.50000000000000000 ) ) ;
#1250 = PRESENTATION_LAYER_ASSIGNMENT (  '', '', ( #2848 ) ) ;
#1251 = CARTESIAN_POINT ( 'NONE',  ( -10.24388585741010083, 10.25065723401209894, 18.69429620157034933 ) ) ;
#1252 = CARTESIAN_POINT ( 'NONE',  ( 7.590794157337489523, 10.70077951018074103, -23.31444196743720099 ) ) ;
#1253 = COLOUR_RGB ( '',0.7529411764705882248, 0.7529411764705882248, 0.7529411764705882248 ) ;
#1254 = ADVANCED_FACE ( 'NONE', ( #1188 ), #1245, .T. ) ;
#1255 = CARTESIAN_POINT ( 'NONE',  ( 9.935108910487670641, 9.553780331250679936, -22.33585234648679219 ) ) ;
#1256 = FILL_AREA_STYLE ('',( #466 ) ) ;
#1257 = FACE_OUTER_BOUND ( 'NONE', #1336, .T. ) ;
#1258 = CARTESIAN_POINT ( 'NONE',  ( -4.093203615485400348, 9.552600422305658867, 18.91738063673755121 ) ) ;
#1259 =( GEOMETRIC_REPRESENTATION_CONTEXT ( 3 ) GLOBAL_UNCERTAINTY_ASSIGNED_CONTEXT ( ( #92 ) ) GLOBAL_UNIT_ASSIGNED_CONTEXT ( ( #2812, #1386, #1070 ) ) REPRESENTATION_CONTEXT ( 'NONE', 'WORKASPACE' ) );
#1260 = CARTESIAN_POINT ( 'NONE',  ( 9.000000000000000000, 7.500000000000000000, 16.69999999999999929 ) ) ;
#1261 = VERTEX_POINT ( 'NONE', #973 ) ;
#1262 = CARTESIAN_POINT ( 'NONE',  ( 3.843957024243440213, 9.550142596705319065, -19.28931864282220232 ) ) ;
#1263 = FILL_AREA_STYLE_COLOUR ( '', #664 ) ;
#1264 = CARTESIAN_POINT ( 'NONE',  ( 3.356114142585110205, 10.40675890006145998, -20.01577413062105038 ) ) ;
#1265 = ORIENTED_EDGE ( 'NONE', *, *, #382, .T. ) ;
#1266 = DIRECTION ( 'NONE',  ( 0.000000000000000000, 1.000000000000000000, 0.000000000000000000 ) ) ;
#1267 = SURFACE_STYLE_USAGE ( .BOTH. , #2984 ) ;
#1268 = AXIS2_PLACEMENT_3D ( 'NONE', #982, #2359, #1548 ) ;
#1269 = CARTESIAN_POINT ( 'NONE',  ( 4.610743770535778552, 10.69815257139785558, -22.08137247281961280 ) ) ;
#1270 = CARTESIAN_POINT ( 'NONE',  ( -5.009175242083959922, 10.46593943206153909, 18.14924952569194971 ) ) ;
#1271 = SURFACE_STYLE_USAGE ( .BOTH. , #957 ) ;
#1272 = UNCERTAINTY_MEASURE_WITH_UNIT (LENGTH_MEASURE( 1.000000000000000082E-05 ), #610, 'distance_accuracy_value', 'NONE');
#1273 = FILL_AREA_STYLE_COLOUR ( '', #2571 ) ;
#1274 = CARTESIAN_POINT ( 'NONE',  ( 9.040844383913247739, 9.552915519056861982, -23.56802580744110642 ) ) ;
#1275 =( LENGTH_UNIT ( ) NAMED_UNIT ( * ) SI_UNIT ( .MILLI., .METRE. ) );
#1276 = CARTESIAN_POINT ( 'NONE',  ( 9.234378672018070944, 10.70018079137419953, -20.84389070642593111 ) ) ;
#1277 = EDGE_CURVE ( 'NONE', #400, #328, #1772, .T. ) ;
#1278 = SURFACE_STYLE_FILL_AREA ( #3521 ) ;
#1279 = ORIENTED_EDGE ( 'NONE', *, *, #1585, .F. ) ;
#1280 = CARTESIAN_POINT ( 'NONE',  ( 4.607130104076070154, 10.69817737652894074, -22.08250255333495105 ) ) ;
#1281 = PLANE ( 'NONE',  #2301 ) ;
#1282 = CARTESIAN_POINT ( 'NONE',  ( 9.692863196990689545, 10.56148084087914008, -21.93981217325424993 ) ) ;
#1283 = ORIENTED_EDGE ( 'NONE', *, *, #599, .T. ) ;
#1284 = LINE ( 'NONE', #2141, #831 ) ;
#1285 = CARTESIAN_POINT ( 'NONE',  ( -8.590817901281170066, 10.46594064843797867, 18.14924952569189998 ) ) ;
#1286 = CARTESIAN_POINT ( 'NONE',  ( 6.960809273850659729, 10.70288244525099941, -23.43971384986200235 ) ) ;
#1287 = CARTESIAN_POINT ( 'NONE',  ( 9.812307905554044751, 9.553295060886187073, -22.59472024276632496 ) ) ;
#1288 = DIRECTION ( 'NONE',  ( 0.000000000000000000, 0.000000000000000000, 1.000000000000000000 ) ) ;
#1289 = CARTESIAN_POINT ( 'NONE',  ( 3.422146187340006751, 9.554337459725045889, -20.53595688933467756 ) ) ;
#1290 = CARTESIAN_POINT ( 'NONE',  ( 9.000000000000000000, 7.500000000000000000, 28.50000000000000000 ) ) ;
#1291 = EDGE_CURVE ( 'NONE', #1235, #474, #424, .T. ) ;
#1292 = VERTEX_POINT ( 'NONE', #1748 ) ;
#1293 = FACE_OUTER_BOUND ( 'NONE', #3063, .T. ) ;
#1294 = VECTOR ( 'NONE', #639, 1000.000000000000114 ) ;
#1295 = EDGE_CURVE ( 'NONE', #2852, #1006, #3237, .T. ) ;
#1296 = CARTESIAN_POINT ( 'NONE',  ( 5.009175246581030194, 10.32033001157406105, -17.53358967045009820 ) ) ;
#1297 = CIRCLE ( 'NONE', #2230, 3.499999999999999556 ) ;
#1298 = AXIS2_PLACEMENT_3D ( 'NONE', #1120, #3111, #3421 ) ;
#1299 = ORIENTED_EDGE ( 'NONE', *, *, #3648, .F. ) ;
#1300 = CARTESIAN_POINT ( 'NONE',  ( -10.01189410362217380, 9.554166157511382096, 19.86078996342447311 ) ) ;
#1301 = FILL_AREA_STYLE_COLOUR ( '', #2061 ) ;
#1302 =( LENGTH_UNIT ( ) NAMED_UNIT ( * ) SI_UNIT ( .MILLI., .METRE. ) );
#1303 = CARTESIAN_POINT ( 'NONE',  ( 6.799999999999999822, 8.500000000000000000, -21.00000000000000000 ) ) ;
#1304 = VECTOR ( 'NONE', #842, 1000.000000000000000 ) ;
#1305 = CARTESIAN_POINT ( 'NONE',  ( 4.700000000000000178, 5.500000000000000000, 10.50000000000000000 ) ) ;
#1306 = CARTESIAN_POINT ( 'NONE',  ( -6.662238619130829598, 10.87021853684629846, 22.81162068940774645 ) ) ;
#1307 = STYLED_ITEM ( 'NONE', ( #2625 ), #1665 ) ;
#1308 = CARTESIAN_POINT ( 'NONE',  ( 8.738311455317939291, 10.69425919864045937, -19.51149176261559859 ) ) ;
#1309 = CARTESIAN_POINT ( 'NONE',  ( 10.17820817498851049, 9.555079091039125672, -21.46096588915388992 ) ) ;
#1310 = DIRECTION ( 'NONE',  ( 0.000000000000000000, -1.000000000000000000, 0.000000000000000000 ) ) ;
#1311 = PRESENTATION_STYLE_ASSIGNMENT (( #188 ) ) ;
#1312 = CARTESIAN_POINT ( 'NONE',  ( 4.131020755289304347, 9.548913412010849200, -18.86871697712589224 ) ) ;
#1313 = VECTOR ( 'NONE', #3485, 1000.000000000000000 ) ;
#1314 = CARTESIAN_POINT ( 'NONE',  ( 8.299020097853370359, 10.69342051995569065, -19.04965786206149758 ) ) ;
#1315 = CIRCLE ( 'NONE', #3216, 3.499999999999999556 ) ;
#1316 = CYLINDRICAL_SURFACE ( 'NONE', #28, 3.499999999999999556 ) ;
#1317 = VERTEX_POINT ( 'NONE', #1537 ) ;
#1318 = CARTESIAN_POINT ( 'NONE',  ( 4.700000000000000178, 7.500000000000000000, 10.50000000000000000 ) ) ;
#1319 = MECHANICAL_DESIGN_GEOMETRIC_PRESENTATION_REPRESENTATION (  '', ( #1488 ), #1656 ) ;
#1320 = CARTESIAN_POINT ( 'NONE',  ( 3.356114142585110205, 10.16814863415867976, -18.08518621715474950 ) ) ;
#1321 = VERTEX_POINT ( 'NONE', #697 ) ;
#1322 = CARTESIAN_POINT ( 'NONE',  ( -8.228951757888657070, 9.555074972211203388, 17.90620667206111705 ) ) ;
#1323 = CARTESIAN_POINT ( 'NONE',  ( -7.240531361084023843, 10.46872181397511170, 24.32810248358563854 ) ) ;
#1324 = CARTESIAN_POINT ( 'NONE',  ( 6.799999999999999822, 8.500000000000000000, -21.00000000000000000 ) ) ;
#1325 = EDGE_CURVE ( 'NONE', #2279, #1551, #2831, .T. ) ;
#1326 = ORIENTED_EDGE ( 'NONE', *, *, #1900, .T. ) ;
#1327 = CARTESIAN_POINT ( 'NONE',  ( -3.356114154578274889, 10.24684179975606213, 23.36321723611940016 ) ) ;
#1328 = CARTESIAN_POINT ( 'NONE',  ( 10.20741236299561905, 9.555277825433089234, -21.22625595872180426 ) ) ;
#1329 = AXIS2_PLACEMENT_3D ( 'NONE', #3405, #833, #1947 ) ;
#1330 = CARTESIAN_POINT ( 'NONE',  ( 9.900000000000000355, 7.500000000000000000, -18.10000000000000142 ) ) ;
#1331 = CARTESIAN_POINT ( 'NONE',  ( 6.799999999999999822, 5.500000000000000000, -21.00000000000000000 ) ) ;
#1332 = CARTESIAN_POINT ( 'NONE',  ( 5.529689621581070469, 9.549728177279355634, -17.83741301719737393 ) ) ;
#1333 = ORIENTED_EDGE ( 'NONE', *, *, #2193, .F. ) ;
#1334 = FILL_AREA_STYLE ('',( #194 ) ) ;
#1335 = FILL_AREA_STYLE_COLOUR ( '', #364 ) ;
#1336 = EDGE_LOOP ( 'NONE', ( #1536, #1632, #345, #543, #3452 ) ) ;
#1337 = CARTESIAN_POINT ( 'NONE',  ( -9.840704861977378926, 9.550812931911307757, 22.54050141354699832 ) ) ;
#1338 = DIRECTION ( 'NONE',  ( 0.000000000000000000, -1.000000000000000000, 0.000000000000000000 ) ) ;
#1339 = CARTESIAN_POINT ( 'NONE',  ( 4.700000000000000178, 5.500000000000000000, 8.500000000000000000 ) ) ;
#1340 = CARTESIAN_POINT ( 'NONE',  ( 6.799999999999999822, 7.500000000000000000, -21.00000000000000000 ) ) ;
#1341 = DIRECTION ( 'NONE',  ( 1.000000000000000000, 0.000000000000000000, 0.000000000000000000 ) ) ;
#1342 = EDGE_LOOP ( 'NONE', ( #696, #784, #835, #2442 ) ) ;
#1343 = EDGE_CURVE ( 'NONE', #2192, #1317, #3336, .T. ) ;
#1344 = CARTESIAN_POINT ( 'NONE',  ( -5.835706930607440057, 10.55092491889335982, 23.91481378283089754 ) ) ;
#1345 = CARTESIAN_POINT ( 'NONE',  ( 8.289551096823648990, 10.69768446614932067, -22.94067784475679872 ) ) ;
#1346 = LINE ( 'NONE', #2740, #3265 ) ;
#1347 = SURFACE_STYLE_FILL_AREA ( #2742 ) ;
#1348 = CARTESIAN_POINT ( 'NONE',  ( 3.555061905341819095, 9.554338785752978680, -22.04297092842092454 ) ) ;
#1349 = UNCERTAINTY_MEASURE_WITH_UNIT (LENGTH_MEASURE( 1.000000000000000082E-05 ), #3527, 'distance_accuracy_value', 'NONE');
#1350 = ORIENTED_EDGE ( 'NONE', *, *, #2753, .F. ) ;
#1351 = DIRECTION ( 'NONE',  ( 0.000000000000000000, -1.000000000000000000, 0.000000000000000000 ) ) ;
#1352 = ORIENTED_EDGE ( 'NONE', *, *, #2331, .T. ) ;
#1353 = CARTESIAN_POINT ( 'NONE',  ( -9.955109417615600975, 9.553878210291559370, 19.71211749239175504 ) ) ;
#1354 = CARTESIAN_POINT ( 'NONE',  ( 9.000000000000000000, 0.000000000000000000, 28.50000000000000000 ) ) ;
#1355 = DIRECTION ( 'NONE',  ( 0.000000000000000000, -1.000000000000000000, 0.000000000000000000 ) ) ;
#1356 = VECTOR ( 'NONE', #3632, 999.9999999999998863 ) ;
#1357 = DIRECTION ( 'NONE',  ( 0.000000000000000000, 0.000000000000000000, -1.000000000000000000 ) ) ;
#1358 = CARTESIAN_POINT ( 'NONE',  ( -5.835706930607400977, 11.06038233526133929, 21.15683104927305180 ) ) ;
#1359 = CARTESIAN_POINT ( 'NONE',  ( 8.412442484853571045, 10.69357920471040124, -19.16367810191285059 ) ) ;
#1360 = STYLED_ITEM ( 'NONE', ( #3198 ), #1254 ) ;
#1361 = AXIS2_PLACEMENT_3D ( 'NONE', #3411, #1973, #2248 ) ;
#1362 = EDGE_CURVE ( 'NONE', #1201, #2169, #766, .T. ) ;
#1363 = CARTESIAN_POINT ( 'NONE',  ( 9.000000000000000000, 7.500000000000000000, -24.80000000000000071 ) ) ;
#1364 = VECTOR ( 'NONE', #1410, 1000.000000000000000 ) ;
#1365 = AXIS2_PLACEMENT_3D ( 'NONE', #1249, #163, #1777 ) ;
#1366 = SURFACE_SIDE_STYLE ('',( #3638 ) ) ;
#1367 = CARTESIAN_POINT ( 'NONE',  ( 3.752116080337187132, 9.553347219274304081, -22.54709691439712671 ) ) ;
#1368 = EDGE_CURVE ( 'NONE', #1006, #2691, #1284, .T. ) ;
#1369 = CIRCLE ( 'NONE', #2791, 3.499999999999999556 ) ;
#1370 = ORIENTED_EDGE ( 'NONE', *, *, #1806, .F. ) ;
#1371 = CARTESIAN_POINT ( 'NONE',  ( -6.577469002046849589, 9.558037461253739764, 17.59239449531969868 ) ) ;
#1372 = SURFACE_SIDE_STYLE ('',( #254 ) ) ;
#1373 = ORIENTED_EDGE ( 'NONE', *, *, #1277, .T. ) ;
#1374 =( LENGTH_UNIT ( ) NAMED_UNIT ( * ) SI_UNIT ( .MILLI., .METRE. ) );
#1375 = PRESENTATION_LAYER_ASSIGNMENT (  '', '', ( #3218 ) ) ;
#1376 = DIRECTION ( 'NONE',  ( 0.000000000000000000, 1.000000000000000000, 0.000000000000000000 ) ) ;
#1377 = CARTESIAN_POINT ( 'NONE',  ( -8.409544117024321253, 10.69357899187346028, 22.83886228653059902 ) ) ;
#1378 = FILL_AREA_STYLE_COLOUR ( '', #67 ) ;
#1379 = CARTESIAN_POINT ( 'NONE',  ( -9.692863205367199697, 10.36271448642767901, 23.36321723611930068 ) ) ;
#1380 = CARTESIAN_POINT ( 'NONE',  ( 9.442853944747890083, 10.46581589414708446, -23.03434588988454834 ) ) ;
#1381 = CARTESIAN_POINT ( 'NONE',  ( -7.126326865104473995, 10.70287579052951799, 18.56066044522825109 ) ) ;
#1382 = CARTESIAN_POINT ( 'NONE',  ( 7.575718229057064157, 9.550774945240826597, -17.67389323289402370 ) ) ;
#1383 = CARTESIAN_POINT ( 'NONE',  ( -9.000000000000000000, 7.500000000000000000, -25.30000000000000071 ) ) ;
#1384 = UNCERTAINTY_MEASURE_WITH_UNIT (LENGTH_MEASURE( 1.000000000000000082E-05 ), #1491, 'distance_accuracy_value', 'NONE');
#1385 = STYLED_ITEM ( 'NONE', ( #535 ), #3450 ) ;
#1386 =( NAMED_UNIT ( * ) PLANE_ANGLE_UNIT ( ) SI_UNIT ( $, .RADIAN. ) );
#1387 = EDGE_LOOP ( 'NONE', ( #3390, #1606, #1072, #2509 ) ) ;
#1388 = EDGE_CURVE ( 'NONE', #3414, #400, #2409, .T. ) ;
#1389 = ORIENTED_EDGE ( 'NONE', *, *, #1686, .T. ) ;
#1390 = CARTESIAN_POINT ( 'NONE',  ( -4.361888505429248220, 10.70035747503528789, 21.07452198665671261 ) ) ;
#1391 = DIRECTION ( 'NONE',  ( 0.000000000000000000, 0.000000000000000000, 1.000000000000000000 ) ) ;
#1392 = CARTESIAN_POINT ( 'NONE',  ( -9.111440288445651348, 10.69773227249067915, 21.79289100288865200 ) ) ;
#1393 = CARTESIAN_POINT ( 'NONE',  ( 6.799999988025509978, 9.558035487566320043, -24.40743388922984991 ) ) ;
#1394 = LINE ( 'NONE', #2518, #3269 ) ;
#1395 = CARTESIAN_POINT ( 'NONE',  ( -5.835706930607350351, 10.42053742188744003, 17.60420284981350036 ) ) ;
#1396 = DIRECTION ( 'NONE',  ( 0.000000000000000000, -1.000000000000000000, 0.000000000000000000 ) ) ;
#1397 = FACE_OUTER_BOUND ( 'NONE', #3215, .T. ) ;
#1398 = ADVANCED_FACE ( 'NONE', ( #2749 ), #217, .F. ) ;
#1399 = ORIENTED_EDGE ( 'NONE', *, *, #515, .F. ) ;
#1400 = CARTESIAN_POINT ( 'NONE',  ( -4.843689786870595704, 10.69405041773926968, 22.49187578976636104 ) ) ;
#1401 =( LENGTH_UNIT ( ) NAMED_UNIT ( * ) SI_UNIT ( .MILLI., .METRE. ) );
#1402 = CARTESIAN_POINT ( 'NONE',  ( -9.055000158748921280, 9.552824574924221324, 18.43521781757425160 ) ) ;
#1403 = ADVANCED_FACE ( 'NONE', ( #2800 ), #2225, .F. ) ;
#1404 = CARTESIAN_POINT ( 'NONE',  ( 9.141840548619558859, 10.25380932115053945, -24.39579715009299932 ) ) ;
#1405 = ORIENTED_EDGE ( 'NONE', *, *, #2447, .T. ) ;
#1406 = DIRECTION ( 'NONE',  ( 0.000000000000000000, 1.000000000000000000, 0.000000000000000000 ) ) ;
#1407 = CARTESIAN_POINT ( 'NONE',  ( -9.900000000000000355, 7.500000000000000000, 22.62480768092720140 ) ) ;
#1408 =( GEOMETRIC_REPRESENTATION_CONTEXT ( 3 ) GLOBAL_UNCERTAINTY_ASSIGNED_CONTEXT ( ( #3422 ) ) GLOBAL_UNIT_ASSIGNED_CONTEXT ( ( #3557, #174, #747 ) ) REPRESENTATION_CONTEXT ( 'NONE', 'WORKASPACE' ) );
#1409 = DIRECTION ( 'NONE',  ( -1.000000000000000000, 0.000000000000000000, 0.000000000000000000 ) ) ;
#1410 = DIRECTION ( 'NONE',  ( -1.000000000000000000, 0.000000000000000000, 0.000000000000000000 ) ) ;
#1411 = SURFACE_STYLE_FILL_AREA ( #1437 ) ;
#1412 = MECHANICAL_DESIGN_GEOMETRIC_PRESENTATION_REPRESENTATION (  '', ( #537 ), #711 ) ;
#1413 = UNCERTAINTY_MEASURE_WITH_UNIT (LENGTH_MEASURE( 1.000000000000000082E-05 ), #663, 'distance_accuracy_value', 'NONE');
#1414 = AXIS2_PLACEMENT_3D ( 'NONE', #1167, #1992, #3434 ) ;
#1415 = PRESENTATION_LAYER_ASSIGNMENT (  '', '', ( #307 ) ) ;
#1416 =( NAMED_UNIT ( * ) SI_UNIT ( $, .STERADIAN. ) SOLID_ANGLE_UNIT ( ) );
#1417 = ORIENTED_EDGE ( 'NONE', *, *, #2351, .F. ) ;
#1418 = MECHANICAL_DESIGN_GEOMETRIC_PRESENTATION_REPRESENTATION (  '', ( #1307 ), #778 ) ;
#1419 = CARTESIAN_POINT ( 'NONE',  ( -5.310448893631439127, 10.69768446059460132, 19.05932215762869930 ) ) ;
#1420 = COLOUR_RGB ( '',0.7529411764705882248, 0.7529411764705882248, 0.7529411764705882248 ) ;
#1421 = VERTEX_POINT ( 'NONE', #2629 ) ;
#1422 = SURFACE_STYLE_USAGE ( .BOTH. , #1128 ) ;
#1423 =( LENGTH_UNIT ( ) NAMED_UNIT ( * ) SI_UNIT ( .MILLI., .METRE. ) );
#1424 = CARTESIAN_POINT ( 'NONE',  ( 5.575357274174460365, 10.69419745537385857, -18.88595430393855068 ) ) ;
#1425 = CARTESIAN_POINT ( 'NONE',  ( -8.313717933435921026, 9.554791654583381089, 17.93877551134005088 ) ) ;
#1426 = PRESENTATION_LAYER_ASSIGNMENT (  '', '', ( #3091 ) ) ;
#1427 = CARTESIAN_POINT ( 'NONE',  ( 5.009175246581030194, 10.33166360346305979, -24.39579715009299932 ) ) ;
#1428 = COLOUR_RGB ( '',0.7529411764705882248, 0.7529411764705882248, 0.7529411764705882248 ) ;
#1429 = ORIENTED_EDGE ( 'NONE', *, *, #2097, .T. ) ;
#1430 = SURFACE_STYLE_FILL_AREA ( #1 ) ;
#1431 = DIRECTION ( 'NONE',  ( -0.0007729870592721705498, 0.000000000000000000, -0.9999997012454585610 ) ) ;
#1432 = EDGE_CURVE ( 'NONE', #1688, #1740, #1027, .T. ) ;
#1433 = CARTESIAN_POINT ( 'NONE',  ( -9.218634742090623391, 10.70042156409333955, 20.68104819984533194 ) ) ;
#1434 = COLOUR_RGB ( '',0.7529411764705882248, 0.7529411764705882248, 0.7529411764705882248 ) ;
#1435 = CARTESIAN_POINT ( 'NONE',  ( 6.799999999999999822, 8.500000000000000000, -17.50000000000000000 ) ) ;
#1436 = CARTESIAN_POINT ( 'NONE',  ( -6.801889779763610200, 10.70288022203670053, 18.56041115691029830 ) ) ;
#1437 = FILL_AREA_STYLE ('',( #43 ) ) ;
#1438 = SURFACE_SIDE_STYLE ('',( #395 ) ) ;
#1439 = SURFACE_SIDE_STYLE ('',( #2547 ) ) ;
#1440 = ORIENTED_EDGE ( 'NONE', *, *, #3092, .F. ) ;
#1441 = VERTEX_POINT ( 'NONE', #3550 ) ;
#1442 = DIRECTION ( 'NONE',  ( -2.365645195190815169E-16, 0.000000000000000000, -1.000000000000000000 ) ) ;
#1443 = CARTESIAN_POINT ( 'NONE',  ( -9.308902265347805738, 10.46567923045148341, 18.80274449060138053 ) ) ;
#1444 = CARTESIAN_POINT ( 'NONE',  ( 6.662238630949449458, 10.60166262191888009, -23.85075047422139960 ) ) ;
#1445 = ORIENTED_EDGE ( 'NONE', *, *, #81, .T. ) ;
#1446 = LINE ( 'NONE', #1936, #2662 ) ;
#1447 = SURFACE_SIDE_STYLE ('',( #1716 ) ) ;
#1448 = EDGE_CURVE ( 'NONE', #1985, #1022, #3532, .T. ) ;
#1449 = CARTESIAN_POINT ( 'NONE',  ( -4.700000000000000178, 7.500000000000000000, -23.69999999999999929 ) ) ;
#1450 =( NAMED_UNIT ( * ) SI_UNIT ( $, .STERADIAN. ) SOLID_ANGLE_UNIT ( ) );
#1451 = FILL_AREA_STYLE ('',( #866 ) ) ;
#1452 = DIRECTION ( 'NONE',  ( 0.000000000000000000, 0.000000000000000000, 1.000000000000000000 ) ) ;
#1453 = UNCERTAINTY_MEASURE_WITH_UNIT (LENGTH_MEASURE( 1.000000000000000082E-05 ), #1153, 'distance_accuracy_value', 'NONE');
#1454 = FACE_OUTER_BOUND ( 'NONE', #2492, .T. ) ;
#1455 = CARTESIAN_POINT ( 'NONE',  ( 4.544999847466759668, 9.552824568824339835, -23.56478218859365015 ) ) ;
#1456 =( NAMED_UNIT ( * ) SI_UNIT ( $, .STERADIAN. ) SOLID_ANGLE_UNIT ( ) );
#1457 = ORIENTED_EDGE ( 'NONE', *, *, #1473, .F. ) ;
#1458 = CARTESIAN_POINT ( 'NONE',  ( -4.718306774128609327, 9.548284641347049018, 23.70781289082894716 ) ) ;
#1459 = B_SPLINE_CURVE_WITH_KNOTS ( 'NONE', 3,
 ( #3565, #1032, #992, #1502, #735, #2960, #2682, #659, #146, #1269, #2921, #2395, #2106, #955, #2640, #3222, #682, #3255, #409, #1519, #2985, #2658, #126, #2377, #501, #3034 ),
 .UNSPECIFIED., .F., .F.,
 ( 4, 2, 2, 2, 2, 2, 2, 2, 2, 2, 2, 2, 4 ),
 ( 0.000000000000000000, 0.1249999999999970302, 0.2499999999999940603, 0.3124999999999928946, 0.3437499999999930056, 0.3749999999999930611, 0.4374999999999931721, 0.4687499999999932276, 0.4999999999999933387, 0.6249999999999948930, 0.7499999999999965583, 0.8749999999999983347, 1.000000000000000000 ),
 .UNSPECIFIED. ) ;
#1460 = ORIENTED_EDGE ( 'NONE', *, *, #270, .F. ) ;
#1461 = CARTESIAN_POINT ( 'NONE',  ( -3.392347142519342107, 9.555133344498582204, 20.95662211766478578 ) ) ;
#1462 = CARTESIAN_POINT ( 'NONE',  ( 6.476529187120990905, 10.69750626584955988, -18.56374315270884878 ) ) ;
#1463 = CARTESIAN_POINT ( 'NONE',  ( -9.791402993413772293, 10.46708571037202162, 19.52576683310196159 ) ) ;
#1464 = EDGE_LOOP ( 'NONE', ( #1709, #308, #1187, #1373 ) ) ;
#1465 = CARTESIAN_POINT ( 'NONE',  ( -4.700000000000000178, 7.500000000000000000, -8.500000000000000000 ) ) ;
#1466 =( NAMED_UNIT ( * ) SI_UNIT ( $, .STERADIAN. ) SOLID_ANGLE_UNIT ( ) );
#1467 =( GEOMETRIC_REPRESENTATION_CONTEXT ( 3 ) GLOBAL_UNCERTAINTY_ASSIGNED_CONTEXT ( ( #2258 ) ) GLOBAL_UNIT_ASSIGNED_CONTEXT ( ( #2053, #27, #44 ) ) REPRESENTATION_CONTEXT ( 'NONE', 'WORKASPACE' ) );
#1468 = CARTESIAN_POINT ( 'NONE',  ( 4.700000000000000178, 7.500000000000000000, -10.50000000000000000 ) ) ;
#1469 = PRESENTATION_LAYER_ASSIGNMENT (  '', '', ( #1876 ) ) ;
#1470 = COLOUR_RGB ( '',0.7529411764705882248, 0.7529411764705882248, 0.7529411764705882248 ) ;
#1471 = DIRECTION ( 'NONE',  ( 0.000000000000000000, -1.000000000000000000, 0.000000000000000000 ) ) ;
#1472 = CARTESIAN_POINT ( 'NONE',  ( -4.609661153599460270, 10.69613210093692146, 22.08411361328185052 ) ) ;
#1473 = EDGE_CURVE ( 'NONE', #2589, #2140, #3503, .T. ) ;
#1474 =( GEOMETRIC_REPRESENTATION_CONTEXT ( 3 ) GLOBAL_UNCERTAINTY_ASSIGNED_CONTEXT ( ( #3170 ) ) GLOBAL_UNIT_ASSIGNED_CONTEXT ( ( #911, #3193, #1129 ) ) REPRESENTATION_CONTEXT ( 'NONE', 'WORKASPACE' ) );
#1475 = AXIS2_PLACEMENT_3D ( 'NONE', #3093, #553, #2519 ) ;
#1476 = ORIENTED_EDGE ( 'NONE', *, *, #1543, .T. ) ;
#1477 = CARTESIAN_POINT ( 'NONE',  ( -3.697462658848813533, 9.553632179797114432, 19.58956475254616691 ) ) ;
#1478 = CARTESIAN_POINT ( 'NONE',  ( -9.000000000000000000, 0.000000000000000000, -28.50000000000000000 ) ) ;
#1479 = VECTOR ( 'NONE', #2783, 1000.000000000000000 ) ;
#1480 = FILL_AREA_STYLE ('',( #1729 ) ) ;
#1481 = DIRECTION ( 'NONE',  ( 0.000000000000000000, 1.000000000000000000, 0.000000000000000000 ) ) ;
#1482 = PLANE ( 'NONE',  #1016 ) ;
#1483 = VECTOR ( 'NONE', #529, 1000.000000000000114 ) ;
#1484 = SURFACE_STYLE_USAGE ( .BOTH. , #2896 ) ;
#1485 = CARTESIAN_POINT ( 'NONE',  ( -4.458154879582039598, 10.37342471312792114, 18.14924952569194971 ) ) ;
#1486 = CARTESIAN_POINT ( 'NONE',  ( 9.000000000000000000, 15.15310394545899975, -17.19999999999999929 ) ) ;
#1487 = CARTESIAN_POINT ( 'NONE',  ( -4.700000000000000178, 7.500000000000000000, 8.500000000000000000 ) ) ;
#1488 = STYLED_ITEM ( 'NONE', ( #2972 ), #3122 ) ;
#1489 = CARTESIAN_POINT ( 'NONE',  ( 5.286282074315909796, 9.554791656428829327, -24.06122449231339999 ) ) ;
#1490 = CARTESIAN_POINT ( 'NONE',  ( 6.797384924822930330, 9.558035476054380197, -24.40743288675175293 ) ) ;
#1491 =( LENGTH_UNIT ( ) NAMED_UNIT ( * ) SI_UNIT ( .MILLI., .METRE. ) );
#1492 = CARTESIAN_POINT ( 'NONE',  ( -3.493975167019381711, 10.47026119625618534, 20.56227103933582967 ) ) ;
#1493 = EDGE_CURVE ( 'NONE', #678, #3179, #2360, .T. ) ;
#1494 = EDGE_LOOP ( 'NONE', ( #3271, #2138, #3433, #748, #1808, #2122 ) ) ;
#1495 = CARTESIAN_POINT ( 'NONE',  ( -3.396310687451445709, 9.555173986596486202, 20.82940821873695825 ) ) ;
#1496 = CARTESIAN_POINT ( 'NONE',  ( 4.486025933734479665, 10.69918406591819959, -21.78899941959374686 ) ) ;
#1497 = CARTESIAN_POINT ( 'NONE',  ( -6.802566812564688981, 10.47196604801675690, 17.67252566405270642 ) ) ;
#1498 = CARTESIAN_POINT ( 'NONE',  ( 7.764283927691709941, 11.00656985869125926, -20.01577413062105038 ) ) ;
#1499 = MECHANICAL_DESIGN_GEOMETRIC_PRESENTATION_REPRESENTATION (  '', ( #1909 ), #1726 ) ;
#1500 = ORIENTED_EDGE ( 'NONE', *, *, #312, .F. ) ;
#1501 = FILL_AREA_STYLE ('',( #2372 ) ) ;
#1502 = CARTESIAN_POINT ( 'NONE',  ( 5.565411129907134047, 10.69860823015442008, -23.13074524182708203 ) ) ;
#1503 = CARTESIAN_POINT ( 'NONE',  ( -6.662238619130800288, 11.11828936516674027, 20.88103277591724805 ) ) ;
#1504 = CARTESIAN_POINT ( 'NONE',  ( 7.787548369887411503, 9.556437000702235451, -24.26194441040270533 ) ) ;
#1505 = CARTESIAN_POINT ( 'NONE',  ( 6.799999999999999822, 7.500000000000000000, -24.50000000000000000 ) ) ;
#1506 = CARTESIAN_POINT ( 'NONE',  ( -4.684378386613089695, 10.69772321311226015, 19.77272214101280312 ) ) ;
#1507 = PLANE ( 'NONE',  #1137 ) ;
#1508 = ORIENTED_EDGE ( 'NONE', *, *, #312, .T. ) ;
#1509 = CARTESIAN_POINT ( 'NONE',  ( -4.308201803976590583, 9.548543052663150732, 23.32546071369485929 ) ) ;
#1510 = CARTESIAN_POINT ( 'NONE',  ( 3.565991969599069833, 9.554269342808769494, -22.09695121840234933 ) ) ;
#1511 = DIRECTION ( 'NONE',  ( 0.000000000000000000, 1.000000000000000000, 0.000000000000000000 ) ) ;
#1512 = EDGE_CURVE ( 'NONE', #3230, #986, #1101, .T. ) ;
#1513 = CARTESIAN_POINT ( 'NONE',  ( 3.907134510583750053, 10.58717623077509984, -20.84316895067799891 ) ) ;
#1514 = ORIENTED_EDGE ( 'NONE', *, *, #448, .F. ) ;
#1515 = SURFACE_STYLE_USAGE ( .BOTH. , #2310 ) ;
#1516 = DIRECTION ( 'NONE',  ( 0.000000000000000000, -1.000000000000000000, 0.000000000000000000 ) ) ;
#1517 = LINE ( 'NONE', #3000, #2551 ) ;
#1518 = ADVANCED_FACE ( 'NONE', ( #2111 ), #128, .T. ) ;
#1519 = CARTESIAN_POINT ( 'NONE',  ( 4.669834332396679777, 10.69532328797499154, -19.76905616288763312 ) ) ;
#1520 = CARTESIAN_POINT ( 'NONE',  ( -6.662238619130760320, 10.60166262101649970, 18.14924952569194971 ) ) ;
#1521 = CARTESIAN_POINT ( 'NONE',  ( 7.243963773884019908, 9.557777183853518821, -24.38569924605829797 ) ) ;
#1522 = UNCERTAINTY_MEASURE_WITH_UNIT (LENGTH_MEASURE( 1.000000000000000082E-05 ), #3004, 'distance_accuracy_value', 'NONE');
#1523 = CARTESIAN_POINT ( 'NONE',  ( 9.145892788677585372, 9.552755086141258900, -23.47239498105756184 ) ) ;
#1524 = LINE ( 'NONE', #2645, #849 ) ;
#1525 = CARTESIAN_POINT ( 'NONE',  ( -4.440968837078240306, 10.69860137311265902, 21.63669599845334801 ) ) ;
#1526 = PRESENTATION_STYLE_ASSIGNMENT (( #3536 ) ) ;
#1527 = ORIENTED_EDGE ( 'NONE', *, *, #3185, .T. ) ;
#1528 = CARTESIAN_POINT ( 'NONE',  ( -3.535837544288661594, 9.552850587353475476, 21.98130006032625872 ) ) ;
#1529 = CARTESIAN_POINT ( 'NONE',  ( 3.472543772615082958, 10.47037141395681026, -20.77951195396486028 ) ) ;
#1530 = AXIS2_PLACEMENT_3D ( 'NONE', #20, #1266, #2392 ) ;
#1531 = DIRECTION ( 'NONE',  ( 0.000000000000000000, 1.000000000000000000, 0.000000000000000000 ) ) ;
#1532 = VECTOR ( 'NONE', #586, 1000.000000000000000 ) ;
#1533 = VECTOR ( 'NONE', #1580, 1000.000000000000000 ) ;
#1534 = AXIS2_PLACEMENT_3D ( 'NONE', #2751, #218, #1338 ) ;
#1535 = CARTESIAN_POINT ( 'NONE',  ( 3.356114142585110205, 10.43189040136753931, -21.11896722403034943 ) ) ;
#1536 = ORIENTED_EDGE ( 'NONE', *, *, #122, .T. ) ;
#1537 = CARTESIAN_POINT ( 'NONE',  ( 3.000000000000000000, 7.500000000000000000, -23.69999999999999929 ) ) ;
#1538 = CARTESIAN_POINT ( 'NONE',  ( 9.900000000000000355, 15.15310394545899975, -18.10000000000000142 ) ) ;
#1539 = DIRECTION ( 'NONE',  ( 0.000000000000000000, 1.000000000000000000, 0.000000000000000000 ) ) ;
#1540 = STYLED_ITEM ( 'NONE', ( #2397 ), #1787 ) ;
#1541 =( NAMED_UNIT ( * ) PLANE_ANGLE_UNIT ( ) SI_UNIT ( $, .RADIAN. ) );
#1542 = CIRCLE ( 'NONE', #76, 3.499999999999999556 ) ;
#1543 = EDGE_CURVE ( 'NONE', #1421, #1723, #2094, .T. ) ;
#1544 = CARTESIAN_POINT ( 'NONE',  ( -10.24388585741012037, 10.40962684492774137, 20.06018782668299849 ) ) ;
#1545 =( NAMED_UNIT ( * ) SI_UNIT ( $, .STERADIAN. ) SOLID_ANGLE_UNIT ( ) );
#1546 = PRESENTATION_LAYER_ASSIGNMENT (  '', '', ( #3384 ) ) ;
#1547 = CARTESIAN_POINT ( 'NONE',  ( 8.073401088478311394, 9.555580302403281934, -24.16095873468348643 ) ) ;
#1548 = DIRECTION ( 'NONE',  ( 0.000000000000000000, 0.000000000000000000, 1.000000000000000000 ) ) ;
#1549 = STYLED_ITEM ( 'NONE', ( #1739 ), #3278 ) ;
#1550 = CARTESIAN_POINT ( 'NONE',  ( -7.437350877789356218, 10.70153145599760691, 18.62231230333777177 ) ) ;
#1551 = VERTEX_POINT ( 'NONE', #983 ) ;
#1552 = CARTESIAN_POINT ( 'NONE',  ( 4.863982961860029874, 10.69424875693083976, -19.50851052069045366 ) ) ;
#1553 = DIRECTION ( 'NONE',  ( 0.000000000000000000, 1.000000000000000000, 0.000000000000000000 ) ) ;
#1554 = CARTESIAN_POINT ( 'NONE',  ( 9.692863196990689545, 10.58717687273824026, -20.84316895067799891 ) ) ;
#1555 = ORIENTED_EDGE ( 'NONE', *, *, #2168, .T. ) ;
#1556 = CARTESIAN_POINT ( 'NONE',  ( -8.087466356755891539, 9.549688423934581394, 24.15564557092632825 ) ) ;
#1557 = DIRECTION ( 'NONE',  ( 0.000000000000000000, -1.000000000000000000, 0.000000000000000000 ) ) ;
#1558 = AXIS2_PLACEMENT_3D ( 'NONE', #414, #813, #2186 ) ;
#1559 = CARTESIAN_POINT ( 'NONE',  ( -9.692863205367130419, 10.37122936073023993, 18.69429620157034933 ) ) ;
#1560 = PLANE ( 'NONE',  #2181 ) ;
#1561 = ADVANCED_FACE ( 'NONE', ( #1840 ), #3005, .T. ) ;
#1562 = UNCERTAINTY_MEASURE_WITH_UNIT (LENGTH_MEASURE( 1.000000000000000082E-05 ), #2318, 'distance_accuracy_value', 'NONE');
#1563 = CARTESIAN_POINT ( 'NONE',  ( 10.11541132207203653, 9.553438829274961464, -20.20160751918088948 ) ) ;
#1564 = DIRECTION ( 'NONE',  ( 0.000000000000000000, 0.000000000000000000, -1.000000000000000000 ) ) ;
#1565 = DIRECTION ( 'NONE',  ( 0.000000000000000000, 0.000000000000000000, 1.000000000000000000 ) ) ;
#1566 = CARTESIAN_POINT ( 'NONE',  ( -3.000000000000000000, 5.500000000000000000, 23.69999999999999929 ) ) ;
#1567 = CARTESIAN_POINT ( 'NONE',  ( -8.298366007719545578, 10.69748209544415118, 19.04564413862608063 ) ) ;
#1568 = EDGE_CURVE ( 'NONE', #840, #3162, #5, .T. ) ;
#1569 = DIRECTION ( 'NONE',  ( 0.000000000000000000, 0.000000000000000000, 1.000000000000000000 ) ) ;
#1570 = ORIENTED_EDGE ( 'NONE', *, *, #2146, .T. ) ;
#1571 = LINE ( 'NONE', #523, #2851 ) ;
#1572 = CARTESIAN_POINT ( 'NONE',  ( 5.009175246581030194, 10.83668322358914082, -20.01577413062105038 ) ) ;
#1573 = VERTEX_POINT ( 'NONE', #520 ) ;
#1574 = CARTESIAN_POINT ( 'NONE',  ( -10.19704972050785052, 9.555185066466014732, 20.65071024178922343 ) ) ;
#1575 = LINE ( 'NONE', #2710, #3026 ) ;
#1576 = FILL_AREA_STYLE ('',( #2699 ) ) ;
#1577 = CARTESIAN_POINT ( 'NONE',  ( -9.141840553324220409, 10.46989607791114096, 23.36321723611930068 ) ) ;
#1578 = SURFACE_SIDE_STYLE ('',( #431 ) ) ;
#1579 = CARTESIAN_POINT ( 'NONE',  ( 8.569314781615720023, 9.554016750887116771, -23.92099600192380393 ) ) ;
#1580 = DIRECTION ( 'NONE',  ( 0.000000000000000000, 0.000000000000000000, -1.000000000000000000 ) ) ;
#1581 = LINE ( 'NONE', #1566, #885 ) ;
#1582 = CARTESIAN_POINT ( 'NONE',  ( 8.929132114322991143, 10.69764896186875802, -22.23622832902698931 ) ) ;
#1583 =( BOUNDED_SURFACE ( )  B_SPLINE_SURFACE ( 3, 2, ( 
 ( #236, #3339, #1917 ),
 ( #2143, #1323, #1905 ),
 ( #1046, #3066, #459 ),
 ( #1590, #2711, #3292 ),
 ( #202, #528, #767 ),
 ( #1638, #3031, #257 ),
 ( #1377, #1883, #3050 ),
 ( #3630, #3562, #2427 ),
 ( #513, #1029, #2211 ),
 ( #3354, #1849, #177 ),
 ( #1130, #819, #2820 ),
 ( #1392, #892, #2249 ),
 ( #615, #3412, #276 ),
 ( #547, #1658, #859 ),
 ( #35, #2577, #311 ),
 ( #3104, #1728, #2513 ),
 ( #3647, #1111, #1164 ),
 ( #2009, #877, #293 ),
 ( #2282, #1712, #3393 ),
 ( #3431, #1463, #1184 ),
 ( #330, #3373, #2229 ),
 ( #1974, #50, #1958 ),
 ( #843, #1443, #68 ),
 ( #565, #2876, #1402 ),
 ( #3160, #348, #1695 ),
 ( #2306, #1931, #1150 ),
 ( #2592, #1677, #1425 ),
 ( #3085, #2857, #2803 ),
 ( #2529, #16, #2836 ),
 ( #3121, #580, #2557 ),
 ( #2266, #1989, #3139 ),
 ( #597, #1497, #2693 ) ),
 .UNSPECIFIED., .F., .F., .T. ) 
 B_SPLINE_SURFACE_WITH_KNOTS ( ( 4, 2, 2, 2, 2, 2, 2, 2, 2, 2, 2, 2, 2, 2, 2, 4 ),
 ( 3, 3 ),
 ( 0.006604963897884399797, 0.007430584385126479813, 0.007843394628747508979, 0.008256204872368550288, 0.008669015115989591597, 0.009081825359610619028, 0.009494635603231660337, 0.009907445846852689503, 0.01032025609047372040, 0.01073306633409475998, 0.01114587657771579955, 0.01155868682133684086, 0.01197149706495786135, 0.01238430730857889919, 0.01279711755219994050, 0.01320992779582098008 ),
 ( 0.000000000000000000, 1.000000000000000000 ),
 .UNSPECIFIED. ) 
 GEOMETRIC_REPRESENTATION_ITEM ( )  RATIONAL_B_SPLINE_SURFACE ( (
 ( 1.000000000000000000, 0.8160835244377769859, 1.000000000000000000),
 ( 1.000000000000000000, 0.8160606558188709947, 1.000000000000000000),
 ( 1.000000000000000000, 0.8162489010530200595, 1.000000000000000000),
 ( 1.000000000000000000, 0.8164435509308710648, 1.000000000000000000),
 ( 1.000000000000000000, 0.8164935869602489849, 1.000000000000000000),
 ( 1.000000000000000000, 0.8165714407658399843, 1.000000000000000000),
 ( 1.000000000000000000, 0.8166012452786379772, 1.000000000000000000),
 ( 1.000000000000000000, 0.8166522555548250129, 1.000000000000000000),
 ( 1.000000000000000000, 0.8166727614891600151, 1.000000000000000000),
 ( 1.000000000000000000, 0.8166939485141799793, 1.000000000000000000),
 ( 1.000000000000000000, 0.8166931875669630747, 1.000000000000000000),
 ( 1.000000000000000000, 0.8166555916375269897, 1.000000000000000000),
 ( 1.000000000000000000, 0.8166119990702019882, 1.000000000000000000),
 ( 1.000000000000000000, 0.8165763569064520278, 1.000000000000000000),
 ( 1.000000000000000000, 0.8165815312442239460, 1.000000000000000000),
 ( 1.000000000000000000, 0.8166442246019369744, 1.000000000000000000),
 ( 1.000000000000000000, 0.8167017846562800720, 1.000000000000000000),
 ( 1.000000000000000000, 0.8168642476053570300, 1.000000000000000000),
 ( 1.000000000000000000, 0.8169674857845909965, 1.000000000000000000),
 ( 1.000000000000000000, 0.8171148338620249918, 1.000000000000000000),
 ( 1.000000000000000000, 0.8171682252292409299, 1.000000000000000000),
 ( 1.000000000000000000, 0.8172464346737149388, 1.000000000000000000),
 ( 1.000000000000000000, 0.8172724460389270140, 1.000000000000000000),
 ( 1.000000000000000000, 0.8173106012260029640, 1.000000000000000000),
 ( 1.000000000000000000, 0.8173225660977619933, 1.000000000000000000),
 ( 1.000000000000000000, 0.8173184307287880701, 1.000000000000000000),
 ( 1.000000000000000000, 0.8173012931143769366, 1.000000000000000000),
 ( 1.000000000000000000, 0.8172225331251850022, 1.000000000000000000),
 ( 1.000000000000000000, 0.8171529369644130458, 1.000000000000000000),
 ( 1.000000000000000000, 0.8170602908390329766, 1.000000000000000000),
 ( 1.000000000000000000, 0.8170344739366319775, 1.000000000000000000),
 ( 1.000000000000000000, 0.8170346049344630046, 1.000000000000000000) ) ) 
 REPRESENTATION_ITEM ( '' )  SURFACE ( )  );
#1584 = ORIENTED_EDGE ( 'NONE', *, *, #1830, .F. ) ;
#1585 = EDGE_CURVE ( 'NONE', #840, #3172, #2178, .T. ) ;
#1586 = LINE ( 'NONE', #231, #3035 ) ;
#1587 = VECTOR ( 'NONE', #555, 1000.000000000000000 ) ;
#1588 = ORIENTED_EDGE ( 'NONE', *, *, #2047, .T. ) ;
#1589 = CARTESIAN_POINT ( 'NONE',  ( -8.936462086007612271, 9.553083349541809710, 18.33564587334275942 ) ) ;
#1590 = CARTESIAN_POINT ( 'NONE',  ( -7.882957013984819739, 10.69467515479945874, 23.18985910667969819 ) ) ;
#1591 = DIRECTION ( 'NONE',  ( -3.212450881438535199E-16, 0.000000000000000000, 1.000000000000000000 ) ) ;
#1592 = COLOUR_RGB ( '',0.7529411764705882248, 0.7529411764705882248, 0.7529411764705882248 ) ;
#1593 = VECTOR ( 'NONE', #1754, 1000.000000000000000 ) ;
#1594 =( NAMED_UNIT ( * ) SI_UNIT ( $, .STERADIAN. ) SOLID_ANGLE_UNIT ( ) );
#1595 = CARTESIAN_POINT ( 'NONE',  ( -9.692863205367189039, 10.45218519655415967, 22.81162068940774645 ) ) ;
#1596 = CARTESIAN_POINT ( 'NONE',  ( 9.112763392037059873, 10.69917137331070123, -21.79257219238655097 ) ) ;
#1597 = UNCERTAINTY_MEASURE_WITH_UNIT (LENGTH_MEASURE( 1.000000000000000082E-05 ), #3229, 'distance_accuracy_value', 'NONE');
#1598 = AXIS2_PLACEMENT_3D ( 'NONE', #3164, #53, #1431 ) ;
#1599 = CARTESIAN_POINT ( 'NONE',  ( 6.802637671927840302, 9.551586472405320549, -17.59200291578600073 ) ) ;
#1600 = DIRECTION ( 'NONE',  ( -0.7071067811865560104, 0.000000000000000000, 0.7071067811865391350 ) ) ;
#1601 = CARTESIAN_POINT ( 'NONE',  ( 3.478382479245907710, 9.553486956354834803, -20.20636170386072905 ) ) ;
#1602 = STYLED_ITEM ( 'NONE', ( #2460 ), #2078 ) ;
#1603 = UNCERTAINTY_MEASURE_WITH_UNIT (LENGTH_MEASURE( 1.000000000000000082E-05 ), #2665, 'distance_accuracy_value', 'NONE');
#1604 = STYLED_ITEM ( 'NONE', ( #1526 ), #3112 ) ;
#1605 = PRESENTATION_STYLE_ASSIGNMENT (( #3621 ) ) ;
#1606 = ORIENTED_EDGE ( 'NONE', *, *, #220, .F. ) ;
#1607 = ADVANCED_FACE ( 'NONE', ( #1910 ), #2187, .T. ) ;
#1608 = CARTESIAN_POINT ( 'NONE',  ( 6.937749955135009472, 10.42602992266999884, -17.53358967045009820 ) ) ;
#1609 = ORIENTED_EDGE ( 'NONE', *, *, #1325, .F. ) ;
#1610 = CARTESIAN_POINT ( 'NONE',  ( -9.962360363643300687, 9.553914351349218848, 19.73001819134652024 ) ) ;
#1611 = PRESENTATION_STYLE_ASSIGNMENT (( #2819 ) ) ;
#1612 = SURFACE_SIDE_STYLE ('',( #2733 ) ) ;
#1613 = DIRECTION ( 'NONE',  ( 0.000000000000000000, -1.000000000000000000, 0.000000000000000000 ) ) ;
#1614 = CARTESIAN_POINT ( 'NONE',  ( -3.907134517080200098, 10.26947508654845898, 23.91481378283095083 ) ) ;
#1615 = CARTESIAN_POINT ( 'NONE',  ( 9.506796389565939975, 9.552600430301669832, -23.08261935556175004 ) ) ;
#1616 = FILL_AREA_STYLE_COLOUR ( '', #3086 ) ;
#1617 = CARTESIAN_POINT ( 'NONE',  ( 4.263333865936389522, 9.548568883928767903, -18.71672101454929305 ) ) ;
#1618 = DIRECTION ( 'NONE',  ( 1.000000000000000000, 0.000000000000000000, 0.000000000000000000 ) ) ;
#1619 = ORIENTED_EDGE ( 'NONE', *, *, #3603, .T. ) ;
#1620 = CARTESIAN_POINT ( 'NONE',  ( 6.662238630949449458, 10.57871382750239952, -18.08518621715474950 ) ) ;
#1621 = ORIENTED_EDGE ( 'NONE', *, *, #1783, .F. ) ;
#1622 = CARTESIAN_POINT ( 'NONE',  ( -9.882559301990877287, 9.551130375003817008, 22.45381594074502374 ) ) ;
#1623 = PLANE ( 'NONE',  #1534 ) ;
#1624 = LINE ( 'NONE', #2176, #602 ) ;
#1625 = FACE_OUTER_BOUND ( 'NONE', #370, .T. ) ;
#1626 = CARTESIAN_POINT ( 'NONE',  ( -4.458154879582104435, 10.57506333960676059, 22.81162068940779974 ) ) ;
#1627 = CARTESIAN_POINT ( 'NONE',  ( 8.914069393957538168, 10.69537429809360063, -19.77386912185524892 ) ) ;
#1628 = UNCERTAINTY_MEASURE_WITH_UNIT (LENGTH_MEASURE( 1.000000000000000082E-05 ), #1097, 'distance_accuracy_value', 'NONE');
#1629 =( NAMED_UNIT ( * ) SI_UNIT ( $, .STERADIAN. ) SOLID_ANGLE_UNIT ( ) );
#1630 = CARTESIAN_POINT ( 'NONE',  ( 5.045821213820635087, 9.548707483040017152, -18.06933181993477078 ) ) ;
#1631 = UNCERTAINTY_MEASURE_WITH_UNIT (LENGTH_MEASURE( 1.000000000000000082E-05 ), #694, 'distance_accuracy_value', 'NONE');
#1632 = ORIENTED_EDGE ( 'NONE', *, *, #1512, .T. ) ;
#1633 =( LENGTH_UNIT ( ) NAMED_UNIT ( * ) SI_UNIT ( .MILLI., .METRE. ) );
#1634 = CARTESIAN_POINT ( 'NONE',  ( -6.799999999999999822, 5.500000000000000000, 21.00000000000000000 ) ) ;
#1635 = ORIENTED_EDGE ( 'NONE', *, *, #937, .F. ) ;
#1636 = CARTESIAN_POINT ( 'NONE',  ( -9.471192973919908553, 9.552652362176200285, 18.88132909811346138 ) ) ;
#1637 = FACE_OUTER_BOUND ( 'NONE', #1127, .T. ) ;
#1638 = CARTESIAN_POINT ( 'NONE',  ( -8.287040039125178836, 10.69365574348958070, 22.93894078710104978 ) ) ;
#1639 = CARTESIAN_POINT ( 'NONE',  ( 4.700000000000000178, 5.500000000000000000, -10.50000000000000000 ) ) ;
#1640 = AXIS2_PLACEMENT_3D ( 'NONE', #3580, #1887, #1341 ) ;
#1641 = DIRECTION ( 'NONE',  ( 0.000000000000000000, 0.000000000000000000, 1.000000000000000000 ) ) ;
#1642 = EDGE_LOOP ( 'NONE', ( #136, #2524, #2464, #1847, #175, #3482 ) ) ;
#1643 = CARTESIAN_POINT ( 'NONE',  ( -3.356114154578270004, 10.32101637406305983, 22.81162068940779974 ) ) ;
#1644 = CARTESIAN_POINT ( 'NONE',  ( 9.237972539835759278, 10.70028031989319928, -20.84090211436339857 ) ) ;
#1645 = DIRECTION ( 'NONE',  ( 0.000000000000000000, 0.000000000000000000, 1.000000000000000000 ) ) ;
#1646 = AXIS2_PLACEMENT_3D ( 'NONE', #1680, #296, #1406 ) ;
#1647 = ADVANCED_FACE ( 'NONE', ( #2486 ), #775, .F. ) ;
#1648 = STYLED_ITEM ( 'NONE', ( #2586 ), #716 ) ;
#1649 =( NAMED_UNIT ( * ) SI_UNIT ( $, .STERADIAN. ) SOLID_ANGLE_UNIT ( ) );
#1650 =( LENGTH_UNIT ( ) NAMED_UNIT ( * ) SI_UNIT ( .MILLI., .METRE. ) );
#1651 = VECTOR ( 'NONE', #1645, 1000.000000000000000 ) ;
#1652 = ORIENTED_EDGE ( 'NONE', *, *, #426, .F. ) ;
#1653 =( NAMED_UNIT ( * ) SI_UNIT ( $, .STERADIAN. ) SOLID_ANGLE_UNIT ( ) );
#1654 = ORIENTED_EDGE ( 'NONE', *, *, #2206, .F. ) ;
#1655 = DIRECTION ( 'NONE',  ( -1.000000000000000000, 0.000000000000000000, 0.000000000000000000 ) ) ;
#1656 =( GEOMETRIC_REPRESENTATION_CONTEXT ( 3 ) GLOBAL_UNCERTAINTY_ASSIGNED_CONTEXT ( ( #2483 ) ) GLOBAL_UNIT_ASSIGNED_CONTEXT ( ( #2932, #690, #2690 ) ) REPRESENTATION_CONTEXT ( 'NONE', 'WORKASPACE' ) );
#1657 = DIRECTION ( 'NONE',  ( 1.000000000000000000, 0.000000000000000000, 3.212450881438535199E-16 ) ) ;
#1658 = CARTESIAN_POINT ( 'NONE',  ( -10.10539922223187759, 10.46996032402667787, 21.44192379991758912 ) ) ;
#1659 = PRESENTATION_STYLE_ASSIGNMENT (( #791 ) ) ;
#1660 = SURFACE_SIDE_STYLE ('',( #2014 ) ) ;
#1661 = CARTESIAN_POINT ( 'NONE',  ( 9.685709954874603511, 10.46650947143937671, -22.67198306571825839 ) ) ;
#1662 = CARTESIAN_POINT ( 'NONE',  ( 8.753014945458005514, 10.69699844649752940, -22.49967704819696479 ) ) ;
#1663 = CARTESIAN_POINT ( 'NONE',  ( 5.254366171980740852, 9.554707418824984089, -24.03772479495277992 ) ) ;
#1664 = PRESENTATION_LAYER_ASSIGNMENT (  '', '', ( #1385 ) ) ;
#1665 = ADVANCED_FACE ( 'NONE', ( #2793 ), #266, .F. ) ;
#1666 = UNCERTAINTY_MEASURE_WITH_UNIT (LENGTH_MEASURE( 1.000000000000000082E-05 ), #353, 'distance_accuracy_value', 'NONE');
#1667 =( NAMED_UNIT ( * ) SI_UNIT ( $, .STERADIAN. ) SOLID_ANGLE_UNIT ( ) );
#1668 = VECTOR ( 'NONE', #3352, 1000.000000000000000 ) ;
#1669 = FILL_AREA_STYLE_COLOUR ( '', #1718 ) ;
#1670 = ORIENTED_EDGE ( 'NONE', *, *, #1295, .F. ) ;
#1671 = CARTESIAN_POINT ( 'NONE',  ( -5.322396202235974982, 10.46783197519436825, 18.01022262887319414 ) ) ;
#1672 = EDGE_CURVE ( 'NONE', #2621, #3622, #1736, .T. ) ;
#1673 = EDGE_LOOP ( 'NONE', ( #1898, #213, #525, #2026, #655, #2174 ) ) ;
#1674 = CARTESIAN_POINT ( 'NONE',  ( -4.516546684212000784, 10.69893003911256457, 20.13684830265679437 ) ) ;
#1675 = LINE ( 'NONE', #1710, #3627 ) ;
#1676 = FILL_AREA_STYLE_COLOUR ( '', #3261 ) ;
#1677 = CARTESIAN_POINT ( 'NONE',  ( -8.282212348989476780, 10.46781423691693824, 18.01250420023907139 ) ) ;
#1678 = CARTESIAN_POINT ( 'NONE',  ( 8.590817900248419292, 10.33166446928546023, -24.39579715009299932 ) ) ;
#1679 = VERTEX_POINT ( 'NONE', #2273 ) ;
#1680 = CARTESIAN_POINT ( 'NONE',  ( 9.900000000000000355, 15.15310394545899975, -23.90000000000000213 ) ) ;
#1681 = LINE ( 'NONE', #2561, #1891 ) ;
#1682 = CARTESIAN_POINT ( 'NONE',  ( -9.000000000000000000, 7.500000000000000000, 28.50000000000000000 ) ) ;
#1683 = DIRECTION ( 'NONE',  ( 0.000000000000000000, -1.000000000000000000, 0.000000000000000000 ) ) ;
#1684 = SURFACE_SIDE_STYLE ('',( #1211 ) ) ;
#1685 = LINE ( 'NONE', #1141, #1587 ) ;
#1686 = EDGE_CURVE ( 'NONE', #2279, #2950, #3186, .T. ) ;
#1687 = CARTESIAN_POINT ( 'NONE',  ( -4.700000000000000178, 5.500000000000000000, 8.500000000000000000 ) ) ;
#1688 = VERTEX_POINT ( 'NONE', #1194 ) ;
#1689 = CARTESIAN_POINT ( 'NONE',  ( -6.009205842239830453, 10.70077951437160024, 18.68555802992474923 ) ) ;
#1690 = ADVANCED_FACE ( 'NONE', ( #56 ), #298, .F. ) ;
#1691 = EDGE_LOOP ( 'NONE', ( #2938, #931, #2839, #2730, #13 ) ) ;
#1692 = CARTESIAN_POINT ( 'NONE',  ( 6.799999999999999822, 7.500000000000000000, -21.00000000000000000 ) ) ;
#1693 = LINE ( 'NONE', #578, #976 ) ;
#1694 = FILL_AREA_STYLE_COLOUR ( '', #653 ) ;
#1695 = CARTESIAN_POINT ( 'NONE',  ( -8.879714400908470751, 9.553162732400409141, 18.29114326785190059 ) ) ;
#1696 = CARTESIAN_POINT ( 'NONE',  ( 10.24388584536182023, 10.07728588238251888, -24.39579715009299932 ) ) ;
#1697 = ORIENTED_EDGE ( 'NONE', *, *, #149, .F. ) ;
#1698 = DIRECTION ( 'NONE',  ( 0.000000000000000000, 0.000000000000000000, 1.000000000000000000 ) ) ;
#1699 = CARTESIAN_POINT ( 'NONE',  ( -9.000000000000000000, 7.500000000000000000, 28.50000000000000000 ) ) ;
#1700 = CARTESIAN_POINT ( 'NONE',  ( -8.500000000000000000, 7.500000000000000000, -24.80000000000000071 ) ) ;
#1701 =( LENGTH_UNIT ( ) NAMED_UNIT ( * ) SI_UNIT ( .MILLI., .METRE. ) );
#1702 =( GEOMETRIC_REPRESENTATION_CONTEXT ( 3 ) GLOBAL_UNCERTAINTY_ASSIGNED_CONTEXT ( ( #1453 ) ) GLOBAL_UNIT_ASSIGNED_CONTEXT ( ( #1153, #2823, #3142 ) ) REPRESENTATION_CONTEXT ( 'NONE', 'WORKASPACE' ) );
#1703 = CARTESIAN_POINT ( 'NONE',  ( 4.700000000000000178, 7.500000000000000000, 10.50000000000000000 ) ) ;
#1704 = VECTOR ( 'NONE', #3420, 1000.000000000000000 ) ;
#1705 = AXIS2_PLACEMENT_3D ( 'NONE', #2124, #2335, #1228 ) ;
#1706 = CARTESIAN_POINT ( 'NONE',  ( 5.090597046160960204, 9.554145593347440624, -23.95642897008539762 ) ) ;
#1707 = ORIENTED_EDGE ( 'NONE', *, *, #1090, .T. ) ;
#1708 = CARTESIAN_POINT ( 'NONE',  ( -6.581577371115579389, 10.47196868992832108, 17.67235543689789523 ) ) ;
#1709 = ORIENTED_EDGE ( 'NONE', *, *, #2168, .F. ) ;
#1710 = CARTESIAN_POINT ( 'NONE',  ( 4.700000000000000178, 7.500000000000000000, -10.50000000000000000 ) ) ;
#1711 = CARTESIAN_POINT ( 'NONE',  ( 6.159394729980260053, 10.69634314468146030, -18.62733900936489917 ) ) ;
#1712 = CARTESIAN_POINT ( 'NONE',  ( -9.957165428161058429, 10.46842115803485207, 19.92603427146946515 ) ) ;
#1713 = EDGE_CURVE ( 'NONE', #1573, #1985, #3457, .T. ) ;
#1714 = VECTOR ( 'NONE', #1775, 1000.000000000000000 ) ;
#1715 = CARTESIAN_POINT ( 'NONE',  ( -8.590817901281260660, 10.32033093180869976, 24.46641032954244821 ) ) ;
#1716 = SURFACE_STYLE_FILL_AREA ( #1190 ) ;
#1717 = CARTESIAN_POINT ( 'NONE',  ( -6.797801930714729934, 9.551586475464768355, 24.40799742418504792 ) ) ;
#1718 = COLOUR_RGB ( '',0.7529411764705882248, 0.7529411764705882248, 0.7529411764705882248 ) ;
#1719 = SURFACE_STYLE_FILL_AREA ( #1979 ) ;
#1720 = DIRECTION ( 'NONE',  ( -0.7071067811865531239, 0.000000000000000000, -0.7071067811865420216 ) ) ;
#1721 = SURFACE_SIDE_STYLE ('',( #1411 ) ) ;
#1722 = CARTESIAN_POINT ( 'NONE',  ( 4.766982260819981221, 10.46612095337782300, -23.64373947999829539 ) ) ;
#1723 = VERTEX_POINT ( 'NONE', #1171 ) ;
#1724 = PRESENTATION_LAYER_ASSIGNMENT (  '', '', ( #1036 ) ) ;
#1725 = ORIENTED_EDGE ( 'NONE', *, *, #1368, .F. ) ;
#1726 =( GEOMETRIC_REPRESENTATION_CONTEXT ( 3 ) GLOBAL_UNCERTAINTY_ASSIGNED_CONTEXT ( ( #1890 ) ) GLOBAL_UNIT_ASSIGNED_CONTEXT ( ( #3241, #394, #2988 ) ) REPRESENTATION_CONTEXT ( 'NONE', 'WORKASPACE' ) );
#1727 = PRESENTATION_STYLE_ASSIGNMENT (( #49 ) ) ;
#1728 = CARTESIAN_POINT ( 'NONE',  ( -10.12775895414659466, 10.47052186734053869, 20.78436037044648899 ) ) ;
#1729 = FILL_AREA_STYLE_COLOUR ( '', #2723 ) ;
#1730 = EDGE_LOOP ( 'NONE', ( #2798, #600, #732, #1725 ) ) ;
#1731 = EDGE_CURVE ( 'NONE', #3640, #1875, #2543, .T. ) ;
#1732 = CARTESIAN_POINT ( 'NONE',  ( 7.254620598733620085, 9.551583339401270578, -17.59235246084075044 ) ) ;
#1733 = CARTESIAN_POINT ( 'NONE',  ( -9.206986132160583480, 10.70032493896727210, 20.60198040658815088 ) ) ;
#1734 = EDGE_CURVE ( 'NONE', #2391, #879, #923, .T. ) ;
#1735 = SURFACE_STYLE_FILL_AREA ( #1140 ) ;
#1736 = LINE ( 'NONE', #641, #1704 ) ;
#1737 =( LENGTH_UNIT ( ) NAMED_UNIT ( * ) SI_UNIT ( .MILLI., .METRE. ) );
#1738 = CARTESIAN_POINT ( 'NONE',  ( 6.350833328800449706, 9.557769290417979846, -24.38501444786874828 ) ) ;
#1739 = PRESENTATION_STYLE_ASSIGNMENT (( #1159 ) ) ;
#1740 = VERTEX_POINT ( 'NONE', #1436 ) ;
#1741 = CARTESIAN_POINT ( 'NONE',  ( -3.392035980852645238, 9.554926306041719997, 21.21826959133415258 ) ) ;
#1742 = EDGE_LOOP ( 'NONE', ( #2974, #1991, #889, #3541 ) ) ;
#1743 = CARTESIAN_POINT ( 'NONE',  ( -4.520375229298631226, 9.548274192132579330, 23.54069816377016622 ) ) ;
#1744 = CARTESIAN_POINT ( 'NONE',  ( 5.928026014079771144, 10.46718881527155531, -17.75889890147793793 ) ) ;
#1745 = CARTESIAN_POINT ( 'NONE',  ( -6.799999999999999822, 8.500000000000000000, 21.00000000000000000 ) ) ;
#1746 = CARTESIAN_POINT ( 'NONE',  ( 9.141840548619558859, 10.48286683704633937, -23.30570379834979988 ) ) ;
#1747 = EDGE_LOOP ( 'NONE', ( #233, #3306, #1107, #2013 ) ) ;
#1748 = CARTESIAN_POINT ( 'NONE',  ( 9.000000000000000000, 7.500000000000000000, -17.19999999999999929 ) ) ;
#1749 = CARTESIAN_POINT ( 'NONE',  ( -8.500000000000000000, 7.500000000000000000, -24.80000000000000071 ) ) ;
#1750 = SURFACE_SIDE_STYLE ('',( #863 ) ) ;
#1751 = FACE_OUTER_BOUND ( 'NONE', #289, .T. ) ;
#1752 = CARTESIAN_POINT ( 'NONE',  ( -6.937749945152279274, 11.06728983985092007, 20.06018782668304823 ) ) ;
#1753 = LINE ( 'NONE', #2864, #2295 ) ;
#1754 = DIRECTION ( 'NONE',  ( -1.000000000000000000, 0.000000000000000000, 0.000000000000000000 ) ) ;
#1755 = EDGE_CURVE ( 'NONE', #2303, #3010, #2566, .T. ) ;
#1756 = SURFACE_SIDE_STYLE ('',( #3188 ) ) ;
#1757 = CARTESIAN_POINT ( 'NONE',  ( 6.161281130134230288, 10.70153438007132074, -23.36058318832409952 ) ) ;
#1758 = VECTOR ( 'NONE', #480, 1000.000000000000000 ) ;
#1759 = VECTOR ( 'NONE', #669, 1000.000000000000000 ) ;
#1760 =( LENGTH_UNIT ( ) NAMED_UNIT ( * ) SI_UNIT ( .MILLI., .METRE. ) );
#1761 = CARTESIAN_POINT ( 'NONE',  ( 6.799999999999999822, 8.500000000000000000, -21.00000000000000000 ) ) ;
#1762 = CARTESIAN_POINT ( 'NONE',  ( -4.962188102644139676, 10.69712302718947861, 19.38554220283115015 ) ) ;
#1763 = STYLED_ITEM ( 'NONE', ( #3479 ), #1398 ) ;
#1764 = VECTOR ( 'NONE', #1059, 1000.000000000000000 ) ;
#1765 = COLOUR_RGB ( '',0.7529411764705882248, 0.7529411764705882248, 0.7529411764705882248 ) ;
#1766 = ORIENTED_EDGE ( 'NONE', *, *, #288, .F. ) ;
#1767 = CARTESIAN_POINT ( 'NONE',  ( -3.664891090191386258, 9.553780324768885279, 19.66414765045012913 ) ) ;
#1768 = FACE_OUTER_BOUND ( 'NONE', #594, .T. ) ;
#1769 = AXIS2_PLACEMENT_3D ( 'NONE', #2349, #1516, #3238 ) ;
#1770 = CARTESIAN_POINT ( 'NONE',  ( 3.356114142585110205, 10.43144763770820127, -20.84316895067799891 ) ) ;
#1771 = EDGE_LOOP ( 'NONE', ( #1206, #2637, #423, #2854 ) ) ;
#1772 = LINE ( 'NONE', #1809, #2357 ) ;
#1773 = COLOUR_RGB ( '',0.7529411764705882248, 0.7529411764705882248, 0.7529411764705882248 ) ;
#1774 = FILL_AREA_STYLE_COLOUR ( '', #893 ) ;
#1775 = DIRECTION ( 'NONE',  ( 0.000000000000000000, 1.000000000000000000, 0.000000000000000000 ) ) ;
#1776 = AXIS2_PLACEMENT_3D ( 'NONE', #681, #1539, #2680 ) ;
#1777 = DIRECTION ( 'NONE',  ( 0.000000000000000000, 1.000000000000000000, 0.000000000000000000 ) ) ;
#1778 = CARTESIAN_POINT ( 'NONE',  ( -6.662238619130770090, 10.74906677345131989, 18.69429620157039906 ) ) ;
#1779 = DIRECTION ( 'NONE',  ( 1.000000000000000000, 0.000000000000000000, -2.365645195190815169E-16 ) ) ;
#1780 = CARTESIAN_POINT ( 'NONE',  ( -6.799999999999999822, 8.500000000000000000, 24.50000000000000000 ) ) ;
#1781 = CARTESIAN_POINT ( 'NONE',  ( 6.576443790743828011, 10.47196340640082823, -24.32730409274248728 ) ) ;
#1782 = PLANE ( 'NONE',  #1268 ) ;
#1783 = EDGE_CURVE ( 'NONE', #386, #861, #1753, .T. ) ;
#1784 = CARTESIAN_POINT ( 'NONE',  ( -4.961789293514019761, 10.69388532371614176, 22.61057899416210404 ) ) ;
#1785 = CARTESIAN_POINT ( 'NONE',  ( 6.799999999999999822, 8.500000000000000000, -24.50000000000000000 ) ) ;
#1786 = ORIENTED_EDGE ( 'NONE', *, *, #1362, .F. ) ;
#1787 = ADVANCED_FACE ( 'NONE', ( #110 ), #1560, .F. ) ;
#1788 = CARTESIAN_POINT ( 'NONE',  ( -3.541895257669107622, 9.554386969022980125, 19.96053722590856694 ) ) ;
#1789 = CARTESIAN_POINT ( 'NONE',  ( 3.414654969212060021, 9.554493343817268780, -20.55077088267364971 ) ) ;
#1790 = CARTESIAN_POINT ( 'NONE',  ( 4.700000000000000178, 7.500000000000000000, -17.83298247557740268 ) ) ;
#1791 = CARTESIAN_POINT ( 'NONE',  ( 10.24388584536182023, 10.32516430573240029, -22.76065712247820017 ) ) ;
#1792 = VERTEX_POINT ( 'NONE', #1797 ) ;
#1793 = CARTESIAN_POINT ( 'NONE',  ( -7.835730352165112045, 9.550243818338985946, 24.24767634114931880 ) ) ;
#1794 = FILL_AREA_STYLE ('',( #2698 ) ) ;
#1795 = PLANE ( 'NONE',  #2963 ) ;
#1796 = CARTESIAN_POINT ( 'NONE',  ( -9.692863205367119761, 10.27550915001640064, 18.14924952569189998 ) ) ;
#1797 = CARTESIAN_POINT ( 'NONE',  ( -9.000000000000000000, 7.500000000000000000, -16.69999999999999929 ) ) ;
#1798 = CARTESIAN_POINT ( 'NONE',  ( 9.372127674732670499, 9.548708925707487083, -18.76329707408855896 ) ) ;
#1799 = SURFACE_SIDE_STYLE ('',( #2686 ) ) ;
#1800 = CARTESIAN_POINT ( 'NONE',  ( -4.440299011807295138, 10.69973999572310142, 20.36174880783314833 ) ) ;
#1801 = ADVANCED_FACE ( 'NONE', ( #3530 ), #3155, .T. ) ;
#1802 = ORIENTED_EDGE ( 'NONE', *, *, #987, .T. ) ;
#1803 = CARTESIAN_POINT ( 'NONE',  ( -3.403205788218707895, 9.554625064359669295, 21.35229441621483204 ) ) ;
#1804 = CARTESIAN_POINT ( 'NONE',  ( 4.378629055957169669, 10.69984904645358093, -20.67428236561635302 ) ) ;
#1805 = CARTESIAN_POINT ( 'NONE',  ( 3.000000000000000000, 5.500000000000000000, -23.69999999999999929 ) ) ;
#1806 = EDGE_CURVE ( 'NONE', #2420, #1261, #192, .T. ) ;
#1807 = CARTESIAN_POINT ( 'NONE',  ( 6.662238630949449458, 11.11637901904573944, -20.84316895067799891 ) ) ;
#1808 = ORIENTED_EDGE ( 'NONE', *, *, #2770, .T. ) ;
#1809 = CARTESIAN_POINT ( 'NONE',  ( 9.900000000000000355, 0.000000000000000000, -23.90000000000000213 ) ) ;
#1810 = PRESENTATION_STYLE_ASSIGNMENT (( #1267 ) ) ;
#1811 = DIRECTION ( 'NONE',  ( 0.000000000000000000, 1.000000000000000000, 0.000000000000000000 ) ) ;
#1812 = CARTESIAN_POINT ( 'NONE',  ( -3.356114154578214936, 10.25065731192109908, 18.69429620157044525 ) ) ;
#1813 = CARTESIAN_POINT ( 'NONE',  ( 7.018422641152733732, 10.47196868937142611, -24.32764456233279660 ) ) ;
#1814 = UNCERTAINTY_MEASURE_WITH_UNIT (LENGTH_MEASURE( 1.000000000000000082E-05 ), #2849, 'distance_accuracy_value', 'NONE');
#1815 = CARTESIAN_POINT ( 'NONE',  ( 8.136799237940655516, 9.549573569518997829, -17.86492683354442335 ) ) ;
#1816 = SURFACE_STYLE_USAGE ( .BOTH. , #1799 ) ;
#1817 =( NAMED_UNIT ( * ) PLANE_ANGLE_UNIT ( ) SI_UNIT ( $, .RADIAN. ) );
#1818 = CARTESIAN_POINT ( 'NONE',  ( -3.000000000000000000, 5.500000000000000000, 23.69999999999999929 ) ) ;
#1819 = CARTESIAN_POINT ( 'NONE',  ( -5.309973398948000245, 10.69365242154919926, 22.93665090664590167 ) ) ;
#1820 = VECTOR ( 'NONE', #1357, 1000.000000000000000 ) ;
#1821 = DIRECTION ( 'NONE',  ( 0.000000000000000000, -1.000000000000000000, 0.000000000000000000 ) ) ;
#1822 = ORIENTED_EDGE ( 'NONE', *, *, #2278, .T. ) ;
#1823 = CARTESIAN_POINT ( 'NONE',  ( 4.964281117804040022, 10.69387817203980084, -19.38658005293125086 ) ) ;
#1824 = VECTOR ( 'NONE', #1565, 1000.000000000000000 ) ;
#1825 = COLOUR_RGB ( '',0.7529411764705882248, 0.7529411764705882248, 0.7529411764705882248 ) ;
#1826 = COLOUR_RGB ( '',0.7529411764705882248, 0.7529411764705882248, 0.7529411764705882248 ) ;
#1827 = CARTESIAN_POINT ( 'NONE',  ( 6.937749955135009472, 11.11828970332184063, -21.11896722403034943 ) ) ;
#1828 = ORIENTED_EDGE ( 'NONE', *, *, #1277, .F. ) ;
#1829 = CARTESIAN_POINT ( 'NONE',  ( -8.044635897999709684, 9.549787325465839416, 24.17285308712671466 ) ) ;
#1830 = EDGE_CURVE ( 'NONE', #2559, #814, #1681, .T. ) ;
#1831 = DIRECTION ( 'NONE',  ( 0.000000000000000000, 1.000000000000000000, 0.000000000000000000 ) ) ;
#1832 = PRESENTATION_LAYER_ASSIGNMENT (  '', '', ( #3378 ) ) ;
#1833 = VECTOR ( 'NONE', #2066, 1000.000000000000000 ) ;
#1834 = CARTESIAN_POINT ( 'NONE',  ( -7.764283923216700245, 10.42053831616483883, 17.60420284981350036 ) ) ;
#1835 =( NAMED_UNIT ( * ) SI_UNIT ( $, .STERADIAN. ) SOLID_ANGLE_UNIT ( ) );
#1836 = PRESENTATION_LAYER_ASSIGNMENT (  '', '', ( #1952 ) ) ;
#1837 = CARTESIAN_POINT ( 'NONE',  ( 9.962763739358289072, 9.551824824316030416, -19.73021339208440850 ) ) ;
#1838 = FACE_OUTER_BOUND ( 'NONE', #3341, .T. ) ;
#1839 = PRESENTATION_LAYER_ASSIGNMENT (  '', '', ( #1549 ) ) ;
#1840 = FACE_OUTER_BOUND ( 'NONE', #2264, .T. ) ;
#1841 = CARTESIAN_POINT ( 'NONE',  ( 4.063760889447657121, 9.552710709064927030, -23.03449947633477279 ) ) ;
#1842 = DIRECTION ( 'NONE',  ( 0.000000000000000000, 0.000000000000000000, -1.000000000000000000 ) ) ;
#1843 = FILL_AREA_STYLE_COLOUR ( '', #1434 ) ;
#1844 = EDGE_LOOP ( 'NONE', ( #2745, #2654, #629, #2327 ) ) ;
#1845 = CARTESIAN_POINT ( 'NONE',  ( 4.231765694667124933, 9.548603440033499368, -18.74811178284694790 ) ) ;
#1846 = CARTESIAN_POINT ( 'NONE',  ( 9.141840548619558859, 10.69860867453786035, -20.01577413062105038 ) ) ;
#1847 = ORIENTED_EDGE ( 'NONE', *, *, #3520, .T. ) ;
#1848 = DIRECTION ( 'NONE',  ( -1.000000000000000000, 0.000000000000000000, 0.000000000000000000 ) ) ;
#1849 = CARTESIAN_POINT ( 'NONE',  ( -9.684268256922985429, 10.46520833411200968, 22.67443672975749180 ) ) ;
#1850 =( NAMED_UNIT ( * ) SI_UNIT ( $, .STERADIAN. ) SOLID_ANGLE_UNIT ( ) );
#1851 =( GEOMETRIC_REPRESENTATION_CONTEXT ( 3 ) GLOBAL_UNCERTAINTY_ASSIGNED_CONTEXT ( ( #2108 ) ) GLOBAL_UNIT_ASSIGNED_CONTEXT ( ( #3040, #187, #795 ) ) REPRESENTATION_CONTEXT ( 'NONE', 'WORKASPACE' ) );
#1852 = FACE_OUTER_BOUND ( 'NONE', #1387, .T. ) ;
#1853 = CARTESIAN_POINT ( 'NONE',  ( -3.907134517080175229, 10.55660037062154011, 21.98422586934044887 ) ) ;
#1854 = EDGE_CURVE ( 'NONE', #2440, #879, #603, .T. ) ;
#1855 = CARTESIAN_POINT ( 'NONE',  ( 10.00067758712036436, 9.552190657861322265, -19.82912662346043575 ) ) ;
#1856 = SURFACE_STYLE_FILL_AREA ( #2413 ) ;
#1857 = CARTESIAN_POINT ( 'NONE',  ( -8.500000000000000000, 0.000000000000000000, -24.80000000000000071 ) ) ;
#1858 = CARTESIAN_POINT ( 'NONE',  ( 3.484038573167604902, 9.554725739965055809, -21.79577405789883571 ) ) ;
#1859 = CARTESIAN_POINT ( 'NONE',  ( 7.436977333903335818, 10.69635828367510477, -18.62577035110703250 ) ) ;
#1860 = UNCERTAINTY_MEASURE_WITH_UNIT (LENGTH_MEASURE( 1.000000000000000082E-05 ), #3257, 'distance_accuracy_value', 'NONE');
#1861 = CARTESIAN_POINT ( 'NONE',  ( -9.000000000000000000, 0.000000000000000000, 28.50000000000000000 ) ) ;
#1862 = ORIENTED_EDGE ( 'NONE', *, *, #81, .F. ) ;
#1863 = ORIENTED_EDGE ( 'NONE', *, *, #2770, .F. ) ;
#1864 = CARTESIAN_POINT ( 'NONE',  ( 9.900000000000000355, 15.15310394545899975, -23.90000000000000213 ) ) ;
#1865 = SURFACE_SIDE_STYLE ('',( #2142 ) ) ;
#1866 = LINE ( 'NONE', #499, #726 ) ;
#1867 = DIRECTION ( 'NONE',  ( 0.000000000000000000, 0.000000000000000000, 1.000000000000000000 ) ) ;
#1868 = CARTESIAN_POINT ( 'NONE',  ( -10.24388585741015945, 10.24684174443524043, 23.36321723611930068 ) ) ;
#1869 = CARTESIAN_POINT ( 'NONE',  ( 9.756139507584190795, 9.553034534832740121, -22.71027203343585299 ) ) ;
#1870 = CARTESIAN_POINT ( 'NONE',  ( 9.902537345608775965, 9.553632186524136927, -22.41043523608555788 ) ) ;
#1871 = FILL_AREA_STYLE ('',( #1893 ) ) ;
#1872 = FILL_AREA_STYLE_COLOUR ( '', #3027 ) ;
#1873 = CARTESIAN_POINT ( 'NONE',  ( 3.392333061603728606, 9.555225972240871002, -21.15838223270321805 ) ) ;
#1874 = ADVANCED_FACE ( 'NONE', ( #2880 ), #2233, .F. ) ;
#1875 = VERTEX_POINT ( 'NONE', #2581 ) ;
#1876 = STYLED_ITEM ( 'NONE', ( #3419 ), #1134 ) ;
#1877 = CARTESIAN_POINT ( 'NONE',  ( 4.458154878582389458, 10.36236563502082042, -18.08518621715474950 ) ) ;
#1878 = VECTOR ( 'NONE', #1848, 1000.000000000000000 ) ;
#1879 = CLOSED_SHELL ( 'NONE', ( #1035, #101, #1254, #40, #3472, #920, #575, #1607, #1787, #777, #404, #3206, #3381, #1874, #850, #1647, #3642, #3180, #2381, #2078, #671, #1050, #1518, #1139, #3275, #3278, #1175, #1398, #3044, #3450, #2165, #1665, #888, #759, #1134, #1204, #1690, #1986, #1561, #716, #337, #2347, #226, #1030, #1403, #2814, #1919, #644, #1112, #2615, #912, #1943, #3112, #3404, #58, #1801, #2404 ) ) ;
#1880 = VERTEX_POINT ( 'NONE', #21 ) ;
#1881 = CARTESIAN_POINT ( 'NONE',  ( -8.258520118526403664, 9.554981007818524219, 17.92003450609340121 ) ) ;
#1882 =( LENGTH_UNIT ( ) NAMED_UNIT ( * ) SI_UNIT ( .MILLI., .METRE. ) );
#1883 = CARTESIAN_POINT ( 'NONE',  ( -8.996930704836231030, 10.46363258283116693, 23.50963567371541529 ) ) ;
#1884 = DIRECTION ( 'NONE',  ( 0.0007662202785039722366, 0.000000000000000000, 0.9999997064531992441 ) ) ;
#1885 = COLOUR_RGB ( '',0.7529411764705882248, 0.7529411764705882248, 0.7529411764705882248 ) ;
#1886 = VECTOR ( 'NONE', #1376, 1000.000000000000000 ) ;
#1887 = DIRECTION ( 'NONE',  ( -0.000000000000000000, 1.000000000000000000, 0.000000000000000000 ) ) ;
#1888 = CARTESIAN_POINT ( 'NONE',  ( -9.692863205367171275, 10.58717687137389873, 21.15683104927299851 ) ) ;
#1889 = CARTESIAN_POINT ( 'NONE',  ( 8.637811901828079897, 10.69712303381334095, -22.61445779801515243 ) ) ;
#1890 = UNCERTAINTY_MEASURE_WITH_UNIT (LENGTH_MEASURE( 1.000000000000000082E-05 ), #3241, 'distance_accuracy_value', 'NONE');
#1891 = VECTOR ( 'NONE', #2840, 1000.000000000000000 ) ;
#1892 = CARTESIAN_POINT ( 'NONE',  ( -4.700000000000000178, 5.500000000000000000, -8.500000000000000000 ) ) ;
#1893 = FILL_AREA_STYLE_COLOUR ( '', #3284 ) ;
#1894 = DIRECTION ( 'NONE',  ( 0.000000000000000000, -1.000000000000000000, 0.000000000000000000 ) ) ;
#1895 = CARTESIAN_POINT ( 'NONE',  ( 3.788221047007453546, 9.550613845496894072, -19.40375896918606102 ) ) ;
#1896 = VECTOR ( 'NONE', #1080, 1000.000000000000000 ) ;
#1897 = CARTESIAN_POINT ( 'NONE',  ( -4.700000000000000178, 5.500000000000000000, 8.500000000000000000 ) ) ;
#1898 = ORIENTED_EDGE ( 'NONE', *, *, #3581, .F. ) ;
#1899 =( GEOMETRIC_REPRESENTATION_CONTEXT ( 3 ) GLOBAL_UNCERTAINTY_ASSIGNED_CONTEXT ( ( #2943 ) ) GLOBAL_UNIT_ASSIGNED_CONTEXT ( ( #1984, #2003, #1456 ) ) REPRESENTATION_CONTEXT ( 'NONE', 'WORKASPACE' ) );
#1900 = EDGE_CURVE ( 'NONE', #909, #1723, #1168, .T. ) ;
#1901 = CARTESIAN_POINT ( 'NONE',  ( 3.907134510583750053, 10.16919799225309973, -17.53358967045009820 ) ) ;
#1902 = ORIENTED_EDGE ( 'NONE', *, *, #1090, .F. ) ;
#1903 = CARTESIAN_POINT ( 'NONE',  ( -8.401585628820349427, 9.554536096776901744, 17.99144370904083701 ) ) ;
#1904 = DIRECTION ( 'NONE',  ( 0.9999997011801760038, -1.117553685057964035E-05, -0.0007729907283502000142 ) ) ;
#1905 = CARTESIAN_POINT ( 'NONE',  ( -7.249334447661599512, 9.551589604044201209, 24.40834662250719944 ) ) ;
#1906 = CARTESIAN_POINT ( 'NONE',  ( -10.24388585741018076, 10.16814863148056070, 23.91481378283084780 ) ) ;
#1907 = CARTESIAN_POINT ( 'NONE',  ( 9.865202298332068409, 9.550919938384149432, -19.49361103116470062 ) ) ;
#1908 = LINE ( 'NONE', #2166, #2892 ) ;
#1909 = STYLED_ITEM ( 'NONE', ( #2905 ), #1230 ) ;
#1910 = FACE_OUTER_BOUND ( 'NONE', #1642, .T. ) ;
#1911 = CARTESIAN_POINT ( 'NONE',  ( 5.555363812195084350, 9.549787328802976205, -17.82714702774506677 ) ) ;
#1912 = ORIENTED_EDGE ( 'NONE', *, *, #2796, .F. ) ;
#1913 = CARTESIAN_POINT ( 'NONE',  ( 7.764283927691709941, 10.55092588397487852, -18.08518621715474950 ) ) ;
#1914 = ORIENTED_EDGE ( 'NONE', *, *, #1493, .F. ) ;
#1915 = CARTESIAN_POINT ( 'NONE',  ( -8.662456517033971792, 9.553779132943143182, 18.14398477258815134 ) ) ;
#1916 = DIRECTION ( 'NONE',  ( 0.000000000000000000, 1.000000000000000000, 0.000000000000000000 ) ) ;
#1917 = CARTESIAN_POINT ( 'NONE',  ( -6.797362316909570268, 9.551586472418780005, 24.40799708420420089 ) ) ;
#1918 = CARTESIAN_POINT ( 'NONE',  ( -4.700000000000000178, 7.500000000000000000, -8.500000000000000000 ) ) ;
#1919 = ADVANCED_FACE ( 'NONE', ( #3398, #862, #583, #38 ), #2597, .F. ) ;
#1920 = CARTESIAN_POINT ( 'NONE',  ( -8.590817901281230462, 10.83668498805745983, 21.98422586934040268 ) ) ;
#1921 = CARTESIAN_POINT ( 'NONE',  ( 9.222525870925498026, 10.70043580812509987, -21.32128370269704831 ) ) ;
#1922 = LINE ( 'NONE', #1290, #1019 ) ;
#1923 = DIRECTION ( 'NONE',  ( -1.067350013832299363E-17, -0.9961946980917455452, -0.08715574274765836016 ) ) ;
#1924 = ORIENTED_EDGE ( 'NONE', *, *, #556, .T. ) ;
#1925 = DIRECTION ( 'NONE',  ( 1.000000000000000000, 0.000000000000000000, 0.000000000000000000 ) ) ;
#1926 = CARTESIAN_POINT ( 'NONE',  ( 8.590817900248419292, 10.57306164202775989, -18.63678276385940080 ) ) ;
#1927 = ORIENTED_EDGE ( 'NONE', *, *, #2882, .F. ) ;
#1928 = DIRECTION ( 'NONE',  ( -0.000000000000000000, 1.000000000000000000, 0.000000000000000000 ) ) ;
#1929 = LINE ( 'NONE', #1094, #2807 ) ;
#1930 = AXIS2_PLACEMENT_3D ( 'NONE', #1962, #209, #1051 ) ;
#1931 = CARTESIAN_POINT ( 'NONE',  ( -8.472730667585173236, 10.46711299085380098, 18.11487899132051993 ) ) ;
#1932 =( GEOMETRIC_REPRESENTATION_CONTEXT ( 3 ) GLOBAL_UNCERTAINTY_ASSIGNED_CONTEXT ( ( #869 ) ) GLOBAL_UNIT_ASSIGNED_CONTEXT ( ( #1060, #2500, #1594 ) ) REPRESENTATION_CONTEXT ( 'NONE', 'WORKASPACE' ) );
#1933 = MECHANICAL_DESIGN_GEOMETRIC_PRESENTATION_REPRESENTATION (  '', ( #2358 ), #3315 ) ;
#1934 = CARTESIAN_POINT ( 'NONE',  ( -6.799999999999999822, 7.500000000000000000, 21.00000000000000000 ) ) ;
#1935 = EDGE_CURVE ( 'NONE', #2822, #3643, #2973, .T. ) ;
#1936 = CARTESIAN_POINT ( 'NONE',  ( -9.000000000000000000, 7.500000000000000000, 28.50000000000000000 ) ) ;
#1937 = CARTESIAN_POINT ( 'NONE',  ( 8.990338856534799916, 10.69613210476483900, -19.91588637959814889 ) ) ;
#1938 = CARTESIAN_POINT ( 'NONE',  ( 8.932483419970537852, 10.69535018554475947, -19.77337892593306634 ) ) ;
#1939 =( GEOMETRIC_REPRESENTATION_CONTEXT ( 3 ) GLOBAL_UNCERTAINTY_ASSIGNED_CONTEXT ( ( #3059 ) ) GLOBAL_UNIT_ASSIGNED_CONTEXT ( ( #3526, #2328, #679 ) ) REPRESENTATION_CONTEXT ( 'NONE', 'WORKASPACE' ) );
#1940 = VECTOR ( 'NONE', #2227, 1000.000000000000000 ) ;
#1941 = PRESENTATION_LAYER_ASSIGNMENT (  '', '', ( #1307 ) ) ;
#1942 = MECHANICAL_DESIGN_GEOMETRIC_PRESENTATION_REPRESENTATION (  '', ( #1648 ), #1467 ) ;
#1943 = ADVANCED_FACE ( 'NONE', ( #952 ), #123, .T. ) ;
#1944 = SURFACE_STYLE_USAGE ( .BOTH. , #1085 ) ;
#1945 = CARTESIAN_POINT ( 'NONE',  ( 6.799999999999999822, 8.500000000000000000, -24.50000000000000000 ) ) ;
#1946 =( GEOMETRIC_REPRESENTATION_CONTEXT ( 3 ) GLOBAL_UNCERTAINTY_ASSIGNED_CONTEXT ( ( #1860 ) ) GLOBAL_UNIT_ASSIGNED_CONTEXT ( ( #3257, #994, #1545 ) ) REPRESENTATION_CONTEXT ( 'NONE', 'WORKASPACE' ) );
#1947 = DIRECTION ( 'NONE',  ( 0.000000000000000000, 0.000000000000000000, 1.000000000000000000 ) ) ;
#1948 = CARTESIAN_POINT ( 'NONE',  ( 9.000000000000000000, 7.500000000000000000, -17.19999999999999929 ) ) ;
#1949 = COLOUR_RGB ( '',0.7529411764705882248, 0.7529411764705882248, 0.7529411764705882248 ) ;
#1950 = ORIENTED_EDGE ( 'NONE', *, *, #3377, .F. ) ;
#1951 = CARTESIAN_POINT ( 'NONE',  ( -5.713743172495729716, 10.69933516867079959, 18.80812587131675073 ) ) ;
#1952 = STYLED_ITEM ( 'NONE', ( #1810 ), #2814 ) ;
#1953 = EDGE_LOOP ( 'NONE', ( #3046, #927, #3605, #3191 ) ) ;
#1954 = CARTESIAN_POINT ( 'NONE',  ( -4.444334597382075813, 10.69972407750638688, 20.36276448371469883 ) ) ;
#1955 =( NAMED_UNIT ( * ) PLANE_ANGLE_UNIT ( ) SI_UNIT ( $, .RADIAN. ) );
#1956 = PRESENTATION_LAYER_ASSIGNMENT (  '', '', ( #1488 ) ) ;
#1957 = CARTESIAN_POINT ( 'NONE',  ( 8.500000000000000000, 7.500000000000000000, 24.80000000000000071 ) ) ;
#1958 = CARTESIAN_POINT ( 'NONE',  ( -9.510026971018939790, 9.552603052048450394, 18.92158272657000140 ) ) ;
#1959 = SURFACE_STYLE_FILL_AREA ( #1480 ) ;
#1960 = CARTESIAN_POINT ( 'NONE',  ( 7.245718024119654821, 10.46871237778314523, -17.67258535874040604 ) ) ;
#1961 = CARTESIAN_POINT ( 'NONE',  ( -9.000000000000000000, 7.500000000000000000, -28.50000000000000000 ) ) ;
#1962 = CARTESIAN_POINT ( 'NONE',  ( 6.799999999999999822, 5.500000000000000000, -21.00000000000000000 ) ) ;
#1963 = CARTESIAN_POINT ( 'NONE',  ( -9.900000000000000355, 15.15310394545899975, 18.10000000000000142 ) ) ;
#1964 = CARTESIAN_POINT ( 'NONE',  ( 5.753163997803803831, 9.556323847165614893, -24.25500777760413840 ) ) ;
#1965 = VECTOR ( 'NONE', #1149, 1000.000000000000000 ) ;
#1966 = EDGE_CURVE ( 'NONE', #3077, #3595, #3490, .T. ) ;
#1967 = UNCERTAINTY_MEASURE_WITH_UNIT (LENGTH_MEASURE( 1.000000000000000082E-05 ), #978, 'distance_accuracy_value', 'NONE');
#1968 = PRESENTATION_STYLE_ASSIGNMENT (( #378 ) ) ;
#1969 = ORIENTED_EDGE ( 'NONE', *, *, #1224, .T. ) ;
#1970 = VERTEX_POINT ( 'NONE', #2374 ) ;
#1971 =( NAMED_UNIT ( * ) SI_UNIT ( $, .STERADIAN. ) SOLID_ANGLE_UNIT ( ) );
#1972 = DIRECTION ( 'NONE',  ( 1.000000000000000000, 0.000000000000000000, 0.000000000000000000 ) ) ;
#1973 = DIRECTION ( 'NONE',  ( -1.000000000000000000, 0.000000000000000000, 0.000000000000000000 ) ) ;
#1974 = CARTESIAN_POINT ( 'NONE',  ( -8.740454070756101146, 10.69720692104498028, 19.51052656094430304 ) ) ;
#1975 = CARTESIAN_POINT ( 'NONE',  ( 3.907134510583750053, 10.27550871826342060, -23.85075047422139960 ) ) ;
#1976 = FILL_AREA_STYLE_COLOUR ( '', #1122 ) ;
#1977 = FILL_AREA_STYLE_COLOUR ( '', #1248 ) ;
#1978 =( LENGTH_UNIT ( ) NAMED_UNIT ( * ) SI_UNIT ( .MILLI., .METRE. ) );
#1979 = FILL_AREA_STYLE ('',( #1170 ) ) ;
#1980 = SURFACE_STYLE_USAGE ( .BOTH. , #338 ) ;
#1981 = CARTESIAN_POINT ( 'NONE',  ( -9.900000000000000355, 0.000000000000000000, 18.10000000000000142 ) ) ;
#1982 = CARTESIAN_POINT ( 'NONE',  ( -6.797362316952590078, 9.551586472418780005, 24.40799708420425063 ) ) ;
#1983 = FILL_AREA_STYLE_COLOUR ( '', #2786 ) ;
#1984 =( LENGTH_UNIT ( ) NAMED_UNIT ( * ) SI_UNIT ( .MILLI., .METRE. ) );
#1985 = VERTEX_POINT ( 'NONE', #425 ) ;
#1986 = ADVANCED_FACE ( 'NONE', ( #2655 ), #1482, .F. ) ;
#1987 = ORIENTED_EDGE ( 'NONE', *, *, #3400, .T. ) ;
#1988 = FILL_AREA_STYLE_COLOUR ( '', #3432 ) ;
#1989 = CARTESIAN_POINT ( 'NONE',  ( -7.023556221544623668, 10.47196340585156982, 17.67269590804356127 ) ) ;
#1990 = FACE_OUTER_BOUND ( 'NONE', #1181, .T. ) ;
#1991 = ORIENTED_EDGE ( 'NONE', *, *, #1672, .F. ) ;
#1992 = DIRECTION ( 'NONE',  ( -0.000000000000000000, 1.000000000000000000, 0.000000000000000000 ) ) ;
#1993 = AXIS2_PLACEMENT_3D ( 'NONE', #2291, #3167, #2313 ) ;
#1994 = AXIS2_PLACEMENT_3D ( 'NONE', #1761, #1199, #2968 ) ;
#1995 = AXIS2_PLACEMENT_3D ( 'NONE', #309, #3118, #2834 ) ;
#1996 = DIRECTION ( 'NONE',  ( 0.7071067811865420216, 0.000000000000000000, -0.7071067811865531239 ) ) ;
#1997 = CARTESIAN_POINT ( 'NONE',  ( 5.198414032162644638, 9.554536096689156821, -24.00855611149391322 ) ) ;
#1998 = PRESENTATION_LAYER_ASSIGNMENT (  '', '', ( #366 ) ) ;
#1999 = UNCERTAINTY_MEASURE_WITH_UNIT (LENGTH_MEASURE( 1.000000000000000082E-05 ), #1701, 'distance_accuracy_value', 'NONE');
#2000 = STYLED_ITEM ( 'NONE', ( #24 ), #1690 ) ;
#2001 = MECHANICAL_DESIGN_GEOMETRIC_PRESENTATION_REPRESENTATION (  '', ( #2901 ), #486 ) ;
#2002 = CARTESIAN_POINT ( 'NONE',  ( 6.797433199915778879, 10.47196604802582165, -24.32747433595606523 ) ) ;
#2003 =( NAMED_UNIT ( * ) PLANE_ANGLE_UNIT ( ) SI_UNIT ( $, .RADIAN. ) );
#2004 = CARTESIAN_POINT ( 'NONE',  ( -9.000000000000000000, 0.000000000000000000, 24.80000000000000071 ) ) ;
#2005 = MECHANICAL_DESIGN_GEOMETRIC_PRESENTATION_REPRESENTATION (  '', ( #490 ), #2545 ) ;
#2006 = STYLED_ITEM ( 'NONE', ( #2082 ), #2165 ) ;
#2007 = ORIENTED_EDGE ( 'NONE', *, *, #2986, .T. ) ;
#2008 = CARTESIAN_POINT ( 'NONE',  ( -5.245738471919320745, 9.554658758342322145, 17.95534806630096725 ) ) ;
#2009 = CARTESIAN_POINT ( 'NONE',  ( -9.160679443018629797, 10.69975133414939883, 20.36541862080344956 ) ) ;
#2010 = MECHANICAL_DESIGN_GEOMETRIC_PRESENTATION_REPRESENTATION (  '', ( #1952 ), #3038 ) ;
#2011 = EDGE_CURVE ( 'NONE', #1321, #2833, #219, .T. ) ;
#2012 = CARTESIAN_POINT ( 'NONE',  ( 3.907134510583750053, 10.46012159262519958, -22.76065712247820017 ) ) ;
#2013 = ORIENTED_EDGE ( 'NONE', *, *, #3133, .T. ) ;
#2014 = SURFACE_STYLE_FILL_AREA ( #896 ) ;
#2015 = CARTESIAN_POINT ( 'NONE',  ( 8.280921856670728332, 10.46506848264152190, -18.01160219856557987 ) ) ;
#2016 = CARTESIAN_POINT ( 'NONE',  ( -9.176802264029415568, 10.69861367565832744, 21.63288536593558575 ) ) ;
#2017 = PLANE ( 'NONE',  #1365 ) ;
#2018 = SURFACE_STYLE_USAGE ( .BOTH. , #1438 ) ;
#2019 = ORIENTED_EDGE ( 'NONE', *, *, #3072, .T. ) ;
#2020 = CARTESIAN_POINT ( 'NONE',  ( -5.185752364382190116, 10.69735958693357958, 19.16181471189194596 ) ) ;
#2021 =( GEOMETRIC_REPRESENTATION_CONTEXT ( 3 ) GLOBAL_UNCERTAINTY_ASSIGNED_CONTEXT ( ( #2035 ) ) GLOBAL_UNIT_ASSIGNED_CONTEXT ( ( #1423, #1955, #2209 ) ) REPRESENTATION_CONTEXT ( 'NONE', 'WORKASPACE' ) );
#2022 = ORIENTED_EDGE ( 'NONE', *, *, #2253, .F. ) ;
#2023 = CARTESIAN_POINT ( 'NONE',  ( -3.637236257927201954, 9.551824817979952087, 22.26978660268962074 ) ) ;
#2024 = CARTESIAN_POINT ( 'NONE',  ( -6.801307600943329312, 9.558035485646579232, 17.59256627787375038 ) ) ;
#2025 = CARTESIAN_POINT ( 'NONE',  ( 5.835706938765240714, 10.71462837667607992, -23.30570379834979988 ) ) ;
#2026 = ORIENTED_EDGE ( 'NONE', *, *, #3492, .F. ) ;
#2027 = CARTESIAN_POINT ( 'NONE',  ( -6.799999999999999822, 5.500000000000000000, 21.00000000000000000 ) ) ;
#2028 = EDGE_CURVE ( 'NONE', #2303, #2559, #751, .T. ) ;
#2029 = FILL_AREA_STYLE_COLOUR ( '', #1428 ) ;
#2030 = DIRECTION ( 'NONE',  ( 0.000000000000000000, -1.000000000000000000, 0.000000000000000000 ) ) ;
#2031 =( NAMED_UNIT ( * ) SI_UNIT ( $, .STERADIAN. ) SOLID_ANGLE_UNIT ( ) );
#2032 = CARTESIAN_POINT ( 'NONE',  ( 4.700000000000000178, 5.500000000000000000, 8.500000000000000000 ) ) ;
#2033 =( NAMED_UNIT ( * ) SI_UNIT ( $, .STERADIAN. ) SOLID_ANGLE_UNIT ( ) );
#2034 = APPLICATION_CONTEXT ( 'automotive_design' ) ;
#2035 = UNCERTAINTY_MEASURE_WITH_UNIT (LENGTH_MEASURE( 1.000000000000000082E-05 ), #1423, 'distance_accuracy_value', 'NONE');
#2036 =( NAMED_UNIT ( * ) PLANE_ANGLE_UNIT ( ) SI_UNIT ( $, .RADIAN. ) );
#2037 = FILL_AREA_STYLE ('',( #2553 ) ) ;
#2038 =( NAMED_UNIT ( * ) PLANE_ANGLE_UNIT ( ) SI_UNIT ( $, .RADIAN. ) );
#2039 = CARTESIAN_POINT ( 'NONE',  ( -4.861843268511869987, 10.69720351778175882, 19.50753611870635140 ) ) ;
#2040 = VERTEX_POINT ( 'NONE', #2767 ) ;
#2041 = CARTESIAN_POINT ( 'NONE',  ( -3.587807532330417271, 9.552305762422138358, 22.13884493381902985 ) ) ;
#2042 = DIRECTION ( 'NONE',  ( 0.000000000000000000, 1.000000000000000000, 0.000000000000000000 ) ) ;
#2043 = CARTESIAN_POINT ( 'NONE',  ( 3.356114142585110205, 10.32101675362850024, -19.18837931056404855 ) ) ;
#2044 = ORIENTED_EDGE ( 'NONE', *, *, #169, .T. ) ;
#2045 = CARTESIAN_POINT ( 'NONE',  ( -7.771109958939966589, 9.550375056096578774, 24.26747149799732384 ) ) ;
#2046 = CARTESIAN_POINT ( 'NONE',  ( -6.800000004150059674, 9.558035487562667853, 17.59256611076984811 ) ) ;
#2047 = EDGE_CURVE ( 'NONE', #861, #287, #1624, .T. ) ;
#2048 = CARTESIAN_POINT ( 'NONE',  ( -5.835706930607369891, 10.71462834738434111, 18.69429620157039906 ) ) ;
#2049 = CARTESIAN_POINT ( 'NONE',  ( 7.435049711186329624, 10.70155016554688032, -23.36156502134920032 ) ) ;
#2050 = DIRECTION ( 'NONE',  ( 0.000000000000000000, -1.000000000000000000, 0.000000000000000000 ) ) ;
#2051 = VECTOR ( 'NONE', #2563, 1000.000000000000000 ) ;
#2052 = EDGE_CURVE ( 'NONE', #474, #2440, #1866, .T. ) ;
#2053 =( LENGTH_UNIT ( ) NAMED_UNIT ( * ) SI_UNIT ( .MILLI., .METRE. ) );
#2054 = AXIS2_PLACEMENT_3D ( 'NONE', #1634, #2764, #2473 ) ;
#2055 = AXIS2_PLACEMENT_3D ( 'NONE', #570, #1396, #2810 ) ;
#2056 = CARTESIAN_POINT ( 'NONE',  ( -9.000000000000000000, 0.000000000000000000, -25.30000000000000071 ) ) ;
#2057 =( NAMED_UNIT ( * ) SI_UNIT ( $, .STERADIAN. ) SOLID_ANGLE_UNIT ( ) );
#2058 = CARTESIAN_POINT ( 'NONE',  ( -4.700000000000000178, 5.500000000000000000, 10.50000000000000000 ) ) ;
#2059 = CARTESIAN_POINT ( 'NONE',  ( -3.914290051327733444, 10.46650947241076146, 19.32801692396737536 ) ) ;
#2060 = PRESENTATION_LAYER_ASSIGNMENT (  '', '', ( #367 ) ) ;
#2061 = COLOUR_RGB ( '',0.7529411764705882248, 0.7529411764705882248, 0.7529411764705882248 ) ;
#2062 = COLOUR_RGB ( '',0.7529411764705882248, 0.7529411764705882248, 0.7529411764705882248 ) ;
#2063 = ORIENTED_EDGE ( 'NONE', *, *, #2832, .T. ) ;
#2064 = CARTESIAN_POINT ( 'NONE',  ( -5.441092837416119821, 9.549522802378413999, 24.12562015118874115 ) ) ;
#2065 = CARTESIAN_POINT ( 'NONE',  ( 4.549973185993420266, 9.548243438013361839, -18.43009299378504906 ) ) ;
#2066 = DIRECTION ( 'NONE',  ( 2.365645195190815169E-16, 0.000000000000000000, 1.000000000000000000 ) ) ;
#2067 = COLOUR_RGB ( '',0.7529411764705882248, 0.7529411764705882248, 0.7529411764705882248 ) ;
#2068 = CARTESIAN_POINT ( 'NONE',  ( 6.662238630949449458, 11.06728957228276045, -21.93981217325424993 ) ) ;
#2069 = ORIENTED_EDGE ( 'NONE', *, *, #2028, .F. ) ;
#2070 = PRESENTATION_LAYER_ASSIGNMENT (  '', '', ( #1602 ) ) ;
#2071 = FILL_AREA_STYLE ('',( #1223 ) ) ;
#2072 = CARTESIAN_POINT ( 'NONE',  ( -4.700000000000000178, 5.500000000000000000, -10.50000000000000000 ) ) ;
#2073 = CARTESIAN_POINT ( 'NONE',  ( -6.937749945152249964, 10.60166278574910059, 18.14924952569194971 ) ) ;
#2074 = CARTESIAN_POINT ( 'NONE',  ( 9.177476002823986789, 9.552717358078567145, -23.44201803265377393 ) ) ;
#2075 = CARTESIAN_POINT ( 'NONE',  ( -4.700000000000000178, 7.500000000000000000, -10.50000000000000000 ) ) ;
#2076 = PRESENTATION_STYLE_ASSIGNMENT (( #451 ) ) ;
#2077 = CARTESIAN_POINT ( 'NONE',  ( -4.087620482222894758, 9.549011933888300163, 23.07564239285419916 ) ) ;
#2078 = ADVANCED_FACE ( 'NONE', ( #2477 ), #1583, .T. ) ;
#2079 = EDGE_LOOP ( 'NONE', ( #406, #2044, #2707, #2456, #1352, #360 ) ) ;
#2080 = CARTESIAN_POINT ( 'NONE',  ( -3.477747855643656294, 9.554764324689539734, 20.20952980860732140 ) ) ;
#2081 = CARTESIAN_POINT ( 'NONE',  ( 3.392243856455835260, 9.555277246261759672, -21.22101621456929976 ) ) ;
#2082 = PRESENTATION_STYLE_ASSIGNMENT (( #676 ) ) ;
#2083 = VECTOR ( 'NONE', #3280, 999.9999999999998863 ) ;
#2084 = PRODUCT_DEFINITION_SHAPE ( 'NONE', 'NONE',  #2902 ) ;
#2085 = CARTESIAN_POINT ( 'NONE',  ( 5.835706938765240714, 10.83187724191719958, -19.18837931056404855 ) ) ;
#2086 = PRESENTATION_LAYER_ASSIGNMENT (  '', '', ( #1909 ) ) ;
#2087 = VERTEX_POINT ( 'NONE', #1239 ) ;
#2088 =( NAMED_UNIT ( * ) SI_UNIT ( $, .STERADIAN. ) SOLID_ANGLE_UNIT ( ) );
#2089 = CARTESIAN_POINT ( 'NONE',  ( 4.700000000000000178, 5.500000000000000000, -8.500000000000000000 ) ) ;
#2090 = SURFACE_STYLE_FILL_AREA ( #1576 ) ;
#2091 = CARTESIAN_POINT ( 'NONE',  ( -8.590817901281180724, 10.59045471932576099, 18.69429620157034933 ) ) ;
#2092 = CARTESIAN_POINT ( 'NONE',  ( 7.120836406966019716, 10.70259061946972068, -23.42383218412354751 ) ) ;
#2093 = CARTESIAN_POINT ( 'NONE',  ( 8.115768685221901535, 9.549622260826808429, -17.85604348415649056 ) ) ;
#2094 = LINE ( 'NONE', #1857, #1533 ) ;
#2095 =( NAMED_UNIT ( * ) SI_UNIT ( $, .STERADIAN. ) SOLID_ANGLE_UNIT ( ) );
#2096 = CARTESIAN_POINT ( 'NONE',  ( -4.685930613341160011, 10.69537429322726041, 22.22613086965494844 ) ) ;
#2097 = EDGE_CURVE ( 'NONE', #1551, #2852, #1147, .T. ) ;
#2098 = DIRECTION ( 'NONE',  ( -0.7071067811865391350, 0.000000000000000000, -0.7071067811865560104 ) ) ;
#2099 = ORIENTED_EDGE ( 'NONE', *, *, #3492, .T. ) ;
#2100 = CARTESIAN_POINT ( 'NONE',  ( 4.291097738215153612, 10.46567922609708035, -23.19725551378702733 ) ) ;
#2101 =( NAMED_UNIT ( * ) SI_UNIT ( $, .STERADIAN. ) SOLID_ANGLE_UNIT ( ) );
#2102 = CARTESIAN_POINT ( 'NONE',  ( 9.141840548619558859, 10.73622546636861941, -21.11896722403034943 ) ) ;
#2103 = ORIENTED_EDGE ( 'NONE', *, *, #3185, .F. ) ;
#2104 = CARTESIAN_POINT ( 'NONE',  ( -6.800000000024859936, 9.551586481551240126, 24.40799810414715409 ) ) ;
#2105 = CARTESIAN_POINT ( 'NONE',  ( -9.000000000000000000, 7.500000000000000000, 28.50000000000000000 ) ) ;
#2106 = CARTESIAN_POINT ( 'NONE',  ( 4.439625142082833875, 10.69981023497198080, -21.63462763215717644 ) ) ;
#2107 = CARTESIAN_POINT ( 'NONE',  ( -10.24388585741010083, 10.07728573875250078, 17.60420284981344707 ) ) ;
#2108 = UNCERTAINTY_MEASURE_WITH_UNIT (LENGTH_MEASURE( 1.000000000000000082E-05 ), #3040, 'distance_accuracy_value', 'NONE');
#2109 = CARTESIAN_POINT ( 'NONE',  ( 9.229149764247203791, 9.548446540308400898, -18.60916159574609452 ) ) ;
#2110 = AXIS2_PLACEMENT_3D ( 'NONE', #41, #2030, #936 ) ;
#2111 = FACE_OUTER_BOUND ( 'NONE', #874, .T. ) ;
#2112 = FILL_AREA_STYLE ('',( #3227 ) ) ;
#2113 = CARTESIAN_POINT ( 'NONE',  ( 8.295151967067219800, 10.69748833667335397, -22.95685709922034334 ) ) ;
#2114 = STYLED_ITEM ( 'NONE', ( #2514 ), #1030 ) ;
#2115 = ORIENTED_EDGE ( 'NONE', *, *, #3564, .T. ) ;
#2116 = CARTESIAN_POINT ( 'NONE',  ( 3.500802040391785219, 9.554717365735839962, -21.88213906479134607 ) ) ;
#2117 = PRESENTATION_LAYER_ASSIGNMENT (  '', '', ( #69 ) ) ;
#2118 = STYLED_ITEM ( 'NONE', ( #3429 ), #671 ) ;
#2119 = VECTOR ( 'NONE', #1894, 1000.000000000000000 ) ;
#2120 =( GEOMETRIC_REPRESENTATION_CONTEXT ( 3 ) GLOBAL_UNCERTAINTY_ASSIGNED_CONTEXT ( ( #2569 ) ) GLOBAL_UNIT_ASSIGNED_CONTEXT ( ( #1138, #1193, #3128 ) ) REPRESENTATION_CONTEXT ( 'NONE', 'WORKASPACE' ) );
#2121 = CARTESIAN_POINT ( 'NONE',  ( 8.590817900248419292, 10.83668502235930120, -20.01577413062105038 ) ) ;
#2122 = ORIENTED_EDGE ( 'NONE', *, *, #2882, .T. ) ;
#2123 = CARTESIAN_POINT ( 'NONE',  ( -6.802615083664420581, 9.558035476043359679, 17.59256711325379996 ) ) ;
#2124 = CARTESIAN_POINT ( 'NONE',  ( -8.500000000000000000, 7.500000000000000000, -17.19999999999999929 ) ) ;
#2125 = SURFACE_SIDE_STYLE ('',( #3471 ) ) ;
#2126 = DIRECTION ( 'NONE',  ( 0.000000000000000000, 0.000000000000000000, 1.000000000000000000 ) ) ;
#2127 = AXIS2_PLACEMENT_3D ( 'NONE', #2269, #1698, #3143 ) ;
#2128 = EDGE_CURVE ( 'NONE', #1985, #907, #100, .T. ) ;
#2129 = CARTESIAN_POINT ( 'NONE',  ( -3.907134517080140590, 10.46012161042353839, 19.23934287744884841 ) ) ;
#2130 = SURFACE_STYLE_FILL_AREA ( #1227 ) ;
#2131 = AXIS2_PLACEMENT_3D ( 'NONE', #1303, #658, #2428 ) ;
#2132 = CARTESIAN_POINT ( 'NONE',  ( 9.077022478219358703, 9.552854660442697821, -23.53595330703917199 ) ) ;
#2133 = LINE ( 'NONE', #2056, #2083 ) ;
#2134 = CARTESIAN_POINT ( 'NONE',  ( -6.166036035079437205, 10.70154473283448127, 18.62145939000332717 ) ) ;
#2135 = CARTESIAN_POINT ( 'NONE',  ( 4.512841813544869574, 9.552796631757638934, -23.53250539192169555 ) ) ;
#2136 = CARTESIAN_POINT ( 'NONE',  ( -6.354281981589559258, 10.46871237895930662, 24.32741464029432521 ) ) ;
#2137 = CARTESIAN_POINT ( 'NONE',  ( 4.700000000000000178, 5.500000000000000000, -10.50000000000000000 ) ) ;
#2138 = ORIENTED_EDGE ( 'NONE', *, *, #2278, .F. ) ;
#2139 = SURFACE_STYLE_FILL_AREA ( #2471 ) ;
#2140 = VERTEX_POINT ( 'NONE', #158 ) ;
#2141 = CARTESIAN_POINT ( 'NONE',  ( -6.799999999999999822, 8.500000000000000000, 17.50000000000000000 ) ) ;
#2142 = SURFACE_STYLE_FILL_AREA ( #1028 ) ;
#2143 = CARTESIAN_POINT ( 'NONE',  ( -7.123470827026260110, 10.69750626459843978, 23.43625684753869720 ) ) ;
#2144 =( NAMED_UNIT ( * ) SI_UNIT ( $, .STERADIAN. ) SOLID_ANGLE_UNIT ( ) );
#2145 = CARTESIAN_POINT ( 'NONE',  ( 9.000000000000000000, 0.000000000000000000, 16.69999999999999929 ) ) ;
#2146 = EDGE_CURVE ( 'NONE', #1679, #2621, #1219, .T. ) ;
#2147 = CARTESIAN_POINT ( 'NONE',  ( -6.662238619130820716, 11.05491373971347890, 21.98422586934040268 ) ) ;
#2148 = CARTESIAN_POINT ( 'NONE',  ( 8.833295963501313963, 10.46377116009103325, -18.35628952628613675 ) ) ;
#2149 = CARTESIAN_POINT ( 'NONE',  ( 9.469127389176685838, 9.548968200785045823, -18.87824928496118915 ) ) ;
#2150 = SURFACE_SIDE_STYLE ('',( #2717 ) ) ;
#2151 = DIRECTION ( 'NONE',  ( 0.000000000000000000, 1.000000000000000000, 0.000000000000000000 ) ) ;
#2152 = CARTESIAN_POINT ( 'NONE',  ( 7.122539712031960235, 10.70288465222779450, -23.43983812391811483 ) ) ;
#2153 = UNCERTAINTY_MEASURE_WITH_UNIT (LENGTH_MEASURE( 1.000000000000000082E-05 ), #1052, 'distance_accuracy_value', 'NONE');
#2154 = SURFACE_STYLE_FILL_AREA ( #3076 ) ;
#2155 = EDGE_LOOP ( 'NONE', ( #2470, #1333, #2777, #1283 ) ) ;
#2156 = CARTESIAN_POINT ( 'NONE',  ( 5.009175246581030194, 10.57306025162798058, -18.63678276385940080 ) ) ;
#2157 = ORIENTED_EDGE ( 'NONE', *, *, #469, .T. ) ;
#2158 = CARTESIAN_POINT ( 'NONE',  ( -9.726773196470693605, 9.553000693044042535, 19.24009828716661019 ) ) ;
#2159 = DIRECTION ( 'NONE',  ( 0.000000000000000000, 0.000000000000000000, 1.000000000000000000 ) ) ;
#2160 = FILL_AREA_STYLE ('',( #258 ) ) ;
#2161 =( NAMED_UNIT ( * ) PLANE_ANGLE_UNIT ( ) SI_UNIT ( $, .RADIAN. ) );
#2162 = ORIENTED_EDGE ( 'NONE', *, *, #3355, .T. ) ;
#2163 = CARTESIAN_POINT ( 'NONE',  ( -9.141840553324200869, 10.69860878228909939, 21.98422586934040268 ) ) ;
#2164 = CARTESIAN_POINT ( 'NONE',  ( 9.512379510622119838, 9.549011941958628569, -18.92435759894794955 ) ) ;
#2165 = ADVANCED_FACE ( 'NONE', ( #84 ), #1281, .F. ) ;
#2166 = CARTESIAN_POINT ( 'NONE',  ( 4.700000000000000178, 5.500000000000000000, -10.50000000000000000 ) ) ;
#2167 = CARTESIAN_POINT ( 'NONE',  ( 3.542456785105057904, 9.552701333273764916, -19.95936613668634152 ) ) ;
#2168 = EDGE_CURVE ( 'NONE', #816, #328, #2914, .T. ) ;
#2169 = VERTEX_POINT ( 'NONE', #1478 ) ;
#2170 = LINE ( 'NONE', #1318, #259 ) ;
#2171 = VECTOR ( 'NONE', #1351, 1000.000000000000000 ) ;
#2172 = CARTESIAN_POINT ( 'NONE',  ( 8.590817900248419292, 10.32033090802810094, -17.53358967045009820 ) ) ;
#2173 = STYLED_ITEM ( 'NONE', ( #3397 ), #1175 ) ;
#2174 = ORIENTED_EDGE ( 'NONE', *, *, #268, .F. ) ;
#2175 = CARTESIAN_POINT ( 'NONE',  ( -9.536239140995178332, 9.552710716890937093, 18.96550056576017340 ) ) ;
#2176 = CARTESIAN_POINT ( 'NONE',  ( -9.000000000000000000, 0.000000000000000000, 17.19999999999999929 ) ) ;
#2177 = DIRECTION ( 'NONE',  ( 0.7071067811865420216, 0.000000000000000000, -0.7071067811865531239 ) ) ;
#2178 = CIRCLE ( 'NONE', #1241, 3.499999999999999556 ) ;
#2179 = SURFACE_STYLE_FILL_AREA ( #549 ) ;
#2180 = CARTESIAN_POINT ( 'NONE',  ( -6.937749945152329900, 10.57871398261229956, 23.91481378283089754 ) ) ;
#2181 = AXIS2_PLACEMENT_3D ( 'NONE', #392, #1779, #129 ) ;
#2182 = CARTESIAN_POINT ( 'NONE',  ( 10.10602483527916817, 10.47026118723328203, -21.43772894889544389 ) ) ;
#2183 = UNCERTAINTY_MEASURE_WITH_UNIT (LENGTH_MEASURE( 1.000000000000000082E-05 ), #1633, 'distance_accuracy_value', 'NONE');
#2184 = VECTOR ( 'NONE', #1553, 1000.000000000000000 ) ;
#2185 = FILL_AREA_STYLE ('',( #1616 ) ) ;
#2186 = DIRECTION ( 'NONE',  ( 0.000000000000000000, 0.000000000000000000, 1.000000000000000000 ) ) ;
#2187 = PLANE ( 'NONE',  #17 ) ;
#2188 = CARTESIAN_POINT ( 'NONE',  ( 3.939787744955692617, 9.549731396638101444, -19.14334001871302959 ) ) ;
#2189 = COLOUR_RGB ( '',0.7529411764705882248, 0.7529411764705882248, 0.7529411764705882248 ) ;
#2190 = UNCERTAINTY_MEASURE_WITH_UNIT (LENGTH_MEASURE( 1.000000000000000082E-05 ), #1882, 'distance_accuracy_value', 'NONE');
#2191 = AXIS2_PLACEMENT_3D ( 'NONE', #3579, #768, #1884 ) ;
#2192 = VERTEX_POINT ( 'NONE', #2952 ) ;
#2193 = EDGE_CURVE ( 'NONE', #2534, #2494, #2673, .T. ) ;
#2194 = CARTESIAN_POINT ( 'NONE',  ( 7.764283927691709941, 10.40328436747194019, -17.53358967045009820 ) ) ;
#2195 = VERTEX_POINT ( 'NONE', #1790 ) ;
#2196 = CARTESIAN_POINT ( 'NONE',  ( -9.847883933258886557, 9.553347226491286648, 19.45290311909285208 ) ) ;
#2197 = FILL_AREA_STYLE ('',( #1676 ) ) ;
#2198 = DIRECTION ( 'NONE',  ( -0.7071067811865420216, 0.000000000000000000, 0.7071067811865531239 ) ) ;
#2199 = FACE_OUTER_BOUND ( 'NONE', #1730, .T. ) ;
#2200 = FACE_OUTER_BOUND ( 'NONE', #510, .T. ) ;
#2201 = CARTESIAN_POINT ( 'NONE',  ( -10.24388585741015945, 10.40675890249845992, 21.98422586934034939 ) ) ;
#2202 = CARTESIAN_POINT ( 'NONE',  ( 9.000898131851821304, 10.46363126889083794, -18.49384734159478683 ) ) ;
#2203 = CARTESIAN_POINT ( 'NONE',  ( 6.799999999999999822, 8.500000000000000000, -17.50000000000000000 ) ) ;
#2204 = CARTESIAN_POINT ( 'NONE',  ( 3.877316933019150813, 9.550054256931204577, -19.24262818756275095 ) ) ;
#2205 = EDGE_LOOP ( 'NONE', ( #1863, #1457 ) ) ;
#2206 = EDGE_CURVE ( 'NONE', #1573, #1317, #2976, .T. ) ;
#2207 = CARTESIAN_POINT ( 'NONE',  ( 6.937749955135009472, 10.57871398437792010, -18.08518621715474950 ) ) ;
#2208 = ORIENTED_EDGE ( 'NONE', *, *, #288, .T. ) ;
#2209 =( NAMED_UNIT ( * ) SI_UNIT ( $, .STERADIAN. ) SOLID_ANGLE_UNIT ( ) );
#2210 = LINE ( 'NONE', #546, #186 ) ;
#2211 = CARTESIAN_POINT ( 'NONE',  ( -9.509158658476239978, 9.549000940682169869, 23.07984638226375296 ) ) ;
#2212 = EDGE_LOOP ( 'NONE', ( #3633, #1429, #1162, #1822, #2725 ) ) ;
#2213 =( NAMED_UNIT ( * ) PLANE_ANGLE_UNIT ( ) SI_UNIT ( $, .RADIAN. ) );
#2214 = CARTESIAN_POINT ( 'NONE',  ( 9.758688313352259058, 9.550158861257809662, -19.29390109245724716 ) ) ;
#2215 = CARTESIAN_POINT ( 'NONE',  ( 8.500000000000000000, 0.000000000000000000, 24.80000000000000071 ) ) ;
#2216 = CARTESIAN_POINT ( 'NONE',  ( 7.135405165746518286, 9.551422943080236649, -17.60119992476642281 ) ) ;
#2217 = CARTESIAN_POINT ( 'NONE',  ( 9.900000000000000355, 7.500000000000000000, -23.90000000000000213 ) ) ;
#2218 =( NAMED_UNIT ( * ) PLANE_ANGLE_UNIT ( ) SI_UNIT ( $, .RADIAN. ) );
#2219 = CARTESIAN_POINT ( 'NONE',  ( 6.438524706012981547, 9.557819528164428036, -24.39556284484251947 ) ) ;
#2220 = UNCERTAINTY_MEASURE_WITH_UNIT (LENGTH_MEASURE( 1.000000000000000082E-05 ), #1084, 'distance_accuracy_value', 'NONE');
#2221 = PRESENTATION_STYLE_ASSIGNMENT (( #286 ) ) ;
#2222 = ORIENTED_EDGE ( 'NONE', *, *, #599, .F. ) ;
#2223 = CARTESIAN_POINT ( 'NONE',  ( -5.725300049069595332, 10.46945322919430943, 17.84307621006756861 ) ) ;
#2224 = ORIENTED_EDGE ( 'NONE', *, *, #2585, .F. ) ;
#2225 = PLANE ( 'NONE',  #1995 ) ;
#2226 = CARTESIAN_POINT ( 'NONE',  ( 3.000000000000000000, 5.500000000000000000, -23.69999999999999929 ) ) ;
#2227 = DIRECTION ( 'NONE',  ( 0.000000000000000000, 0.000000000000000000, 1.000000000000000000 ) ) ;
#2228 = MECHANICAL_DESIGN_GEOMETRIC_PRESENTATION_REPRESENTATION (  '', ( #2776 ), #709 ) ;
#2229 = CARTESIAN_POINT ( 'NONE',  ( -9.758827377950600734, 9.553042236876789772, 19.29437893827704897 ) ) ;
#2230 = AXIS2_PLACEMENT_3D ( 'NONE', #1934, #2735, #1867 ) ;
#2231 = AXIS2_PLACEMENT_3D ( 'NONE', #2058, #3210, #2151 ) ;
#2232 = CARTESIAN_POINT ( 'NONE',  ( 4.458154878582389458, 10.48286581360878067, -23.30570379834979988 ) ) ;
#2233 = PLANE ( 'NONE',  #2127 ) ;
#2234 = EDGE_CURVE ( 'NONE', #2534, #2169, #2324, .T. ) ;
#2235 = CARTESIAN_POINT ( 'NONE',  ( 7.126288103024703169, 10.69749891910001516, -18.56424508720656519 ) ) ;
#2236 = MECHANICAL_DESIGN_GEOMETRIC_PRESENTATION_REPRESENTATION (  '', ( #1360 ), #1939 ) ;
#2237 = FILL_AREA_STYLE ('',( #2792 ) ) ;
#2238 =( GEOMETRIC_REPRESENTATION_CONTEXT ( 3 ) GLOBAL_UNCERTAINTY_ASSIGNED_CONTEXT ( ( #2153 ) ) GLOBAL_UNIT_ASSIGNED_CONTEXT ( ( #1052, #2218, #3041 ) ) REPRESENTATION_CONTEXT ( 'NONE', 'WORKASPACE' ) );
#2239 = DIRECTION ( 'NONE',  ( 0.000000000000000000, -1.000000000000000000, 0.000000000000000000 ) ) ;
#2240 = LINE ( 'NONE', #828, #2289 ) ;
#2241 = VECTOR ( 'NONE', #806, 1000.000000000000000 ) ;
#2242 = STYLED_ITEM ( 'NONE', ( #746 ), #2381 ) ;
#2243 = ORIENTED_EDGE ( 'NONE', *, *, #220, .T. ) ;
#2244 = CARTESIAN_POINT ( 'NONE',  ( -5.574191767381879714, 10.69867081873390013, 18.88295352002655036 ) ) ;
#2245 = AXIS2_PLACEMENT_3D ( 'NONE', #1247, #935, #2941 ) ;
#2246 = EDGE_LOOP ( 'NONE', ( #2449, #1654, #3197, #205 ) ) ;
#2247 = CARTESIAN_POINT ( 'NONE',  ( -5.304848046266885220, 10.69748833055529857, 19.04314288408516376 ) ) ;
#2248 = DIRECTION ( 'NONE',  ( 0.000000000000000000, 0.000000000000000000, 1.000000000000000000 ) ) ;
#2249 = CARTESIAN_POINT ( 'NONE',  ( -10.03368208366130077, 9.552479447301370996, 22.09866034609800067 ) ) ;
#2250 = ORIENTED_EDGE ( 'NONE', *, *, #3564, .F. ) ;
#2251 = CARTESIAN_POINT ( 'NONE',  ( 9.000000000000000000, 0.000000000000000000, 25.30000000000000071 ) ) ;
#2252 = DIRECTION ( 'NONE',  ( 0.7071067811865460184, 0.000000000000000000, -0.7071067811865489050 ) ) ;
#2253 = EDGE_CURVE ( 'NONE', #814, #1166, #2652, .T. ) ;
#2254 = FILL_AREA_STYLE_COLOUR ( '', #3018 ) ;
#2255 =( NAMED_UNIT ( * ) PLANE_ANGLE_UNIT ( ) SI_UNIT ( $, .RADIAN. ) );
#2256 = DIRECTION ( 'NONE',  ( 0.000000000000000000, 0.000000000000000000, -1.000000000000000000 ) ) ;
#2257 = VECTOR ( 'NONE', #1288, 1000.000000000000000 ) ;
#2258 = UNCERTAINTY_MEASURE_WITH_UNIT (LENGTH_MEASURE( 1.000000000000000082E-05 ), #2053, 'distance_accuracy_value', 'NONE');
#2259 = CARTESIAN_POINT ( 'NONE',  ( 3.000000000000000000, 5.500000000000000000, -21.00000000000000000 ) ) ;
#2260 = CARTESIAN_POINT ( 'NONE',  ( 6.635411176156199353, 10.70287800184179972, -23.43946382479760260 ) ) ;
#2261 = FACE_OUTER_BOUND ( 'NONE', #1494, .T. ) ;
#2262 = ORIENTED_EDGE ( 'NONE', *, *, #932, .T. ) ;
#2263 =( NAMED_UNIT ( * ) PLANE_ANGLE_UNIT ( ) SI_UNIT ( $, .RADIAN. ) );
#2264 = EDGE_LOOP ( 'NONE', ( #2515, #627, #3609, #3174 ) ) ;
#2265 = CARTESIAN_POINT ( 'NONE',  ( -5.624185715922476625, 9.555887523637334624, 17.80148161113732286 ) ) ;
#2266 = CARTESIAN_POINT ( 'NONE',  ( -6.964588835229979402, 10.70287800122152078, 18.56053617605624950 ) ) ;
#2267 = CARTESIAN_POINT ( 'NONE',  ( 3.907134510583750053, 10.16986629372036077, -24.39579715009299932 ) ) ;
#2268 = VERTEX_POINT ( 'NONE', #2618 ) ;
#2269 = CARTESIAN_POINT ( 'NONE',  ( -4.700000000000000178, 5.500000000000000000, -10.50000000000000000 ) ) ;
#2270 = FACE_OUTER_BOUND ( 'NONE', #2799, .T. ) ;
#2271 =( NAMED_UNIT ( * ) PLANE_ANGLE_UNIT ( ) SI_UNIT ( $, .RADIAN. ) );
#2272 = DIRECTION ( 'NONE',  ( 0.000000000000000000, 0.000000000000000000, 1.000000000000000000 ) ) ;
#2273 = CARTESIAN_POINT ( 'NONE',  ( -4.700000000000000178, 5.500000000000000000, 10.50000000000000000 ) ) ;
#2274 =( NAMED_UNIT ( * ) PLANE_ANGLE_UNIT ( ) SI_UNIT ( $, .RADIAN. ) );
#2275 = CARTESIAN_POINT ( 'NONE',  ( 6.799999988025509978, 9.558035487566320043, -24.40743388922984991 ) ) ;
#2276 = ORIENTED_EDGE ( 'NONE', *, *, #2028, .T. ) ;
#2277 = SURFACE_STYLE_FILL_AREA ( #1161 ) ;
#2278 = EDGE_CURVE ( 'NONE', #1006, #2950, #1542, .T. ) ;
#2279 = VERTEX_POINT ( 'NONE', #929 ) ;
#2280 = FILL_AREA_STYLE_COLOUR ( '', #3048 ) ;
#2281 = SURFACE_STYLE_USAGE ( .BOTH. , #347 ) ;
#2282 = CARTESIAN_POINT ( 'NONE',  ( -9.113974084570870104, 10.69918406768136165, 20.21100058811899913 ) ) ;
#2283 = CARTESIAN_POINT ( 'NONE',  ( 7.764283927691709941, 10.71462954453251903, -23.30570379834979988 ) ) ;
#2284 = ORIENTED_EDGE ( 'NONE', *, *, #1734, .T. ) ;
#2285 = FACE_OUTER_BOUND ( 'NONE', #1464, .T. ) ;
#2286 = FILL_AREA_STYLE_COLOUR ( '', #2067 ) ;
#2287 =( NAMED_UNIT ( * ) PLANE_ANGLE_UNIT ( ) SI_UNIT ( $, .RADIAN. ) );
#2288 = PRESENTATION_LAYER_ASSIGNMENT (  '', '', ( #243 ) ) ;
#2289 = VECTOR ( 'NONE', #1452, 1000.000000000000000 ) ;
#2290 = SURFACE_STYLE_USAGE ( .BOTH. , #1209 ) ;
#2291 = CARTESIAN_POINT ( 'NONE',  ( 8.500000000000000000, 7.500049999999999883, 17.19999999999999929 ) ) ;
#2292 = VECTOR ( 'NONE', #963, 1000.000000000000000 ) ;
#2293 = LINE ( 'NONE', #57, #1532 ) ;
#2294 = UNCERTAINTY_MEASURE_WITH_UNIT (LENGTH_MEASURE( 1.000000000000000082E-05 ), #1374, 'distance_accuracy_value', 'NONE');
#2295 = VECTOR ( 'NONE', #2899, 1000.000000000000000 ) ;
#2296 =( GEOMETRIC_REPRESENTATION_CONTEXT ( 3 ) GLOBAL_UNCERTAINTY_ASSIGNED_CONTEXT ( ( #2220 ) ) GLOBAL_UNIT_ASSIGNED_CONTEXT ( ( #1084, #3110, #3584 ) ) REPRESENTATION_CONTEXT ( 'NONE', 'WORKASPACE' ) );
#2297 = CARTESIAN_POINT ( 'NONE',  ( -3.000000000000000000, 7.500000000000000000, 23.69999999999999929 ) ) ;
#2298 = FILL_AREA_STYLE_COLOUR ( '', #3156 ) ;
#2299 = ORIENTED_EDGE ( 'NONE', *, *, #2489, .T. ) ;
#2300 = CARTESIAN_POINT ( 'NONE',  ( -3.392587637336869744, 9.555277821697458762, 20.77374403138570003 ) ) ;
#2301 = AXIS2_PLACEMENT_3D ( 'NONE', #3249, #2344, #3177 ) ;
#2302 = EDGE_CURVE ( 'NONE', #1321, #3179, #970, .T. ) ;
#2303 = VERTEX_POINT ( 'NONE', #2746 ) ;
#2304 = CARTESIAN_POINT ( 'NONE',  ( -3.409866306391558410, 9.555142129017758279, 20.64171179110339338 ) ) ;
#2305 = CARTESIAN_POINT ( 'NONE',  ( 6.801899146342289981, 10.69750258692900147, -18.56399449886895070 ) ) ;
#2306 = CARTESIAN_POINT ( 'NONE',  ( -8.029070399883959652, 10.69865652637088083, 18.88484149742949825 ) ) ;
#2307 = CARTESIAN_POINT ( 'NONE',  ( 5.835706938765240714, 10.57231547359709900, -23.85075047422139960 ) ) ;
#2308 = MECHANICAL_DESIGN_GEOMETRIC_PRESENTATION_REPRESENTATION (  '', ( #1549 ), #1024 ) ;
#2309 = EDGE_LOOP ( 'NONE', ( #3350, #1950, #2162, #1326 ) ) ;
#2310 = SURFACE_SIDE_STYLE ('',( #2939 ) ) ;
#2311 = SURFACE_STYLE_USAGE ( .BOTH. , #1447 ) ;
#2312 = CARTESIAN_POINT ( 'NONE',  ( -9.234155010583346979, 10.70050543270682475, 20.83958068372225014 ) ) ;
#2313 = DIRECTION ( 'NONE',  ( 0.000000000000000000, -1.000000000000000000, 0.000000000000000000 ) ) ;
#2314 = CARTESIAN_POINT ( 'NONE',  ( 9.000000000000000000, 0.000000000000000000, -17.19999999999999929 ) ) ;
#2315 = CARTESIAN_POINT ( 'NONE',  ( 4.700000000000000178, 5.500000000000000000, 10.50000000000000000 ) ) ;
#2316 = SHAPE_DEFINITION_REPRESENTATION ( #2084, #1230 ) ;
#2317 = DIRECTION ( 'NONE',  ( 0.000000000000000000, -1.000000000000000000, 0.000000000000000000 ) ) ;
#2318 =( LENGTH_UNIT ( ) NAMED_UNIT ( * ) SI_UNIT ( .MILLI., .METRE. ) );
#2319 = SURFACE_STYLE_FILL_AREA ( #3263 ) ;
#2320 = CARTESIAN_POINT ( 'NONE',  ( -3.841311680757375058, 9.550158853542409787, 22.70609889866729958 ) ) ;
#2321 = STYLED_ITEM ( 'NONE', ( #436 ), #3381 ) ;
#2322 = ORIENTED_EDGE ( 'NONE', *, *, #2467, .T. ) ;
#2323 = CARTESIAN_POINT ( 'NONE',  ( -3.623667543081428022, 9.551953602277386324, 22.23544929623058053 ) ) ;
#2324 = LINE ( 'NONE', #2936, #3150 ) ;
#2325 = EDGE_CURVE ( 'NONE', #3537, #287, #1571, .T. ) ;
#2326 = CARTESIAN_POINT ( 'NONE',  ( 9.692863196990689545, 10.55660098887472031, -20.01577413062105038 ) ) ;
#2327 = ORIENTED_EDGE ( 'NONE', *, *, #398, .T. ) ;
#2328 =( NAMED_UNIT ( * ) PLANE_ANGLE_UNIT ( ) SI_UNIT ( $, .RADIAN. ) );
#2329 =( LENGTH_UNIT ( ) NAMED_UNIT ( * ) SI_UNIT ( .MILLI., .METRE. ) );
#2330 = DIRECTION ( 'NONE',  ( 1.000000000000000000, 0.000000000000000000, 0.000000000000000000 ) ) ;
#2331 = EDGE_CURVE ( 'NONE', #3444, #1875, #1586, .T. ) ;
#2332 = FILL_AREA_STYLE ('',( #2254 ) ) ;
#2333 = CARTESIAN_POINT ( 'NONE',  ( -4.458154879582069796, 10.70544967552066140, 20.06018782668309797 ) ) ;
#2334 = CARTESIAN_POINT ( 'NONE',  ( 8.308987811813759450, 9.554807417823159454, -24.06355809398170109 ) ) ;
#2335 = DIRECTION ( 'NONE',  ( -0.7071067811865490160, 0.000000000000000000, -0.7071067811865461294 ) ) ;
#2336 = APPLICATION_PROTOCOL_DEFINITION ( 'draft international standard', 'automotive_design', 1998, #2034 ) ;
#2337 = CARTESIAN_POINT ( 'NONE',  ( 7.489334499599655359, 9.557182961238805063, -24.33891861896080044 ) ) ;
#2338 = CARTESIAN_POINT ( 'NONE',  ( -4.667516590227094753, 10.69535018071353072, 22.22662107038970802 ) ) ;
#2339 = SURFACE_STYLE_USAGE ( .BOTH. , #687 ) ;
#2340 = CARTESIAN_POINT ( 'NONE',  ( -4.290161309071133466, 10.46382452547235253, 23.19666785696300693 ) ) ;
#2341 = ORIENTED_EDGE ( 'NONE', *, *, #3648, .T. ) ;
#2342 = CARTESIAN_POINT ( 'NONE',  ( -3.875908891585245097, 9.553035846899689432, 19.24555554821842307 ) ) ;
#2343 = CARTESIAN_POINT ( 'NONE',  ( 4.859545937820398898, 10.69720691488402053, -22.48947343960150036 ) ) ;
#2344 = DIRECTION ( 'NONE',  ( 0.7071067811865531239, 0.000000000000000000, 0.7071067811865420216 ) ) ;
#2345 = CARTESIAN_POINT ( 'NONE',  ( 10.24388584536182023, 10.43189038232782018, -21.11896722403034943 ) ) ;
#2346 = VERTEX_POINT ( 'NONE', #3300 ) ;
#2347 = ADVANCED_FACE ( 'NONE', ( #3317 ), #1073, .F. ) ;
#2348 = CARTESIAN_POINT ( 'NONE',  ( -7.934967472126974286, 9.550031818884422208, 24.21379041329945281 ) ) ;
#2349 = CARTESIAN_POINT ( 'NONE',  ( 0.000000000000000000, 7.500000000000000000, 0.000000000000000000 ) ) ;
#2350 = LINE ( 'NONE', #2089, #2376 ) ;
#2351 = EDGE_CURVE ( 'NONE', #3179, #1880, #2170, .T. ) ;
#2352 = CARTESIAN_POINT ( 'NONE',  ( -6.937749945152289932, 11.11828970151704077, 20.88103277591724805 ) ) ;
#2353 = PRESENTATION_STYLE_ASSIGNMENT (( #625 ) ) ;
#2354 = MECHANICAL_DESIGN_GEOMETRIC_PRESENTATION_REPRESENTATION (  '', ( #2114 ), #1932 ) ;
#2355 = PRODUCT_CONTEXT ( 'NONE', #2034, 'mechanical' ) ;
#2356 = CARTESIAN_POINT ( 'NONE',  ( 8.209928551346894920, 9.549407982987464294, -17.89683765808338478 ) ) ;
#2357 = VECTOR ( 'NONE', #2956, 999.9999999999998863 ) ;
#2358 = STYLED_ITEM ( 'NONE', ( #79 ), #58 ) ;
#2359 = DIRECTION ( 'NONE',  ( -1.000000000000000000, 0.000000000000000000, 0.000000000000000000 ) ) ;
#2360 = LINE ( 'NONE', #686, #717 ) ;
#2361 = CARTESIAN_POINT ( 'NONE',  ( -5.286148832220800564, 9.549158436711078224, 24.06171804748774790 ) ) ;
#2362 = STYLED_ITEM ( 'NONE', ( #505 ), #1607 ) ;
#2363 = AXIS2_PLACEMENT_3D ( 'NONE', #3084, #275, #1391 ) ;
#2364 = MECHANICAL_DESIGN_GEOMETRIC_PRESENTATION_REPRESENTATION (  '', ( #69 ), #2785 ) ;
#2365 = EDGE_LOOP ( 'NONE', ( #1025, #522, #3141, #1500 ) ) ;
#2366 = CARTESIAN_POINT ( 'NONE',  ( -3.421791822879648226, 9.555079086852781955, 20.53903412380747540 ) ) ;
#2367 = CARTESIAN_POINT ( 'NONE',  ( 4.611345062290530095, 10.69611359609874057, -19.91248443611354801 ) ) ;
#2368 = CARTESIAN_POINT ( 'NONE',  ( -4.700000000000000178, 5.500000000000000000, 10.50000000000000000 ) ) ;
#2369 = AXIS2_PLACEMENT_3D ( 'NONE', #974, #407, #162 ) ;
#2370 = CARTESIAN_POINT ( 'NONE',  ( 5.835706938765240714, 11.00656815449135983, -20.01577413062105038 ) ) ;
#2371 = ORIENTED_EDGE ( 'NONE', *, *, #1493, .T. ) ;
#2372 = FILL_AREA_STYLE_COLOUR ( '', #1885 ) ;
#2373 = MECHANICAL_DESIGN_GEOMETRIC_PRESENTATION_REPRESENTATION (  '', ( #3325 ), #2978 ) ;
#2374 = CARTESIAN_POINT ( 'NONE',  ( -8.500000000000000000, 7.500000000000000000, -17.19999999999999929 ) ) ;
#2375 = CARTESIAN_POINT ( 'NONE',  ( -3.000000000000000000, 5.500000000000000000, 23.69999999999999929 ) ) ;
#2376 = VECTOR ( 'NONE', #3514, 1000.000000000000000 ) ;
#2377 = CARTESIAN_POINT ( 'NONE',  ( 6.166042693873874825, 10.69636769911657304, -18.62506190476666390 ) ) ;
#2378 = CARTESIAN_POINT ( 'NONE',  ( -6.937749945152239306, 10.44494157653107891, 17.60420284981350036 ) ) ;
#2379 = FILL_AREA_STYLE_COLOUR ( '', #1420 ) ;
#2380 = VECTOR ( 'NONE', #471, 1000.000000000000000 ) ;
#2381 = ADVANCED_FACE ( 'NONE', ( #1293 ), #781, .F. ) ;
#2382 = DIRECTION ( 'NONE',  ( 0.000000000000000000, 0.000000000000000000, 1.000000000000000000 ) ) ;
#2383 = CARTESIAN_POINT ( 'NONE',  ( 8.122007088209587167, 9.549607763674917038, -17.85866384662094219 ) ) ;
#2384 = SURFACE_SIDE_STYLE ('',( #2719 ) ) ;
#2385 = CARTESIAN_POINT ( 'NONE',  ( -3.414377241023210274, 9.555216137738531401, 20.55262720919474972 ) ) ;
#2386 = ORIENTED_EDGE ( 'NONE', *, *, #382, .F. ) ;
#2387 = CARTESIAN_POINT ( 'NONE',  ( 4.682463330219950315, 10.69773217015040068, -22.22396315736195049 ) ) ;
#2388 = SURFACE_STYLE_FILL_AREA ( #3234 ) ;
#2389 = PRESENTATION_LAYER_ASSIGNMENT (  '', '', ( #3287 ) ) ;
#2390 = CARTESIAN_POINT ( 'NONE',  ( 3.907134510583750053, 10.45218465454336076, -19.18837931056404855 ) ) ;
#2391 = VERTEX_POINT ( 'NONE', #1089 ) ;
#2392 = DIRECTION ( 'NONE',  ( 0.000000000000000000, 0.000000000000000000, 1.000000000000000000 ) ) ;
#2393 = SURFACE_STYLE_USAGE ( .BOTH. , #388 ) ;
#2394 = DIRECTION ( 'NONE',  ( 0.000000000000000000, 1.000000000000000000, 0.000000000000000000 ) ) ;
#2395 = CARTESIAN_POINT ( 'NONE',  ( 4.485492955356328082, 10.69918882399092297, -21.78742780564436288 ) ) ;
#2396 = CARTESIAN_POINT ( 'NONE',  ( -10.24388585741010083, 10.16886490491429917, 18.14924952569189998 ) ) ;
#2397 = PRESENTATION_STYLE_ASSIGNMENT (( #3203 ) ) ;
#2398 = CARTESIAN_POINT ( 'NONE',  ( 10.01219246445097966, 9.552305768330780822, -19.86115505866955644 ) ) ;
#2399 = CARTESIAN_POINT ( 'NONE',  ( 6.799564115753740090, 9.558035487569547684, -24.40743388922799895 ) ) ;
#2400 = PLANE ( 'NONE',  #2231 ) ;
#2401 = CARTESIAN_POINT ( 'NONE',  ( 6.799999999999999822, 7.500000000000000000, -21.00000000000000000 ) ) ;
#2402 = FACE_OUTER_BOUND ( 'NONE', #3302, .T. ) ;
#2403 = EDGE_LOOP ( 'NONE', ( #1370, #47, #2063, #562, #762 ) ) ;
#2404 = ADVANCED_FACE ( 'NONE', ( #3078 ), #593, .T. ) ;
#2405 = CARTESIAN_POINT ( 'NONE',  ( 3.911669573505264452, 10.46652098945773801, -22.66745505220260881 ) ) ;
#2406 = DIRECTION ( 'NONE',  ( 0.000000000000000000, 0.000000000000000000, -1.000000000000000000 ) ) ;
#2407 = CARTESIAN_POINT ( 'NONE',  ( 6.937749955135009472, 11.11637935515912012, -20.84316895067799891 ) ) ;
#2408 = ORIENTED_EDGE ( 'NONE', *, *, #987, .F. ) ;
#2409 = LINE ( 'NONE', #1864, #1010 ) ;
#2410 = CARTESIAN_POINT ( 'NONE',  ( -7.764283923216729555, 10.85127177885092031, 19.23934287744879867 ) ) ;
#2411 = CARTESIAN_POINT ( 'NONE',  ( 7.235761544587703042, 10.47162169881820937, -24.30602639907304408 ) ) ;
#2412 = CARTESIAN_POINT ( 'NONE',  ( 9.291798196868205295, 9.548543060006164040, -18.67453928813732844 ) ) ;
#2413 = FILL_AREA_STYLE ('',( #961 ) ) ;
#2414 = PRESENTATION_LAYER_ASSIGNMENT (  '', '', ( #649 ) ) ;
#2415 =( LENGTH_UNIT ( ) NAMED_UNIT ( * ) SI_UNIT ( .MILLI., .METRE. ) );
#2416 = CARTESIAN_POINT ( 'NONE',  ( 4.324095807972767602, 9.552640082808212085, -23.34222611694017857 ) ) ;
#2417 = CARTESIAN_POINT ( 'NONE',  ( -8.641068323742452151, 10.69711959955760783, 19.38890368162514832 ) ) ;
#2418 = UNCERTAINTY_MEASURE_WITH_UNIT (LENGTH_MEASURE( 1.000000000000000082E-05 ), #354, 'distance_accuracy_value', 'NONE');
#2419 = PRESENTATION_LAYER_ASSIGNMENT (  '', '', ( #483 ) ) ;
#2420 = VERTEX_POINT ( 'NONE', #2704 ) ;
#2421 =( GEOMETRIC_REPRESENTATION_CONTEXT ( 3 ) GLOBAL_UNCERTAINTY_ASSIGNED_CONTEXT ( ( #2190 ) ) GLOBAL_UNIT_ASSIGNED_CONTEXT ( ( #1882, #292, #256 ) ) REPRESENTATION_CONTEXT ( 'NONE', 'WORKASPACE' ) );
#2422 = EDGE_CURVE ( 'NONE', #617, #3285, #1369, .T. ) ;
#2423 = CARTESIAN_POINT ( 'NONE',  ( 9.000000000000000000, 7.500000000000000000, -28.50000000000000000 ) ) ;
#2424 = ORIENTED_EDGE ( 'NONE', *, *, #2953, .F. ) ;
#2425 = CARTESIAN_POINT ( 'NONE',  ( -8.345633539951752056, 9.554707418281079612, 17.96227505997659790 ) ) ;
#2426 = DIRECTION ( 'NONE',  ( 1.000000000000000000, 0.000000000000000000, 0.000000000000000000 ) ) ;
#2427 = CARTESIAN_POINT ( 'NONE',  ( -9.368234297709658875, 9.548603447850357639, 23.25188822481110051 ) ) ;
#2428 = DIRECTION ( 'NONE',  ( 0.000000000000000000, 0.000000000000000000, 1.000000000000000000 ) ) ;
#2429 = MECHANICAL_DESIGN_GEOMETRIC_PRESENTATION_REPRESENTATION (  '', ( #3378 ), #317 ) ;
#2430 =( GEOMETRIC_REPRESENTATION_CONTEXT ( 3 ) GLOBAL_UNCERTAINTY_ASSIGNED_CONTEXT ( ( #797 ) ) GLOBAL_UNIT_ASSIGNED_CONTEXT ( ( #1302, #1096, #2446 ) ) REPRESENTATION_CONTEXT ( 'NONE', 'WORKASPACE' ) );
#2431 = CARTESIAN_POINT ( 'NONE',  ( -7.764283923216769523, 10.83187854827579955, 22.81162068940774645 ) ) ;
#2432 = CARTESIAN_POINT ( 'NONE',  ( 9.054107276083280809, 9.548244436213989772, -18.43367612144039924 ) ) ;
#2433 = VECTOR ( 'NONE', #1831, 1000.000000000000000 ) ;
#2434 = CARTESIAN_POINT ( 'NONE',  ( 9.940921075038094301, 9.553808051196021722, -22.32214415279797848 ) ) ;
#2435 = FACE_OUTER_BOUND ( 'NONE', #3425, .T. ) ;
#2436 = CARTESIAN_POINT ( 'NONE',  ( 6.797820740212499935, 9.558035479894680719, -24.40743322088749778 ) ) ;
#2437 = CARTESIAN_POINT ( 'NONE',  ( 4.770456795706328634, 9.548401719647516828, -18.25960723745697578 ) ) ;
#2438 = CARTESIAN_POINT ( 'NONE',  ( 9.222081078030571533, 10.70049365200855540, -21.32265023322843334 ) ) ;
#2439 = LINE ( 'NONE', #2137, #3097 ) ;
#2440 = VERTEX_POINT ( 'NONE', #2215 ) ;
#2441 = CARTESIAN_POINT ( 'NONE',  ( 5.009175246581030194, 10.45004620899903891, -18.08518621715474950 ) ) ;
#2442 = ORIENTED_EDGE ( 'NONE', *, *, #3377, .T. ) ;
#2443 = CARTESIAN_POINT ( 'NONE',  ( -9.935411504903608915, 9.551571565438390365, 22.33600745622804240 ) ) ;
#2444 = MECHANICAL_DESIGN_GEOMETRIC_PRESENTATION_REPRESENTATION (  '', ( #1385 ), #1851 ) ;
#2445 = DIRECTION ( 'NONE',  ( -3.212450881438535199E-16, 0.000000000000000000, 1.000000000000000000 ) ) ;
#2446 =( NAMED_UNIT ( * ) SI_UNIT ( $, .STERADIAN. ) SOLID_ANGLE_UNIT ( ) );
#2447 = EDGE_CURVE ( 'NONE', #1133, #861, #3636, .T. ) ;
#2448 = DIRECTION ( 'NONE',  ( 0.000000000000000000, 0.000000000000000000, -1.000000000000000000 ) ) ;
#2449 = ORIENTED_EDGE ( 'NONE', *, *, #1343, .T. ) ;
#2450 = CARTESIAN_POINT ( 'NONE',  ( -7.764283923216780181, 10.69248371226360206, 23.36321723611935042 ) ) ;
#2451 = CARTESIAN_POINT ( 'NONE',  ( 9.446733780405894620, 10.46415368437655147, -18.97067803777673234 ) ) ;
#2452 = EDGE_CURVE ( 'NONE', #2420, #271, #412, .T. ) ;
#2453 =( NAMED_UNIT ( * ) PLANE_ANGLE_UNIT ( ) SI_UNIT ( $, .RADIAN. ) );
#2454 = PRESENTATION_STYLE_ASSIGNMENT (( #1944 ) ) ;
#2455 = CARTESIAN_POINT ( 'NONE',  ( 4.457637621983904452, 9.548363274196358219, -18.52405779917537743 ) ) ;
#2456 = ORIENTED_EDGE ( 'NONE', *, *, #3116, .T. ) ;
#2457 = VERTEX_POINT ( 'NONE', #280 ) ;
#2458 = FILL_AREA_STYLE_COLOUR ( '', #2898 ) ;
#2459 = LINE ( 'NONE', #3592, #1764 ) ;
#2460 = PRESENTATION_STYLE_ASSIGNMENT (( #2752 ) ) ;
#2461 = DIRECTION ( 'NONE',  ( 0.000000000000000000, 1.000000000000000000, 0.000000000000000000 ) ) ;
#2462 = EDGE_CURVE ( 'NONE', #2457, #634, #1394, .T. ) ;
#2463 = LINE ( 'NONE', #238, #1758 ) ;
#2464 = ORIENTED_EDGE ( 'NONE', *, *, #1935, .T. ) ;
#2465 = CARTESIAN_POINT ( 'NONE',  ( -10.24388585741013991, 10.43144763847869960, 21.15683104927299851 ) ) ;
#2466 = CARTESIAN_POINT ( 'NONE',  ( 9.159701006540529988, 10.69973999656598096, -21.63825118406504799 ) ) ;
#2467 = EDGE_CURVE ( 'NONE', #160, #2440, #263, .T. ) ;
#2468 = SURFACE_SIDE_STYLE ('',( #1347 ) ) ;
#2469 = CARTESIAN_POINT ( 'NONE',  ( 3.588105895951036572, 9.554166151658430195, -22.13921003692816214 ) ) ;
#2470 = ORIENTED_EDGE ( 'NONE', *, *, #242, .F. ) ;
#2471 = FILL_AREA_STYLE ('',( #3574 ) ) ;
#2472 = AXIS2_PLACEMENT_3D ( 'NONE', #2787, #752, #1641 ) ;
#2473 = DIRECTION ( 'NONE',  ( 0.000000000000000000, 0.000000000000000000, -1.000000000000000000 ) ) ;
#2474 = ORIENTED_EDGE ( 'NONE', *, *, #2011, .T. ) ;
#2475 = CARTESIAN_POINT ( 'NONE',  ( -9.242545679952691273, 9.552659679604058596, 18.62308689849526999 ) ) ;
#2476 = CARTESIAN_POINT ( 'NONE',  ( 3.000000000000000000, 5.500000000000000000, -21.00000000000000000 ) ) ;
#2477 = FACE_OUTER_BOUND ( 'NONE', #2859, .T. ) ;
#2478 = MECHANICAL_DESIGN_GEOMETRIC_PRESENTATION_REPRESENTATION (  '', ( #3205 ), #2728 ) ;
#2479 = CARTESIAN_POINT ( 'NONE',  ( -6.799999999999999822, 8.500000000000000000, 17.50000000000000000 ) ) ;
#2480 = CARTESIAN_POINT ( 'NONE',  ( -6.662238619130800288, 11.11637902059854177, 21.15683104927305180 ) ) ;
#2481 = AXIS2_PLACEMENT_3D ( 'NONE', #680, #1246, #3543 ) ;
#2482 = CARTESIAN_POINT ( 'NONE',  ( 10.02075111713468125, 10.46863685477207717, -20.13484023157964842 ) ) ;
#2483 = UNCERTAINTY_MEASURE_WITH_UNIT (LENGTH_MEASURE( 1.000000000000000082E-05 ), #2932, 'distance_accuracy_value', 'NONE');
#2484 = PRESENTATION_LAYER_ASSIGNMENT (  '', '', ( #3325 ) ) ;
#2485 = PLANE ( 'NONE',  #1475 ) ;
#2486 = FACE_OUTER_BOUND ( 'NONE', #1221, .T. ) ;
#2487 = CARTESIAN_POINT ( 'NONE',  ( 6.135967495551300388, 9.550940389170071043, -17.65540071745814288 ) ) ;
#2488 = CIRCLE ( 'NONE', #2982, 3.499999999999999556 ) ;
#2489 = EDGE_CURVE ( 'NONE', #3335, #2391, #1922, .T. ) ;
#2490 = VECTOR ( 'NONE', #2098, 999.9999999999998863 ) ;
#2491 = FILL_AREA_STYLE_COLOUR ( '', #790 ) ;
#2492 = EDGE_LOOP ( 'NONE', ( #1508, #3615, #856, #52 ) ) ;
#2493 = CARTESIAN_POINT ( 'NONE',  ( 5.835706938765240714, 10.55092492829849959, -18.08518621715474950 ) ) ;
#2494 = VERTEX_POINT ( 'NONE', #1020 ) ;
#2495 = SURFACE_STYLE_USAGE ( .BOTH. , #646 ) ;
#2496 = CARTESIAN_POINT ( 'NONE',  ( -9.900000000000000355, 7.500000000000000000, 23.90000000000000213 ) ) ;
#2497 = LINE ( 'NONE', #564, #3368 ) ;
#2498 = FILL_AREA_STYLE ('',( #788 ) ) ;
#2499 = LINE ( 'NONE', #3013, #1021 ) ;
#2500 =( NAMED_UNIT ( * ) PLANE_ANGLE_UNIT ( ) SI_UNIT ( $, .RADIAN. ) );
#2501 = CARTESIAN_POINT ( 'NONE',  ( -5.009175242084030089, 10.57306033626156072, 23.36321723611935042 ) ) ;
#2502 = CARTESIAN_POINT ( 'NONE',  ( 10.20796401818502197, 9.554926309771810011, -20.78173039869679783 ) ) ;
#2503 = CARTESIAN_POINT ( 'NONE',  ( -6.797362316952610506, 9.551586472418780005, 24.40799708420425063 ) ) ;
#2504 = CARTESIAN_POINT ( 'NONE',  ( -9.900000000000000355, 15.15310394545899975, 23.90000000000000213 ) ) ;
#2505 = DIRECTION ( 'NONE',  ( 0.000000000000000000, 1.000000000000000000, 0.000000000000000000 ) ) ;
#2506 = LINE ( 'NONE', #2573, #2532 ) ;
#2507 = CARTESIAN_POINT ( 'NONE',  ( -6.801889779763570232, 10.70288022203668099, 18.56041115691025212 ) ) ;
#2508 = EDGE_CURVE ( 'NONE', #1441, #2534, #437, .T. ) ;
#2509 = ORIENTED_EDGE ( 'NONE', *, *, #2302, .T. ) ;
#2510 = CARTESIAN_POINT ( 'NONE',  ( -4.362199684275780420, 10.70056113062842407, 20.83561963028543573 ) ) ;
#2511 = CARTESIAN_POINT ( 'NONE',  ( -4.454107075346735556, 9.552755079447873499, 18.52760514855171081 ) ) ;
#2512 = CARTESIAN_POINT ( 'NONE',  ( -9.000000000000000000, 15.15310394545899975, 24.80000000000000071 ) ) ;
#2513 = CARTESIAN_POINT ( 'NONE',  ( -10.20775614385973995, 9.555277249988998634, 20.77898379527704975 ) ) ;
#2514 = PRESENTATION_STYLE_ASSIGNMENT (( #3649 ) ) ;
#2515 = ORIENTED_EDGE ( 'NONE', *, *, #3333, .F. ) ;
#2516 =( NAMED_UNIT ( * ) SI_UNIT ( $, .STERADIAN. ) SOLID_ANGLE_UNIT ( ) );
#2517 =( LENGTH_UNIT ( ) NAMED_UNIT ( * ) SI_UNIT ( .MILLI., .METRE. ) );
#2518 = CARTESIAN_POINT ( 'NONE',  ( -4.700000000000000178, 5.500000000000000000, 8.500000000000000000 ) ) ;
#2519 = DIRECTION ( 'NONE',  ( 0.000000000000000000, 1.000000000000000000, 0.000000000000000000 ) ) ;
#2520 = CARTESIAN_POINT ( 'NONE',  ( 9.000000000000000000, 0.000000000000000000, 28.50000000000000000 ) ) ;
#2521 = UNCERTAINTY_MEASURE_WITH_UNIT (LENGTH_MEASURE( 1.000000000000000082E-05 ), #2928, 'distance_accuracy_value', 'NONE');
#2522 = CARTESIAN_POINT ( 'NONE',  ( -4.700000000000000178, 5.500000000000000000, 8.500000000000000000 ) ) ;
#2523 = ORIENTED_EDGE ( 'NONE', *, *, #270, .T. ) ;
#2524 = ORIENTED_EDGE ( 'NONE', *, *, #780, .T. ) ;
#2525 = CARTESIAN_POINT ( 'NONE',  ( -4.846985061647435700, 10.69699843968329489, 19.50032295112320568 ) ) ;
#2526 = CARTESIAN_POINT ( 'NONE',  ( -6.110664035446061959, 9.557182962345793342, 17.66108168358992714 ) ) ;
#2527 = PLANE ( 'NONE',  #1361 ) ;
#2528 = STYLED_ITEM ( 'NONE', ( #518 ), #777 ) ;
#2529 = CARTESIAN_POINT ( 'NONE',  ( -7.438718887375240563, 10.70153437612794001, 18.63941681520379845 ) ) ;
#2530 = EDGE_CURVE ( 'NONE', #1740, #1688, #181, .T. ) ;
#2531 = MECHANICAL_DESIGN_GEOMETRIC_PRESENTATION_REPRESENTATION (  '', ( #1180 ), #1234 ) ;
#2532 = VECTOR ( 'NONE', #46, 1000.000000000000114 ) ;
#2533 = CARTESIAN_POINT ( 'NONE',  ( 6.937749955135009472, 10.60166278477256085, -23.85075047422139960 ) ) ;
#2534 = VERTEX_POINT ( 'NONE', #1961 ) ;
#2535 = CARTESIAN_POINT ( 'NONE',  ( -9.000000000000000000, 0.000000000000000000, 28.50000000000000000 ) ) ;
#2536 = CARTESIAN_POINT ( 'NONE',  ( 7.444270782886449389, 10.69632795032990025, -18.62831854793230235 ) ) ;
#2537 = CARTESIAN_POINT ( 'NONE',  ( -7.122505792719021400, 10.69750625369015751, 23.43625610205730325 ) ) ;
#2538 = MECHANICAL_DESIGN_GEOMETRIC_PRESENTATION_REPRESENTATION (  '', ( #11 ), #1238 ) ;
#2539 = VECTOR ( 'NONE', #939, 1000.000000000000000 ) ;
#2540 = FACE_OUTER_BOUND ( 'NONE', #457, .T. ) ;
#2541 = STYLED_ITEM ( 'NONE', ( #1311 ), #1561 ) ;
#2542 = SURFACE_SIDE_STYLE ('',( #2565 ) ) ;
#2543 = LINE ( 'NONE', #2314, #2903 ) ;
#2544 = SURFACE_STYLE_USAGE ( .BOTH. , #1721 ) ;
#2545 =( GEOMETRIC_REPRESENTATION_CONTEXT ( 3 ) GLOBAL_UNCERTAINTY_ASSIGNED_CONTEXT ( ( #1121 ) ) GLOBAL_UNIT_ASSIGNED_CONTEXT ( ( #3126, #3454, #880 ) ) REPRESENTATION_CONTEXT ( 'NONE', 'WORKASPACE' ) );
#2546 = PLANE ( 'NONE',  #857 ) ;
#2547 = SURFACE_STYLE_FILL_AREA ( #301 ) ;
#2548 =( GEOMETRIC_REPRESENTATION_CONTEXT ( 3 ) GLOBAL_UNCERTAINTY_ASSIGNED_CONTEXT ( ( #1631 ) ) GLOBAL_UNIT_ASSIGNED_CONTEXT ( ( #694, #1203, #2101 ) ) REPRESENTATION_CONTEXT ( 'NONE', 'WORKASPACE' ) );
#2549 = PLANE ( 'NONE',  #1064 ) ;
#2550 = CARTESIAN_POINT ( 'NONE',  ( -4.771113767352023416, 10.46612975501688148, 18.35309187821980714 ) ) ;
#2551 = VECTOR ( 'NONE', #1557, 1000.000000000000000 ) ;
#2552 = ORIENTED_EDGE ( 'NONE', *, *, #3024, .T. ) ;
#2553 = FILL_AREA_STYLE_COLOUR ( '', #1592 ) ;
#2554 = LINE ( 'NONE', #2226, #3337 ) ;
#2555 = AXIS2_PLACEMENT_3D ( 'NONE', #3113, #2907, #3152 ) ;
#2556 = CARTESIAN_POINT ( 'NONE',  ( 4.770792573265210557, 10.46377616784453402, -18.35315053139088093 ) ) ;
#2557 = CARTESIAN_POINT ( 'NONE',  ( -7.249166679691730231, 9.557769289023459791, 17.61498555313360015 ) ) ;
#2558 =( NAMED_UNIT ( * ) PLANE_ANGLE_UNIT ( ) SI_UNIT ( $, .RADIAN. ) );
#2559 = VERTEX_POINT ( 'NONE', #297 ) ;
#2560 = SURFACE_SIDE_STYLE ('',( #1430 ) ) ;
#2561 = CARTESIAN_POINT ( 'NONE',  ( -4.700000000000000178, 5.500000000000000000, -8.500000000000000000 ) ) ;
#2562 = CARTESIAN_POINT ( 'NONE',  ( -4.700000000000000178, 5.500000000000000000, 17.83298247557740268 ) ) ;
#2563 = DIRECTION ( 'NONE',  ( 1.000000000000000000, 0.000000000000000000, 0.000000000000000000 ) ) ;
#2564 = EDGE_CURVE ( 'NONE', #3010, #381, #335, .T. ) ;
#2565 = SURFACE_STYLE_FILL_AREA ( #2826 ) ;
#2566 = LINE ( 'NONE', #2032, #250 ) ;
#2567 = CARTESIAN_POINT ( 'NONE',  ( 5.460528324949377676, 9.555363503439741280, -24.13356885880167013 ) ) ;
#2568 = AXIS2_PLACEMENT_3D ( 'NONE', #2504, #3637, #1310 ) ;
#2569 = UNCERTAINTY_MEASURE_WITH_UNIT (LENGTH_MEASURE( 1.000000000000000082E-05 ), #1138, 'distance_accuracy_value', 'NONE');
#2570 =( NAMED_UNIT ( * ) PLANE_ANGLE_UNIT ( ) SI_UNIT ( $, .RADIAN. ) );
#2571 = COLOUR_RGB ( '',0.7529411764705882248, 0.7529411764705882248, 0.7529411764705882248 ) ;
#2572 = FACE_OUTER_BOUND ( 'NONE', #216, .T. ) ;
#2573 = CARTESIAN_POINT ( 'NONE',  ( 6.799999999999999822, 8.500000000000000000, -17.50000000000000000 ) ) ;
#2574 = ORIENTED_EDGE ( 'NONE', *, *, #1854, .F. ) ;
#2575 = CARTESIAN_POINT ( 'NONE',  ( -9.000000000000000000, 0.000000000000000000, -25.30000000000000071 ) ) ;
#2576 = CARTESIAN_POINT ( 'NONE',  ( 5.323744871575789794, 10.46508359576010783, -18.00929712780324721 ) ) ;
#2577 = CARTESIAN_POINT ( 'NONE',  ( -10.12745622756883357, 10.47037140458064641, 21.22048805461459509 ) ) ;
#2578 = CARTESIAN_POINT ( 'NONE',  ( 8.590817900248419292, 10.46594060633865908, -23.85075047422139960 ) ) ;
#2579 = ORIENTED_EDGE ( 'NONE', *, *, #638, .T. ) ;
#2580 = FILL_AREA_STYLE_COLOUR ( '', #1177 ) ;
#2581 = CARTESIAN_POINT ( 'NONE',  ( 9.900000000000000355, 0.000000000000000000, -18.10000000000000142 ) ) ;
#2582 = CARTESIAN_POINT ( 'NONE',  ( -9.023835291358837551, 10.69843462774224285, 19.99240619377303574 ) ) ;
#2583 =( NAMED_UNIT ( * ) PLANE_ANGLE_UNIT ( ) SI_UNIT ( $, .RADIAN. ) );
#2584 = PLANE ( 'NONE',  #1298 ) ;
#2585 = EDGE_CURVE ( 'NONE', #1792, #1970, #1191, .T. ) ;
#2586 = PRESENTATION_STYLE_ASSIGNMENT (( #2018 ) ) ;
#2587 = VERTEX_POINT ( 'NONE', #881 ) ;
#2588 = CARTESIAN_POINT ( 'NONE',  ( -4.545892715159109976, 9.548244430155159890, 23.56632387156595243 ) ) ;
#2589 = VERTEX_POINT ( 'NONE', #1407 ) ;
#2590 = CARTESIAN_POINT ( 'NONE',  ( -3.599322409828296099, 9.552190651850100522, 22.17087336975275136 ) ) ;
#2591 = CARTESIAN_POINT ( 'NONE',  ( 6.350665541081619736, 9.551589605330059740, -17.59165337907690230 ) ) ;
#2592 = CARTESIAN_POINT ( 'NONE',  ( -7.889632033826980084, 10.69931877645712071, 18.80979860124359959 ) ) ;
#2593 = CARTESIAN_POINT ( 'NONE',  ( 5.835706938765240714, 10.42053746500459965, -24.39579715009299932 ) ) ;
#2594 = PRESENTATION_LAYER_ASSIGNMENT (  '', '', ( #2528 ) ) ;
#2595 = EDGE_LOOP ( 'NONE', ( #779, #86, #97, #2878 ) ) ;
#2596 = CARTESIAN_POINT ( 'NONE',  ( -5.009175242084040747, 10.32032998704965898, 24.46641032954250150 ) ) ;
#2597 = PLANE ( 'NONE',  #1769 ) ;
#2598 = CARTESIAN_POINT ( 'NONE',  ( -6.800000000024859936, 9.551586481551240126, 24.40799810414715409 ) ) ;
#2599 = COLOUR_RGB ( '',0.7529411764705882248, 0.7529411764705882248, 0.7529411764705882248 ) ;
#2600 = FACE_OUTER_BOUND ( 'NONE', #650, .T. ) ;
#2601 = PRESENTATION_STYLE_ASSIGNMENT (( #901 ) ) ;
#2602 =( GEOMETRIC_REPRESENTATION_CONTEXT ( 3 ) GLOBAL_UNCERTAINTY_ASSIGNED_CONTEXT ( ( #3313 ) ) GLOBAL_UNIT_ASSIGNED_CONTEXT ( ( #1760, #544, #2057 ) ) REPRESENTATION_CONTEXT ( 'NONE', 'WORKASPACE' ) );
#2603 = CARTESIAN_POINT ( 'NONE',  ( 9.000000000000000000, 7.500049999999999883, 25.30000000000000071 ) ) ;
#2604 = VECTOR ( 'NONE', #2050, 1000.000000000000000 ) ;
#2605 =( BOUNDED_SURFACE ( )  B_SPLINE_SURFACE ( 3, 2, ( 
 ( #2305, #3159, #651 ),
 ( #1462, #15, #2591 ),
 ( #1711, #1744, #3392 ),
 ( #1183, #2576, #631 ),
 ( #1424, #363, #858 ),
 ( #3120, #2556, #34 ),
 ( #2672, #99, #2065 ),
 ( #1823, #3248, #1845 ),
 ( #1552, #707, #3233 ),
 ( #2975, #1237, #1262 ),
 ( #2367, #2692, #157 ),
 ( #384, #675, #3538 ),
 ( #1002, #693, #730 ),
 ( #1804, #2995, #1789 ),
 ( #419, #1529, #2935 ),
 ( #945, #3484, #2081 ),
 ( #402, #3508, #969 ),
 ( #3268, #455, #2116 ),
 ( #1496, #137, #1510 ),
 ( #1280, #2634, #1218 ),
 ( #2387, #2405, #3523 ),
 ( #2343, #2651, #117 ),
 ( #988, #2100, #905 ),
 ( #3477, #588, #1455 ),
 ( #357, #1722, #2925 ),
 ( #93, #341, #1706 ),
 ( #2608, #3132, #1489 ),
 ( #870, #60, #2850 ),
 ( #1757, #3171, #2886 ),
 ( #2869, #940, #1738 ),
 ( #2260, #1781, #665 ),
 ( #77, #2002, #3151 ) ),
 .UNSPECIFIED., .F., .F., .F. ) 
 B_SPLINE_SURFACE_WITH_KNOTS ( ( 4, 2, 2, 2, 2, 2, 2, 2, 2, 2, 2, 2, 2, 2, 2, 4 ),
 ( 3, 3 ),
 ( 0.006604963898473459848, 0.007430584385782639835, 0.007843394629437229829, 0.008256204873091810281, 0.008669015116746411551, 0.009081825360401000677, 0.009494635604055581130, 0.009907445847710168521, 0.01032025609136476112, 0.01073306633501934157, 0.01114587657867393937, 0.01155868682232851982, 0.01197149706598312109, 0.01238430730963769981, 0.01279711755329230108, 0.01320992779694689888 ),
 ( 0.000000000000000000, 1.000000000000000000 ),
 .UNSPECIFIED. ) 
 GEOMETRIC_REPRESENTATION_ITEM ( )  RATIONAL_B_SPLINE_SURFACE ( (
 ( 1.000000000000000000, 0.8160835244364499363, 1.000000000000000000),
 ( 1.000000000000000000, 0.8160606553543749975, 1.000000000000000000),
 ( 1.000000000000000000, 0.8162489010858120508, 1.000000000000000000),
 ( 1.000000000000000000, 0.8164435524722060133, 1.000000000000000000),
 ( 1.000000000000000000, 0.8164935884708730551, 1.000000000000000000),
 ( 1.000000000000000000, 0.8165714416096280237, 1.000000000000000000),
 ( 1.000000000000000000, 0.8166012455210099885, 1.000000000000000000),
 ( 1.000000000000000000, 0.8166522545888820206, 1.000000000000000000),
 ( 1.000000000000000000, 0.8166727599349160593, 1.000000000000000000),
 ( 1.000000000000000000, 0.8166939459851170202, 1.000000000000000000),
 ( 1.000000000000000000, 0.8166931846394790417, 1.000000000000000000),
 ( 1.000000000000000000, 0.8166555881217500978, 1.000000000000000000),
 ( 1.000000000000000000, 0.8166119953652710706, 1.000000000000000000),
 ( 1.000000000000000000, 0.8165763530263400183, 1.000000000000000000),
 ( 1.000000000000000000, 0.8165815273486809467, 1.000000000000000000),
 ( 1.000000000000000000, 0.8166442207111910268, 1.000000000000000000),
 ( 1.000000000000000000, 0.8167017807859779932, 1.000000000000000000),
 ( 1.000000000000000000, 0.8168642439181650339, 1.000000000000000000),
 ( 1.000000000000000000, 0.8169674822814589898, 1.000000000000000000),
 ( 1.000000000000000000, 0.8171148309139290022, 1.000000000000000000),
 ( 1.000000000000000000, 0.8171682226603510513, 1.000000000000000000),
 ( 1.000000000000000000, 0.8172464330726539883, 1.000000000000000000),
 ( 1.000000000000000000, 0.8172724450265029805, 1.000000000000000000),
 ( 1.000000000000000000, 0.8173106014196369618, 1.000000000000000000),
 ( 1.000000000000000000, 0.8173225669177309749, 1.000000000000000000),
 ( 1.000000000000000000, 0.8173184322494779774, 1.000000000000000000),
 ( 1.000000000000000000, 0.8173012946868059014, 1.000000000000000000),
 ( 1.000000000000000000, 0.8172225337251580735, 1.000000000000000000),
 ( 1.000000000000000000, 0.8171529367982700576, 1.000000000000000000),
 ( 1.000000000000000000, 0.8170602908518780350, 1.000000000000000000),
 ( 1.000000000000000000, 0.8170344739800059486, 1.000000000000000000),
 ( 1.000000000000000000, 0.8170346049350630802, 1.000000000000000000) ) ) 
 REPRESENTATION_ITEM ( '' )  SURFACE ( )  );
#2606 = AXIS2_PLACEMENT_3D ( 'NONE', #227, #3360, #2239 ) ;
#2607 = CARTESIAN_POINT ( 'NONE',  ( -4.700000000000000178, 7.500000000000000000, 17.83298247557740268 ) ) ;
#2608 = CARTESIAN_POINT ( 'NONE',  ( 5.710367949955929667, 10.69931877640996021, -23.19020139877830289 ) ) ;
#2609 = FILL_AREA_STYLE_COLOUR ( '', #1470 ) ;
#2610 = EDGE_CURVE ( 'NONE', #3335, #3321, #637, .T. ) ;
#2611 = VECTOR ( 'NONE', #714, 999.9999999999998863 ) ;
#2612 = CARTESIAN_POINT ( 'NONE',  ( -3.913149548606439598, 10.46522421156115179, 22.66997827067785209 ) ) ;
#2613 =( GEOMETRIC_REPRESENTATION_CONTEXT ( 3 ) GLOBAL_UNCERTAINTY_ASSIGNED_CONTEXT ( ( #246 ) ) GLOBAL_UNIT_ASSIGNED_CONTEXT ( ( #2727, #214, #3539 ) ) REPRESENTATION_CONTEXT ( 'NONE', 'WORKASPACE' ) );
#2614 = ORIENTED_EDGE ( 'NONE', *, *, #2931, .F. ) ;
#2615 = ADVANCED_FACE ( 'NONE', ( #2270 ), #3183, .F. ) ;
#2616 = CARTESIAN_POINT ( 'NONE',  ( -4.952073773565261128, 9.548602628833231520, 23.86598107823744641 ) ) ;
#2617 =( NAMED_UNIT ( * ) PLANE_ANGLE_UNIT ( ) SI_UNIT ( $, .RADIAN. ) );
#2618 = CARTESIAN_POINT ( 'NONE',  ( -4.700000000000000178, 7.500000000000000000, 10.50000000000000000 ) ) ;
#2619 = CIRCLE ( 'NONE', #1776, 3.499999999999999556 ) ;
#2620 = VECTOR ( 'NONE', #558, 999.9999999999998863 ) ;
#2621 = VERTEX_POINT ( 'NONE', #2562 ) ;
#2622 = DIRECTION ( 'NONE',  ( -1.000000000000000000, 0.000000000000000000, 0.000000000000000000 ) ) ;
#2623 = CARTESIAN_POINT ( 'NONE',  ( -8.914567049171399304, 10.69767853640611754, 19.77800969930396136 ) ) ;
#2624 = CARTESIAN_POINT ( 'NONE',  ( -5.835706930607360121, 10.57231544057134087, 18.14924952569194971 ) ) ;
#2625 = PRESENTATION_STYLE_ASSIGNMENT (( #3600 ) ) ;
#2626 = CARTESIAN_POINT ( 'NONE',  ( 9.900000000000000355, 0.000000000000000000, -23.90000000000000213 ) ) ;
#2627 = DIRECTION ( 'NONE',  ( 0.000000000000000000, 0.000000000000000000, 1.000000000000000000 ) ) ;
#2628 = FILL_AREA_STYLE_COLOUR ( '', #2797 ) ;
#2629 = CARTESIAN_POINT ( 'NONE',  ( -8.500000000000000000, 0.000000000000000000, -17.19999999999999929 ) ) ;
#2630 =( NAMED_UNIT ( * ) SI_UNIT ( $, .STERADIAN. ) SOLID_ANGLE_UNIT ( ) );
#2631 = CARTESIAN_POINT ( 'NONE',  ( -4.228262707859459013, 9.548611229878279261, 23.24788042763145057 ) ) ;
#2632 = EDGE_LOOP ( 'NONE', ( #1279, #2955, #2980, #1969, #295, #1912 ) ) ;
#2633 = CARTESIAN_POINT ( 'NONE',  ( -4.324164694576161594, 9.548515526740830595, 23.34244506873818281 ) ) ;
#2634 = CARTESIAN_POINT ( 'NONE',  ( 3.808597012665285941, 10.46708571324251480, -22.47423317859204062 ) ) ;
#2635 = CARTESIAN_POINT ( 'NONE',  ( -6.802615083664420581, 9.558035476043359679, 17.59256711325379996 ) ) ;
#2636 = CARTESIAN_POINT ( 'NONE',  ( 10.24388584536182023, 10.40962683692916002, -21.93981217325424993 ) ) ;
#2637 = ORIENTED_EDGE ( 'NONE', *, *, #2234, .F. ) ;
#2638 = CARTESIAN_POINT ( 'NONE',  ( -9.336666141477737213, 9.548568891580117679, 23.28327897723914930 ) ) ;
#2639 =( LENGTH_UNIT ( ) NAMED_UNIT ( * ) SI_UNIT ( .MILLI., .METRE. ) );
#2640 = CARTESIAN_POINT ( 'NONE',  ( 4.381365275105620682, 10.70042156437842529, -21.31895180514331756 ) ) ;
#2641 = CARTESIAN_POINT ( 'NONE',  ( -9.141840553324140473, 10.25380926843259921, 17.60420284981344707 ) ) ;
#2642 = DIRECTION ( 'NONE',  ( 0.000000000000000000, 0.000000000000000000, 1.000000000000000000 ) ) ;
#2643 = CARTESIAN_POINT ( 'NONE',  ( 0.000000000000000000, 0.000000000000000000, 0.000000000000000000 ) ) ;
#2644 = CARTESIAN_POINT ( 'NONE',  ( 10.20765285717202175, 9.555133348238950219, -21.04337788277067034 ) ) ;
#2645 = CARTESIAN_POINT ( 'NONE',  ( -9.900000000000000355, 7.500000000000000000, 18.10000000000000142 ) ) ;
#2646 = SURFACE_SIDE_STYLE ('',( #1038 ) ) ;
#2647 = CARTESIAN_POINT ( 'NONE',  ( -5.187557499534760197, 10.69357919839963955, 22.83632188607684910 ) ) ;
#2648 =( NAMED_UNIT ( * ) SI_UNIT ( $, .STERADIAN. ) SOLID_ANGLE_UNIT ( ) );
#2649 = ORIENTED_EDGE ( 'NONE', *, *, #3535, .T. ) ;
#2650 = CARTESIAN_POINT ( 'NONE',  ( -5.484231343350386645, 9.549622264424346696, 24.14395652734154751 ) ) ;
#2651 = CARTESIAN_POINT ( 'NONE',  ( 4.154001983883391702, 10.46582085506130255, -23.03025813417261602 ) ) ;
#2652 = LINE ( 'NONE', #440, #2184 ) ;
#2653 = CARTESIAN_POINT ( 'NONE',  ( 8.590817900248419292, 10.87931898261360075, -20.84316895067799891 ) ) ;
#2654 = ORIENTED_EDGE ( 'NONE', *, *, #489, .F. ) ;
#2655 = FACE_OUTER_BOUND ( 'NONE', #2079, .T. ) ;
#2656 = EDGE_CURVE ( 'NONE', #2917, #3335, #39, .T. ) ;
#2657 = DIRECTION ( 'NONE',  ( 0.000000000000000000, 0.000000000000000000, 1.000000000000000000 ) ) ;
#2658 = CARTESIAN_POINT ( 'NONE',  ( 5.304138932992220390, 10.69342050161598934, -19.04720939618717068 ) ) ;
#2659 = CARTESIAN_POINT ( 'NONE',  ( -7.764283923216710015, 10.57231649141972163, 18.14924952569194971 ) ) ;
#2660 = CARTESIAN_POINT ( 'NONE',  ( 7.679611476766710076, 9.556849159457659226, -24.29953029802699760 ) ) ;
#2661 = CARTESIAN_POINT ( 'NONE',  ( 9.976332454288279195, 9.551953608500879156, -19.76455069853121316 ) ) ;
#2662 = VECTOR ( 'NONE', #3415, 1000.000000000000000 ) ;
#2663 = PRESENTATION_LAYER_ASSIGNMENT (  '', '', ( #245 ) ) ;
#2664 = LINE ( 'NONE', #3478, #915 ) ;
#2665 =( LENGTH_UNIT ( ) NAMED_UNIT ( * ) SI_UNIT ( .MILLI., .METRE. ) );
#2666 = CARTESIAN_POINT ( 'NONE',  ( -4.361952818690975064, 10.70056374088993856, 20.83832646451644877 ) ) ;
#2667 = MECHANICAL_DESIGN_GEOMETRIC_PRESENTATION_REPRESENTATION (  '', ( #3606 ), #2238 ) ;
#2668 = DIRECTION ( 'NONE',  ( 0.000000000000000000, 1.000000000000000000, 0.000000000000000000 ) ) ;
#2669 = VECTOR ( 'NONE', #3182, 999.9999999999998863 ) ;
#2670 = ORIENTED_EDGE ( 'NONE', *, *, #3426, .F. ) ;
#2671 = CARTESIAN_POINT ( 'NONE',  ( -3.555131068561631302, 9.552640851495304730, 22.04362457625352079 ) ) ;
#2672 = CARTESIAN_POINT ( 'NONE',  ( 5.190455867437039572, 10.69357898557731978, -19.16113772529875092 ) ) ;
#2673 = LINE ( 'NONE', #708, #1313 ) ;
#2674 = COLOUR_RGB ( '',0.7529411764705882248, 0.7529411764705882248, 0.7529411764705882248 ) ;
#2675 = CARTESIAN_POINT ( 'NONE',  ( 5.835706938765240714, 11.06200246386348063, -21.11896722403034943 ) ) ;
#2676 = ORIENTED_EDGE ( 'NONE', *, *, #3355, .F. ) ;
#2677 = CARTESIAN_POINT ( 'NONE',  ( -6.947806695276169009, 9.551586481551247232, 24.40799810414715054 ) ) ;
#2678 = MECHANICAL_DESIGN_GEOMETRIC_PRESENTATION_REPRESENTATION (  '', ( #3384 ), #324 ) ;
#2679 = FILL_AREA_STYLE ('',( #1774 ) ) ;
#2680 = DIRECTION ( 'NONE',  ( 0.000000000000000000, 0.000000000000000000, 1.000000000000000000 ) ) ;
#2681 = AXIS2_PLACEMENT_3D ( 'NONE', #326, #29, #1144 ) ;
#2682 = CARTESIAN_POINT ( 'NONE',  ( 4.857879220523100727, 10.69708816250353678, -22.48794381599858383 ) ) ;
#2683 = CARTESIAN_POINT ( 'NONE',  ( -3.356114154578245135, 10.43189038155137993, 20.88103277591734752 ) ) ;
#2684 = EDGE_CURVE ( 'NONE', #343, #2279, #362, .T. ) ;
#2685 = CARTESIAN_POINT ( 'NONE',  ( 9.339858195570670318, 9.548635049897463034, -18.72677089490376900 ) ) ;
#2686 = SURFACE_STYLE_FILL_AREA ( #1214 ) ;
#2687 = CARTESIAN_POINT ( 'NONE',  ( -5.569197909285352743, 10.69863000941419351, 18.86714801719995549 ) ) ;
#2688 = FACE_OUTER_BOUND ( 'NONE', #1742, .T. ) ;
#2689 = CARTESIAN_POINT ( 'NONE',  ( 9.207814127071181076, 10.69944055181437648, -20.60649204701981319 ) ) ;
#2690 =( NAMED_UNIT ( * ) SI_UNIT ( $, .STERADIAN. ) SOLID_ANGLE_UNIT ( ) );
#2691 = VERTEX_POINT ( 'NONE', #444 ) ;
#2692 = CARTESIAN_POINT ( 'NONE',  ( 3.811381804483599200, 10.46596653282767342, -19.51971448326970560 ) ) ;
#2693 = CARTESIAN_POINT ( 'NONE',  ( -6.802615083664420581, 9.558035476043359679, 17.59256711325379996 ) ) ;
#2694 = STYLED_ITEM ( 'NONE', ( #2945 ), #3404 ) ;
#2695 = CARTESIAN_POINT ( 'NONE',  ( 3.907134510583750053, 10.55660041562316032, -20.01577413062105038 ) ) ;
#2696 = ORIENTED_EDGE ( 'NONE', *, *, #1783, .T. ) ;
#2697 = CARTESIAN_POINT ( 'NONE',  ( -8.554178322333813256, 9.548707484045843685, 23.93066845759040362 ) ) ;
#2698 = FILL_AREA_STYLE_COLOUR ( '', #962 ) ;
#2699 = FILL_AREA_STYLE_COLOUR ( '', #1826 ) ;
#2700 = CARTESIAN_POINT ( 'NONE',  ( -5.835706930607379661, 10.85127044954905884, 19.23934287744884841 ) ) ;
#2701 = CARTESIAN_POINT ( 'NONE',  ( 6.798110231910110102, 10.70288022204710110, -23.43958884310034918 ) ) ;
#2702 = CARTESIAN_POINT ( 'NONE',  ( 10.06416245199395831, 9.552850592781183536, -20.01869992901370310 ) ) ;
#2703 = CARTESIAN_POINT ( 'NONE',  ( 3.458726739930306326, 9.554872029188212323, -21.67881966387209758 ) ) ;
#2704 = CARTESIAN_POINT ( 'NONE',  ( 6.801899146325509626, 10.69750258692902101, -18.56399449886895070 ) ) ;
#2705 = EDGE_CURVE ( 'NONE', #1792, #1133, #3254, .T. ) ;
#2706 = DIRECTION ( 'NONE',  ( 0.000000000000000000, 0.000000000000000000, -1.000000000000000000 ) ) ;
#2707 = ORIENTED_EDGE ( 'NONE', *, *, #426, .T. ) ;
#2708 = ORIENTED_EDGE ( 'NONE', *, *, #2610, .T. ) ;
#2709 = CARTESIAN_POINT ( 'NONE',  ( -10.12161751567042423, 9.553486961208758288, 21.79363831553720487 ) ) ;
#2710 = CARTESIAN_POINT ( 'NONE',  ( -4.700000000000000178, 5.500000000000000000, -10.50000000000000000 ) ) ;
#2711 = CARTESIAN_POINT ( 'NONE',  ( -8.276255104296156517, 10.46508359888058060, 23.99070288336113776 ) ) ;
#2712 = DIRECTION ( 'NONE',  ( 0.000000000000000000, -1.000000000000000000, 0.000000000000000000 ) ) ;
#2713 = PRESENTATION_STYLE_ASSIGNMENT (( #3239 ) ) ;
#2714 = CARTESIAN_POINT ( 'NONE',  ( -8.590817901281241120, 10.69516281265718050, 22.81162068940774645 ) ) ;
#2715 = CARTESIAN_POINT ( 'NONE',  ( 7.886256811301810110, 10.69933516866537992, -23.19187412864064868 ) ) ;
#2716 = CARTESIAN_POINT ( 'NONE',  ( 9.338252527747123111, 9.552574198836566666, -23.28127510731396299 ) ) ;
#2717 = SURFACE_STYLE_FILL_AREA ( #1871 ) ;
#2718 = MECHANICAL_DESIGN_GEOMETRIC_PRESENTATION_REPRESENTATION (  '', ( #3363 ), #3553 ) ;
#2719 = SURFACE_STYLE_FILL_AREA ( #1256 ) ;
#2720 = CARTESIAN_POINT ( 'NONE',  ( 3.717440699386151515, 9.551130368052314523, -19.54618405488141164 ) ) ;
#2721 = CARTESIAN_POINT ( 'NONE',  ( 7.433963979721115223, 10.70154472641539201, -23.37854060580883697 ) ) ;
#2722 = UNCERTAINTY_MEASURE_WITH_UNIT (LENGTH_MEASURE( 1.000000000000000082E-05 ), #2517, 'distance_accuracy_value', 'NONE');
#2723 = COLOUR_RGB ( '',0.7529411764705882248, 0.7529411764705882248, 0.7529411764705882248 ) ;
#2724 = EDGE_CURVE ( 'NONE', #2559, #381, #2350, .T. ) ;
#2725 = ORIENTED_EDGE ( 'NONE', *, *, #1686, .F. ) ;
#2726 = VECTOR ( 'NONE', #933, 1000.000000000000114 ) ;
#2727 =( LENGTH_UNIT ( ) NAMED_UNIT ( * ) SI_UNIT ( .MILLI., .METRE. ) );
#2728 =( GEOMETRIC_REPRESENTATION_CONTEXT ( 3 ) GLOBAL_UNCERTAINTY_ASSIGNED_CONTEXT ( ( #2867 ) ) GLOBAL_UNIT_ASSIGNED_CONTEXT ( ( #1401, #2617, #3176 ) ) REPRESENTATION_CONTEXT ( 'NONE', 'WORKASPACE' ) );
#2729 = EDGE_CURVE ( 'NONE', #1044, #678, #734, .T. ) ;
#2730 = ORIENTED_EDGE ( 'NONE', *, *, #2097, .F. ) ;
#2731 = CARTESIAN_POINT ( 'NONE',  ( -9.811778957301211079, 9.550613852845856400, 22.59624102124562128 ) ) ;
#2732 = CARTESIAN_POINT ( 'NONE',  ( -9.000000000000000000, 0.000000000000000000, -16.69999999999999929 ) ) ;
#2733 = SURFACE_STYLE_FILL_AREA ( #2498 ) ;
#2734 = LINE ( 'NONE', #3068, #3153 ) ;
#2735 = DIRECTION ( 'NONE',  ( 0.000000000000000000, 1.000000000000000000, 0.000000000000000000 ) ) ;
#2736 = MECHANICAL_DESIGN_GEOMETRIC_PRESENTATION_REPRESENTATION (  '', ( #2242 ), #3556 ) ;
#2737 = CARTESIAN_POINT ( 'NONE',  ( -9.141840553324190211, 10.73525671532935988, 21.15683104927305180 ) ) ;
#2738 = CARTESIAN_POINT ( 'NONE',  ( 10.01981466627927730, 10.46920191705616077, -21.86879408570096572 ) ) ;
#2739 = CIRCLE ( 'NONE', #78, 3.499999999999999556 ) ;
#2740 = CARTESIAN_POINT ( 'NONE',  ( -4.700000000000000178, 7.500000000000000000, 8.500000000000000000 ) ) ;
#2741 = STYLED_ITEM ( 'NONE', ( #1605 ), #3180 ) ;
#2742 = FILL_AREA_STYLE ('',( #1872 ) ) ;
#2743 = CARTESIAN_POINT ( 'NONE',  ( 6.799999999978699528, 9.551586481545390583, -17.59200189585234853 ) ) ;
#2744 = B_SPLINE_CURVE_WITH_KNOTS ( 'NONE', 3,
 ( #33, #2818, #2874, #2526, #3371, #48, #1163, #890, #2265, #2801, #875, #2008, #3158, #613, #3628, #818, #545, #2511, #3645, #1110, #3507, #968, #2342, #3483, #692, #3448, #1477, #98, #1767, #3232, #1788, #2080, #2366, #2304, #2951, #1495, #630, #1461, #2889, #1803, #116, #418, #1528, #2671, #2041, #2590, #2323, #2023, #910, #1236, #65, #1182, #3466, #3192, #1509, #2633, #2913, #3175, #1743, #361, #2616, #83, #1202, #928, #383, #944, #2064, #674, #2934, #2650, #401, #2885, #26, #2868, #1982 ),
 .UNSPECIFIED., .F., .F.,
 ( 4, 2, 2, 2, 2, 2, 2, 2, 2, 2, 2, 2, 2, 1, 2, 2, 2, 2, 2, 2, 2, 2, 2, 2, 2, 2, 2, 2, 2, 2, 2, 2, 2, 1, 1, 2, 2, 2, 4 ),
 ( 0.000000000000000000, 0.06249999999999521216, 0.09374999999999281131, 0.1093749999999917288, 0.1171874999999912847, 0.1249999999999908407, 0.1874999999999897582, 0.2187499999999896194, 0.2343749999999895361, 0.2499999999999894529, 0.3124999999999891753, 0.3437499999999890088, 0.3593749999999892863, 0.3671874999999897859, 0.3710937499999904521, 0.3749999999999910627, 0.4374999999999976130, 0.4687500000000003886, 0.4843750000000023870, 0.5000000000000043299, 0.5625000000000122125, 0.5937500000000160982, 0.6093750000000182077, 0.6171875000000187628, 0.6250000000000194289, 0.6875000000000238698, 0.7187500000000260902, 0.7343750000000272005, 0.7421875000000273115, 0.7500000000000273115, 0.8125000000000227596, 0.8437500000000204281, 0.8593750000000190958, 0.8671875000000182077, 0.8710937500000176525, 0.8730468750000175415, 0.8750000000000173195, 0.9375000000000086597, 1.000000000000000000 ),
 .UNSPECIFIED. ) ;
#2745 = ORIENTED_EDGE ( 'NONE', *, *, #268, .T. ) ;
#2746 = CARTESIAN_POINT ( 'NONE',  ( 4.700000000000000178, 5.500000000000000000, 8.500000000000000000 ) ) ;
#2747 = SURFACE_STYLE_USAGE ( .BOTH. , #1372 ) ;
#2748 = ORIENTED_EDGE ( 'NONE', *, *, #3135, .F. ) ;
#2749 = FACE_OUTER_BOUND ( 'NONE', #1125, .T. ) ;
#2750 = MECHANICAL_DESIGN_GEOMETRIC_PRESENTATION_REPRESENTATION (  '', ( #3287 ), #2021 ) ;
#2751 = CARTESIAN_POINT ( 'NONE',  ( 4.700000000000000178, 5.500000000000000000, 10.50000000000000000 ) ) ;
#2752 = SURFACE_STYLE_USAGE ( .BOTH. , #1612 ) ;
#2753 = EDGE_CURVE ( 'NONE', #1022, #2587, #975, .T. ) ;
#2754 = PLANE ( 'NONE',  #1640 ) ;
#2755 = ORIENTED_EDGE ( 'NONE', *, *, #196, .F. ) ;
#2756 = CARTESIAN_POINT ( 'NONE',  ( -5.009175242084030089, 10.45004624613939903, 23.91481378283089754 ) ) ;
#2757 = CARTESIAN_POINT ( 'NONE',  ( 8.999537378681953470, 10.46583044963908904, -23.50688588985600092 ) ) ;
#2758 = CARTESIAN_POINT ( 'NONE',  ( -4.700000000000000178, 5.500000000000000000, 8.500000000000000000 ) ) ;
#2759 = CARTESIAN_POINT ( 'NONE',  ( 9.900000000000000355, 0.000000000000000000, -18.10000000000000142 ) ) ;
#2760 = CARTESIAN_POINT ( 'NONE',  ( 4.422942128289435892, 9.548390048172455735, -18.55735160142294760 ) ) ;
#2761 = UNCERTAINTY_MEASURE_WITH_UNIT (LENGTH_MEASURE( 1.000000000000000082E-05 ), #3200, 'distance_accuracy_value', 'NONE');
#2762 = FACE_OUTER_BOUND ( 'NONE', #2997, .T. ) ;
#2763 = ORIENTED_EDGE ( 'NONE', *, *, #3623, .T. ) ;
#2764 = DIRECTION ( 'NONE',  ( 0.000000000000000000, -1.000000000000000000, 0.000000000000000000 ) ) ;
#2765 = ORIENTED_EDGE ( 'NONE', *, *, #2729, .F. ) ;
#2766 = CARTESIAN_POINT ( 'NONE',  ( -10.18994357177532351, 9.554566309644295430, 21.36083552324560131 ) ) ;
#2767 = CARTESIAN_POINT ( 'NONE',  ( 9.900000000000000355, 7.500000000000000000, -19.37519231907280215 ) ) ;
#2768 = SURFACE_STYLE_FILL_AREA ( #2160 ) ;
#2769 = SURFACE_STYLE_FILL_AREA ( #3052 ) ;
#2770 = EDGE_CURVE ( 'NONE', #2140, #2589, #2488, .T. ) ;
#2771 = CARTESIAN_POINT ( 'NONE',  ( -3.907134517080195213, 10.36271427528749989, 23.36321723611935042 ) ) ;
#2772 = CARTESIAN_POINT ( 'NONE',  ( 8.638210701327718510, 10.69388533042620004, -19.38942099412710007 ) ) ;
#2773 = CARTESIAN_POINT ( 'NONE',  ( 9.000000000000000000, 7.500049999999999883, 16.69999999999999929 ) ) ;
#2774 = DIRECTION ( 'NONE',  ( 0.000000000000000000, 1.000000000000000000, 0.000000000000000000 ) ) ;
#2775 = CARTESIAN_POINT ( 'NONE',  ( 4.510804930121306455, 9.548331441933095576, -18.47409735023583721 ) ) ;
#2776 = STYLED_ITEM ( 'NONE', ( #1103 ), #759 ) ;
#2777 = ORIENTED_EDGE ( 'NONE', *, *, #2234, .T. ) ;
#2778 = MECHANICAL_DESIGN_GEOMETRIC_PRESENTATION_REPRESENTATION (  '', ( #243 ), #3081 ) ;
#2779 = CARTESIAN_POINT ( 'NONE',  ( 9.692863196990689545, 10.36271475025876043, -18.63678276385940080 ) ) ;
#2780 = COLOUR_RGB ( '',0.7529411764705882248, 0.7529411764705882248, 0.7529411764705882248 ) ;
#2781 = ORIENTED_EDGE ( 'NONE', *, *, #1568, .F. ) ;
#2782 = CARTESIAN_POINT ( 'NONE',  ( -4.483822091223307993, 10.69780687267196306, 21.77923065695362226 ) ) ;
#2783 = DIRECTION ( 'NONE',  ( 0.000000000000000000, 0.000000000000000000, -1.000000000000000000 ) ) ;
#2784 = CARTESIAN_POINT ( 'NONE',  ( -9.900000000000000355, 7.500000000000000000, 18.10000000000000142 ) ) ;
#2785 =( GEOMETRIC_REPRESENTATION_CONTEXT ( 3 ) GLOBAL_UNCERTAINTY_ASSIGNED_CONTEXT ( ( #3385 ) ) GLOBAL_UNIT_ASSIGNED_CONTEXT ( ( #2415, #3226, #3281 ) ) REPRESENTATION_CONTEXT ( 'NONE', 'WORKASPACE' ) );
#2786 = COLOUR_RGB ( '',0.7529411764705882248, 0.7529411764705882248, 0.7529411764705882248 ) ;
#2787 = CARTESIAN_POINT ( 'NONE',  ( 9.000000000000000000, 7.500000000000000000, 28.50000000000000000 ) ) ;
#2788 = CARTESIAN_POINT ( 'NONE',  ( -9.692863205367181934, 10.55660103337595856, 21.98422586934034939 ) ) ;
#2789 = CARTESIAN_POINT ( 'NONE',  ( 9.955507560332129913, 10.46840389512139780, -22.07883358535433871 ) ) ;
#2790 = CARTESIAN_POINT ( 'NONE',  ( -9.000000000000000000, 15.15310394545899975, 17.19999999999999929 ) ) ;
#2791 = AXIS2_PLACEMENT_3D ( 'NONE', #2401, #170, #1102 ) ;
#2792 = FILL_AREA_STYLE_COLOUR ( '', #3437 ) ;
#2793 = FACE_OUTER_BOUND ( 'NONE', #198, .T. ) ;
#2794 = FACE_OUTER_BOUND ( 'NONE', #1771, .T. ) ;
#2795 = VECTOR ( 'NONE', #2657, 1000.000000000000000 ) ;
#2796 = EDGE_CURVE ( 'NONE', #3172, #3285, #1517, .T. ) ;
#2797 = COLOUR_RGB ( '',0.7529411764705882248, 0.7529411764705882248, 0.7529411764705882248 ) ;
#2798 = ORIENTED_EDGE ( 'NONE', *, *, #556, .F. ) ;
#2799 = EDGE_LOOP ( 'NONE', ( #2157, #972, #103, #230 ) ) ;
#2800 = FACE_OUTER_BOUND ( 'NONE', #2155, .T. ) ;
#2801 = CARTESIAN_POINT ( 'NONE',  ( -5.560136736808282798, 9.555687713039626274, 17.82574145006972088 ) ) ;
#2802 = LINE ( 'NONE', #2512, #368 ) ;
#2803 = CARTESIAN_POINT ( 'NONE',  ( -7.901107302182539982, 9.556145762271331279, 17.76747890079760239 ) ) ;
#2804 =( LENGTH_UNIT ( ) NAMED_UNIT ( * ) SI_UNIT ( .MILLI., .METRE. ) );
#2805 = CARTESIAN_POINT ( 'NONE',  ( 9.112658638935188904, 10.69775203455014001, -20.21068592782224727 ) ) ;
#2806 = CARTESIAN_POINT ( 'NONE',  ( 9.116177922196181171, 10.69780687439130062, -20.22076933634933837 ) ) ;
#2807 = VECTOR ( 'NONE', #2855, 999.9999999999998863 ) ;
#2808 = SURFACE_STYLE_FILL_AREA ( #2237 ) ;
#2809 = SURFACE_STYLE_USAGE ( .BOTH. , #1366 ) ;
#2810 = DIRECTION ( 'NONE',  ( 0.000000000000000000, 0.000000000000000000, 1.000000000000000000 ) ) ;
#2811 = FILL_AREA_STYLE_COLOUR ( '', #1087 ) ;
#2812 =( LENGTH_UNIT ( ) NAMED_UNIT ( * ) SI_UNIT ( .MILLI., .METRE. ) );
#2813 = ORIENTED_EDGE ( 'NONE', *, *, #469, .F. ) ;
#2814 = ADVANCED_FACE ( 'NONE', ( #389 ), #460, .T. ) ;
#2815 = PRESENTATION_STYLE_ASSIGNMENT (( #3115 ) ) ;
#2816 = ORIENTED_EDGE ( 'NONE', *, *, #1731, .F. ) ;
#2817 = CARTESIAN_POINT ( 'NONE',  ( -4.670867901586272630, 10.69764895712961028, 19.76377166489928072 ) ) ;
#2818 = CARTESIAN_POINT ( 'NONE',  ( -6.634971276411948615, 9.558035487562671406, 17.59256611056886754 ) ) ;
#2819 = SURFACE_STYLE_USAGE ( .BOTH. , #3065 ) ;
#2820 = CARTESIAN_POINT ( 'NONE',  ( -9.862853722659050248, 9.550901548232319627, 22.51116590152080121 ) ) ;
#2821 = CARTESIAN_POINT ( 'NONE',  ( 5.009175246581030194, 10.71036185014726172, -22.76065712247820017 ) ) ;
#2822 = VERTEX_POINT ( 'NONE', #953 ) ;
#2823 =( NAMED_UNIT ( * ) PLANE_ANGLE_UNIT ( ) SI_UNIT ( $, .RADIAN. ) );
#2824 = CARTESIAN_POINT ( 'NONE',  ( -6.798100851396149835, 10.69750258694103984, 23.43600550113384884 ) ) ;
#2825 = SURFACE_STYLE_FILL_AREA ( #2843 ) ;
#2826 = FILL_AREA_STYLE ('',( #3439 ) ) ;
#2827 = DIRECTION ( 'NONE',  ( 2.365645195190815169E-16, 0.000000000000000000, 1.000000000000000000 ) ) ;
#2828 = CARTESIAN_POINT ( 'NONE',  ( -6.799999999999999822, 7.500000000000000000, 21.00000000000000000 ) ) ;
#2829 = FILL_AREA_STYLE_COLOUR ( '', #1173 ) ;
#2830 = CARTESIAN_POINT ( 'NONE',  ( -5.095176618167130300, 9.554159645423840885, 18.04093173079525059 ) ) ;
#2831 = B_SPLINE_CURVE_WITH_KNOTS ( 'NONE', 3,
 ( #2104, #2677, #143, #3253, #371, #2045, #1793, #2348, #713, #1829, #2981, #1556, #87, #387, #2697, #3453, #917, #1207, #3470, #656, #104, #2918, #2638, #1222, #951, #1058, #2731, #1337, #1622, #804, #526, #2443, #3322, #2709, #3272, #2766, #511, #234, #3542, #1574, #3610, #1045, #3064, #176, #1300, #1077, #749, #1610, #1353, #2196, #2158, #2175, #1636, #161, #497, #1007, #2475, #3578, #1589, #1915, #3303, #1903, #2425, #1881, #1322, #733, #475, #3047, #2998, #199, #3030, #2123 ),
 .UNSPECIFIED., .F., .F.,
 ( 4, 2, 2, 2, 1, 1, 2, 2, 2, 2, 1, 2, 2, 2, 2, 2, 2, 2, 2, 2, 2, 2, 2, 2, 1, 2, 2, 2, 2, 2, 2, 2, 2, 2, 2, 2, 2, 4 ),
 ( 0.000000000000000000, 0.06249999999999818201, 0.09374999999999739098, 0.1093749999999971134, 0.1171874999999967804, 0.1210937499999967942, 0.1230468749999966693, 0.1249999999999965306, 0.1874999999999945599, 0.2187499999999938105, 0.2343749999999930611, 0.2421874999999925060, 0.2499999999999919509, 0.3124999999999878431, 0.3437499999999857891, 0.3593749999999846789, 0.3671874999999844014, 0.3749999999999841238, 0.4374999999999810707, 0.4687499999999795719, 0.4999999999999781286, 0.5624999999999737987, 0.5937499999999715783, 0.6093749999999704681, 0.6171874999999702460, 0.6210937499999701350, 0.6249999999999700240, 0.6874999999999746869, 0.7187499999999770184, 0.7343749999999781286, 0.7499999999999791278, 0.8124999999999842348, 0.8437499999999866773, 0.8593749999999881206, 0.8671874999999886757, 0.8749999999999892308, 0.9374999999999945599, 1.000000000000000000 ),
 .UNSPECIFIED. ) ;
#2832 = EDGE_CURVE ( 'NONE', #271, #3230, #3510, .T. ) ;
#2833 = VERTEX_POINT ( 'NONE', #178 ) ;
#2834 = DIRECTION ( 'NONE',  ( 0.000000000000000000, 1.000000000000000000, 0.000000000000000000 ) ) ;
#2835 = CARTESIAN_POINT ( 'NONE',  ( -9.000000000000000000, 7.500000000000000000, 28.50000000000000000 ) ) ;
#2836 = CARTESIAN_POINT ( 'NONE',  ( -7.684705904974419965, 9.556835056448390375, 17.70182990198975048 ) ) ;
#2837 = EDGE_CURVE ( 'NONE', #3172, #840, #846, .T. ) ;
#2838 = CARTESIAN_POINT ( 'NONE',  ( 9.692863196990689545, 10.27550927520506008, -23.85075047422139960 ) ) ;
#2839 = ORIENTED_EDGE ( 'NONE', *, *, #3603, .F. ) ;
#2840 = DIRECTION ( 'NONE',  ( -1.000000000000000000, 0.000000000000000000, 0.000000000000000000 ) ) ;
#2841 = CARTESIAN_POINT ( 'NONE',  ( -8.930165677803531210, 10.69532329283318006, 22.23094384073828422 ) ) ;
#2842 = AXIS2_PLACEMENT_3D ( 'NONE', #1963, #339, #3129 ) ;
#2843 = FILL_AREA_STYLE ('',( #622 ) ) ;
#2844 = COLOUR_RGB ( '',0.7529411764705882248, 0.7529411764705882248, 0.7529411764705882248 ) ;
#2845 = PLANE ( 'NONE',  #1993 ) ;
#2846 = DIRECTION ( 'NONE',  ( -0.7071067811865420216, 0.000000000000000000, 0.7071067811865531239 ) ) ;
#2847 = CARTESIAN_POINT ( 'NONE',  ( 6.632788000344911339, 9.558034025669755351, -24.40730669176306833 ) ) ;
#2848 = STYLED_ITEM ( 'NONE', ( #934 ), #1943 ) ;
#2849 =( LENGTH_UNIT ( ) NAMED_UNIT ( * ) SI_UNIT ( .MILLI., .METRE. ) );
#2850 = CARTESIAN_POINT ( 'NONE',  ( 5.698892706101740480, 9.556145767139151204, -24.23252110157540073 ) ) ;
#2851 = VECTOR ( 'NONE', #492, 1000.000000000000000 ) ;
#2852 = VERTEX_POINT ( 'NONE', #2046 ) ;
#2853 = STYLED_ITEM ( 'NONE', ( #500 ), #3044 ) ;
#2854 = ORIENTED_EDGE ( 'NONE', *, *, #1068, .T. ) ;
#2855 = DIRECTION ( 'NONE',  ( 0.7071067811865441310, 0.000000000000000000, 0.7071067811865510144 ) ) ;
#2856 = VECTOR ( 'NONE', #3387, 1000.000000000000000 ) ;
#2857 = CARTESIAN_POINT ( 'NONE',  ( -7.879598990742771925, 10.46943277908271419, 17.84474749987475661 ) ) ;
#2858 = CARTESIAN_POINT ( 'NONE',  ( 3.356114142585110205, 10.07728574739374139, -24.39579715009299932 ) ) ;
#2859 = EDGE_LOOP ( 'NONE', ( #895, #1092, #2019, #1609, #3469 ) ) ;
#2860 = CARTESIAN_POINT ( 'NONE',  ( -9.692863205367210355, 10.16919833413184193, 24.46641032954244821 ) ) ;
#2861 = EDGE_CURVE ( 'NONE', #386, #1421, #2957, .T. ) ;
#2862 = CARTESIAN_POINT ( 'NONE',  ( -8.873927041880426358, 10.69748187404181472, 19.70988394816608036 ) ) ;
#2863 = PRESENTATION_STYLE_ASSIGNMENT (( #1484 ) ) ;
#2864 = CARTESIAN_POINT ( 'NONE',  ( -9.000000000000000000, 0.000000000000000000, 28.50000000000000000 ) ) ;
#2865 = CARTESIAN_POINT ( 'NONE',  ( 5.998838328397437358, 9.556964438912357807, -24.31951219763868366 ) ) ;
#2866 = MECHANICAL_DESIGN_GEOMETRIC_PRESENTATION_REPRESENTATION (  '', ( #2694 ), #3225 ) ;
#2867 = UNCERTAINTY_MEASURE_WITH_UNIT (LENGTH_MEASURE( 1.000000000000000082E-05 ), #1401, 'distance_accuracy_value', 'NONE');
#2868 = CARTESIAN_POINT ( 'NONE',  ( -6.650223297583779392, 9.551585452923477604, 24.40788329240411869 ) ) ;
#2869 = CARTESIAN_POINT ( 'NONE',  ( 6.475405929263269300, 10.70258175703756010, -23.42333626010839964 ) ) ;
#2870 = SURFACE_SIDE_STYLE ('',( #1124 ) ) ;
#2871 = ORIENTED_EDGE ( 'NONE', *, *, #3312, .F. ) ;
#2872 = CARTESIAN_POINT ( 'NONE',  ( -6.639190737507440154, 10.70288244585663939, 18.56028614932889909 ) ) ;
#2873 = ORIENTED_EDGE ( 'NONE', *, *, #2684, .T. ) ;
#2874 = CARTESIAN_POINT ( 'NONE',  ( -6.440479214814955000, 9.557822356258446561, 17.60422911130638468 ) ) ;
#2875 = CARTESIAN_POINT ( 'NONE',  ( 6.800439612053460259, 9.551586481545951912, -17.59200189585239826 ) ) ;
#2876 = CARTESIAN_POINT ( 'NONE',  ( -9.003433935207182159, 10.46582521175892744, 18.49653940828326171 ) ) ;
#2877 = PRESENTATION_STYLE_ASSIGNMENT (( #3140 ) ) ;
#2878 = ORIENTED_EDGE ( 'NONE', *, *, #3500, .T. ) ;
#2879 = CARTESIAN_POINT ( 'NONE',  ( -6.937749945152339670, 10.42602992246895965, 24.46641032954250150 ) ) ;
#2880 = FACE_OUTER_BOUND ( 'NONE', #82, .T. ) ;
#2881 = CARTESIAN_POINT ( 'NONE',  ( -6.798681158322250617, 9.551586480032840498, 24.40799793415629892 ) ) ;
#2882 = EDGE_CURVE ( 'NONE', #2589, #2888, #2619, .T. ) ;
#2883 = SURFACE_STYLE_USAGE ( .BOTH. , #320 ) ;
#2884 = LINE ( 'NONE', #1780, #1178 ) ;
#2885 = CARTESIAN_POINT ( 'NONE',  ( -6.024279895515681105, 9.550774947359881750, 24.32610632950252594 ) ) ;
#2886 = CARTESIAN_POINT ( 'NONE',  ( 5.915294103387370050, 9.556835060152598871, -24.29817009991665344 ) ) ;
#2887 = CARTESIAN_POINT ( 'NONE',  ( -4.487341374926060666, 10.69775203275620079, 21.78931406664360182 ) ) ;
#2888 = VERTEX_POINT ( 'NONE', #408 ) ;
#2889 = CARTESIAN_POINT ( 'NONE',  ( -3.392164282543137510, 9.554972360930506170, 21.15932486188169293 ) ) ;
#2890 = DIRECTION ( 'NONE',  ( 0.000000000000000000, 1.000000000000000000, 0.000000000000000000 ) ) ;
#2891 = CARTESIAN_POINT ( 'NONE',  ( 10.24388584536182023, 10.25065731538791880, -23.30570379834979988 ) ) ;
#2892 = VECTOR ( 'NONE', #3309, 1000.000000000000000 ) ;
#2893 = VERTEX_POINT ( 'NONE', #124 ) ;
#2894 = CARTESIAN_POINT ( 'NONE',  ( -6.799999999999999822, 8.500000000000000000, 17.50000000000000000 ) ) ;
#2895 = VECTOR ( 'NONE', #1923, 1000.000000000000114 ) ;
#2896 = SURFACE_SIDE_STYLE ('',( #1719 ) ) ;
#2897 = CARTESIAN_POINT ( 'NONE',  ( -9.141840553324179552, 10.70545084581839923, 20.06018782668299849 ) ) ;
#2898 = COLOUR_RGB ( '',0.7529411764705882248, 0.7529411764705882248, 0.7529411764705882248 ) ;
#2899 = DIRECTION ( 'NONE',  ( 0.000000000000000000, 0.000000000000000000, 1.000000000000000000 ) ) ;
#2900 = LINE ( 'NONE', #1487, #12 ) ;
#2901 = STYLED_ITEM ( 'NONE', ( #2353 ), #337 ) ;
#2902 = PRODUCT_DEFINITION ( 'UNKNOWN', '', #154, #3055 ) ;
#2903 = VECTOR ( 'NONE', #1996, 999.9999999999998863 ) ;
#2904 = MECHANICAL_DESIGN_GEOMETRIC_PRESENTATION_REPRESENTATION (  '', ( #241 ), #2971 ) ;
#2905 = PRESENTATION_STYLE_ASSIGNMENT (( #721 ) ) ;
#2906 = CARTESIAN_POINT ( 'NONE',  ( 8.500000000000000000, 7.500049999999999883, 17.19999999999999929 ) ) ;
#2907 = DIRECTION ( 'NONE',  ( 0.000000000000000000, 0.000000000000000000, -1.000000000000000000 ) ) ;
#2908 = CARTESIAN_POINT ( 'NONE',  ( -5.564984664259585045, 10.69410036629328964, 23.12695145772303817 ) ) ;
#2909 = CARTESIAN_POINT ( 'NONE',  ( -4.724534224260619197, 9.553172178569070638, 18.28789041225055101 ) ) ;
#2910 = EDGE_CURVE ( 'NONE', #2691, #2140, #2739, .T. ) ;
#2911 = MECHANICAL_DESIGN_GEOMETRIC_PRESENTATION_REPRESENTATION (  '', ( #1602 ), #2430 ) ;
#2912 = ORIENTED_EDGE ( 'NONE', *, *, #3161, .F. ) ;
#2913 = CARTESIAN_POINT ( 'NONE',  ( -4.355937919685551662, 9.548466749516595797, 23.37558392747355640 ) ) ;
#2914 = LINE ( 'NONE', #632, #1071 ) ;
#2915 = CARTESIAN_POINT ( 'NONE',  ( 4.458154878582389458, 10.73525549444303984, -20.84316895067799891 ) ) ;
#2916 = AXIS2_PLACEMENT_3D ( 'NONE', #396, #941, #167 ) ;
#2917 = VERTEX_POINT ( 'NONE', #2105 ) ;
#2918 = CARTESIAN_POINT ( 'NONE',  ( -9.194883848280911209, 9.548407191064116617, 23.42515464840758810 ) ) ;
#2919 = SURFACE_STYLE_FILL_AREA ( #2679 ) ;
#2920 = CARTESIAN_POINT ( 'NONE',  ( -6.799999999999999822, 7.500000000000000000, 21.00000000000000000 ) ) ;
#2921 = CARTESIAN_POINT ( 'NONE',  ( 4.576164725043975423, 10.69843462453859750, -22.00759381120928282 ) ) ;
#2922 = CARTESIAN_POINT ( 'NONE',  ( -6.662238619130789630, 11.06728957480731879, 20.06018782668304823 ) ) ;
#2923 = FILL_AREA_STYLE_COLOUR ( '', #2844 ) ;
#2924 = CARTESIAN_POINT ( 'NONE',  ( -6.797362316952590078, 9.551586472418780005, 24.40799708420425063 ) ) ;
#2925 = CARTESIAN_POINT ( 'NONE',  ( 4.720285605714619415, 9.553162727806949306, -23.70885673773684843 ) ) ;
#2926 =( NAMED_UNIT ( * ) SI_UNIT ( $, .STERADIAN. ) SOLID_ANGLE_UNIT ( ) );
#2927 = CIRCLE ( 'NONE', #1329, 3.499999999999999556 ) ;
#2928 =( LENGTH_UNIT ( ) NAMED_UNIT ( * ) SI_UNIT ( .MILLI., .METRE. ) );
#2929 = SURFACE_STYLE_USAGE ( .BOTH. , #2947 ) ;
#2930 = CARTESIAN_POINT ( 'NONE',  ( -3.567684188954355129, 9.554258988179920919, 19.89806634948729780 ) ) ;
#2931 = EDGE_CURVE ( 'NONE', #3537, #1133, #715, .T. ) ;
#2932 =( LENGTH_UNIT ( ) NAMED_UNIT ( * ) SI_UNIT ( .MILLI., .METRE. ) );
#2933 = EDGE_LOOP ( 'NONE', ( #1265, #1570, #1707, #574, #2007, #2474 ) ) ;
#2934 = CARTESIAN_POINT ( 'NONE',  ( -5.477992883437740268, 9.549607767094025590, 24.14133614114974691 ) ) ;
#2935 = CARTESIAN_POINT ( 'NONE',  ( 3.392374804914789710, 9.554918514827980047, -20.77649489694465146 ) ) ;
#2936 = CARTESIAN_POINT ( 'NONE',  ( -9.000000000000000000, 7.500000000000000000, -28.50000000000000000 ) ) ;
#2937 = CARTESIAN_POINT ( 'NONE',  ( 3.907134510583750053, 10.58789731654762001, -21.11896722403034943 ) ) ;
#2938 = ORIENTED_EDGE ( 'NONE', *, *, #1432, .F. ) ;
#2939 = SURFACE_STYLE_FILL_AREA ( #1501 ) ;
#2940 =( NAMED_UNIT ( * ) PLANE_ANGLE_UNIT ( ) SI_UNIT ( $, .RADIAN. ) );
#2941 = DIRECTION ( 'NONE',  ( 0.0007662181859390683296, 0.000000000000000000, 0.9999997064548026282 ) ) ;
#2942 = CARTESIAN_POINT ( 'NONE',  ( -8.590817901281191382, 10.71036342192807922, 19.23934287744879867 ) ) ;
#2943 = UNCERTAINTY_MEASURE_WITH_UNIT (LENGTH_MEASURE( 1.000000000000000082E-05 ), #1984, 'distance_accuracy_value', 'NONE');
#2944 = CARTESIAN_POINT ( 'NONE',  ( 9.244062077796924015, 9.548466756634654828, -18.62441607081370165 ) ) ;
#2945 = PRESENTATION_STYLE_ASSIGNMENT (( #1816 ) ) ;
#2946 = FILL_AREA_STYLE_COLOUR ( '', #2780 ) ;
#2947 = SURFACE_SIDE_STYLE ('',( #2319 ) ) ;
#2948 = CARTESIAN_POINT ( 'NONE',  ( -3.472577735790619347, 10.47051859270325025, 20.77921946201747971 ) ) ;
#2949 =( NAMED_UNIT ( * ) PLANE_ANGLE_UNIT ( ) SI_UNIT ( $, .RADIAN. ) );
#2950 = VERTEX_POINT ( 'NONE', #3305 ) ;
#2951 = CARTESIAN_POINT ( 'NONE',  ( -3.398838983226266208, 9.555173874431073244, 20.78395097473690711 ) ) ;
#2952 = CARTESIAN_POINT ( 'NONE',  ( 3.000000000000000000, 7.500000000000000000, -21.00000000000000000 ) ) ;
#2953 = EDGE_CURVE ( 'NONE', #2140, #3537, #3324, .T. ) ;
#2954 = CARTESIAN_POINT ( 'NONE',  ( 9.692863196990689545, 10.45218499081622099, -19.18837931056404855 ) ) ;
#2955 = ORIENTED_EDGE ( 'NONE', *, *, #1568, .T. ) ;
#2956 = DIRECTION ( 'NONE',  ( -0.7071067811865441310, 0.000000000000000000, -0.7071067811865510144 ) ) ;
#2957 = LINE ( 'NONE', #106, #1192 ) ;
#2958 = EDGE_CURVE ( 'NONE', #287, #2893, #2499, .T. ) ;
#2959 = PRODUCT ( 'SY7000-26-20A', 'SY7000-26-20A', '', ( #2355 ) ) ;
#2960 = CARTESIAN_POINT ( 'NONE',  ( 4.958931688123302095, 10.69711959294062176, -22.61109632616891574 ) ) ;
#2961 = CARTESIAN_POINT ( 'NONE',  ( -5.835706930607390319, 11.01802771322319963, 20.06018782668304823 ) ) ;
#2962 = CARTESIAN_POINT ( 'NONE',  ( 7.662828397138343739, 10.47037813898455560, -24.22117215349947728 ) ) ;
#2963 = AXIS2_PLACEMENT_3D ( 'NONE', #1305, #3493, #1811 ) ;
#2964 = VECTOR ( 'NONE', #607, 1000.000000000000000 ) ;
#2965 =( NAMED_UNIT ( * ) SI_UNIT ( $, .STERADIAN. ) SOLID_ANGLE_UNIT ( ) );
#2966 = CARTESIAN_POINT ( 'NONE',  ( 9.534066374498383567, 9.549191247700065333, -18.96205931019227364 ) ) ;
#2967 = SURFACE_SIDE_STYLE ('',( #1856 ) ) ;
#2968 = DIRECTION ( 'NONE',  ( 0.000000000000000000, 0.000000000000000000, 1.000000000000000000 ) ) ;
#2969 = CARTESIAN_POINT ( 'NONE',  ( 8.500000000000000000, 0.000000000000000000, 24.80000000000000071 ) ) ;
#2970 = AXIS2_PLACEMENT_3D ( 'NONE', #1486, #1720, #2846 ) ;
#2971 =( GEOMETRIC_REPRESENTATION_CONTEXT ( 3 ) GLOBAL_UNCERTAINTY_ASSIGNED_CONTEXT ( ( #1967 ) ) GLOBAL_UNIT_ASSIGNED_CONTEXT ( ( #978, #108, #461 ) ) REPRESENTATION_CONTEXT ( 'NONE', 'WORKASPACE' ) );
#2972 = PRESENTATION_STYLE_ASSIGNMENT (( #416 ) ) ;
#2973 = CIRCLE ( 'NONE', #2369, 3.800000000000001155 ) ;
#2974 = ORIENTED_EDGE ( 'NONE', *, *, #149, .T. ) ;
#2975 = CARTESIAN_POINT ( 'NONE',  ( 4.687822215169650697, 10.69535823883748016, -19.77061183899655106 ) ) ;
#2976 = LINE ( 'NONE', #1805, #3213 ) ;
#2977 = B_SPLINE_CURVE_WITH_KNOTS ( 'NONE', 3,
 ( #2275, #884, #1213, #2337, #3208, #1504, #609, #1143, #464, #3548, #1547, #166, #1579, #3295, #3016, #1274, #2132, #1523, #2074, #2716, #3003, #738, #722, #1287, #184, #3531, #1870, #413, #1255, #2434, #3242, #449, #1309, #3568, #995, #1017, #485, #2644, #2989, #3501, #1037, #1563, #2702, #3517, #2398, #1855, #2661, #1837, #150, #3224, #2966, #2149, #1798, #2685, #2412, #960, #2944, #2109, #701, #111, #981, #3279, #756, #1229, #3260, #2356, #684, #1815, #2383, #2093, #435, #1382, #2216, #3, #1599 ),
 .UNSPECIFIED., .F., .F.,
 ( 4, 2, 2, 2, 2, 2, 2, 2, 2, 2, 2, 2, 2, 1, 2, 2, 2, 2, 2, 2, 2, 2, 2, 2, 2, 2, 2, 2, 2, 2, 2, 2, 2, 1, 1, 2, 2, 2, 4 ),
 ( 0.000000000000000000, 0.06250000000000080491, 0.09375000000000129063, 0.1093750000000013045, 0.1171875000000013878, 0.1250000000000014433, 0.1875000000000036082, 0.2187500000000042188, 0.2343750000000039413, 0.2500000000000036637, 0.3125000000000013323, 0.3437500000000003331, 0.3593749999999997780, 0.3671875000000000000, 0.3710937500000002220, 0.3750000000000004441, 0.4375000000000028311, 0.4687500000000041078, 0.4843750000000052736, 0.5000000000000064393, 0.5625000000000098810, 0.5937500000000116573, 0.6093750000000124345, 0.6171875000000124345, 0.6250000000000124345, 0.6875000000000108802, 0.7187500000000098810, 0.7343750000000099920, 0.7421875000000101030, 0.7500000000000102141, 0.8125000000000071054, 0.8437500000000058842, 0.8593750000000052180, 0.8671875000000051070, 0.8710937500000049960, 0.8730468750000047740, 0.8750000000000045519, 0.9375000000000023315, 1.000000000000000000 ),
 .UNSPECIFIED. ) ;
#2978 =( GEOMETRIC_REPRESENTATION_CONTEXT ( 3 ) GLOBAL_UNCERTAINTY_ASSIGNED_CONTEXT ( ( #3460 ) ) GLOBAL_UNIT_ASSIGNED_CONTEXT ( ( #303, #2263, #1653 ) ) REPRESENTATION_CONTEXT ( 'NONE', 'WORKASPACE' ) );
#2979 = CARTESIAN_POINT ( 'NONE',  ( 8.590817900248419292, 10.84539712527865873, -21.93981217325424993 ) ) ;
#2980 = ORIENTED_EDGE ( 'NONE', *, *, #3092, .T. ) ;
#2981 = CARTESIAN_POINT ( 'NONE',  ( -8.070310210785924809, 9.549728173832312095, 24.16258705059023981 ) ) ;
#2982 = AXIS2_PLACEMENT_3D ( 'NONE', #2920, #1009, #2126 ) ;
#2983 =( NAMED_UNIT ( * ) SI_UNIT ( $, .STERADIAN. ) SOLID_ANGLE_UNIT ( ) );
#2984 = SURFACE_SIDE_STYLE ('',( #427 ) ) ;
#2985 = CARTESIAN_POINT ( 'NONE',  ( 4.846025541451308705, 10.69404276893222239, -19.50507214289931568 ) ) ;
#2986 = EDGE_CURVE ( 'NONE', #1044, #1321, #514, .T. ) ;
#2987 = CARTESIAN_POINT ( 'NONE',  ( -3.907134517080135261, 10.37122897265989963, 18.69429620157039906 ) ) ;
#2988 =( NAMED_UNIT ( * ) SI_UNIT ( $, .STERADIAN. ) SOLID_ANGLE_UNIT ( ) );
#2989 = CARTESIAN_POINT ( 'NONE',  ( 10.20783571706222936, 9.554972364666369344, -20.84067512840301362 ) ) ;
#2990 = FILL_AREA_STYLE ('',( #2946 ) ) ;
#2991 = CARTESIAN_POINT ( 'NONE',  ( 3.535604335440629242, 9.554443388953144378, -21.98007030142862561 ) ) ;
#2992 = DIRECTION ( 'NONE',  ( -1.000000000000000000, 0.000000000000000000, 0.000000000000000000 ) ) ;
#2993 = SURFACE_STYLE_FILL_AREA ( #985 ) ;
#2994 = EDGE_LOOP ( 'NONE', ( #2813, #3558, #121, #2115 ) ) ;
#2995 = CARTESIAN_POINT ( 'NONE',  ( 3.494600777508483525, 10.46996033307171814, -20.55807620753842357 ) ) ;
#2996 = CARTESIAN_POINT ( 'NONE',  ( 3.907134510583750053, 10.56148020530638121, -21.93981217325424993 ) ) ;
#2997 = EDGE_LOOP ( 'NONE', ( #2099, #3098, #3060, #1057 ) ) ;
#2998 = CARTESIAN_POINT ( 'NONE',  ( -7.601160440523401896, 9.556964436822509512, 17.68048750507136191 ) ) ;
#2999 = DIRECTION ( 'NONE',  ( -1.000000000000000000, 0.000000000000000000, 0.000000000000000000 ) ) ;
#3000 = CARTESIAN_POINT ( 'NONE',  ( 6.799999999999999822, 8.500000000000000000, -24.50000000000000000 ) ) ;
#3001 = CARTESIAN_POINT ( 'NONE',  ( -6.937749945152320130, 10.72554729152516018, 23.36321723611935042 ) ) ;
#3002 = EDGE_CURVE ( 'NONE', #943, #160, #3340, .T. ) ;
#3003 = CARTESIAN_POINT ( 'NONE',  ( 9.471356030578254703, 9.552613050079722612, -23.12775579406047655 ) ) ;
#3004 =( LENGTH_UNIT ( ) NAMED_UNIT ( * ) SI_UNIT ( .MILLI., .METRE. ) );
#3005 = PLANE ( 'NONE',  #3499 ) ;
#3006 = CARTESIAN_POINT ( 'NONE',  ( 5.256649171879038462, 9.549089004253705326, -17.95028821512810424 ) ) ;
#3007 = CARTESIAN_POINT ( 'NONE',  ( 9.175018884885831838, 10.69997079940371343, -21.55964322478642003 ) ) ;
#3008 = EDGE_CURVE ( 'NONE', #381, #1166, #3032, .T. ) ;
#3009 = VERTEX_POINT ( 'NONE', #1639 ) ;
#3010 = VERTEX_POINT ( 'NONE', #1031 ) ;
#3011 = DIRECTION ( 'NONE',  ( 0.000000000000000000, -1.000000000000000000, 0.000000000000000000 ) ) ;
#3012 = SURFACE_STYLE_USAGE ( .BOTH. , #1865 ) ;
#3013 = CARTESIAN_POINT ( 'NONE',  ( -9.900000000000000355, 0.000000000000000000, 18.10000000000000142 ) ) ;
#3014 = CARTESIAN_POINT ( 'NONE',  ( -5.009175242084010549, 10.83668325647784059, 21.98422586934044887 ) ) ;
#3015 = CARTESIAN_POINT ( 'NONE',  ( 8.828886229989533874, 10.46612976241307713, -23.64690812312996115 ) ) ;
#3016 = CARTESIAN_POINT ( 'NONE',  ( 8.926804886423061802, 9.553131309289696560, -23.66461198526342713 ) ) ;
#3017 = SURFACE_STYLE_USAGE ( .BOTH. , #2150 ) ;
#3018 = COLOUR_RGB ( '',0.7529411764705882248, 0.7529411764705882248, 0.7529411764705882248 ) ;
#3019 = FILL_AREA_STYLE ('',( #536 ) ) ;
#3020 = CARTESIAN_POINT ( 'NONE',  ( 5.828888636259234701, 9.550375058341661116, -17.73252892337606568 ) ) ;
#3021 = PRESENTATION_LAYER_ASSIGNMENT (  '', '', ( #2114 ) ) ;
#3022 = PRESENTATION_LAYER_ASSIGNMENT (  '', '', ( #537 ) ) ;
#3023 = ORIENTED_EDGE ( 'NONE', *, *, #2958, .T. ) ;
#3024 = EDGE_CURVE ( 'NONE', #2346, #678, #2734, .T. ) ;
#3025 = VECTOR ( 'NONE', #635, 1000.000000000000000 ) ;
#3026 = VECTOR ( 'NONE', #2426, 1000.000000000000000 ) ;
#3027 = COLOUR_RGB ( '',0.7529411764705882248, 0.7529411764705882248, 0.7529411764705882248 ) ;
#3028 = CARTESIAN_POINT ( 'NONE',  ( 10.24388584536182023, 10.24684180335429851, -18.63678276385940080 ) ) ;
#3029 = ORIENTED_EDGE ( 'NONE', *, *, #2331, .F. ) ;
#3030 = CARTESIAN_POINT ( 'NONE',  ( -6.967211160449855889, 9.558034025201694206, 17.59269330796190545 ) ) ;
#3031 = CARTESIAN_POINT ( 'NONE',  ( -8.829207408455284067, 10.46377617516939296, 23.64684948194930314 ) ) ;
#3032 = LINE ( 'NONE', #1918, #1896 ) ;
#3033 = MECHANICAL_DESIGN_GEOMETRIC_PRESENTATION_REPRESENTATION (  '', ( #598 ), #3211 ) ;
#3034 = CARTESIAN_POINT ( 'NONE',  ( 6.801899146325509626, 10.69750258692902101, -18.56399449886895070 ) ) ;
#3035 = VECTOR ( 'NONE', #508, 1000.000000000000000 ) ;
#3036 = CARTESIAN_POINT ( 'NONE',  ( -3.356114154578285103, 10.16814890990784015, 23.91481378283095083 ) ) ;
#3037 = CARTESIAN_POINT ( 'NONE',  ( 9.305507996648703539, 10.46567764792811062, -23.20112730445461935 ) ) ;
#3038 =( GEOMETRIC_REPRESENTATION_CONTEXT ( 3 ) GLOBAL_UNCERTAINTY_ASSIGNED_CONTEXT ( ( #1196 ) ) GLOBAL_UNIT_ASSIGNED_CONTEXT ( ( #2639, #3528, #1850 ) ) REPRESENTATION_CONTEXT ( 'NONE', 'WORKASPACE' ) );
#3039 = DIRECTION ( 'NONE',  ( 1.000000000000000000, 0.000000000000000000, 0.000000000000000000 ) ) ;
#3040 =( LENGTH_UNIT ( ) NAMED_UNIT ( * ) SI_UNIT ( .MILLI., .METRE. ) );
#3041 =( NAMED_UNIT ( * ) SI_UNIT ( $, .STERADIAN. ) SOLID_ANGLE_UNIT ( ) );
#3042 = CARTESIAN_POINT ( 'NONE',  ( 5.614838028647961110, 9.549922036539431502, -17.80420123240429930 ) ) ;
#3043 = ORIENTED_EDGE ( 'NONE', *, *, #2910, .F. ) ;
#3044 = ADVANCED_FACE ( 'NONE', ( #1625 ), #221, .T. ) ;
#3045 = CARTESIAN_POINT ( 'NONE',  ( 6.937749955135009472, 10.72554728871728180, -18.63678276385940080 ) ) ;
#3046 = ORIENTED_EDGE ( 'NONE', *, *, #873, .T. ) ;
#3047 = CARTESIAN_POINT ( 'NONE',  ( -7.846835226409649700, 9.556323844468330719, 17.74499189934548937 ) ) ;
#3048 = COLOUR_RGB ( '',0.7529411764705882248, 0.7529411764705882248, 0.7529411764705882248 ) ;
#3049 = DIRECTION ( 'NONE',  ( -0.0007729907283984719475, 0.000000000000000000, -0.9999997012426223852 ) ) ;
#3050 = CARTESIAN_POINT ( 'NONE',  ( -9.050026805500039018, 9.548243444042928019, 23.56990701296225055 ) ) ;
#3051 = CARTESIAN_POINT ( 'NONE',  ( 4.700000000000000178, 5.500000000000000000, 23.69999999999999929 ) ) ;
#3052 = FILL_AREA_STYLE ('',( #3594 ) ) ;
#3053 = CARTESIAN_POINT ( 'NONE',  ( -9.692863205367160617, 10.58789795838520043, 20.88103277591724805 ) ) ;
#3054 = CARTESIAN_POINT ( 'NONE',  ( 10.12779215329597626, 10.47037808760968680, -20.78464825760521251 ) ) ;
#3055 = PRODUCT_DEFINITION_CONTEXT ( 'detailed design', #3498, 'design' ) ;
#3056 = FACE_OUTER_BOUND ( 'NONE', #1844, .T. ) ;
#3057 = LINE ( 'NONE', #2759, #740 ) ;
#3058 = CARTESIAN_POINT ( 'NONE',  ( 3.624610811092885410, 9.553979754431372484, -22.23702924940490533 ) ) ;
#3059 = UNCERTAINTY_MEASURE_WITH_UNIT (LENGTH_MEASURE( 1.000000000000000082E-05 ), #3526, 'distance_accuracy_value', 'NONE');
#3060 = ORIENTED_EDGE ( 'NONE', *, *, #1713, .F. ) ;
#3061 = SURFACE_STYLE_FILL_AREA ( #1334 ) ;
#3062 = CARTESIAN_POINT ( 'NONE',  ( 9.692863196990689545, 10.16919873444255984, -17.53358967045009820 ) ) ;
#3063 = EDGE_LOOP ( 'NONE', ( #3082, #3555, #2069, #349 ) ) ;
#3064 = CARTESIAN_POINT ( 'NONE',  ( -10.06439566305955857, 9.554443394341751272, 20.01992969528638255 ) ) ;
#3065 = SURFACE_SIDE_STYLE ('',( #3353 ) ) ;
#3066 = CARTESIAN_POINT ( 'NONE',  ( -7.671973977267751543, 10.46718880884315794, 24.24110109977977956 ) ) ;
#3067 = PRODUCT_RELATED_PRODUCT_CATEGORY ( 'part', '', ( #2959 ) ) ;
#3068 = CARTESIAN_POINT ( 'NONE',  ( -3.000000000000000000, 7.500000000000000000, 23.69999999999999929 ) ) ;
#3069 = SURFACE_SIDE_STYLE ('',( #2769 ) ) ;
#3070 = CARTESIAN_POINT ( 'NONE',  ( -6.937749945152309472, 10.87021875126000126, 22.81162068940774645 ) ) ;
#3071 = CARTESIAN_POINT ( 'NONE',  ( 10.03537095275774149, 9.552498390177689203, -19.90633351062365008 ) ) ;
#3072 = EDGE_CURVE ( 'NONE', #1740, #1551, #139, .T. ) ;
#3073 = CARTESIAN_POINT ( 'NONE',  ( -9.000000000000000000, 7.500000000000000000, -28.50000000000000000 ) ) ;
#3074 = FACE_OUTER_BOUND ( 'NONE', #2994, .T. ) ;
#3075 = LINE ( 'NONE', #3094, #2964 ) ;
#3076 = FILL_AREA_STYLE ('',( #2491 ) ) ;
#3077 = VERTEX_POINT ( 'NONE', #3612 ) ;
#3078 = FACE_OUTER_BOUND ( 'NONE', #1691, .T. ) ;
#3079 = COLOUR_RGB ( '',0.7529411764705882248, 0.7529411764705882248, 0.7529411764705882248 ) ;
#3080 = CARTESIAN_POINT ( 'NONE',  ( 8.590817900248419292, 10.45004735902966075, -18.08518621715474950 ) ) ;
#3081 =( GEOMETRIC_REPRESENTATION_CONTEXT ( 3 ) GLOBAL_UNCERTAINTY_ASSIGNED_CONTEXT ( ( #1666 ) ) GLOBAL_UNIT_ASSIGNED_CONTEXT ( ( #353, #4, #2031 ) ) REPRESENTATION_CONTEXT ( 'NONE', 'WORKASPACE' ) );
#3082 = ORIENTED_EDGE ( 'NONE', *, *, #2564, .T. ) ;
#3083 = PRESENTATION_STYLE_ASSIGNMENT (( #1422 ) ) ;
#3084 = CARTESIAN_POINT ( 'NONE',  ( -6.799999999999999822, 8.500000000000000000, 21.00000000000000000 ) ) ;
#3085 = CARTESIAN_POINT ( 'NONE',  ( -7.594390945866659415, 10.70076184479240133, 18.68678394728279812 ) ) ;
#3086 = COLOUR_RGB ( '',0.7529411764705882248, 0.7529411764705882248, 0.7529411764705882248 ) ;
#3087 = FACE_OUTER_BOUND ( 'NONE', #2933, .T. ) ;
#3088 = FACE_OUTER_BOUND ( 'NONE', #2205, .T. ) ;
#3089 = CARTESIAN_POINT ( 'NONE',  ( 8.027903227106790496, 10.69418807490081846, -18.88784039022295147 ) ) ;
#3090 = CARTESIAN_POINT ( 'NONE',  ( 9.219229081510967205, 10.69972295690352482, -20.68508754312781051 ) ) ;
#3091 = STYLED_ITEM ( 'NONE', ( #763 ), #2347 ) ;
#3092 = EDGE_CURVE ( 'NONE', #3162, #2040, #1315, .T. ) ;
#3093 = CARTESIAN_POINT ( 'NONE',  ( 8.500000000000000000, 7.500049999999999883, 24.80000000000000071 ) ) ;
#3094 = CARTESIAN_POINT ( 'NONE',  ( 4.700000000000000178, 5.500000000000000000, 10.50000000000000000 ) ) ;
#3095 = VECTOR ( 'NONE', #807, 1000.000000000000000 ) ;
#3096 = UNCERTAINTY_MEASURE_WITH_UNIT (LENGTH_MEASURE( 1.000000000000000082E-05 ), #3105, 'distance_accuracy_value', 'NONE');
#3097 = VECTOR ( 'NONE', #2668, 1000.000000000000000 ) ;
#3098 = ORIENTED_EDGE ( 'NONE', *, *, #2128, .F. ) ;
#3099 = CARTESIAN_POINT ( 'NONE',  ( -5.937171619474189477, 10.47037814324540683, 17.77882784251487536 ) ) ;
#3100 = ORIENTED_EDGE ( 'NONE', *, *, #1806, .T. ) ;
#3101 = CARTESIAN_POINT ( 'NONE',  ( -4.490373661691616114, 10.69920006066869611, 20.21039066410291341 ) ) ;
#3102 = LINE ( 'NONE', #563, #1668 ) ;
#3103 = CARTESIAN_POINT ( 'NONE',  ( -4.700000000000000178, 5.500000000000000000, 10.50000000000000000 ) ) ;
#3104 = CARTESIAN_POINT ( 'NONE',  ( -9.238289942044959346, 10.70056445415619883, 20.84210811957894904 ) ) ;
#3105 =( LENGTH_UNIT ( ) NAMED_UNIT ( * ) SI_UNIT ( .MILLI., .METRE. ) );
#3106 =( GEOMETRIC_REPRESENTATION_CONTEXT ( 3 ) GLOBAL_UNCERTAINTY_ASSIGNED_CONTEXT ( ( #1522 ) ) GLOBAL_UNIT_ASSIGNED_CONTEXT ( ( #3004, #666, #3502 ) ) REPRESENTATION_CONTEXT ( 'NONE', 'WORKASPACE' ) );
#3107 = ORIENTED_EDGE ( 'NONE', *, *, #1731, .T. ) ;
#3108 = FILL_AREA_STYLE ('',( #1977 ) ) ;
#3109 = DIRECTION ( 'NONE',  ( 0.000000000000000000, 1.000000000000000000, 0.000000000000000000 ) ) ;
#3110 =( NAMED_UNIT ( * ) PLANE_ANGLE_UNIT ( ) SI_UNIT ( $, .RADIAN. ) );
#3111 = DIRECTION ( 'NONE',  ( 0.000000000000000000, 0.000000000000000000, 1.000000000000000000 ) ) ;
#3112 = ADVANCED_FACE ( 'NONE', ( #2199 ), #1316, .T. ) ;
#3113 = CARTESIAN_POINT ( 'NONE',  ( -4.700000000000000178, 5.500000000000000000, -23.69999999999999929 ) ) ;
#3114 = EDGE_LOOP ( 'NONE', ( #1697, #1766, #1417, #1914, #3465, #611 ) ) ;
#3115 = SURFACE_STYLE_USAGE ( .BOTH. , #540 ) ;
#3116 = EDGE_CURVE ( 'NONE', #2040, #3444, #1000, .T. ) ;
#3117 = ORIENTED_EDGE ( 'NONE', *, *, #2530, .T. ) ;
#3118 = DIRECTION ( 'NONE',  ( 1.000000000000000000, 0.000000000000000000, 0.000000000000000000 ) ) ;
#3119 = SURFACE_SIDE_STYLE ('',( #3391 ) ) ;
#3120 = CARTESIAN_POINT ( 'NONE',  ( 5.312959939715219626, 10.69365573805040093, -19.06105922416009690 ) ) ;
#3121 = CARTESIAN_POINT ( 'NONE',  ( -7.124594085695799883, 10.70258175563794012, 18.57666374172169910 ) ) ;
#3122 = MANIFOLD_SOLID_BREP ( 'NONE', #1879 ) ;
#3123 = CARTESIAN_POINT ( 'NONE',  ( 3.356114142585110205, 10.16886490719726055, -23.85075047422139960 ) ) ;
#3124 = ORIENTED_EDGE ( 'NONE', *, *, #868, .F. ) ;
#3125 = CARTESIAN_POINT ( 'NONE',  ( -9.141840553324231067, 10.24759798108939890, 24.46641032954244821 ) ) ;
#3126 =( LENGTH_UNIT ( ) NAMED_UNIT ( * ) SI_UNIT ( .MILLI., .METRE. ) );
#3127 =( NAMED_UNIT ( * ) SI_UNIT ( $, .STERADIAN. ) SOLID_ANGLE_UNIT ( ) );
#3128 =( NAMED_UNIT ( * ) SI_UNIT ( $, .STERADIAN. ) SOLID_ANGLE_UNIT ( ) );
#3129 = DIRECTION ( 'NONE',  ( 0.000000000000000000, 1.000000000000000000, 0.000000000000000000 ) ) ;
#3130 = LINE ( 'NONE', #1703, #1593 ) ;
#3131 = UNCERTAINTY_MEASURE_WITH_UNIT (LENGTH_MEASURE( 1.000000000000000082E-05 ), #3598, 'distance_accuracy_value', 'NONE');
#3132 = CARTESIAN_POINT ( 'NONE',  ( 5.317787644395448154, 10.46781423339630024, -23.98749579723196490 ) ) ;
#3133 = EDGE_CURVE ( 'NONE', #3009, #691, #2439, .T. ) ;
#3134 = ORIENTED_EDGE ( 'NONE', *, *, #3116, .F. ) ;
#3135 = EDGE_CURVE ( 'NONE', #909, #2494, #135, .T. ) ;
#3136 = ORIENTED_EDGE ( 'NONE', *, *, #1068, .F. ) ;
#3137 = CARTESIAN_POINT ( 'NONE',  ( -3.000000000000000000, 5.500000000000000000, 21.00000000000000000 ) ) ;
#3138 = SURFACE_SIDE_STYLE ('',( #876 ) ) ;
#3139 = CARTESIAN_POINT ( 'NONE',  ( -7.027761271647539942, 9.558033492123469088, 17.59273973138240166 ) ) ;
#3140 = SURFACE_STYLE_USAGE ( .BOTH. , #3413 ) ;
#3141 = ORIENTED_EDGE ( 'NONE', *, *, #755, .F. ) ;
#3142 =( NAMED_UNIT ( * ) SI_UNIT ( $, .STERADIAN. ) SOLID_ANGLE_UNIT ( ) );
#3143 = DIRECTION ( 'NONE',  ( 1.000000000000000000, 0.000000000000000000, 0.000000000000000000 ) ) ;
#3144 = CARTESIAN_POINT ( 'NONE',  ( -8.500000000000000000, 7.500000000000000000, -17.19999999999999929 ) ) ;
#3145 = COLOUR_RGB ( '',0.7529411764705882248, 0.7529411764705882248, 0.7529411764705882248 ) ;
#3146 = PRESENTATION_LAYER_ASSIGNMENT (  '', '', ( #2901 ) ) ;
#3147 = PRESENTATION_STYLE_ASSIGNMENT (( #2290 ) ) ;
#3148 = DIRECTION ( 'NONE',  ( 0.000000000000000000, 1.000000000000000000, 0.000000000000000000 ) ) ;
#3149 = CARTESIAN_POINT ( 'NONE',  ( 5.341479689136792608, 9.554981009370839828, -24.07996540305856570 ) ) ;
#3150 = VECTOR ( 'NONE', #3467, 1000.000000000000000 ) ;
#3151 = CARTESIAN_POINT ( 'NONE',  ( 6.797384924822930330, 9.558035476054389079, -24.40743288675175293 ) ) ;
#3152 = DIRECTION ( 'NONE',  ( 0.000000000000000000, -1.000000000000000000, 0.000000000000000000 ) ) ;
#3153 = VECTOR ( 'NONE', #1591, 1000.000000000000000 ) ;
#3154 = VERTEX_POINT ( 'NONE', #1260 ) ;
#3155 =( BOUNDED_SURFACE ( )  B_SPLINE_SURFACE ( 3, 2, ( 
 ( #2701, #463, #165 ),
 ( #1286, #1813, #411 ),
 ( #2092, #2411, #1521 ),
 ( #2049, #2962, #2660 ),
 ( #1252, #3546, #1014 ),
 ( #2715, #180, #2334 ),
 ( #3475, #662, #3343 ),
 ( #1345, #3015, #532 ),
 ( #754, #2757, #1049 ),
 ( #1889, #3037, #810 ),
 ( #551, #1380, #1615 ),
 ( #503, #1661, #1869 ),
 ( #225, #482, #1100 ),
 ( #1596, #2789, #1034 ),
 ( #2466, #2738, #517 ),
 ( #1921, #2182, #3583 ),
 ( #207, #3597, #1328 ),
 ( #1644, #3054, #2502 ),
 ( #3308, #770, #262 ),
 ( #1062, #2482, #3635 ),
 ( #2805, #3327, #3071 ),
 ( #1937, #793, #1907 ),
 ( #1627, #3617, #2214 ),
 ( #1308, #2451, #2164 ),
 ( #2772, #240, #3357 ),
 ( #1359, #2202, #2432 ),
 ( #1083, #2148, #822 ),
 ( #3089, #3567, #3294 ),
 ( #619, #2015, #3416 ),
 ( #2536, #73, #847 ),
 ( #3379, #1960, #1732 ),
 ( #3435, #1154, #897 ) ),
 .UNSPECIFIED., .F., .F., .T. ) 
 B_SPLINE_SURFACE_WITH_KNOTS ( ( 4, 2, 2, 2, 2, 2, 2, 2, 2, 2, 2, 2, 2, 2, 2, 4 ),
 ( 3, 3 ),
 ( 0.000000000000000000, 0.0004128102436554859783, 0.0008256204873109719566, 0.001238430730966457935, 0.001651240974621944997, 0.002064051218277429892, 0.002476861461932915003, 0.002889671705588400114, 0.003302481949243889995, 0.003715292192899375106, 0.004128102436554859783, 0.004540912680210350098, 0.004953722923865830005, 0.005366533167521320320, 0.005779343411176800227, 0.006604963898487779990 ),
 ( 0.000000000000000000, 1.000000000000000000 ),
 .UNSPECIFIED. ) 
 GEOMETRIC_REPRESENTATION_ITEM ( )  RATIONAL_B_SPLINE_SURFACE ( (
 ( 1.000000000000000000, 0.8170346049350630802, 1.000000000000000000),
 ( 1.000000000000000000, 0.8170341027632280761, 1.000000000000000000),
 ( 1.000000000000000000, 0.8170595120108620213, 1.000000000000000000),
 ( 1.000000000000000000, 0.8171515424272539629, 1.000000000000000000),
 ( 1.000000000000000000, 0.8172212792539249593, 1.000000000000000000),
 ( 1.000000000000000000, 0.8173006928837329710, 1.000000000000000000),
 ( 1.000000000000000000, 0.8173181505164859306, 1.000000000000000000),
 ( 1.000000000000000000, 0.8173227425860299933, 1.000000000000000000),
 ( 1.000000000000000000, 0.8173109221120800072, 1.000000000000000000),
 ( 1.000000000000000000, 0.8172730209217899944, 1.000000000000000000),
 ( 1.000000000000000000, 0.8172471357452990581, 1.000000000000000000),
 ( 1.000000000000000000, 0.8171693693332230390, 1.000000000000000000),
 ( 1.000000000000000000, 0.8171162751498489696, 1.000000000000000000),
 ( 1.000000000000000000, 0.8169695354359099992, 1.000000000000000000),
 ( 1.000000000000000000, 0.8168664868899380149, 1.000000000000000000),
 ( 1.000000000000000000, 0.8167033672279799816, 1.000000000000000000),
 ( 1.000000000000000000, 0.8166453729988230048, 1.000000000000000000),
 ( 1.000000000000000000, 0.8165818778690669966, 1.000000000000000000),
 ( 1.000000000000000000, 0.8165762878172309058, 1.000000000000000000),
 ( 1.000000000000000000, 0.8166112592140090110, 1.000000000000000000),
 ( 1.000000000000000000, 0.8166548991606069618, 1.000000000000000000),
 ( 1.000000000000000000, 0.8166930195296580042, 1.000000000000000000),
 ( 1.000000000000000000, 0.8166940392510240176, 1.000000000000000000),
 ( 1.000000000000000000, 0.8166731781947070834, 1.000000000000000000),
 ( 1.000000000000000000, 0.8166527590380919799, 1.000000000000000000),
 ( 1.000000000000000000, 0.8166019286408089384, 1.000000000000000000),
 ( 1.000000000000000000, 0.8165721968455820212, 1.000000000000000000),
 ( 1.000000000000000000, 0.8164946576936700229, 1.000000000000000000),
 ( 1.000000000000000000, 0.8164448742450199914, 1.000000000000000000),
 ( 1.000000000000000000, 0.8162508635850940220, 1.000000000000000000),
 ( 1.000000000000000000, 0.8160617479770220228, 1.000000000000000000),
 ( 1.000000000000000000, 0.8160835244364509355, 1.000000000000000000) ) ) 
 REPRESENTATION_ITEM ( '' )  SURFACE ( )  );
#3156 = COLOUR_RGB ( '',0.7529411764705882248, 0.7529411764705882248, 0.7529411764705882248 ) ;
#3157 = ORIENTED_EDGE ( 'NONE', *, *, #2931, .T. ) ;
#3158 = CARTESIAN_POINT ( 'NONE',  ( -5.030684708770338354, 9.554016748839119444, 18.07900430658267155 ) ) ;
#3159 = CARTESIAN_POINT ( 'NONE',  ( 6.802585902264683959, 10.46871709653023075, -17.67224143233377021 ) ) ;
#3160 = CARTESIAN_POINT ( 'NONE',  ( -8.292570919482589176, 10.69767529066245970, 19.06164211920150109 ) ) ;
#3161 = EDGE_CURVE ( 'NONE', #7, #1217, #155, .T. ) ;
#3162 = VERTEX_POINT ( 'NONE', #672 ) ;
#3163 = CARTESIAN_POINT ( 'NONE',  ( -3.907134517080209868, 10.16919839226973998, 24.46641032954250150 ) ) ;
#3164 = CARTESIAN_POINT ( 'NONE',  ( 6.801635345893520146, 9.438284006833370654, -18.88705563542244903 ) ) ;
#3165 = PRESENTATION_STYLE_ASSIGNMENT (( #584 ) ) ;
#3166 = LINE ( 'NONE', #606, #2051 ) ;
#3167 = DIRECTION ( 'NONE',  ( 0.7071067811865490160, 0.000000000000000000, 0.7071067811865461294 ) ) ;
#3168 = SURFACE_STYLE_FILL_AREA ( #642 ) ;
#3169 = CONICAL_SURFACE ( 'NONE', #1558, 3.499999999999999556, 0.08726646259971625186 ) ;
#3170 = UNCERTAINTY_MEASURE_WITH_UNIT (LENGTH_MEASURE( 1.000000000000000082E-05 ), #911, 'distance_accuracy_value', 'NONE');
#3171 = CARTESIAN_POINT ( 'NONE',  ( 5.932182156891554925, 10.47035927303831571, -24.21983381309735606 ) ) ;
#3172 = VERTEX_POINT ( 'NONE', #1785 ) ;
#3173 = CARTESIAN_POINT ( 'NONE',  ( -4.549007253979350018, 9.552830924780201016, 18.43169898019370123 ) ) ;
#3174 = ORIENTED_EDGE ( 'NONE', *, *, #242, .T. ) ;
#3175 = CARTESIAN_POINT ( 'NONE',  ( -4.370850261783013835, 9.548446533234276501, 23.39083843114968175 ) ) ;
#3176 =( NAMED_UNIT ( * ) SI_UNIT ( $, .STERADIAN. ) SOLID_ANGLE_UNIT ( ) );
#3177 = DIRECTION ( 'NONE',  ( 0.000000000000000000, -1.000000000000000000, 0.000000000000000000 ) ) ;
#3178 = CARTESIAN_POINT ( 'NONE',  ( 6.937749955135009472, 10.74906696116465987, -23.30570379834979988 ) ) ;
#3179 = VERTEX_POINT ( 'NONE', #399 ) ;
#3180 = ADVANCED_FACE ( 'NONE', ( #2402 ), #1507, .F. ) ;
#3181 = CARTESIAN_POINT ( 'NONE',  ( 8.500000000000000000, 7.500000000000000000, 0.000000000000000000 ) ) ;
#3182 = DIRECTION ( 'NONE',  ( 0.7071067811865391350, 0.000000000000000000, 0.7071067811865560104 ) ) ;
#3183 = PLANE ( 'NONE',  #3614 ) ;
#3184 = CARTESIAN_POINT ( 'NONE',  ( 12.84999999999999964, 7.500000000000000000, 12.84999999999999964 ) ) ;
#3185 = EDGE_CURVE ( 'NONE', #3444, #1292, #834, .T. ) ;
#3186 = LINE ( 'NONE', #883, #1013 ) ;
#3187 = DIRECTION ( 'NONE',  ( 0.000000000000000000, -1.000000000000000000, 0.000000000000000000 ) ) ;
#3188 = SURFACE_STYLE_FILL_AREA ( #434 ) ;
#3189 = CARTESIAN_POINT ( 'NONE',  ( -6.163022658314328162, 10.69635829023720319, 23.37422964531964098 ) ) ;
#3190 = CARTESIAN_POINT ( 'NONE',  ( -4.378128980783049684, 10.69986068220219977, 21.32196837569695091 ) ) ;
#3191 = ORIENTED_EDGE ( 'NONE', *, *, #801, .F. ) ;
#3192 = CARTESIAN_POINT ( 'NONE',  ( -4.260141808127297480, 9.548635042360727354, 23.27322911015677676 ) ) ;
#3193 =( NAMED_UNIT ( * ) PLANE_ANGLE_UNIT ( ) SI_UNIT ( $, .RADIAN. ) );
#3194 = CARTESIAN_POINT ( 'NONE',  ( -6.800000004150059674, 9.558035487562667853, 17.59256611076984811 ) ) ;
#3195 = CARTESIAN_POINT ( 'NONE',  ( 9.141840548619558859, 10.58669162984496026, -22.76065712247820017 ) ) ;
#3196 = PRESENTATION_LAYER_ASSIGNMENT (  '', '', ( #2776 ) ) ;
#3197 = ORIENTED_EDGE ( 'NONE', *, *, #3520, .F. ) ;
#3198 = PRESENTATION_STYLE_ASSIGNMENT (( #1515 ) ) ;
#3199 = MECHANICAL_DESIGN_GEOMETRIC_PRESENTATION_REPRESENTATION (  '', ( #3310 ), #120 ) ;
#3200 =( LENGTH_UNIT ( ) NAMED_UNIT ( * ) SI_UNIT ( .MILLI., .METRE. ) );
#3201 = CARTESIAN_POINT ( 'NONE',  ( -5.009175242083990121, 10.88059969201630039, 20.88103277591730134 ) ) ;
#3202 = AXIS2_PLACEMENT_3D ( 'NONE', #1692, #1928, #1093 ) ;
#3203 = SURFACE_STYLE_USAGE ( .BOTH. , #1578 ) ;
#3204 = PLANE ( 'NONE',  #432 ) ;
#3205 = STYLED_ITEM ( 'NONE', ( #1727 ), #644 ) ;
#3206 = ADVANCED_FACE ( 'NONE', ( #2762 ), #229, .F. ) ;
#3207 =( GEOMETRIC_REPRESENTATION_CONTEXT ( 3 ) GLOBAL_UNCERTAINTY_ASSIGNED_CONTEXT ( ( #2521 ) ) GLOBAL_UNIT_ASSIGNED_CONTEXT ( ( #2928, #1817, #112 ) ) REPRESENTATION_CONTEXT ( 'NONE', 'WORKASPACE' ) );
#3208 = CARTESIAN_POINT ( 'NONE',  ( 7.605540951474576872, 9.556916546761462072, -24.31334784957545736 ) ) ;
#3209 = DIRECTION ( 'NONE',  ( 0.000000000000000000, 0.000000000000000000, -1.000000000000000000 ) ) ;
#3210 = DIRECTION ( 'NONE',  ( -1.000000000000000000, 0.000000000000000000, 2.365645195190815169E-16 ) ) ;
#3211 =( GEOMETRIC_REPRESENTATION_CONTEXT ( 3 ) GLOBAL_UNCERTAINTY_ASSIGNED_CONTEXT ( ( #470 ) ) GLOBAL_UNIT_ASSIGNED_CONTEXT ( ( #447, #700, #1835 ) ) REPRESENTATION_CONTEXT ( 'NONE', 'WORKASPACE' ) );
#3212 = CARTESIAN_POINT ( 'NONE',  ( -4.153266212588830442, 10.46415368158670667, 23.02932195327088039 ) ) ;
#3213 = VECTOR ( 'NONE', #1511, 1000.000000000000000 ) ;
#3214 = SURFACE_SIDE_STYLE ('',( #1278 ) ) ;
#3215 = EDGE_LOOP ( 'NONE', ( #2552, #2765, #872, #1445 ) ) ;
#3216 = AXIS2_PLACEMENT_3D ( 'NONE', #1340, #2461, #3593 ) ;
#3217 = CARTESIAN_POINT ( 'NONE',  ( 8.590817900248419292, 10.88060152784360035, -21.11896722403034943 ) ) ;
#3218 = STYLED_ITEM ( 'NONE', ( #1968 ), #3206 ) ;
#3219 = ORIENTED_EDGE ( 'NONE', *, *, #356, .T. ) ;
#3220 = CARTESIAN_POINT ( 'NONE',  ( 8.500000000000000000, 7.500000000000000000, 17.19999999999999929 ) ) ;
#3221 = DIRECTION ( 'NONE',  ( 0.7071067811865460184, 0.000000000000000000, -0.7071067811865489050 ) ) ;
#3222 = CARTESIAN_POINT ( 'NONE',  ( 4.365845006393117345, 10.70050543329162984, -21.16041932149232707 ) ) ;
#3223 = CARTESIAN_POINT ( 'NONE',  ( -6.937749945152269504, 10.89075664288356116, 19.23934287744879867 ) ) ;
#3224 = CARTESIAN_POINT ( 'NONE',  ( 9.725108360055182644, 9.550010979035059577, -19.23679307678557393 ) ) ;
#3225 =( GEOMETRIC_REPRESENTATION_CONTEXT ( 3 ) GLOBAL_UNCERTAINTY_ASSIGNED_CONTEXT ( ( #980 ) ) GLOBAL_UNIT_ASSIGNED_CONTEXT ( ( #1275, #996, #1629 ) ) REPRESENTATION_CONTEXT ( 'NONE', 'WORKASPACE' ) );
#3226 =( NAMED_UNIT ( * ) PLANE_ANGLE_UNIT ( ) SI_UNIT ( $, .RADIAN. ) );
#3227 = FILL_AREA_STYLE_COLOUR ( '', #305 ) ;
#3228 = CARTESIAN_POINT ( 'NONE',  ( -4.600462621159953081, 10.46583044284505171, 18.49311410974003422 ) ) ;
#3229 =( LENGTH_UNIT ( ) NAMED_UNIT ( * ) SI_UNIT ( .MILLI., .METRE. ) );
#3230 = VERTEX_POINT ( 'NONE', #1490 ) ;
#3231 = EDGE_CURVE ( 'NONE', #2457, #2303, #573, .T. ) ;
#3232 = CARTESIAN_POINT ( 'NONE',  ( -3.659078924332814786, 9.553808044763835383, 19.67785584723857184 ) ) ;
#3233 = CARTESIAN_POINT ( 'NONE',  ( 4.090841334454384359, 9.549000932616129589, -18.92015362579479998 ) ) ;
#3234 = FILL_AREA_STYLE ('',( #1263 ) ) ;
#3235 = CARTESIAN_POINT ( 'NONE',  ( 8.590817900248419292, 10.69516292002669999, -19.18837931056404855 ) ) ;
#3236 = ORIENTED_EDGE ( 'NONE', *, *, #1432, .T. ) ;
#3237 = LINE ( 'NONE', #2894, #2726 ) ;
#3238 = DIRECTION ( 'NONE',  ( 0.000000000000000000, 0.000000000000000000, -1.000000000000000000 ) ) ;
#3239 = SURFACE_STYLE_USAGE ( .BOTH. , #445 ) ;
#3240 = CARTESIAN_POINT ( 'NONE',  ( -8.590817901281170066, 10.33166458907362006, 17.60420284981350036 ) ) ;
#3241 =( LENGTH_UNIT ( ) NAMED_UNIT ( * ) SI_UNIT ( .MILLI., .METRE. ) );
#3242 = CARTESIAN_POINT ( 'NONE',  ( 10.05810473826973706, 9.554386974525959531, -22.03946278280854543 ) ) ;
#3243 = LINE ( 'NONE', #2075, #2257 ) ;
#3244 = CARTESIAN_POINT ( 'NONE',  ( 6.798692399388899688, 9.558035485653880059, -24.40743372212470419 ) ) ;
#3245 = DIRECTION ( 'NONE',  ( -1.000000000000000000, 0.000000000000000000, -3.212450881438535199E-16 ) ) ;
#3246 = CARTESIAN_POINT ( 'NONE',  ( -4.608798646143810629, 10.69816622948131979, 19.91410755635369867 ) ) ;
#3247 = ORIENTED_EDGE ( 'NONE', *, *, #2729, .T. ) ;
#3248 = CARTESIAN_POINT ( 'NONE',  ( 4.293569949378299277, 10.46381848231987810, -18.79943768352294242 ) ) ;
#3249 = CARTESIAN_POINT ( 'NONE',  ( -9.000000000000000000, 15.15310394545899975, 17.19999999999999929 ) ) ;
#3250 = EDGE_CURVE ( 'NONE', #3622, #2346, #3618, .T. ) ;
#3251 = CARTESIAN_POINT ( 'NONE',  ( 6.662238630949449458, 11.05491373574337821, -20.01577413062105038 ) ) ;
#3252 = ORIENTED_EDGE ( 'NONE', *, *, #2753, .T. ) ;
#3253 = CARTESIAN_POINT ( 'NONE',  ( -7.464030346753968814, 9.550940387975424883, 24.34459971103021658 ) ) ;
#3254 = LINE ( 'NONE', #1225, #2795 ) ;
#3255 = CARTESIAN_POINT ( 'NONE',  ( 4.362058562099721648, 10.70013409008253724, -20.67728750566467255 ) ) ;
#3256 = CARTESIAN_POINT ( 'NONE',  ( -9.141840553324160012, 10.48286673185849871, 18.69429620157034933 ) ) ;
#3257 =( LENGTH_UNIT ( ) NAMED_UNIT ( * ) SI_UNIT ( .MILLI., .METRE. ) );
#3258 = CIRCLE ( 'NONE', #2054, 3.800000000000001155 ) ;
#3259 = DIRECTION ( 'NONE',  ( 1.000000000000000000, 0.000000000000000000, 0.000000000000000000 ) ) ;
#3260 = CARTESIAN_POINT ( 'NONE',  ( 8.252692513573876454, 9.549315821644961844, -17.91674502386537071 ) ) ;
#3261 = COLOUR_RGB ( '',0.7529411764705882248, 0.7529411764705882248, 0.7529411764705882248 ) ;
#3262 = CARTESIAN_POINT ( 'NONE',  ( -6.801889779763610200, 10.70288022203670053, 18.56041115691029830 ) ) ;
#3263 = FILL_AREA_STYLE ('',( #2609 ) ) ;
#3264 = CARTESIAN_POINT ( 'NONE',  ( 8.030802090234006485, 10.69863001131573554, -23.13285197173623331 ) ) ;
#3265 = VECTOR ( 'NONE', #3039, 1000.000000000000000 ) ;
#3266 =( GEOMETRIC_REPRESENTATION_CONTEXT ( 3 ) GLOBAL_UNCERTAINTY_ASSIGNED_CONTEXT ( ( #211 ) ) GLOBAL_UNIT_ASSIGNED_CONTEXT ( ( #2329, #2940, #105 ) ) REPRESENTATION_CONTEXT ( 'NONE', 'WORKASPACE' ) );
#3267 = ORIENTED_EDGE ( 'NONE', *, *, #1473, .T. ) ;
#3268 = CARTESIAN_POINT ( 'NONE',  ( 4.439320575309214867, 10.69975133332965989, -21.63458138728699964 ) ) ;
#3269 = VECTOR ( 'NONE', #3298, 1000.000000000000000 ) ;
#3270 = CARTESIAN_POINT ( 'NONE',  ( 6.662238630949449458, 11.11828936312272020, -21.11896722403034943 ) ) ;
#3271 = ORIENTED_EDGE ( 'NONE', *, *, #333, .F. ) ;
#3272 = CARTESIAN_POINT ( 'NONE',  ( -10.17785380953641727, 9.554337463898480820, 21.46404313069734826 ) ) ;
#3273 = VECTOR ( 'NONE', #2992, 1000.000000000000000 ) ;
#3274 = CARTESIAN_POINT ( 'NONE',  ( 4.700000000000000178, 5.500000000000000000, -17.83298247557740268 ) ) ;
#3275 = ADVANCED_FACE ( 'NONE', ( #2572 ), #608, .T. ) ;
#3276 = MECHANICAL_DESIGN_GEOMETRIC_PRESENTATION_REPRESENTATION (  '', ( #3218 ), #1899 ) ;
#3277 = CARTESIAN_POINT ( 'NONE',  ( -3.356114154578250464, 10.43144762290045868, 21.15683104927310154 ) ) ;
#3278 = ADVANCED_FACE ( 'NONE', ( #2261 ), #3407, .T. ) ;
#3279 = CARTESIAN_POINT ( 'NONE',  ( 8.549448100318482346, 9.548748351502515774, -18.07253518503343770 ) ) ;
#3280 = DIRECTION ( 'NONE',  ( -0.7071067811865391350, 0.000000000000000000, -0.7071067811865560104 ) ) ;
#3281 =( NAMED_UNIT ( * ) SI_UNIT ( $, .STERADIAN. ) SOLID_ANGLE_UNIT ( ) );
#3282 = CARTESIAN_POINT ( 'NONE',  ( 5.502776619151764415, 9.549665679424599318, -17.84835389155391638 ) ) ;
#3283 = CARTESIAN_POINT ( 'NONE',  ( 9.083453332680576864, 10.69893004136153536, -21.86315169266167757 ) ) ;
#3284 = COLOUR_RGB ( '',0.7529411764705882248, 0.7529411764705882248, 0.7529411764705882248 ) ;
#3285 = VERTEX_POINT ( 'NONE', #1505 ) ;
#3286 = SURFACE_SIDE_STYLE ('',( #3061 ) ) ;
#3287 = STYLED_ITEM ( 'NONE', ( #346 ), #3472 ) ;
#3288 = CARTESIAN_POINT ( 'NONE',  ( 9.141840548619558859, 10.46989640065161886, -18.63678276385940080 ) ) ;
#3289 = EDGE_LOOP ( 'NONE', ( #1514, #3369, #2322, #577, #223, #3124, #2912, #2250, #538, #507, #1621, #3590, #1476, #454, #2222, #1786, #1460, #1828, #2670, #2816 ) ) ;
#3290 = DIRECTION ( 'NONE',  ( 0.000000000000000000, -1.000000000000000000, 0.000000000000000000 ) ) ;
#3291 = SURFACE_SIDE_STYLE ('',( #3168 ) ) ;
#3292 = CARTESIAN_POINT ( 'NONE',  ( -8.309058436772831513, 9.549169140461620131, 24.06407995348140005 ) ) ;
#3293 = CARTESIAN_POINT ( 'NONE',  ( -3.907134517080189884, 10.45218444836915950, 22.81162068940779974 ) ) ;
#3294 = CARTESIAN_POINT ( 'NONE',  ( 8.512850087943268917, 9.548736521817870582, -18.04507657850414759 ) ) ;
#3295 = CARTESIAN_POINT ( 'NONE',  ( 8.843428002422450973, 9.553319455298710849, -23.72951320272985853 ) ) ;
#3296 = CARTESIAN_POINT ( 'NONE',  ( 6.799999988025509978, 9.558035487566320043, -24.40743388922984991 ) ) ;
#3297 = CARTESIAN_POINT ( 'NONE',  ( 6.652191839260426676, 9.551586481545390583, -17.59200189585233431 ) ) ;
#3298 = DIRECTION ( 'NONE',  ( 0.000000000000000000, 1.000000000000000000, 0.000000000000000000 ) ) ;
#3299 = ORIENTED_EDGE ( 'NONE', *, *, #1966, .F. ) ;
#3300 = CARTESIAN_POINT ( 'NONE',  ( -3.000000000000000000, 7.500000000000000000, 21.00000000000000000 ) ) ;
#3301 = FACE_OUTER_BOUND ( 'NONE', #799, .T. ) ;
#3302 = EDGE_LOOP ( 'NONE', ( #1160, #72, #1152, #612 ) ) ;
#3303 = CARTESIAN_POINT ( 'NONE',  ( -8.563150480628943129, 9.554055346826748618, 18.08118854575604217 ) ) ;
#3304 = CARTESIAN_POINT ( 'NONE',  ( 3.000000000000000000, 5.500000000000000000, -23.69999999999999929 ) ) ;
#3305 = CARTESIAN_POINT ( 'NONE',  ( -6.799999999999999822, 8.500000000000000000, 24.50000000000000000 ) ) ;
#3306 = ORIENTED_EDGE ( 'NONE', *, *, #398, .F. ) ;
#3307 = CARTESIAN_POINT ( 'NONE',  ( -5.009175242084019430, 10.69516139321339843, 22.81162068940774645 ) ) ;
#3308 = CARTESIAN_POINT ( 'NONE',  ( 9.221871035072590317, 10.69986068183406047, -20.67803161810825330 ) ) ;
#3309 = DIRECTION ( 'NONE',  ( -2.365645195190815169E-16, 0.000000000000000000, -1.000000000000000000 ) ) ;
#3310 = STYLED_ITEM ( 'NONE', ( #1659 ), #1035 ) ;
#3311 = CARTESIAN_POINT ( 'NONE',  ( 4.685417266742870623, 9.548344218254689153, -18.32502591072503151 ) ) ;
#3312 = EDGE_CURVE ( 'NONE', #3595, #2589, #1524, .T. ) ;
#3313 = UNCERTAINTY_MEASURE_WITH_UNIT (LENGTH_MEASURE( 1.000000000000000082E-05 ), #1760, 'distance_accuracy_value', 'NONE');
#3314 = PRESENTATION_LAYER_ASSIGNMENT (  '', '', ( #2173 ) ) ;
#3315 =( GEOMETRIC_REPRESENTATION_CONTEXT ( 3 ) GLOBAL_UNCERTAINTY_ASSIGNED_CONTEXT ( ( #3639 ) ) GLOBAL_UNIT_ASSIGNED_CONTEXT ( ( #113, #2038, #647 ) ) REPRESENTATION_CONTEXT ( 'NONE', 'WORKASPACE' ) );
#3316 = ORIENTED_EDGE ( 'NONE', *, *, #959, .T. ) ;
#3317 = FACE_OUTER_BOUND ( 'NONE', #2595, .T. ) ;
#3318 = STYLED_ITEM ( 'NONE', ( #1611 ), #575 ) ;
#3319 = PRESENTATION_LAYER_ASSIGNMENT (  '', '', ( #490 ) ) ;
#3320 = CARTESIAN_POINT ( 'NONE',  ( 4.458154878582389458, 10.46989519841316074, -18.63678276385940080 ) ) ;
#3321 = VERTEX_POINT ( 'NONE', #94 ) ;
#3322 = CARTESIAN_POINT ( 'NONE',  ( -10.05754320919801970, 9.552701338812553900, 22.04063387647692451 ) ) ;
#3323 = CARTESIAN_POINT ( 'NONE',  ( 9.900000000000000355, 7.500000000000000000, -22.62480768092720140 ) ) ;
#3324 = LINE ( 'NONE', #2784, #134 ) ;
#3325 = STYLED_ITEM ( 'NONE', ( #2815 ), #2404 ) ;
#3326 = CARTESIAN_POINT ( 'NONE',  ( -9.141840553324231067, 10.36236638717429948, 23.91481378283089754 ) ) ;
#3327 = CARTESIAN_POINT ( 'NONE',  ( 9.957631655234992607, 10.46769098584974600, -19.92694778060278438 ) ) ;
#3328 = SURFACE_SIDE_STYLE ('',( #1118 ) ) ;
#3329 =( LENGTH_UNIT ( ) NAMED_UNIT ( * ) SI_UNIT ( .MILLI., .METRE. ) );
#3330 = CARTESIAN_POINT ( 'NONE',  ( 4.567418141341853755, 9.548324595772458068, -18.42422535542522155 ) ) ;
#3331 = ORIENTED_EDGE ( 'NONE', *, *, #3312, .T. ) ;
#3332 = SURFACE_STYLE_USAGE ( .BOTH. , #1023 ) ;
#3333 = EDGE_CURVE ( 'NONE', #1723, #3587, #2133, .T. ) ;
#3334 = CARTESIAN_POINT ( 'NONE',  ( 9.141840548619558859, 10.24759825620924047, -17.53358967045009820 ) ) ;
#3335 = VERTEX_POINT ( 'NONE', #450 ) ;
#3336 = LINE ( 'NONE', #3559, #304 ) ;
#3337 = VECTOR ( 'NONE', #274, 1000.000000000000000 ) ;
#3338 = LINE ( 'NONE', #805, #1940 ) ;
#3339 = CARTESIAN_POINT ( 'NONE',  ( -6.797414091128126223, 10.46871709653925819, 24.32775856766024347 ) ) ;
#3340 = LINE ( 'NONE', #3631, #1483 ) ;
#3341 = EDGE_LOOP ( 'NONE', ( #1987, #1350, #990, #950 ) ) ;
#3342 = CARTESIAN_POINT ( 'NONE',  ( -5.009175242083999890, 10.87931715076721950, 21.15683104927310154 ) ) ;
#3343 = CARTESIAN_POINT ( 'NONE',  ( 8.504823389260739219, 9.554159646054580790, -23.95906826486574914 ) ) ;
#3344 = DIRECTION ( 'NONE',  ( 0.000000000000000000, 0.000000000000000000, 1.000000000000000000 ) ) ;
#3345 = DIRECTION ( 'NONE',  ( 1.000000000000000000, 0.000000000000000000, 0.000000000000000000 ) ) ;
#3346 = CARTESIAN_POINT ( 'NONE',  ( 3.873226829651851499, 9.553000685357726951, -22.75990175760074408 ) ) ;
#3347 = ORIENTED_EDGE ( 'NONE', *, *, #2796, .T. ) ;
#3348 = DIRECTION ( 'NONE',  ( 0.000000000000000000, 1.000000000000000000, 0.000000000000000000 ) ) ;
#3349 = CARTESIAN_POINT ( 'NONE',  ( 6.662238630949449458, 10.42602979583199918, -17.53358967045009820 ) ) ;
#3350 = ORIENTED_EDGE ( 'NONE', *, *, #1543, .F. ) ;
#3351 = CARTESIAN_POINT ( 'NONE',  ( -4.392185888329408705, 10.69944055191269783, 21.39350794574783876 ) ) ;
#3352 = DIRECTION ( 'NONE',  ( 0.000000000000000000, -1.000000000000000000, 0.000000000000000000 ) ) ;
#3353 = SURFACE_STYLE_FILL_AREA ( #2197 ) ;
#3354 = CARTESIAN_POINT ( 'NONE',  ( -8.912177792103859630, 10.69535824372449895, 22.22938816942670215 ) ) ;
#3355 = EDGE_CURVE ( 'NONE', #1970, #909, #2664, .T. ) ;
#3356 = LINE ( 'NONE', #820, #1820 ) ;
#3357 = CARTESIAN_POINT ( 'NONE',  ( 9.371737284395829093, 9.548611237706978727, -18.75211956454029760 ) ) ;
#3358 = CARTESIAN_POINT ( 'NONE',  ( 8.035015338325086631, 10.69410036795566654, -18.87304855282456728 ) ) ;
#3359 = SURFACE_STYLE_USAGE ( .BOTH. , #3328 ) ;
#3360 = DIRECTION ( 'NONE',  ( 0.000000000000000000, 0.000000000000000000, -1.000000000000000000 ) ) ;
#3361 = CARTESIAN_POINT ( 'NONE',  ( 8.500000000000000000, 0.000000000000000000, 17.19999999999999929 ) ) ;
#3362 = DIRECTION ( 'NONE',  ( 0.000000000000000000, 0.000000000000000000, 1.000000000000000000 ) ) ;
#3363 = STYLED_ITEM ( 'NONE', ( #2863 ), #888 ) ;
#3364 = DIRECTION ( 'NONE',  ( 0.000000000000000000, 0.000000000000000000, 1.000000000000000000 ) ) ;
#3365 = ORIENTED_EDGE ( 'NONE', *, *, #937, .T. ) ;
#3366 = CARTESIAN_POINT ( 'NONE',  ( 4.700000000000000178, 5.500000000000000000, 8.500000000000000000 ) ) ;
#3367 = MECHANICAL_DESIGN_GEOMETRIC_PRESENTATION_REPRESENTATION (  '', ( #1763 ), #2602 ) ;
#3368 = VECTOR ( 'NONE', #1079, 1000.000000000000000 ) ;
#3369 = ORIENTED_EDGE ( 'NONE', *, *, #3002, .T. ) ;
#3370 = CARTESIAN_POINT ( 'NONE',  ( -4.365621344245677271, 10.70018079197143379, 21.15610928693681103 ) ) ;
#3371 = CARTESIAN_POINT ( 'NONE',  ( -5.994457718047333294, 9.556916548215518503, 17.68665248346707486 ) ) ;
#3372 = LINE ( 'NONE', #1354, #1304 ) ;
#3373 = CARTESIAN_POINT ( 'NONE',  ( -9.688330432599700615, 10.46652098844038292, 19.33254495797323358 ) ) ;
#3374 = PRESENTATION_LAYER_ASSIGNMENT (  '', '', ( #2541 ) ) ;
#3375 = PRESENTATION_LAYER_ASSIGNMENT (  '', '', ( #3363 ) ) ;
#3376 = CARTESIAN_POINT ( 'NONE',  ( 5.835706938765240714, 10.85127043253842061, -22.76065712247820017 ) ) ;
#3377 = EDGE_CURVE ( 'NONE', #1970, #1421, #723, .T. ) ;
#3378 = STYLED_ITEM ( 'NONE', ( #918 ), #1919 ) ;
#3379 = CARTESIAN_POINT ( 'NONE',  ( 7.127283233895050252, 10.69749890784006041, -18.56424585590700005 ) ) ;
#3380 = CARTESIAN_POINT ( 'NONE',  ( 9.109626355365175954, 10.69920006245250832, -21.78960933129650712 ) ) ;
#3381 = ADVANCED_FACE ( 'NONE', ( #1838 ), #1782, .F. ) ;
#3382 = CARTESIAN_POINT ( 'NONE',  ( -9.000000000000000000, 7.500000000000000000, 17.19999999999999929 ) ) ;
#3383 = CARTESIAN_POINT ( 'NONE',  ( 5.371048084899999076, 9.555074974109812658, -24.09379325559910612 ) ) ;
#3384 = STYLED_ITEM ( 'NONE', ( #3165 ), #2615 ) ;
#3385 = UNCERTAINTY_MEASURE_WITH_UNIT (LENGTH_MEASURE( 1.000000000000000082E-05 ), #2415, 'distance_accuracy_value', 'NONE');
#3386 = PRESENTATION_LAYER_ASSIGNMENT (  '', '', ( #2741 ) ) ;
#3387 = DIRECTION ( 'NONE',  ( 1.000000000000000000, 0.000000000000000000, 0.000000000000000000 ) ) ;
#3388 = ORIENTED_EDGE ( 'NONE', *, *, #2508, .T. ) ;
#3389 = CARTESIAN_POINT ( 'NONE',  ( -5.131727256312928809, 10.46712792262007952, 18.11230263990315237 ) ) ;
#3390 = ORIENTED_EDGE ( 'NONE', *, *, #2351, .T. ) ;
#3391 = SURFACE_STYLE_FILL_AREA ( #291 ) ;
#3392 = CARTESIAN_POINT ( 'NONE',  ( 5.910583176380470150, 9.550621588119119210, -17.67979414115039916 ) ) ;
#3393 = CARTESIAN_POINT ( 'NONE',  ( -10.03400803300725919, 9.554269348524059069, 19.90304879082134804 ) ) ;
#3394 = CARTESIAN_POINT ( 'NONE',  ( 6.937749955135009472, 10.89075664247146058, -22.76065712247820017 ) ) ;
#3395 = MECHANICAL_DESIGN_GEOMETRIC_PRESENTATION_REPRESENTATION (  '', ( #2321 ), #3106 ) ;
#3396 = ORIENTED_EDGE ( 'NONE', *, *, #1291, .T. ) ;
#3397 = PRESENTATION_STYLE_ASSIGNMENT (( #37 ) ) ;
#3398 = FACE_BOUND ( 'NONE', #2365, .T. ) ;
#3399 = FILL_AREA_STYLE ('',( #2029 ) ) ;
#3400 = EDGE_CURVE ( 'NONE', #907, #2587, #3243, .T. ) ;
#3401 = CARTESIAN_POINT ( 'NONE',  ( -9.000000000000000000, 0.000000000000000000, 17.19999999999999929 ) ) ;
#3402 = CARTESIAN_POINT ( 'NONE',  ( -3.907134517080120606, 10.16986640503355943, 17.60420284981355010 ) ) ;
#3403 = CARTESIAN_POINT ( 'NONE',  ( 6.798110231910100332, 10.70288022204710110, -23.43958884310040247 ) ) ;
#3404 = ADVANCED_FACE ( 'NONE', ( #685 ), #3169, .T. ) ;
#3405 = CARTESIAN_POINT ( 'NONE',  ( 6.799999999999999822, 7.500000000000000000, -21.00000000000000000 ) ) ;
#3406 = DIRECTION ( 'NONE',  ( -1.000000000000000000, 0.000000000000000000, 0.000000000000000000 ) ) ;
#3407 = CYLINDRICAL_SURFACE ( 'NONE', #2916, 3.499999999999999556 ) ;
#3408 = SURFACE_SIDE_STYLE ('',( #30 ) ) ;
#3409 = ORIENTED_EDGE ( 'NONE', *, *, #169, .F. ) ;
#3410 = SURFACE_STYLE_USAGE ( .BOTH. , #3119 ) ;
#3411 = CARTESIAN_POINT ( 'NONE',  ( 9.000000000000000000, 7.500000000000000000, 28.50000000000000000 ) ) ;
#3412 = CARTESIAN_POINT ( 'NONE',  ( -10.01941361546415088, 10.46861723083051565, 21.87013067934417521 ) ) ;
#3413 = SURFACE_SIDE_STYLE ('',( #1959 ) ) ;
#3414 = VERTEX_POINT ( 'NONE', #2217 ) ;
#3415 = DIRECTION ( 'NONE',  ( 0.000000000000000000, 0.000000000000000000, 1.000000000000000000 ) ) ;
#3416 = CARTESIAN_POINT ( 'NONE',  ( 8.313851157665881786, 9.549158434639847925, -17.93828194730874870 ) ) ;
#3417 = CARTESIAN_POINT ( 'NONE',  ( -8.989256245601525919, 10.69815257511255879, 19.91862753250158491 ) ) ;
#3418 =( NAMED_UNIT ( * ) SI_UNIT ( $, .STERADIAN. ) SOLID_ANGLE_UNIT ( ) );
#3419 = PRESENTATION_STYLE_ASSIGNMENT (( #1980 ) ) ;
#3420 = DIRECTION ( 'NONE',  ( 0.000000000000000000, 1.000000000000000000, 0.000000000000000000 ) ) ;
#3421 = DIRECTION ( 'NONE',  ( 1.000000000000000000, 0.000000000000000000, 0.000000000000000000 ) ) ;
#3422 = UNCERTAINTY_MEASURE_WITH_UNIT (LENGTH_MEASURE( 1.000000000000000082E-05 ), #3557, 'distance_accuracy_value', 'NONE');
#3423 = CARTESIAN_POINT ( 'NONE',  ( 9.000000000000000000, 7.500000000000000000, 28.50000000000000000 ) ) ;
#3424 = FACE_OUTER_BOUND ( 'NONE', #2309, .T. ) ;
#3425 = EDGE_LOOP ( 'NONE', ( #2371, #1148, #3577, #3247 ) ) ;
#3426 = EDGE_CURVE ( 'NONE', #1875, #400, #3057, .T. ) ;
#3427 = ORIENTED_EDGE ( 'NONE', *, *, #2452, .F. ) ;
#3428 = DIRECTION ( 'NONE',  ( 0.000000000000000000, 0.000000000000000000, 1.000000000000000000 ) ) ;
#3429 = PRESENTATION_STYLE_ASSIGNMENT (( #2281 ) ) ;
#3430 = STYLED_ITEM ( 'NONE', ( #2877 ), #1050 ) ;
#3431 = CARTESIAN_POINT ( 'NONE',  ( -8.992869912320820447, 10.69817738023199993, 19.91749745207305011 ) ) ;
#3432 = COLOUR_RGB ( '',0.7529411764705882248, 0.7529411764705882248, 0.7529411764705882248 ) ;
#3433 = ORIENTED_EDGE ( 'NONE', *, *, #1368, .T. ) ;
#3434 = DIRECTION ( 'NONE',  ( 1.000000000000000000, 0.000000000000000000, 0.000000000000000000 ) ) ;
#3435 = CARTESIAN_POINT ( 'NONE',  ( 6.801899146325530054, 10.69750258692902101, -18.56399449886895070 ) ) ;
#3436 = VECTOR ( 'NONE', #322, 1000.000000000000000 ) ;
#3437 = COLOUR_RGB ( '',0.7529411764705882248, 0.7529411764705882248, 0.7529411764705882248 ) ;
#3438 = PRESENTATION_LAYER_ASSIGNMENT (  '', '', ( #253 ) ) ;
#3439 = FILL_AREA_STYLE_COLOUR ( '', #3547 ) ;
#3440 = SURFACE_STYLE_USAGE ( .BOTH. , #1684 ) ;
#3441 = SURFACE_STYLE_FILL_AREA ( #59 ) ;
#3442 = SURFACE_SIDE_STYLE ('',( #906 ) ) ;
#3443 = VECTOR ( 'NONE', #2177, 999.9999999999998863 ) ;
#3444 = VERTEX_POINT ( 'NONE', #1330 ) ;
#3445 = CARTESIAN_POINT ( 'NONE',  ( -4.234382920235284509, 9.552548883601350127, 18.74591134741704934 ) ) ;
#3446 =( GEOMETRIC_REPRESENTATION_CONTEXT ( 3 ) GLOBAL_UNCERTAINTY_ASSIGNED_CONTEXT ( ( #1272 ) ) GLOBAL_UNIT_ASSIGNED_CONTEXT ( ( #610, #855, #1416 ) ) REPRESENTATION_CONTEXT ( 'NONE', 'WORKASPACE' ) );
#3447 = ORIENTED_EDGE ( 'NONE', *, *, #2052, .T. ) ;
#3448 = CARTESIAN_POINT ( 'NONE',  ( -3.717746998462660102, 9.553549404009102020, 19.54603945025209910 ) ) ;
#3449 = SURFACE_STYLE_FILL_AREA ( #891 ) ;
#3450 = ADVANCED_FACE ( 'NONE', ( #3074 ), #519, .F. ) ;
#3451 = CARTESIAN_POINT ( 'NONE',  ( 10.24388584536182023, 10.16886503542439968, -23.85075047422139960 ) ) ;
#3452 = ORIENTED_EDGE ( 'NONE', *, *, #22, .F. ) ;
#3453 = CARTESIAN_POINT ( 'NONE',  ( -8.829542770250395023, 9.548401723286927378, 23.74039308359765599 ) ) ;
#3454 =( NAMED_UNIT ( * ) PLANE_ANGLE_UNIT ( ) SI_UNIT ( $, .RADIAN. ) );
#3455 = CARTESIAN_POINT ( 'NONE',  ( -8.295861071482883986, 10.69342050771320096, 22.95279059392837340 ) ) ;
#3456 = LINE ( 'NONE', #3184, #1294 ) ;
#3457 = LINE ( 'NONE', #852, #1364 ) ;
#3458 = LINE ( 'NONE', #3274, #2539 ) ;
#3459 = PRESENTATION_LAYER_ASSIGNMENT (  '', '', ( #2694 ) ) ;
#3460 = UNCERTAINTY_MEASURE_WITH_UNIT (LENGTH_MEASURE( 1.000000000000000082E-05 ), #303, 'distance_accuracy_value', 'NONE');
#3461 =( GEOMETRIC_REPRESENTATION_CONTEXT ( 3 ) GLOBAL_UNCERTAINTY_ASSIGNED_CONTEXT ( ( #1814 ) ) GLOBAL_UNIT_ASSIGNED_CONTEXT ( ( #2849, #2570, #2965 ) ) REPRESENTATION_CONTEXT ( 'NONE', 'WORKASPACE' ) );
#3462 = LINE ( 'NONE', #2906, #3549 ) ;
#3463 =( NAMED_UNIT ( * ) PLANE_ANGLE_UNIT ( ) SI_UNIT ( $, .RADIAN. ) );
#3464 = CARTESIAN_POINT ( 'NONE',  ( -4.861688544365610376, 10.69425919234434019, 22.48850822659979798 ) ) ;
#3465 = ORIENTED_EDGE ( 'NONE', *, *, #3024, .F. ) ;
#3466 = CARTESIAN_POINT ( 'NONE',  ( -4.227872330465151762, 9.548708918066598272, 23.23670293286375355 ) ) ;
#3467 = DIRECTION ( 'NONE',  ( 0.000000000000000000, -1.000000000000000000, 0.000000000000000000 ) ) ;
#3468 = CARTESIAN_POINT ( 'NONE',  ( 10.24388584536182023, 10.40675885183673977, -20.01577413062105038 ) ) ;
#3469 = ORIENTED_EDGE ( 'NONE', *, *, #2684, .F. ) ;
#3470 = CARTESIAN_POINT ( 'NONE',  ( -9.089194865799726131, 9.548331447891895252, 23.52590283635883139 ) ) ;
#3471 = SURFACE_STYLE_FILL_AREA ( #2071 ) ;
#3472 = ADVANCED_FACE ( 'NONE', ( #2435 ), #310, .F. ) ;
#3473 = CARTESIAN_POINT ( 'NONE',  ( -9.114507061694171242, 10.69918882573379548, 20.21257219870001975 ) ) ;
#3474 = CARTESIAN_POINT ( 'NONE',  ( -3.356114154578234920, 10.40962683465054006, 20.06018782668309797 ) ) ;
#3475 = CARTESIAN_POINT ( 'NONE',  ( 8.025808217363170627, 10.69867082118670076, -23.11704648116245053 ) ) ;
#3476 = LINE ( 'NONE', #3496, #2604 ) ;
#3477 = CARTESIAN_POINT ( 'NONE',  ( 5.182905008789798984, 10.69735364800820143, -22.83567848873975237 ) ) ;
#3478 = CARTESIAN_POINT ( 'NONE',  ( -8.500000000000000000, 7.500000000000000000, -24.80000000000000071 ) ) ;
#3479 = PRESENTATION_STYLE_ASSIGNMENT (( #2495 ) ) ;
#3480 =( NAMED_UNIT ( * ) PLANE_ANGLE_UNIT ( ) SI_UNIT ( $, .RADIAN. ) );
#3481 = CARTESIAN_POINT ( 'NONE',  ( -5.087149902224869180, 9.548736521295909441, 23.95492341584634843 ) ) ;
#3482 = ORIENTED_EDGE ( 'NONE', *, *, #1448, .T. ) ;
#3483 = CARTESIAN_POINT ( 'NONE',  ( -3.787692108253096990, 9.553295053639423884, 19.40527972964835257 ) ) ;
#3484 = CARTESIAN_POINT ( 'NONE',  ( 3.472241047295104188, 10.47052187670592716, -21.21563964024153037 ) ) ;
#3485 = DIRECTION ( 'NONE',  ( 0.000000000000000000, 0.000000000000000000, 1.000000000000000000 ) ) ;
#3486 = CARTESIAN_POINT ( 'NONE',  ( 8.590817900248419292, 10.71036345898405884, -22.76065712247820017 ) ) ;
#3487 = AXIS2_PLACEMENT_3D ( 'NONE', #495, #1409, #2272 ) ;
#3488 = ORIENTED_EDGE ( 'NONE', *, *, #530, .F. ) ;
#3489 = DIRECTION ( 'NONE',  ( 0.000000000000000000, 0.000000000000000000, 1.000000000000000000 ) ) ;
#3490 = LINE ( 'NONE', #144, #2611 ) ;
#3491 = DIRECTION ( 'NONE',  ( 0.000000000000000000, 0.000000000000000000, -1.000000000000000000 ) ) ;
#3492 = EDGE_CURVE ( 'NONE', #1317, #907, #1693, .T. ) ;
#3493 = DIRECTION ( 'NONE',  ( 1.000000000000000000, 0.000000000000000000, 0.000000000000000000 ) ) ;
#3494 = CARTESIAN_POINT ( 'NONE',  ( -9.141840553324151131, 10.37342540246152112, 18.14924952569189998 ) ) ;
#3495 = FILL_AREA_STYLE ('',( #2379 ) ) ;
#3496 = CARTESIAN_POINT ( 'NONE',  ( -9.000000000000000000, 7.500000000000000000, -16.69999999999999929 ) ) ;
#3497 = VECTOR ( 'NONE', #1916, 1000.000000000000000 ) ;
#3498 = APPLICATION_CONTEXT ( 'automotive_design' ) ;
#3499 = AXIS2_PLACEMENT_3D ( 'NONE', #1383, #1600, #2774 ) ;
#3500 = EDGE_CURVE ( 'NONE', #2917, #1217, #14, .T. ) ;
#3501 = CARTESIAN_POINT ( 'NONE',  ( 10.19679421001429453, 9.554625068319307246, -20.64770556985410366 ) ) ;
#3502 =( NAMED_UNIT ( * ) SI_UNIT ( $, .STERADIAN. ) SOLID_ANGLE_UNIT ( ) );
#3503 = LINE ( 'NONE', #741, #2292 ) ;
#3504 = CARTESIAN_POINT ( 'NONE',  ( -4.157146060210517469, 10.46581589150035718, 18.96565410351670522 ) ) ;
#3505 = AXIS2_PLACEMENT_3D ( 'NONE', #3588, #1055, #800 ) ;
#3506 = ORIENTED_EDGE ( 'NONE', *, *, #2832, .F. ) ;
#3507 = CARTESIAN_POINT ( 'NONE',  ( -4.128643997462294379, 9.552613042199741500, 18.87224416967183416 ) ) ;
#3508 = CARTESIAN_POINT ( 'NONE',  ( 3.493303415859986050, 10.47026961496183972, -21.43261616545397530 ) ) ;
#3509 = DIRECTION ( 'NONE',  ( 0.000000000000000000, -1.000000000000000000, 0.000000000000000000 ) ) ;
#3510 = CIRCLE ( 'NONE', #2245, 1.300000000000000711 ) ;
#3511 = CARTESIAN_POINT ( 'NONE',  ( 7.764283927691709941, 10.83187857809627985, -19.18837931056404855 ) ) ;
#3512 = MECHANICAL_DESIGN_GEOMETRIC_PRESENTATION_REPRESENTATION (  '', ( #2741 ), #1259 ) ;
#3513 = EDGE_LOOP ( 'NONE', ( #3117, #3236 ) ) ;
#3514 = DIRECTION ( 'NONE',  ( 0.000000000000000000, 1.000000000000000000, 0.000000000000000000 ) ) ;
#3515 =( NAMED_UNIT ( * ) SI_UNIT ( $, .STERADIAN. ) SOLID_ANGLE_UNIT ( ) );
#3516 = CARTESIAN_POINT ( 'NONE',  ( -9.141840553324160012, 10.58669158990320014, 19.23934287744879867 ) ) ;
#3517 = CARTESIAN_POINT ( 'NONE',  ( 10.04486892783053875, 9.552640857106860395, -19.95637541421923089 ) ) ;
#3518 = CARTESIAN_POINT ( 'NONE',  ( -4.700000000000000178, 5.500000000000000000, -10.50000000000000000 ) ) ;
#3519 = CARTESIAN_POINT ( 'NONE',  ( -3.413970317806105381, 9.554504791806678554, 21.44402867719360017 ) ) ;
#3520 = EDGE_CURVE ( 'NONE', #3643, #1573, #2554, .T. ) ;
#3521 = FILL_AREA_STYLE ('',( #728 ) ) ;
#3522 = ORIENTED_EDGE ( 'NONE', *, *, #2325, .T. ) ;
#3523 = CARTESIAN_POINT ( 'NONE',  ( 3.841172626091335029, 9.553042229255920503, -22.70562107006144714 ) ) ;
#3524 = CARTESIAN_POINT ( 'NONE',  ( 5.009175246581030194, 10.69516128705060076, -19.18837931056404855 ) ) ;
#3525 = VERTEX_POINT ( 'NONE', #3137 ) ;
#3526 =( LENGTH_UNIT ( ) NAMED_UNIT ( * ) SI_UNIT ( .MILLI., .METRE. ) );
#3527 =( LENGTH_UNIT ( ) NAMED_UNIT ( * ) SI_UNIT ( .MILLI., .METRE. ) );
#3528 =( NAMED_UNIT ( * ) PLANE_ANGLE_UNIT ( ) SI_UNIT ( $, .RADIAN. ) );
#3529 = CARTESIAN_POINT ( 'NONE',  ( -3.907134517080160574, 10.58789731550185920, 20.88103277591730134 ) ) ;
#3530 = FACE_OUTER_BOUND ( 'NONE', #249, .T. ) ;
#3531 = CARTESIAN_POINT ( 'NONE',  ( 9.882253008230275526, 9.553549410868274805, -22.45396053408826731 ) ) ;
#3532 = LINE ( 'NONE', #3518, #1824 ) ;
#3533 = PRESENTATION_STYLE_ASSIGNMENT (( #1215 ) ) ;
#3534 = CARTESIAN_POINT ( 'NONE',  ( 9.162048786193137673, 10.69851522304231572, -20.37312381531898353 ) ) ;
#3535 = EDGE_CURVE ( 'NONE', #1292, #3640, #3102, .T. ) ;
#3536 = SURFACE_STYLE_USAGE ( .BOTH. , #3214 ) ;
#3537 = VERTEX_POINT ( 'NONE', #595 ) ;
#3538 = CARTESIAN_POINT ( 'NONE',  ( 3.566317912576590032, 9.552479441556460671, -19.90133966342144944 ) ) ;
#3539 =( NAMED_UNIT ( * ) SI_UNIT ( $, .STERADIAN. ) SOLID_ANGLE_UNIT ( ) );
#3540 = CARTESIAN_POINT ( 'NONE',  ( 5.009175246581030194, 10.88059968446409975, -21.11896722403034943 ) ) ;
#3541 = ORIENTED_EDGE ( 'NONE', *, *, #494, .T. ) ;
#3542 = CARTESIAN_POINT ( 'NONE',  ( -10.20766693825800786, 9.555225975980397024, 20.84161776315722747 ) ) ;
#3543 = DIRECTION ( 'NONE',  ( 0.000000000000000000, 0.000000000000000000, -1.000000000000000000 ) ) ;
#3544 = PRESENTATION_STYLE_ASSIGNMENT (( #2883 ) ) ;
#3545 = CARTESIAN_POINT ( 'NONE',  ( -5.009175242083959922, 10.59045341147978014, 18.69429620157039906 ) ) ;
#3546 = CARTESIAN_POINT ( 'NONE',  ( 7.874699954783149103, 10.46945322628764252, -24.15692378848232735 ) ) ;
#3547 = COLOUR_RGB ( '',0.7529411764705882248, 0.7529411764705882248, 0.7529411764705882248 ) ;
#3548 = CARTESIAN_POINT ( 'NONE',  ( 8.039863034197187730, 9.555687709984702849, -24.17425864083359599 ) ) ;
#3549 = VECTOR ( 'NONE', #2317, 1000.000000000000000 ) ;
#3550 = CARTESIAN_POINT ( 'NONE',  ( 9.000000000000000000, 7.500000000000000000, -28.50000000000000000 ) ) ;
#3551 = CARTESIAN_POINT ( 'NONE',  ( 4.357454392550574873, 9.552659672570262828, -23.37691317508841138 ) ) ;
#3552 = CARTESIAN_POINT ( 'NONE',  ( -8.742120792779815019, 10.69708816868498502, 19.51205619113526879 ) ) ;
#3553 =( GEOMETRIC_REPRESENTATION_CONTEXT ( 3 ) GLOBAL_UNCERTAINTY_ASSIGNED_CONTEXT ( ( #830 ) ) GLOBAL_UNIT_ASSIGNED_CONTEXT ( ( #336, #2271, #3418 ) ) REPRESENTATION_CONTEXT ( 'NONE', 'WORKASPACE' ) );
#3554 = VECTOR ( 'NONE', #279, 1000.000000000000000 ) ;
#3555 = ORIENTED_EDGE ( 'NONE', *, *, #2724, .F. ) ;
#3556 =( GEOMETRIC_REPRESENTATION_CONTEXT ( 3 ) GLOBAL_UNCERTAINTY_ASSIGNED_CONTEXT ( ( #2183 ) ) GLOBAL_UNIT_ASSIGNED_CONTEXT ( ( #1633, #251, #473 ) ) REPRESENTATION_CONTEXT ( 'NONE', 'WORKASPACE' ) );
#3557 =( LENGTH_UNIT ( ) NAMED_UNIT ( * ) SI_UNIT ( .MILLI., .METRE. ) );
#3558 = ORIENTED_EDGE ( 'NONE', *, *, #1966, .T. ) ;
#3559 = CARTESIAN_POINT ( 'NONE',  ( 3.000000000000000000, 7.500000000000000000, -23.69999999999999929 ) ) ;
#3560 =( GEOMETRIC_REPRESENTATION_CONTEXT ( 3 ) GLOBAL_UNCERTAINTY_ASSIGNED_CONTEXT ( ( #1628 ) ) GLOBAL_UNIT_ASSIGNED_CONTEXT ( ( #1097, #1047, #2144 ) ) REPRESENTATION_CONTEXT ( 'NONE', 'WORKASPACE' ) );
#3561 = CARTESIAN_POINT ( 'NONE',  ( 4.700000000000000178, 7.500000000000000000, -8.500000000000000000 ) ) ;
#3562 = CARTESIAN_POINT ( 'NONE',  ( -9.306430041290367328, 10.46381848687652294, 23.20056232676403951 ) ) ;
#3563 = DIRECTION ( 'NONE',  ( 0.000000000000000000, 0.000000000000000000, -1.000000000000000000 ) ) ;
#3564 = EDGE_CURVE ( 'NONE', #2893, #7, #1929, .T. ) ;
#3565 = CARTESIAN_POINT ( 'NONE',  ( 6.798110231910100332, 10.70288022204710110, -23.43958884310040247 ) ) ;
#3566 = CARTESIAN_POINT ( 'NONE',  ( -3.907134517080164571, 10.58717623161260057, 21.15683104927310154 ) ) ;
#3567 = CARTESIAN_POINT ( 'NONE',  ( 8.474561873083525043, 10.46448127390287475, -18.11574268022730294 ) ) ;
#3568 = CARTESIAN_POINT ( 'NONE',  ( 10.19013369208920849, 9.555142133038625474, -21.35828822058332932 ) ) ;
#3569 = CARTESIAN_POINT ( 'NONE',  ( 4.128807055633120449, 9.552652354397670464, -23.11867093987598309 ) ) ;
#3570 = DIRECTION ( 'NONE',  ( 0.000000000000000000, -1.000000000000000000, 0.000000000000000000 ) ) ;
#3571 =( GEOMETRIC_REPRESENTATION_CONTEXT ( 3 ) GLOBAL_UNCERTAINTY_ASSIGNED_CONTEXT ( ( #208 ) ) GLOBAL_UNIT_ASSIGNED_CONTEXT ( ( #904, #2274, #1667 ) ) REPRESENTATION_CONTEXT ( 'NONE', 'WORKASPACE' ) );
#3572 = CARTESIAN_POINT ( 'NONE',  ( -6.799999999999999822, 8.500000000000000000, 21.00000000000000000 ) ) ;
#3573 = ORIENTED_EDGE ( 'NONE', *, *, #173, .T. ) ;
#3574 = FILL_AREA_STYLE_COLOUR ( '', #1773 ) ;
#3575 = AXIS2_PLACEMENT_3D ( 'NONE', #2643, #2382, #3259 ) ;
#3576 = CARTESIAN_POINT ( 'NONE',  ( 9.141840548619558859, 10.36236670496226075, -18.08518621715474950 ) ) ;
#3577 = ORIENTED_EDGE ( 'NONE', *, *, #2986, .F. ) ;
#3578 = CARTESIAN_POINT ( 'NONE',  ( -9.087157914811996307, 9.552796638273562735, 18.46749433643009652 ) ) ;
#3579 = CARTESIAN_POINT ( 'NONE',  ( -6.801621176714170325, 9.444733010471400902, 18.88761983937894939 ) ) ;
#3580 = CARTESIAN_POINT ( 'NONE',  ( -6.799999999999999822, 5.500000000000000000, 21.00000000000000000 ) ) ;
#3581 = EDGE_CURVE ( 'NONE', #691, #2195, #1675, .T. ) ;
#3582 = CARTESIAN_POINT ( 'NONE',  ( -6.662238619130829598, 10.72554710837138003, 23.36321723611935042 ) ) ;
#3583 = CARTESIAN_POINT ( 'NONE',  ( 10.18562275992353960, 9.555216141742599589, -21.44737278100310007 ) ) ;
#3584 =( NAMED_UNIT ( * ) SI_UNIT ( $, .STERADIAN. ) SOLID_ANGLE_UNIT ( ) );
#3585 = DIRECTION ( 'NONE',  ( 0.000000000000000000, 0.000000000000000000, 1.000000000000000000 ) ) ;
#3586 = CARTESIAN_POINT ( 'NONE',  ( 5.665031750112543563, 9.550031821767269946, -17.78620986313230645 ) ) ;
#3587 = VERTEX_POINT ( 'NONE', #2575 ) ;
#3588 = CARTESIAN_POINT ( 'NONE',  ( -9.000000000000000000, 7.500000000000000000, 28.50000000000000000 ) ) ;
#3589 = CARTESIAN_POINT ( 'NONE',  ( 10.24388584536182023, 10.16814890724179854, -18.08518621715474950 ) ) ;
#3590 = ORIENTED_EDGE ( 'NONE', *, *, #2861, .T. ) ;
#3591 = FILL_AREA_STYLE ('',( #2458 ) ) ;
#3592 = CARTESIAN_POINT ( 'NONE',  ( -9.000000000000000000, 0.000000000000000000, 28.50000000000000000 ) ) ;
#3593 = DIRECTION ( 'NONE',  ( 0.000000000000000000, 0.000000000000000000, 1.000000000000000000 ) ) ;
#3594 = FILL_AREA_STYLE_COLOUR ( '', #652 ) ;
#3595 = VERTEX_POINT ( 'NONE', #2496 ) ;
#3596 = CARTESIAN_POINT ( 'NONE',  ( -8.590817901281250002, 10.45004732100337819, 23.91481378283089754 ) ) ;
#3597 = CARTESIAN_POINT ( 'NONE',  ( 10.12742226567487158, 10.47051858333881036, -21.22078052722136476 ) ) ;
#3598 =( LENGTH_UNIT ( ) NAMED_UNIT ( * ) SI_UNIT ( .MILLI., .METRE. ) );
#3599 =( GEOMETRIC_REPRESENTATION_CONTEXT ( 3 ) GLOBAL_UNCERTAINTY_ASSIGNED_CONTEXT ( ( #1999 ) ) GLOBAL_UNIT_ASSIGNED_CONTEXT ( ( #1701, #851, #1450 ) ) REPRESENTATION_CONTEXT ( 'NONE', 'WORKASPACE' ) );
#3600 = SURFACE_STYLE_USAGE ( .BOTH. , #2468 ) ;
#3601 = CARTESIAN_POINT ( 'NONE',  ( 5.764268470574290149, 9.550243820827921226, -17.75232404043771695 ) ) ;
#3602 = CONICAL_SURFACE ( 'NONE', #1994, 3.499999999999999556, 0.08726646259971625186 ) ;
#3603 = EDGE_CURVE ( 'NONE', #2852, #343, #2744, .T. ) ;
#3604 =( GEOMETRIC_REPRESENTATION_CONTEXT ( 3 ) GLOBAL_UNCERTAINTY_ASSIGNED_CONTEXT ( ( #1384 ) ) GLOBAL_UNIT_ASSIGNED_CONTEXT ( ( #1491, #3463, #2095 ) ) REPRESENTATION_CONTEXT ( 'NONE', 'WORKASPACE' ) );
#3605 = ORIENTED_EDGE ( 'NONE', *, *, #3002, .F. ) ;
#3606 = STYLED_ITEM ( 'NONE', ( #2454 ), #1647 ) ;
#3607 = AXIS2_PLACEMENT_3D ( 'NONE', #787, #1904, #3049 ) ;
#3608 = FILL_AREA_STYLE ('',( #1335 ) ) ;
#3609 = ORIENTED_EDGE ( 'NONE', *, *, #3135, .T. ) ;
#3610 = CARTESIAN_POINT ( 'NONE',  ( -10.14127325808436986, 9.554872033810552168, 20.32118032840063293 ) ) ;
#3611 = CARTESIAN_POINT ( 'NONE',  ( 6.802198060019550852, 9.551586475452578995, -17.59200257580814863 ) ) ;
#3612 = CARTESIAN_POINT ( 'NONE',  ( -9.000000000000000000, 7.500000000000000000, 24.80000000000000071 ) ) ;
#3613 = CARTESIAN_POINT ( 'NONE',  ( -8.149999999999890221, 7.500000000000000000, 8.149999999999700151 ) ) ;
#3614 = AXIS2_PLACEMENT_3D ( 'NONE', #1699, #2330, #3109 ) ;
#3615 = ORIENTED_EDGE ( 'NONE', *, *, #2462, .F. ) ;
#3616 = CARTESIAN_POINT ( 'NONE',  ( -6.937749945152289932, 11.11637935385316034, 21.15683104927305180 ) ) ;
#3617 = CARTESIAN_POINT ( 'NONE',  ( 9.686850447819892906, 10.46522421074509346, -19.33002172276581021 ) ) ;
#3618 = CIRCLE ( 'NONE', #1078, 3.800000000000001155 ) ;
#3619 = SURFACE_STYLE_USAGE ( .BOTH. , #265 ) ;
#3620 = CARTESIAN_POINT ( 'NONE',  ( 3.605592371758722159, 9.554075902287582522, -22.18780062616900750 ) ) ;
#3621 = SURFACE_STYLE_USAGE ( .BOTH. , #761 ) ;
#3622 = VERTEX_POINT ( 'NONE', #2607 ) ;
#3623 = EDGE_CURVE ( 'NONE', #3154, #1292, #587, .T. ) ;
#3624 = CARTESIAN_POINT ( 'NONE',  ( -6.802566812564688981, 10.47196604801675690, 17.67252566405270642 ) ) ;
#3625 = CARTESIAN_POINT ( 'NONE',  ( 3.356114142585110205, 10.08250814410764029, -17.53358967045009820 ) ) ;
#3626 = ORIENTED_EDGE ( 'NONE', *, *, #22, .T. ) ;
#3627 = VECTOR ( 'NONE', #1442, 1000.000000000000000 ) ;
#3628 = CARTESIAN_POINT ( 'NONE',  ( -4.673194689388017409, 9.553131303982363320, 18.33538835639632936 ) ) ;
#3629 = LINE ( 'NONE', #3103, #3497 ) ;
#3630 = CARTESIAN_POINT ( 'NONE',  ( -8.635718877020119422, 10.69387817875376001, 22.61341995867569921 ) ) ;
#3631 = CARTESIAN_POINT ( 'NONE',  ( 8.500000000000000000, 0.000000000000000000, 17.19999999999999929 ) ) ;
#3632 = DIRECTION ( 'NONE',  ( 0.7071067811865391350, 0.000000000000000000, 0.7071067811865560104 ) ) ;
#3633 = ORIENTED_EDGE ( 'NONE', *, *, #1325, .T. ) ;
#3634 = CARTESIAN_POINT ( 'NONE',  ( -6.662238619130840256, 10.57871382940714078, 23.91481378283089754 ) ) ;
#3635 = CARTESIAN_POINT ( 'NONE',  ( 10.09948538729450007, 9.553294195841450787, -20.11882095091390354 ) ) ;
#3636 = LINE ( 'NONE', #2790, #1189 ) ;
#3637 = DIRECTION ( 'NONE',  ( 0.7071067811865510144, 0.000000000000000000, -0.7071067811865441310 ) ) ;
#3638 = SURFACE_STYLE_FILL_AREA ( #3019 ) ;
#3639 = UNCERTAINTY_MEASURE_WITH_UNIT (LENGTH_MEASURE( 1.000000000000000082E-05 ), #113, 'distance_accuracy_value', 'NONE');
#3640 = VERTEX_POINT ( 'NONE', #1106 ) ;
#3641 = CARTESIAN_POINT ( 'NONE',  ( -5.920388531544779731, 9.556849163126280189, 17.70046970008874609 ) ) ;
#3642 = ADVANCED_FACE ( 'NONE', ( #1454 ), #2546, .F. ) ;
#3643 = VERTEX_POINT ( 'NONE', #2259 ) ;
#3644 = CARTESIAN_POINT ( 'NONE',  ( -4.377918939362949402, 10.70049365235375305, 20.67734976103801969 ) ) ;
#3645 = CARTESIAN_POINT ( 'NONE',  ( -4.422523988533718864, 9.552717351305014759, 18.55798197508487135 ) ) ;
#3646 = DIRECTION ( 'NONE',  ( 0.000000000000000000, -1.000000000000000000, 0.000000000000000000 ) ) ;
#3647 = CARTESIAN_POINT ( 'NONE',  ( -9.223014259085729805, 10.70044069731090097, 20.68247717164894794 ) ) ;
#3648 = EDGE_CURVE ( 'NONE', #3285, #3162, #2927, .T. ) ;
#3649 = SURFACE_STYLE_USAGE ( .BOTH. , #3069 ) ;
ENDSEC;
END-ISO-10303-21;
